3.3163 	WARNING 	Requested an unavailable screen number - using first available.
3.3184 	WARNING 	User requested fullscreen with size [1920 1080], but screen is actually [1707, 1067]. Using actual size
3.5878 	EXP 	Created window1 = Window(allowGUI=False, allowStencil=False, autoLog=True, backendConf=UNKNOWN, backgroundFit=<method-wrapper '__getattribute__' of attributeSetter object at 0x000001719E9DCEB0>, backgroundImage=<method-wrapper '__getattribute__' of attributeSetter object at 0x000001719E9DCE50>, bitsMode=UNKNOWN, blendMode='avg', bpc=(8, 8, 8), color=array([0, 0, 0]), colorSpace='rgb', depthBits=8, fullscr=True, gamma=None, gammaErrorPolicy='raise', infoMsg=UNKNOWN, lms=UNKNOWN, monitor=<psychopy.monitors.calibTools.Monitor object at 0x000001719EC25BA0>, multiSample=False, name='window1', numSamples=2, pos=[np.float64(0.0), np.float64(0.0)], screen=1, size=array([1707, 1067]), stencilBits=0, stereo=False, title='PsychoPy', units='height', useFBO=True, useRetina=False, viewOri=0.0, viewPos=None, viewScale=None, waitBlanking=True, winType='pyglet')
3.5879 	EXP 	window1: backgroundImage = ''
3.5879 	EXP 	window1: backgroundFit = 'none'
4.0290 	EXP 	window1: Attempting to measure frame rate of screen (1) ...
4.0290 	EXP 	window1: recordFrameIntervals = False
4.1118 	EXP 	window1: recordFrameIntervals = True
4.9459 	EXP 	window1: recordFrameIntervals = False
4.9460 	EXP 	Screen (1) actual frame rate measured at 119.02Hz
7.9812 	EXP 	bci_racingteam: status = STARTED
8.0916 	EXP 	Created text_pre_block = TextStim(__class__=<class 'psychopy.visual.text.TextStim'>, alignHoriz=method-wrapper(...), alignText='center', alignVert=method-wrapper(...), anchorHoriz='center', anchorVert='center', antialias=True, autoDraw=False, autoLog=True, bold=False, color=array([1., 1., 1.]), colorSpace='rgb', contrast=1.0, depth=0.0, draggable=False, flipHoriz=False, flipVert=False, font='Open Sans', fontFiles=[], height=np.float64(0.05), italic=False, languageStyle='LTR', name='text_pre_block', opacity=1, ori=0.0, pos=array([0., 0.]), rgb=UNKNOWN, text='Press any key to start ...', units='height', win=Window(...), wrapWidth=1)
8.0935 	EXP 	Created text_2 = TextStim(__class__=<class 'psychopy.visual.text.TextStim'>, alignHoriz=method-wrapper(...), alignText='center', alignVert=method-wrapper(...), anchorHoriz='center', anchorVert='center', antialias=True, autoDraw=False, autoLog=True, bold=False, color=array([1., 1., 1.]), colorSpace='rgb', contrast=1.0, depth=0.0, draggable=False, flipHoriz=False, flipVert=False, font='Arial', fontFiles=[], height=np.float64(0.05), italic=False, languageStyle='LTR', name='text_2', opacity=1, ori=0.0, pos=array([0., 0.]), rgb=UNKNOWN, text='', units='height', win=Window(...), wrapWidth=1)
8.0976 	EXP 	Created hor_line_precue = Line(__class__=<class 'psychopy.visual.line.Line'>, anchor=('center', 'center'), autoDraw=False, autoLog=True, closeShape=False, color=array([1., 1., 1.]), colorSpace='rgb', contrast=None, depth=0.0, draggable=False, fillColor=array([1, 1, 1]), fillColorSpace='rgb', fillRGB=array([1, 1, 1]), interpolate=True, lineColor=array([1., 1., 1.]), lineColorSpace='rgb', lineRGB=array([1, 1, 1]), lineWidth=5.0, name='hor_line_precue', opacity=1, ori=-45.0, pos=array([0., 0.]), size=array([0.35, 0.35]), units='height', vertices=array([[-0.5, -0.5],
       [ 0.5,  0.5]]), win=Window(...), windingRule=None)
8.0997 	EXP 	Created ver_line_precue = Line(__class__=<class 'psychopy.visual.line.Line'>, anchor=('center', 'center'), autoDraw=False, autoLog=True, closeShape=False, color=array([1., 1., 1.]), colorSpace='rgb', contrast=None, depth=-1.0, draggable=False, fillColor=array([1, 1, 1]), fillColorSpace='rgb', fillRGB=array([1, 1, 1]), interpolate=True, lineColor=array([1., 1., 1.]), lineColorSpace='rgb', lineRGB=array([1, 1, 1]), lineWidth=5.0, name='ver_line_precue', opacity=1, ori=45.0, pos=array([0., 0.]), size=array([0.35, 0.35]), units='height', vertices=array([[-0.5, -0.5],
       [ 0.5,  0.5]]), win=Window(...), windingRule=None)
8.1017 	EXP 	Created rot_line_precue = Line(__class__=<class 'psychopy.visual.line.Line'>, anchor=('center', 'center'), autoDraw=False, autoLog=True, closeShape=False, color=array([1., 1., 1.]), colorSpace='rgb', contrast=None, depth=-2.0, draggable=False, fillColor=array([1, 1, 1]), fillColorSpace='rgb', fillRGB=array([1, 1, 1]), interpolate=True, lineColor=array([1., 1., 1.]), lineColorSpace='rgb', lineRGB=array([1, 1, 1]), lineWidth=5.0, name='rot_line_precue', opacity=1, ori=1.0, pos=array([0., 0.]), size=array([0.35, 0.35]), units='height', vertices=array([[-0.5, -0.5],
       [ 0.5,  0.5]]), win=Window(...), windingRule=None)
8.1100 	EXP 	Created text = TextStim(__class__=<class 'psychopy.visual.text.TextStim'>, alignHoriz=method-wrapper(...), alignText='center', alignVert=method-wrapper(...), anchorHoriz='center', anchorVert='center', antialias=True, autoDraw=False, autoLog=True, bold=False, color=array([1., 1., 1.]), colorSpace='rgb', contrast=1.0, depth=0.0, draggable=False, flipHoriz=False, flipVert=False, font='Arial', fontFiles=[], height=np.float64(0.05), italic=False, languageStyle='LTR', name='text', opacity=1, ori=0.0, pos=array([0., 0.]), rgb=UNKNOWN, text='Run Finished', units='height', win=Window(...), wrapWidth=1)
8.1156 	EXP 	Created text_post_run = TextStim(__class__=<class 'psychopy.visual.text.TextStim'>, alignHoriz=method-wrapper(...), alignText='center', alignVert=method-wrapper(...), anchorHoriz='center', anchorVert='center', antialias=True, autoDraw=False, autoLog=True, bold=False, color=array([1., 1., 1.]), colorSpace='rgb', contrast=1.0, depth=0.0, draggable=False, flipHoriz=False, flipVert=False, font='Open Sans', fontFiles=[], height=np.float64(0.05), italic=False, languageStyle='LTR', name='text_post_run', opacity=1, ori=0.0, pos=array([0., 0.]), rgb=UNKNOWN, text='Block Finished. Yuhu!', units='height', win=Window(...), wrapWidth=1)
0.0031 	EXP 	rot_line_precue: ori = 0
0.0082 	EXP 	text_pre_block: autoDraw = True
0.6804 	DATA 	Mouse: Left button down, pos=(1272,601)
0.7809 	DATA 	Mouse:  Left button up, pos=(1272,601)
1.5832 	EXP 	Device response: <KeyPress from None: t=1.5730485999956727, value=space, duration=None>
1.5838 	EXP 	New trial (rep=0, index=0): <Trial 0 (0 in rep 0) data={'thisN': 0, 'thisTrialN': 0, 'thisRepN': 0}>
1.5859 	DATA 	Keypress: space
1.5884 	EXP 	text_pre_block: autoDraw = False
1.5884 	EXP 	text_2: autoDraw = True
1.6388 	EXP 	Device response: <KeyPress from None: t=1.5730485999956727, value=space, duration=0.06213920000300277>
4.5790 	EXP 	Imported classes.csv as conditions, 3 conditions, 2 params
4.5794 	EXP 	New trial (rep=0, index=0): <Trial 0 (0 in rep 0) data={'pic_name': 'pics/left_hand.JPG', 'class_mi': 'left_hand', 'thisN': 0, 'thisTrialN': 0, 'thisRepN': 0}>
4.5850 	EXP 	text_2: autoDraw = False
4.5850 	EXP 	text_2: autoDraw = False
4.5850 	EXP 	hor_line_precue: autoDraw = True
4.5850 	EXP 	ver_line_precue: autoDraw = True
4.5850 	EXP 	rot_line_precue: autoDraw = True
4.5850 	EXP 	rot_line_precue: ori = np.float64(0.31549614201091497)
4.5897 	EXP 	rot_line_precue: ori = np.float64(0.7016768460497584)
4.5975 	EXP 	rot_line_precue: ori = np.float64(1.1219002096208432)
4.6057 	EXP 	rot_line_precue: ori = np.float64(1.4374777625401838)
4.6132 	EXP 	rot_line_precue: ori = np.float64(2.0047243614655907)
4.6216 	EXP 	rot_line_precue: ori = np.float64(2.3018370315456638)
4.6298 	EXP 	rot_line_precue: ori = np.float64(2.641173282306264)
4.6379 	EXP 	rot_line_precue: ori = np.float64(3.0865666431528576)
4.6462 	EXP 	rot_line_precue: ori = np.float64(3.4518352473530256)
4.6546 	EXP 	rot_line_precue: ori = np.float64(3.949198739255486)
4.6629 	EXP 	rot_line_precue: ori = np.float64(4.447059931599681)
4.6711 	EXP 	rot_line_precue: ori = np.float64(4.846097650327813)
4.6792 	EXP 	rot_line_precue: ori = np.float64(5.156833061254558)
4.6877 	EXP 	rot_line_precue: ori = np.float64(5.488827985044086)
4.6960 	EXP 	rot_line_precue: ori = np.float64(6.140132038476315)
4.7051 	EXP 	rot_line_precue: ori = np.float64(6.571591435402923)
4.7129 	EXP 	rot_line_precue: ori = np.float64(7.196433703822327)
4.7212 	EXP 	rot_line_precue: ori = np.float64(7.65718713757057)
4.7294 	EXP 	rot_line_precue: ori = np.float64(7.971607387638516)
4.7383 	EXP 	rot_line_precue: ori = np.float64(8.267809640532928)
4.7463 	EXP 	rot_line_precue: ori = np.float64(8.568871511188132)
4.7549 	EXP 	rot_line_precue: ori = np.float64(8.906451589650224)
4.7631 	EXP 	rot_line_precue: ori = np.float64(9.267240694192537)
4.7713 	EXP 	rot_line_precue: ori = np.float64(9.713527738642755)
4.7799 	EXP 	rot_line_precue: ori = np.float64(10.034519481637208)
4.7884 	EXP 	rot_line_precue: ori = np.float64(10.347391102993859)
4.7963 	EXP 	rot_line_precue: ori = np.float64(10.716394542157161)
4.8049 	EXP 	rot_line_precue: ori = np.float64(11.172825159803605)
4.8130 	EXP 	rot_line_precue: ori = np.float64(11.582257382971758)
4.8218 	EXP 	rot_line_precue: ori = np.float64(11.950719871821683)
4.8295 	EXP 	rot_line_precue: ori = np.float64(12.526892129599462)
4.8380 	EXP 	rot_line_precue: ori = np.float64(12.925222577077674)
4.8462 	EXP 	rot_line_precue: ori = np.float64(13.477873058298256)
4.8544 	EXP 	rot_line_precue: ori = np.float64(13.970766035215464)
4.8627 	EXP 	rot_line_precue: ori = np.float64(14.348848247237665)
4.8724 	EXP 	rot_line_precue: ori = np.float64(14.852459357853574)
4.8795 	EXP 	rot_line_precue: ori = np.float64(15.272216923697904)
4.8877 	EXP 	rot_line_precue: ori = np.float64(15.723714641179226)
4.8962 	EXP 	rot_line_precue: ori = np.float64(16.043289969429672)
4.9044 	EXP 	rot_line_precue: ori = np.float64(16.442549467660363)
4.9131 	EXP 	rot_line_precue: ori = np.float64(16.84782932164491)
4.9214 	EXP 	rot_line_precue: ori = np.float64(17.154672663847702)
4.9297 	EXP 	rot_line_precue: ori = np.float64(17.464930850248933)
4.9383 	EXP 	rot_line_precue: ori = np.float64(17.821114265177812)
4.9464 	EXP 	rot_line_precue: ori = np.float64(18.1195649694822)
4.9547 	EXP 	rot_line_precue: ori = np.float64(18.476483930353375)
4.9634 	EXP 	rot_line_precue: ori = np.float64(18.92661403264014)
4.9716 	EXP 	rot_line_precue: ori = np.float64(19.58423170373587)
4.9796 	EXP 	rot_line_precue: ori = np.float64(19.887793124708875)
4.9877 	EXP 	rot_line_precue: ori = np.float64(20.278578310240807)
4.9963 	EXP 	rot_line_precue: ori = np.float64(20.876758245916765)
5.0052 	EXP 	rot_line_precue: ori = np.float64(21.204028108807922)
5.0128 	EXP 	rot_line_precue: ori = np.float64(21.557685165465355)
5.0214 	EXP 	rot_line_precue: ori = np.float64(21.970127698922425)
5.0295 	EXP 	rot_line_precue: ori = np.float64(22.292146065339818)
5.0377 	EXP 	rot_line_precue: ori = np.float64(22.776888208298637)
5.0466 	EXP 	rot_line_precue: ori = np.float64(23.508763861947347)
5.0548 	EXP 	rot_line_precue: ori = np.float64(24.05338554178038)
5.0639 	EXP 	rot_line_precue: ori = np.float64(24.422727377858827)
5.0723 	EXP 	rot_line_precue: ori = np.float64(24.915991559996485)
5.0798 	EXP 	rot_line_precue: ori = np.float64(25.243685569226603)
5.0877 	EXP 	rot_line_precue: ori = np.float64(25.580340357550988)
5.0960 	EXP 	rot_line_precue: ori = np.float64(26.098731586277104)
5.1047 	EXP 	rot_line_precue: ori = np.float64(26.525422225665462)
5.1130 	EXP 	rot_line_precue: ori = np.float64(27.069653913674227)
5.1216 	EXP 	rot_line_precue: ori = np.float64(27.407101157354365)
5.1298 	EXP 	rot_line_precue: ori = np.float64(27.757247041727624)
5.1380 	EXP 	rot_line_precue: ori = np.float64(28.247435251604987)
5.1466 	EXP 	rot_line_precue: ori = np.float64(28.967848502258985)
5.1548 	EXP 	rot_line_precue: ori = np.float64(29.66359506468421)
5.1636 	EXP 	rot_line_precue: ori = np.float64(29.975115350802785)
5.1712 	EXP 	rot_line_precue: ori = np.float64(30.438644694624447)
5.1796 	EXP 	rot_line_precue: ori = np.float64(30.80178006747586)
5.1878 	EXP 	rot_line_precue: ori = np.float64(31.157725041271117)
5.1961 	EXP 	rot_line_precue: ori = np.float64(31.467177103256564)
5.2042 	EXP 	rot_line_precue: ori = np.float64(32.18668476656119)
5.2128 	EXP 	rot_line_precue: ori = np.float64(32.536074267040526)
5.2213 	EXP 	rot_line_precue: ori = np.float64(32.83919265492352)
5.2293 	EXP 	rot_line_precue: ori = np.float64(33.35730862595469)
5.2378 	EXP 	rot_line_precue: ori = np.float64(33.65538406812777)
5.2460 	EXP 	rot_line_precue: ori = np.float64(33.95719851866894)
5.2543 	EXP 	rot_line_precue: ori = np.float64(34.25761218095012)
5.2628 	EXP 	rot_line_precue: ori = np.float64(34.736183384733685)
5.2711 	EXP 	rot_line_precue: ori = np.float64(35.03538157421788)
5.2794 	EXP 	rot_line_precue: ori = np.float64(35.42813578898513)
5.2887 	EXP 	rot_line_precue: ori = np.float64(35.75415111520487)
5.2964 	EXP 	rot_line_precue: ori = np.float64(36.17288007529271)
5.3051 	EXP 	rot_line_precue: ori = np.float64(36.60751023161878)
5.3131 	EXP 	rot_line_precue: ori = np.float64(37.02561410234986)
5.3214 	EXP 	rot_line_precue: ori = np.float64(37.34105519303249)
5.3295 	EXP 	rot_line_precue: ori = np.float64(37.78451189958622)
5.3380 	EXP 	rot_line_precue: ori = np.float64(38.46875169616463)
5.3464 	EXP 	rot_line_precue: ori = np.float64(39.01869641186428)
5.3545 	EXP 	rot_line_precue: ori = np.float64(39.65390514714461)
5.3631 	EXP 	rot_line_precue: ori = np.float64(39.97468719956724)
5.3714 	EXP 	rot_line_precue: ori = np.float64(40.32567206257787)
5.3797 	EXP 	rot_line_precue: ori = np.float64(40.62846028605609)
5.3882 	EXP 	rot_line_precue: ori = np.float64(41.029000937487744)
5.3964 	EXP 	rot_line_precue: ori = np.float64(41.333908963309646)
5.4051 	EXP 	rot_line_precue: ori = np.float64(41.694273222937326)
5.4132 	EXP 	rot_line_precue: ori = np.float64(42.027109765412575)
5.4216 	EXP 	rot_line_precue: ori = np.float64(42.38496981686567)
5.4296 	EXP 	rot_line_precue: ori = np.float64(42.716243233889934)
5.4378 	EXP 	rot_line_precue: ori = np.float64(43.1140983296609)
5.4463 	EXP 	rot_line_precue: ori = np.float64(43.6481101374913)
5.4545 	EXP 	rot_line_precue: ori = np.float64(44.403419108735974)
5.4627 	EXP 	rot_line_precue: ori = np.float64(44.88953780253536)
5.4714 	EXP 	rot_line_precue: ori = np.float64(45.547642503113785)
5.4796 	EXP 	rot_line_precue: ori = np.float64(45.873550856762584)
5.4882 	EXP 	rot_line_precue: ori = np.float64(46.37342388637794)
5.4964 	EXP 	rot_line_precue: ori = np.float64(46.73143477747007)
5.5048 	EXP 	rot_line_precue: ori = np.float64(47.10054757522911)
5.5129 	EXP 	rot_line_precue: ori = np.float64(47.40171048903973)
5.5213 	EXP 	rot_line_precue: ori = np.float64(47.70523346038728)
5.5302 	EXP 	rot_line_precue: ori = np.float64(48.006191667195665)
5.5385 	EXP 	rot_line_precue: ori = np.float64(48.339525233873445)
5.5465 	EXP 	rot_line_precue: ori = np.float64(48.67054462333254)
5.5546 	EXP 	rot_line_precue: ori = np.float64(49.43553196457329)
5.5628 	EXP 	rot_line_precue: ori = np.float64(50.11955603194385)
5.5709 	EXP 	rot_line_precue: ori = np.float64(50.43855414846871)
5.5794 	EXP 	rot_line_precue: ori = np.float64(50.77763642575769)
5.5877 	EXP 	rot_line_precue: ori = np.float64(51.13980656249646)
5.5969 	EXP 	rot_line_precue: ori = np.float64(51.5093231858434)
5.6044 	EXP 	rot_line_precue: ori = np.float64(51.96896830978784)
5.6135 	EXP 	rot_line_precue: ori = np.float64(52.26654324984756)
5.6211 	EXP 	rot_line_precue: ori = np.float64(52.82133490406838)
5.6293 	EXP 	rot_line_precue: ori = np.float64(53.13984972908548)
5.6377 	EXP 	rot_line_precue: ori = np.float64(53.44621788351436)
5.6468 	EXP 	rot_line_precue: ori = np.float64(53.74497716587683)
5.6541 	EXP 	rot_line_precue: ori = np.float64(54.05053857052572)
5.6629 	EXP 	rot_line_precue: ori = np.float64(54.42957835068014)
5.6717 	EXP 	rot_line_precue: ori = np.float64(54.73200085422484)
5.6799 	EXP 	rot_line_precue: ori = np.float64(55.05730931560499)
5.6881 	EXP 	rot_line_precue: ori = np.float64(55.638581087657556)
5.6967 	EXP 	rot_line_precue: ori = np.float64(56.32357699195963)
5.7047 	EXP 	rot_line_precue: ori = np.float64(56.81262987748735)
5.7128 	EXP 	rot_line_precue: ori = np.float64(57.23211678925748)
5.7217 	EXP 	rot_line_precue: ori = np.float64(57.53311507705207)
5.7298 	EXP 	rot_line_precue: ori = np.float64(57.84870262963119)
5.7379 	EXP 	rot_line_precue: ori = np.float64(58.18783501889402)
5.7461 	EXP 	rot_line_precue: ori = np.float64(58.8982114494214)
5.7543 	EXP 	rot_line_precue: ori = np.float64(59.3309576224004)
5.7628 	EXP 	rot_line_precue: ori = np.float64(59.64352642591272)
5.7717 	EXP 	rot_line_precue: ori = np.float64(59.97933991359937)
5.7793 	EXP 	rot_line_precue: ori = np.float64(60.37117920652578)
5.7884 	EXP 	rot_line_precue: ori = np.float64(60.693373194078895)
5.7961 	EXP 	rot_line_precue: ori = np.float64(61.13842778878659)
5.8044 	EXP 	rot_line_precue: ori = np.float64(61.46245758028158)
5.8128 	EXP 	rot_line_precue: ori = np.float64(61.786381387933304)
5.8212 	EXP 	rot_line_precue: ori = np.float64(62.13950988300706)
5.8294 	EXP 	rot_line_precue: ori = np.float64(62.44693971944601)
5.8376 	EXP 	rot_line_precue: ori = np.float64(62.811649772603985)
5.8462 	EXP 	rot_line_precue: ori = np.float64(63.1225176019342)
5.8545 	EXP 	rot_line_precue: ori = np.float64(63.727232086437475)
5.8638 	EXP 	rot_line_precue: ori = np.float64(64.03979861834824)
5.8713 	EXP 	rot_line_precue: ori = np.float64(64.75286815780464)
5.8796 	EXP 	rot_line_precue: ori = np.float64(65.20960185039101)
5.8880 	EXP 	rot_line_precue: ori = np.float64(65.59262170226495)
5.8969 	EXP 	rot_line_precue: ori = np.float64(65.92651140390456)
5.9052 	EXP 	rot_line_precue: ori = np.float64(66.3301094352222)
5.9131 	EXP 	rot_line_precue: ori = np.float64(66.6284681830357)
5.9213 	EXP 	rot_line_precue: ori = np.float64(67.03811910161937)
5.9294 	EXP 	rot_line_precue: ori = np.float64(67.56184119174085)
5.9377 	EXP 	rot_line_precue: ori = np.float64(67.94727829568306)
5.9462 	EXP 	rot_line_precue: ori = np.float64(68.32981175994861)
5.9543 	EXP 	rot_line_precue: ori = np.float64(68.63517079437429)
5.9627 	EXP 	rot_line_precue: ori = np.float64(68.96513061001235)
5.9717 	EXP 	rot_line_precue: ori = np.float64(69.26231460012599)
5.9793 	EXP 	rot_line_precue: ori = np.float64(69.56650149815752)
5.9876 	EXP 	rot_line_precue: ori = np.float64(69.88692802722665)
5.9958 	EXP 	rot_line_precue: ori = np.float64(70.18532538764889)
6.0045 	EXP 	rot_line_precue: ori = np.float64(70.7281902169769)
6.0126 	EXP 	rot_line_precue: ori = np.float64(71.078596025813)
6.0212 	EXP 	rot_line_precue: ori = np.float64(71.43869194698826)
6.0294 	EXP 	rot_line_precue: ori = np.float64(71.85510358773283)
6.0379 	EXP 	rot_line_precue: ori = np.float64(72.17946426690447)
6.0465 	EXP 	rot_line_precue: ori = np.float64(72.96325721859412)
6.0549 	EXP 	rot_line_precue: ori = np.float64(73.2934678656597)
6.0629 	EXP 	rot_line_precue: ori = np.float64(73.6014449384699)
6.0718 	EXP 	rot_line_precue: ori = np.float64(73.89831388277887)
6.0796 	EXP 	rot_line_precue: ori = np.float64(74.20271304164375)
6.0878 	EXP 	rot_line_precue: ori = np.float64(74.50964246407113)
6.0964 	EXP 	rot_line_precue: ori = np.float64(75.02456272289774)
6.1046 	EXP 	rot_line_precue: ori = np.float64(75.39874691913681)
6.1129 	EXP 	rot_line_precue: ori = np.float64(75.69745352414962)
6.1211 	EXP 	rot_line_precue: ori = np.float64(76.13913630173076)
6.1295 	EXP 	rot_line_precue: ori = np.float64(76.44378277803371)
6.1378 	EXP 	rot_line_precue: ori = np.float64(77.20289752331864)
6.1459 	EXP 	rot_line_precue: ori = np.float64(77.51065395537258)
6.1543 	EXP 	rot_line_precue: ori = np.float64(77.80923926263557)
6.1627 	EXP 	rot_line_precue: ori = np.float64(78.29337899734591)
6.1710 	EXP 	rot_line_precue: ori = np.float64(78.66225958218973)
6.1796 	EXP 	rot_line_precue: ori = np.float64(79.03883133553146)
6.1878 	EXP 	rot_line_precue: ori = np.float64(79.43922683810298)
6.1960 	EXP 	rot_line_precue: ori = np.float64(80.19230469155187)
6.2043 	EXP 	rot_line_precue: ori = np.float64(80.59317774754474)
6.2127 	EXP 	rot_line_precue: ori = np.float64(80.91477717376337)
6.2213 	EXP 	rot_line_precue: ori = np.float64(81.2385956306907)
6.2307 	EXP 	rot_line_precue: ori = np.float64(81.5339675197873)
6.2388 	EXP 	rot_line_precue: ori = np.float64(82.0737683928191)
6.2466 	EXP 	rot_line_precue: ori = np.float64(82.41499479554497)
6.2549 	EXP 	rot_line_precue: ori = np.float64(82.73524354688827)
6.2631 	EXP 	rot_line_precue: ori = np.float64(83.06690919381148)
6.2712 	EXP 	rot_line_precue: ori = np.float64(83.84365205775751)
6.2797 	EXP 	rot_line_precue: ori = np.float64(84.18130561268988)
6.2879 	EXP 	rot_line_precue: ori = np.float64(84.55891312604359)
6.2963 	EXP 	rot_line_precue: ori = np.float64(84.99336408957595)
6.3044 	EXP 	rot_line_precue: ori = np.float64(85.50437755477272)
6.3129 	EXP 	rot_line_precue: ori = np.float64(85.81237837854117)
6.3211 	EXP 	rot_line_precue: ori = np.float64(86.17638975531115)
6.3294 	EXP 	rot_line_precue: ori = np.float64(86.55682771172857)
6.3376 	EXP 	rot_line_precue: ori = np.float64(86.8804634046525)
6.3461 	EXP 	rot_line_precue: ori = np.float64(87.25008042364801)
6.3544 	EXP 	rot_line_precue: ori = np.float64(87.59152673232727)
6.3635 	EXP 	rot_line_precue: ori = np.float64(88.07269175770692)
6.3711 	EXP 	rot_line_precue: ori = np.float64(88.3911417021196)
6.3793 	EXP 	rot_line_precue: ori = np.float64(88.78304945949321)
6.3875 	EXP 	rot_line_precue: ori = np.float64(89.12190160906346)
6.3961 	EXP 	rot_line_precue: ori = np.float64(89.42548940242757)
6.4044 	EXP 	rot_line_precue: ori = np.float64(89.97362485552301)
6.4127 	EXP 	rot_line_precue: ori = np.float64(90.55980454328181)
6.4215 	EXP 	rot_line_precue: ori = np.float64(90.91324207940528)
6.4300 	EXP 	rot_line_precue: ori = np.float64(91.36782537229395)
6.4380 	EXP 	rot_line_precue: ori = np.float64(91.7472062514949)
6.4467 	EXP 	rot_line_precue: ori = np.float64(92.28896083731365)
6.4553 	EXP 	rot_line_precue: ori = np.float64(92.60277381828881)
6.4627 	EXP 	rot_line_precue: ori = np.float64(92.9918422457628)
6.4720 	EXP 	rot_line_precue: ori = np.float64(93.39356891718494)
6.4795 	EXP 	rot_line_precue: ori = np.float64(93.72127215338115)
6.4877 	EXP 	rot_line_precue: ori = np.float64(94.08058112665825)
6.4962 	EXP 	rot_line_precue: ori = np.float64(94.599004089174)
6.5043 	EXP 	rot_line_precue: ori = np.float64(94.92482593602867)
6.5126 	EXP 	rot_line_precue: ori = np.float64(95.38661135929749)
6.5209 	EXP 	rot_line_precue: ori = np.float64(96.0023658287905)
6.5292 	EXP 	rot_line_precue: ori = np.float64(96.32837868149656)
6.5377 	EXP 	rot_line_precue: ori = np.float64(97.04913897025546)
6.5459 	EXP 	rot_line_precue: ori = np.float64(97.53173116536568)
6.5544 	EXP 	rot_line_precue: ori = np.float64(97.91847457806978)
6.5627 	EXP 	rot_line_precue: ori = np.float64(98.36343385364943)
6.5710 	EXP 	rot_line_precue: ori = np.float64(98.93572391311777)
6.5716 	EXP 	New trial (rep=0, index=1): <Trial 1 (1 in rep 0) data={'pic_name': 'pics/none.JPG', 'class_mi': 'rest', 'thisN': 1, 'thisTrialN': 1, 'thisRepN': 0}>
6.5794 	EXP 	hor_line_precue: autoDraw = False
6.5794 	EXP 	ver_line_precue: autoDraw = False
6.5794 	EXP 	rot_line_precue: autoDraw = False
6.5794 	EXP 	rot_line_precue: ori = np.float64(99.25488192173951)
6.5794 	EXP 	hor_line_precue: autoDraw = False
6.5794 	EXP 	ver_line_precue: autoDraw = False
6.5794 	EXP 	rot_line_precue: autoDraw = False
6.5794 	EXP 	hor_line_precue: autoDraw = True
6.5794 	EXP 	ver_line_precue: autoDraw = True
6.5794 	EXP 	rot_line_precue: autoDraw = True
6.5794 	EXP 	rot_line_precue: ori = np.float64(99.65510986658687)
6.5877 	EXP 	rot_line_precue: ori = np.float64(100.08605610551211)
6.5959 	EXP 	rot_line_precue: ori = np.float64(100.73990104894908)
6.6047 	EXP 	rot_line_precue: ori = np.float64(101.03759839190234)
6.6129 	EXP 	rot_line_precue: ori = np.float64(101.74869655009607)
6.6216 	EXP 	rot_line_precue: ori = np.float64(102.18393817227462)
6.6298 	EXP 	rot_line_precue: ori = np.float64(102.88020245093216)
6.6380 	EXP 	rot_line_precue: ori = np.float64(103.19933208741573)
6.6461 	EXP 	rot_line_precue: ori = np.float64(103.55331008557953)
6.6554 	EXP 	rot_line_precue: ori = np.float64(103.9157432574512)
6.6630 	EXP 	rot_line_precue: ori = np.float64(104.2625515988995)
6.6717 	EXP 	rot_line_precue: ori = np.float64(104.62028690563771)
6.6796 	EXP 	rot_line_precue: ori = np.float64(105.01712158217735)
6.6878 	EXP 	rot_line_precue: ori = np.float64(105.64075043223242)
6.6961 	EXP 	rot_line_precue: ori = np.float64(106.00777274217353)
6.7043 	EXP 	rot_line_precue: ori = np.float64(106.3031122355908)
6.7128 	EXP 	rot_line_precue: ori = np.float64(106.70624861951335)
6.7210 	EXP 	rot_line_precue: ori = np.float64(107.01348258881042)
6.7293 	EXP 	rot_line_precue: ori = np.float64(107.31440783681587)
6.7388 	EXP 	rot_line_precue: ori = np.float64(107.62246883686151)
6.7463 	EXP 	rot_line_precue: ori = np.float64(107.92011682282184)
6.7546 	EXP 	rot_line_precue: ori = np.float64(108.59015138795654)
6.7628 	EXP 	rot_line_precue: ori = np.float64(108.88917509371544)
6.7712 	EXP 	rot_line_precue: ori = np.float64(109.21963306313155)
6.7794 	EXP 	rot_line_precue: ori = np.float64(109.54729053442175)
6.7887 	EXP 	rot_line_precue: ori = np.float64(109.9362763965183)
6.7963 	EXP 	rot_line_precue: ori = np.float64(110.30548569997829)
6.8048 	EXP 	rot_line_precue: ori = np.float64(110.60219215391885)
6.8132 	EXP 	rot_line_precue: ori = np.float64(111.37731530450729)
6.8213 	EXP 	rot_line_precue: ori = np.float64(111.7296669168837)
6.8302 	EXP 	rot_line_precue: ori = np.float64(112.2144688497691)
6.8384 	EXP 	rot_line_precue: ori = np.float64(112.51099455558882)
6.8468 	EXP 	rot_line_precue: ori = np.float64(112.83690090199065)
6.8549 	EXP 	rot_line_precue: ori = np.float64(113.13953092740364)
6.8630 	EXP 	rot_line_precue: ori = np.float64(113.43711641417146)
6.8711 	EXP 	rot_line_precue: ori = np.float64(113.73599746030415)
6.8794 	EXP 	rot_line_precue: ori = np.float64(114.10654278750629)
6.8876 	EXP 	rot_line_precue: ori = np.float64(114.84275459515895)
6.8962 	EXP 	rot_line_precue: ori = np.float64(115.34088958205402)
6.9045 	EXP 	rot_line_precue: ori = np.float64(115.72063573650968)
6.9127 	EXP 	rot_line_precue: ori = np.float64(116.0169205436634)
6.9211 	EXP 	rot_line_precue: ori = np.float64(116.35609147181358)
6.9295 	EXP 	rot_line_precue: ori = np.float64(116.67202215076394)
6.9382 	EXP 	rot_line_precue: ori = np.float64(116.98250269319095)
6.9462 	EXP 	rot_line_precue: ori = np.float64(117.3025351533815)
6.9545 	EXP 	rot_line_precue: ori = np.float64(117.92705685502331)
6.9627 	EXP 	rot_line_precue: ori = np.float64(118.22988397997074)
6.9714 	EXP 	rot_line_precue: ori = np.float64(118.63387529577969)
6.9802 	EXP 	rot_line_precue: ori = np.float64(118.9724469071298)
6.9882 	EXP 	rot_line_precue: ori = np.float64(119.32382650120228)
6.9965 	EXP 	rot_line_precue: ori = np.float64(119.8185565680206)
7.0047 	EXP 	rot_line_precue: ori = np.float64(120.18133538357635)
7.0132 	EXP 	rot_line_precue: ori = np.float64(120.66303142010995)
7.0214 	EXP 	rot_line_precue: ori = np.float64(121.0118028990842)
7.0303 	EXP 	rot_line_precue: ori = np.float64(121.65663250243242)
7.0378 	EXP 	rot_line_precue: ori = np.float64(121.96151541031618)
7.0465 	EXP 	rot_line_precue: ori = np.float64(122.2749401709135)
7.0547 	EXP 	rot_line_precue: ori = np.float64(122.61870759921214)
7.0628 	EXP 	rot_line_precue: ori = np.float64(122.91932902222865)
7.0711 	EXP 	rot_line_precue: ori = np.float64(123.6396657463083)
7.0803 	EXP 	rot_line_precue: ori = np.float64(124.17395329531388)
7.0877 	EXP 	rot_line_precue: ori = np.float64(124.65540525862748)
7.0961 	EXP 	rot_line_precue: ori = np.float64(125.11034706129692)
7.1045 	EXP 	rot_line_precue: ori = np.float64(125.56978332256588)
7.1127 	EXP 	rot_line_precue: ori = np.float64(126.00122290319821)
7.1210 	EXP 	rot_line_precue: ori = np.float64(126.30645617085135)
7.1300 	EXP 	rot_line_precue: ori = np.float64(126.6108307892759)
7.1377 	EXP 	rot_line_precue: ori = np.float64(127.00445795593782)
7.1467 	EXP 	rot_line_precue: ori = np.float64(127.44790558332052)
7.1545 	EXP 	rot_line_precue: ori = np.float64(127.9102819843383)
7.1628 	EXP 	rot_line_precue: ori = np.float64(128.28100020739438)
7.1718 	EXP 	rot_line_precue: ori = np.float64(128.57717366245885)
7.1799 	EXP 	rot_line_precue: ori = np.float64(129.14086428611714)
7.1880 	EXP 	rot_line_precue: ori = np.float64(129.5233950614781)
7.1966 	EXP 	rot_line_precue: ori = np.float64(129.98633844080587)
7.2047 	EXP 	rot_line_precue: ori = np.float64(130.46292892979184)
7.2130 	EXP 	rot_line_precue: ori = np.float64(130.845540298165)
7.2211 	EXP 	rot_line_precue: ori = np.float64(131.25057772443589)
7.2300 	EXP 	rot_line_precue: ori = np.float64(131.63847783267977)
7.2389 	EXP 	rot_line_precue: ori = np.float64(132.21062408007174)
7.2483 	EXP 	rot_line_precue: ori = np.float64(132.58530111126947)
7.2561 	EXP 	rot_line_precue: ori = np.float64(133.2598551046147)
7.2633 	EXP 	rot_line_precue: ori = np.float64(133.58095684941006)
7.2712 	EXP 	rot_line_precue: ori = np.float64(133.91928933267542)
7.2792 	EXP 	rot_line_precue: ori = np.float64(134.25758678971772)
7.2878 	EXP 	rot_line_precue: ori = np.float64(134.6823193001066)
7.2960 	EXP 	rot_line_precue: ori = np.float64(135.02163306492972)
7.3044 	EXP 	rot_line_precue: ori = np.float64(135.50072558344948)
7.3129 	EXP 	rot_line_precue: ori = np.float64(135.88587276277042)
7.3211 	EXP 	rot_line_precue: ori = np.float64(136.20225838303816)
7.3294 	EXP 	rot_line_precue: ori = np.float64(136.5444718816329)
7.3379 	EXP 	rot_line_precue: ori = np.float64(136.9177264904591)
7.3470 	EXP 	rot_line_precue: ori = np.float64(137.33866228253603)
7.3557 	EXP 	rot_line_precue: ori = np.float64(137.63486511625072)
7.3637 	EXP 	rot_line_precue: ori = np.float64(138.21400664680704)
7.3714 	EXP 	rot_line_precue: ori = np.float64(138.76686054966623)
7.3799 	EXP 	rot_line_precue: ori = np.float64(139.36058742112706)
7.3881 	EXP 	rot_line_precue: ori = np.float64(140.08683777095774)
7.3963 	EXP 	rot_line_precue: ori = np.float64(140.3955186108313)
7.4044 	EXP 	rot_line_precue: ori = np.float64(140.71347764886025)
7.4130 	EXP 	rot_line_precue: ori = np.float64(141.02045696420677)
7.4213 	EXP 	rot_line_precue: ori = np.float64(141.32295114846906)
7.4296 	EXP 	rot_line_precue: ori = np.float64(141.666970712012)
7.4378 	EXP 	rot_line_precue: ori = np.float64(142.2078141627683)
7.4463 	EXP 	rot_line_precue: ori = np.float64(142.87382181536452)
7.4544 	EXP 	rot_line_precue: ori = np.float64(143.65558528083116)
7.4628 	EXP 	rot_line_precue: ori = np.float64(143.97805014983624)
7.4712 	EXP 	rot_line_precue: ori = np.float64(144.6539355550046)
7.4794 	EXP 	rot_line_precue: ori = np.float64(144.94954574744565)
7.4877 	EXP 	rot_line_precue: ori = np.float64(145.35225819512144)
7.4962 	EXP 	rot_line_precue: ori = np.float64(146.0129483396258)
7.5044 	EXP 	rot_line_precue: ori = np.float64(146.34663371052747)
7.5134 	EXP 	rot_line_precue: ori = np.float64(146.66202160229227)
7.5212 	EXP 	rot_line_precue: ori = np.float64(147.13327336319438)
7.5294 	EXP 	rot_line_precue: ori = np.float64(147.49876301868989)
7.5378 	EXP 	rot_line_precue: ori = np.float64(147.79532920127357)
7.5466 	EXP 	rot_line_precue: ori = np.float64(148.39077503926617)
7.5547 	EXP 	rot_line_precue: ori = np.float64(148.81525931362887)
7.5633 	EXP 	rot_line_precue: ori = np.float64(149.25341738721062)
7.5715 	EXP 	rot_line_precue: ori = np.float64(149.5592752998589)
7.5798 	EXP 	rot_line_precue: ori = np.float64(150.1239560649021)
7.5878 	EXP 	rot_line_precue: ori = np.float64(150.5119585724417)
7.5971 	EXP 	rot_line_precue: ori = np.float64(151.0688573811742)
7.6054 	EXP 	rot_line_precue: ori = np.float64(151.39865977543133)
7.6128 	EXP 	rot_line_precue: ori = np.float64(151.71120386691524)
7.6210 	EXP 	rot_line_precue: ori = np.float64(152.43514353958818)
7.6295 	EXP 	rot_line_precue: ori = np.float64(152.8103848400027)
7.6378 	EXP 	rot_line_precue: ori = np.float64(153.12910148282995)
7.6460 	EXP 	rot_line_precue: ori = np.float64(153.42494506488688)
7.6545 	EXP 	rot_line_precue: ori = np.float64(153.78638391620697)
7.6628 	EXP 	rot_line_precue: ori = np.float64(154.17270361665737)
7.6716 	EXP 	rot_line_precue: ori = np.float64(154.94495351550916)
7.6801 	EXP 	rot_line_precue: ori = np.float64(155.4136623780158)
7.6879 	EXP 	rot_line_precue: ori = np.float64(156.05724245414504)
7.6961 	EXP 	rot_line_precue: ori = np.float64(156.3755202251898)
7.7045 	EXP 	rot_line_precue: ori = np.float64(156.81874140016836)
7.7128 	EXP 	rot_line_precue: ori = np.float64(157.32522862502114)
7.7211 	EXP 	rot_line_precue: ori = np.float64(157.69938687296877)
7.7297 	EXP 	rot_line_precue: ori = np.float64(158.13712555252403)
7.7380 	EXP 	rot_line_precue: ori = np.float64(158.44541215051197)
7.7467 	EXP 	rot_line_precue: ori = np.float64(158.8024556616998)
7.7553 	EXP 	rot_line_precue: ori = np.float64(159.34512112744554)
7.7630 	EXP 	rot_line_precue: ori = np.float64(159.76896916712346)
7.7712 	EXP 	rot_line_precue: ori = np.float64(160.26789238751667)
7.7797 	EXP 	rot_line_precue: ori = np.float64(160.6537728765561)
7.7887 	EXP 	rot_line_precue: ori = np.float64(160.9690992171324)
7.7963 	EXP 	rot_line_precue: ori = np.float64(161.2705927534274)
7.8047 	EXP 	rot_line_precue: ori = np.float64(161.61641149890556)
7.8130 	EXP 	rot_line_precue: ori = np.float64(162.06219792504197)
7.8211 	EXP 	rot_line_precue: ori = np.float64(162.6997008120582)
7.8294 	EXP 	rot_line_precue: ori = np.float64(163.03882567412467)
7.8390 	EXP 	rot_line_precue: ori = np.float64(163.4277481134299)
7.8462 	EXP 	rot_line_precue: ori = np.float64(163.7928504109628)
7.8550 	EXP 	rot_line_precue: ori = np.float64(164.1461901151657)
7.8629 	EXP 	rot_line_precue: ori = np.float64(164.47102417515757)
7.8711 	EXP 	rot_line_precue: ori = np.float64(164.8188728530972)
7.8794 	EXP 	rot_line_precue: ori = np.float64(165.135730875471)
7.8878 	EXP 	rot_line_precue: ori = np.float64(165.59791865299056)
7.8962 	EXP 	rot_line_precue: ori = np.float64(165.9450717795617)
7.9043 	EXP 	rot_line_precue: ori = np.float64(166.2497867332247)
7.9126 	EXP 	rot_line_precue: ori = np.float64(166.74320031892404)
7.9215 	EXP 	rot_line_precue: ori = np.float64(167.1298144462433)
7.9296 	EXP 	rot_line_precue: ori = np.float64(167.53395190493484)
7.9382 	EXP 	rot_line_precue: ori = np.float64(167.84668669254316)
7.9465 	EXP 	rot_line_precue: ori = np.float64(168.19286050917069)
7.9545 	EXP 	rot_line_precue: ori = np.float64(168.5190613042123)
7.9631 	EXP 	rot_line_precue: ori = np.float64(169.0563546090614)
7.9714 	EXP 	rot_line_precue: ori = np.float64(169.36137859762903)
7.9795 	EXP 	rot_line_precue: ori = np.float64(169.81734706061943)
7.9882 	EXP 	rot_line_precue: ori = np.float64(170.4885424795203)
7.9964 	EXP 	rot_line_precue: ori = np.float64(170.8389064114455)
8.0044 	EXP 	rot_line_precue: ori = np.float64(171.1477989188755)
8.0127 	EXP 	rot_line_precue: ori = np.float64(171.61683812432503)
8.0212 	EXP 	rot_line_precue: ori = np.float64(171.9299580411333)
8.0294 	EXP 	rot_line_precue: ori = np.float64(172.29135541106245)
8.0375 	EXP 	rot_line_precue: ori = np.float64(172.60204894533786)
8.0460 	EXP 	rot_line_precue: ori = np.float64(172.95943859944285)
8.0544 	EXP 	rot_line_precue: ori = np.float64(173.25604341537655)
8.0627 	EXP 	rot_line_precue: ori = np.float64(173.61851669002502)
8.0713 	EXP 	rot_line_precue: ori = np.float64(174.4071530141306)
8.0803 	EXP 	rot_line_precue: ori = np.float64(175.0999590040835)
8.0877 	EXP 	rot_line_precue: ori = np.float64(175.53933132124297)
8.0960 	EXP 	rot_line_precue: ori = np.float64(176.08849098218093)
8.1051 	EXP 	rot_line_precue: ori = np.float64(176.39389871058572)
8.1135 	EXP 	rot_line_precue: ori = np.float64(176.8919338002241)
8.1215 	EXP 	rot_line_precue: ori = np.float64(177.36782444651274)
8.1298 	EXP 	rot_line_precue: ori = np.float64(177.6819132711927)
8.1380 	EXP 	rot_line_precue: ori = np.float64(178.0815004677952)
8.1467 	EXP 	rot_line_precue: ori = np.float64(178.54256143610792)
8.1547 	EXP 	rot_line_precue: ori = np.float64(178.8766007525341)
8.1635 	EXP 	rot_line_precue: ori = np.float64(179.22843069159615)
8.1715 	EXP 	rot_line_precue: ori = np.float64(179.69292928270914)
8.1797 	EXP 	rot_line_precue: ori = np.float64(180.15785250745247)
8.1879 	EXP 	rot_line_precue: ori = np.float64(180.50230517748662)
8.1961 	EXP 	rot_line_precue: ori = np.float64(180.89357492898068)
8.2045 	EXP 	rot_line_precue: ori = np.float64(181.2714197520163)
8.2128 	EXP 	rot_line_precue: ori = np.float64(181.80471648623387)
8.2211 	EXP 	rot_line_precue: ori = np.float64(182.19443717060665)
8.2295 	EXP 	rot_line_precue: ori = np.float64(182.56078973194914)
8.2379 	EXP 	rot_line_precue: ori = np.float64(182.91402411660727)
8.2461 	EXP 	rot_line_precue: ori = np.float64(183.24316774230013)
8.2546 	EXP 	rot_line_precue: ori = np.float64(183.55743518953872)
8.2627 	EXP 	rot_line_precue: ori = np.float64(184.115750501017)
8.2711 	EXP 	rot_line_precue: ori = np.float64(184.41891254740403)
8.2796 	EXP 	rot_line_precue: ori = np.float64(184.76519823556856)
8.2878 	EXP 	rot_line_precue: ori = np.float64(185.45820783361322)
8.2966 	EXP 	rot_line_precue: ori = np.float64(185.81273132765165)
8.3053 	EXP 	rot_line_precue: ori = np.float64(186.53597992466175)
8.3130 	EXP 	rot_line_precue: ori = np.float64(186.872622258166)
8.3220 	EXP 	rot_line_precue: ori = np.float64(187.21041469152226)
8.3299 	EXP 	rot_line_precue: ori = np.float64(187.5309224036299)
8.3380 	EXP 	rot_line_precue: ori = np.float64(187.92606300405265)
8.3462 	EXP 	rot_line_precue: ori = np.float64(188.22561541250155)
8.3551 	EXP 	rot_line_precue: ori = np.float64(188.6040953381978)
8.3637 	EXP 	rot_line_precue: ori = np.float64(188.96164410040132)
8.3713 	EXP 	rot_line_precue: ori = np.float64(189.538153408309)
8.3793 	EXP 	rot_line_precue: ori = np.float64(189.90313564203336)
8.3878 	EXP 	rot_line_precue: ori = np.float64(190.2306472429911)
8.3960 	EXP 	rot_line_precue: ori = np.float64(190.63707737825393)
8.4044 	EXP 	rot_line_precue: ori = np.float64(190.95473090009926)
8.4127 	EXP 	rot_line_precue: ori = np.float64(191.29269996804032)
8.4212 	EXP 	rot_line_precue: ori = np.float64(191.64038940741986)
8.4293 	EXP 	rot_line_precue: ori = np.float64(191.95218347134377)
8.4376 	EXP 	rot_line_precue: ori = np.float64(192.39234084850045)
8.4462 	EXP 	rot_line_precue: ori = np.float64(192.7635375754603)
8.4544 	EXP 	rot_line_precue: ori = np.float64(193.10969123378914)
8.4634 	EXP 	rot_line_precue: ori = np.float64(193.4228913681113)
8.4709 	EXP 	rot_line_precue: ori = np.float64(193.74595206245502)
8.4796 	EXP 	rot_line_precue: ori = np.float64(194.15925572137127)
8.4882 	EXP 	rot_line_precue: ori = np.float64(194.4836667440028)
8.4966 	EXP 	rot_line_precue: ori = np.float64(194.86266549105585)
8.5051 	EXP 	rot_line_precue: ori = np.float64(195.1644344608535)
8.5133 	EXP 	rot_line_precue: ori = np.float64(195.8697975364813)
8.5214 	EXP 	rot_line_precue: ori = np.float64(196.29750234691684)
8.5297 	EXP 	rot_line_precue: ori = np.float64(196.6661027318115)
8.5377 	EXP 	rot_line_precue: ori = np.float64(197.36442978941258)
8.5465 	EXP 	rot_line_precue: ori = np.float64(197.67995157120822)
8.5547 	EXP 	rot_line_precue: ori = np.float64(198.06022635245415)
8.5628 	EXP 	rot_line_precue: ori = np.float64(198.66987536495026)
8.5636 	EXP 	New trial (rep=1, index=2): <Trial 2 (2 in rep 1) data={'pic_name': 'pics/none.JPG', 'class_mi': 'rest', 'thisN': 2, 'thisTrialN': 2, 'thisRepN': 1}>
8.5713 	EXP 	hor_line_precue: autoDraw = False
8.5713 	EXP 	ver_line_precue: autoDraw = False
8.5713 	EXP 	rot_line_precue: autoDraw = False
8.5713 	EXP 	rot_line_precue: ori = np.float64(199.03685655869944)
8.5713 	EXP 	hor_line_precue: autoDraw = False
8.5713 	EXP 	ver_line_precue: autoDraw = False
8.5713 	EXP 	rot_line_precue: autoDraw = False
8.5713 	EXP 	hor_line_precue: autoDraw = True
8.5713 	EXP 	ver_line_precue: autoDraw = True
8.5713 	EXP 	rot_line_precue: autoDraw = True
8.5713 	EXP 	rot_line_precue: ori = np.float64(199.4092767205635)
8.5795 	EXP 	rot_line_precue: ori = np.float64(200.1477987794677)
8.5878 	EXP 	rot_line_precue: ori = np.float64(200.54002408601116)
8.5961 	EXP 	rot_line_precue: ori = np.float64(200.91993858563328)
8.6044 	EXP 	rot_line_precue: ori = np.float64(201.53340432599356)
8.6135 	EXP 	rot_line_precue: ori = np.float64(201.98350452433874)
8.6210 	EXP 	rot_line_precue: ori = np.float64(202.44220480565207)
8.6299 	EXP 	rot_line_precue: ori = np.float64(203.1150780774455)
8.6377 	EXP 	rot_line_precue: ori = np.float64(203.4175116604342)
8.6466 	EXP 	rot_line_precue: ori = np.float64(204.03661710408494)
8.6545 	EXP 	rot_line_precue: ori = np.float64(204.33647116820342)
8.6629 	EXP 	rot_line_precue: ori = np.float64(204.63353015705508)
8.6723 	EXP 	rot_line_precue: ori = np.float64(205.01627952629352)
8.6796 	EXP 	rot_line_precue: ori = np.float64(205.3366183266073)
8.6881 	EXP 	rot_line_precue: ori = np.float64(205.6341411034201)
8.6967 	EXP 	rot_line_precue: ori = np.float64(205.93266697371823)
8.7049 	EXP 	rot_line_precue: ori = np.float64(206.3509307119973)
8.7130 	EXP 	rot_line_precue: ori = np.float64(206.6741895855699)
8.7215 	EXP 	rot_line_precue: ori = np.float64(207.16108395217805)
8.7303 	EXP 	rot_line_precue: ori = np.float64(207.51882794378707)
8.7378 	EXP 	rot_line_precue: ori = np.float64(208.3125430108703)
8.7462 	EXP 	rot_line_precue: ori = np.float64(208.77703618270493)
8.7546 	EXP 	rot_line_precue: ori = np.float64(209.38679828719933)
8.7628 	EXP 	rot_line_precue: ori = np.float64(209.81784408249118)
8.7711 	EXP 	rot_line_precue: ori = np.float64(210.12018302025717)
8.7793 	EXP 	rot_line_precue: ori = np.float64(210.64711639464238)
8.7878 	EXP 	rot_line_precue: ori = np.float64(211.10644595234348)
8.7960 	EXP 	rot_line_precue: ori = np.float64(211.44749599569178)
8.8044 	EXP 	rot_line_precue: ori = np.float64(211.914133762435)
8.8128 	EXP 	rot_line_precue: ori = np.float64(212.22461672628685)
8.8220 	EXP 	rot_line_precue: ori = np.float64(212.5695037643545)
8.8295 	EXP 	rot_line_precue: ori = np.float64(212.8656747942588)
8.8383 	EXP 	rot_line_precue: ori = np.float64(213.26454003901236)
8.8461 	EXP 	rot_line_precue: ori = np.float64(213.62643827910887)
8.8548 	EXP 	rot_line_precue: ori = np.float64(213.97521903785375)
8.8631 	EXP 	rot_line_precue: ori = np.float64(214.29425626923697)
8.8719 	EXP 	rot_line_precue: ori = np.float64(214.60720164821822)
8.8799 	EXP 	rot_line_precue: ori = np.float64(214.90927211093754)
8.8883 	EXP 	rot_line_precue: ori = np.float64(215.32383951889594)
8.8963 	EXP 	rot_line_precue: ori = np.float64(215.63764988462634)
8.9044 	EXP 	rot_line_precue: ori = np.float64(215.93999283909457)
8.9131 	EXP 	rot_line_precue: ori = np.float64(216.2374011870414)
8.9214 	EXP 	rot_line_precue: ori = np.float64(216.97658594730743)
8.9295 	EXP 	rot_line_precue: ori = np.float64(217.39483779874382)
8.9380 	EXP 	rot_line_precue: ori = np.float64(217.7011566990969)
8.9462 	EXP 	rot_line_precue: ori = np.float64(218.02904899177608)
8.9544 	EXP 	rot_line_precue: ori = np.float64(218.33133429095298)
8.9627 	EXP 	rot_line_precue: ori = np.float64(218.65919233833569)
8.9712 	EXP 	rot_line_precue: ori = np.float64(219.03724528792728)
8.9794 	EXP 	rot_line_precue: ori = np.float64(219.33651729280197)
8.9876 	EXP 	rot_line_precue: ori = np.float64(219.82337971498595)
8.9962 	EXP 	rot_line_precue: ori = np.float64(220.1432096880424)
9.0051 	EXP 	rot_line_precue: ori = np.float64(220.46329936107364)
9.0127 	EXP 	rot_line_precue: ori = np.float64(220.9225176894951)
9.0212 	EXP 	rot_line_precue: ori = np.float64(221.3067428300623)
9.0295 	EXP 	rot_line_precue: ori = np.float64(221.61999578006325)
9.0382 	EXP 	rot_line_precue: ori = np.float64(221.95727467192563)
9.0468 	EXP 	rot_line_precue: ori = np.float64(222.33075674698128)
9.0548 	EXP 	rot_line_precue: ori = np.float64(222.7540270753263)
9.0633 	EXP 	rot_line_precue: ori = np.float64(223.43967136179228)
9.0716 	EXP 	rot_line_precue: ori = np.float64(223.74079392076487)
9.0802 	EXP 	rot_line_precue: ori = np.float64(224.04600877369717)
9.0881 	EXP 	rot_line_precue: ori = np.float64(224.53771596504632)
9.0966 	EXP 	rot_line_precue: ori = np.float64(225.0506249775704)
9.1047 	EXP 	rot_line_precue: ori = np.float64(225.51310723075207)
9.1128 	EXP 	rot_line_precue: ori = np.float64(225.96923755607955)
9.1213 	EXP 	rot_line_precue: ori = np.float64(226.29401384310128)
9.1295 	EXP 	rot_line_precue: ori = np.float64(226.64571737715258)
9.1377 	EXP 	rot_line_precue: ori = np.float64(226.99436883129084)
9.1459 	EXP 	rot_line_precue: ori = np.float64(227.34131996698483)
9.1544 	EXP 	rot_line_precue: ori = np.float64(227.6567249774086)
9.1627 	EXP 	rot_line_precue: ori = np.float64(228.0095627555005)
9.1710 	EXP 	rot_line_precue: ori = np.float64(228.6185729688918)
9.1795 	EXP 	rot_line_precue: ori = np.float64(229.12675999043)
9.1877 	EXP 	rot_line_precue: ori = np.float64(229.42991493633733)
9.1961 	EXP 	rot_line_precue: ori = np.float64(230.12709000076038)
9.2045 	EXP 	rot_line_precue: ori = np.float64(230.63201538261967)
9.2129 	EXP 	rot_line_precue: ori = np.float64(231.08016413252403)
9.2211 	EXP 	rot_line_precue: ori = np.float64(231.56639289230176)
9.2298 	EXP 	rot_line_precue: ori = np.float64(232.05046168956798)
9.2381 	EXP 	rot_line_precue: ori = np.float64(232.47104500360987)
9.2467 	EXP 	rot_line_precue: ori = np.float64(232.77635976371158)
9.2549 	EXP 	rot_line_precue: ori = np.float64(233.21933449409465)
9.2636 	EXP 	rot_line_precue: ori = np.float64(233.69387477505262)
9.2715 	EXP 	rot_line_precue: ori = np.float64(234.21908826987482)
9.2797 	EXP 	rot_line_precue: ori = np.float64(234.52334324678975)
9.2879 	EXP 	rot_line_precue: ori = np.float64(234.8408743445372)
9.2961 	EXP 	rot_line_precue: ori = np.float64(235.6319549873291)
9.3048 	EXP 	rot_line_precue: ori = np.float64(235.9637390707643)
9.3128 	EXP 	rot_line_precue: ori = np.float64(236.26314150276446)
9.3212 	EXP 	rot_line_precue: ori = np.float64(236.58607850017984)
9.3293 	EXP 	rot_line_precue: ori = np.float64(236.9384128173564)
9.3379 	EXP 	rot_line_precue: ori = np.float64(237.38748980546683)
9.3461 	EXP 	rot_line_precue: ori = np.float64(237.6865897714157)
9.3544 	EXP 	rot_line_precue: ori = np.float64(238.06546436912208)
9.3629 	EXP 	rot_line_precue: ori = np.float64(238.3908690782297)
9.3718 	EXP 	rot_line_precue: ori = np.float64(238.725652468468)
9.3795 	EXP 	rot_line_precue: ori = np.float64(239.33381506200325)
9.3883 	EXP 	rot_line_precue: ori = np.float64(239.7694160862732)
9.3962 	EXP 	rot_line_precue: ori = np.float64(240.52597252434475)
9.4052 	EXP 	rot_line_precue: ori = np.float64(240.8815078414383)
9.4138 	EXP 	rot_line_precue: ori = np.float64(241.23461960330818)
9.4219 	EXP 	rot_line_precue: ori = np.float64(241.5460737420066)
9.4299 	EXP 	rot_line_precue: ori = np.float64(241.8954799154282)
9.4381 	EXP 	rot_line_precue: ori = np.float64(242.4209222325697)
9.4465 	EXP 	rot_line_precue: ori = np.float64(242.73738762154534)
9.4545 	EXP 	rot_line_precue: ori = np.float64(243.10298096332536)
9.4630 	EXP 	rot_line_precue: ori = np.float64(243.52684387923696)
9.4714 	EXP 	rot_line_precue: ori = np.float64(243.9407755913861)
9.4800 	EXP 	rot_line_precue: ori = np.float64(244.3586935615009)
9.4881 	EXP 	rot_line_precue: ori = np.float64(244.7098955422641)
9.4962 	EXP 	rot_line_precue: ori = np.float64(245.03940934843757)
9.5044 	EXP 	rot_line_precue: ori = np.float64(245.44128406551468)
9.5128 	EXP 	rot_line_precue: ori = np.float64(245.79946278524224)
9.5212 	EXP 	rot_line_precue: ori = np.float64(246.18294082671332)
9.5295 	EXP 	rot_line_precue: ori = np.float64(246.50342394785244)
9.5376 	EXP 	rot_line_precue: ori = np.float64(246.82999573144065)
9.5462 	EXP 	rot_line_precue: ori = np.float64(247.186293695705)
9.5545 	EXP 	rot_line_precue: ori = np.float64(247.87713796025918)
9.5626 	EXP 	rot_line_precue: ori = np.float64(248.1982079970108)
9.5713 	EXP 	rot_line_precue: ori = np.float64(248.7389285017711)
9.5795 	EXP 	rot_line_precue: ori = np.float64(249.0899190458991)
9.5877 	EXP 	rot_line_precue: ori = np.float64(249.7710137766305)
9.5964 	EXP 	rot_line_precue: ori = np.float64(250.30444781519003)
9.6048 	EXP 	rot_line_precue: ori = np.float64(250.83422479479708)
9.6134 	EXP 	rot_line_precue: ori = np.float64(251.19045376429614)
9.6217 	EXP 	rot_line_precue: ori = np.float64(251.63856400128915)
9.6298 	EXP 	rot_line_precue: ori = np.float64(252.1385591802483)
9.6383 	EXP 	rot_line_precue: ori = np.float64(252.46977540136635)
9.6464 	EXP 	rot_line_precue: ori = np.float64(253.04802915612905)
9.6547 	EXP 	rot_line_precue: ori = np.float64(253.34776920121934)
9.6629 	EXP 	rot_line_precue: ori = np.float64(253.66733635278476)
9.6714 	EXP 	rot_line_precue: ori = np.float64(253.9739951933228)
9.6796 	EXP 	rot_line_precue: ori = np.float64(254.74133535485402)
9.6878 	EXP 	rot_line_precue: ori = np.float64(255.17320080452643)
9.6961 	EXP 	rot_line_precue: ori = np.float64(255.71037963471053)
9.7045 	EXP 	rot_line_precue: ori = np.float64(256.0609376517099)
9.7128 	EXP 	rot_line_precue: ori = np.float64(256.65044328287905)
9.7211 	EXP 	rot_line_precue: ori = np.float64(257.21222767654587)
9.7295 	EXP 	rot_line_precue: ori = np.float64(257.5370124487236)
9.7377 	EXP 	rot_line_precue: ori = np.float64(258.24161858657106)
9.7469 	EXP 	rot_line_precue: ori = np.float64(258.53852946777505)
9.7545 	EXP 	rot_line_precue: ori = np.float64(258.89968077513976)
9.7628 	EXP 	rot_line_precue: ori = np.float64(259.2327802467967)
9.7710 	EXP 	rot_line_precue: ori = np.float64(259.5461092359915)
9.7800 	EXP 	rot_line_precue: ori = np.float64(260.3101297178593)
9.7882 	EXP 	rot_line_precue: ori = np.float64(260.6209306020065)
9.7967 	EXP 	rot_line_precue: ori = np.float64(261.01582371282257)
9.8049 	EXP 	rot_line_precue: ori = np.float64(261.31473525819297)
9.8136 	EXP 	rot_line_precue: ori = np.float64(261.62938212654467)
9.8218 	EXP 	rot_line_precue: ori = np.float64(261.97051887349824)
9.8297 	EXP 	rot_line_precue: ori = np.float64(262.3927276733904)
9.8380 	EXP 	rot_line_precue: ori = np.float64(262.7626280918292)
9.8467 	EXP 	rot_line_precue: ori = np.float64(263.0835528269472)
9.8547 	EXP 	rot_line_precue: ori = np.float64(263.43418290575573)
9.8636 	EXP 	rot_line_precue: ori = np.float64(263.8514501933247)
9.8712 	EXP 	rot_line_precue: ori = np.float64(264.61930221033464)
9.8794 	EXP 	rot_line_precue: ori = np.float64(265.1026869201247)
9.8878 	EXP 	rot_line_precue: ori = np.float64(265.84501275148017)
9.8969 	EXP 	rot_line_precue: ori = np.float64(266.15160136583484)
9.9044 	EXP 	rot_line_precue: ori = np.float64(266.5073549220824)
9.9129 	EXP 	rot_line_precue: ori = np.float64(266.83884876106754)
9.9212 	EXP 	rot_line_precue: ori = np.float64(267.24692747983664)
9.9295 	EXP 	rot_line_precue: ori = np.float64(267.61526117381106)
9.9382 	EXP 	rot_line_precue: ori = np.float64(268.01803879634764)
9.9462 	EXP 	rot_line_precue: ori = np.float64(268.4711994797764)
9.9545 	EXP 	rot_line_precue: ori = np.float64(268.80253571645216)
9.9639 	EXP 	rot_line_precue: ori = np.float64(269.2003858272562)
9.9716 	EXP 	rot_line_precue: ori = np.float64(269.5698429568484)
9.9801 	EXP 	rot_line_precue: ori = np.float64(269.90068602169936)
9.9882 	EXP 	rot_line_precue: ori = np.float64(270.2897821345849)
9.9965 	EXP 	rot_line_precue: ori = np.float64(270.5941929065191)
10.0052 	EXP 	rot_line_precue: ori = np.float64(270.9408860866751)
10.0134 	EXP 	rot_line_precue: ori = np.float64(271.25695248411876)
10.0214 	EXP 	rot_line_precue: ori = np.float64(271.60570304837677)
10.0295 	EXP 	rot_line_precue: ori = np.float64(271.9621890488328)
10.0380 	EXP 	rot_line_precue: ori = np.float64(272.3003946067422)
10.0469 	EXP 	rot_line_precue: ori = np.float64(272.6122876620598)
10.0546 	EXP 	rot_line_precue: ori = np.float64(272.96466545562197)
10.0628 	EXP 	rot_line_precue: ori = np.float64(273.50515147544974)
10.0712 	EXP 	rot_line_precue: ori = np.float64(273.8180889247758)
10.0795 	EXP 	rot_line_precue: ori = np.float64(274.36663684377277)
10.0884 	EXP 	rot_line_precue: ori = np.float64(275.055813363215)
10.0964 	EXP 	rot_line_precue: ori = np.float64(275.52083319138546)
10.1044 	EXP 	rot_line_precue: ori = np.float64(276.08848447084284)
10.1128 	EXP 	rot_line_precue: ori = np.float64(276.5121109058268)
10.1211 	EXP 	rot_line_precue: ori = np.float64(276.8156823899048)
10.1294 	EXP 	rot_line_precue: ori = np.float64(277.16488568965974)
10.1377 	EXP 	rot_line_precue: ori = np.float64(277.5966795846474)
10.1466 	EXP 	rot_line_precue: ori = np.float64(278.1291041939349)
10.1547 	EXP 	rot_line_precue: ori = np.float64(278.5227528753257)
10.1633 	EXP 	rot_line_precue: ori = np.float64(278.95566239677225)
10.1715 	EXP 	rot_line_precue: ori = np.float64(279.25969525448767)
10.1798 	EXP 	rot_line_precue: ori = np.float64(279.88216630909096)
10.1884 	EXP 	rot_line_precue: ori = np.float64(280.2339055164054)
10.1973 	EXP 	rot_line_precue: ori = np.float64(280.57644366469304)
10.2048 	EXP 	rot_line_precue: ori = np.float64(280.89956773727386)
10.2129 	EXP 	rot_line_precue: ori = np.float64(281.23968848441916)
10.2215 	EXP 	rot_line_precue: ori = np.float64(281.54376155042576)
10.2303 	EXP 	rot_line_precue: ori = np.float64(281.8449405229772)
10.2379 	EXP 	rot_line_precue: ori = np.float64(282.33409482465095)
10.2462 	EXP 	rot_line_precue: ori = np.float64(282.70821411426067)
10.2545 	EXP 	rot_line_precue: ori = np.float64(283.02685433738196)
10.2627 	EXP 	rot_line_precue: ori = np.float64(283.52499637313616)
10.2711 	EXP 	rot_line_precue: ori = np.float64(284.0716738392714)
10.2794 	EXP 	rot_line_precue: ori = np.float64(284.3743397689368)
10.2878 	EXP 	rot_line_precue: ori = np.float64(284.8850323526357)
10.2960 	EXP 	rot_line_precue: ori = np.float64(285.23507556466865)
10.3042 	EXP 	rot_line_precue: ori = np.float64(285.6042557836195)
10.3130 	EXP 	rot_line_precue: ori = np.float64(286.20853705492186)
10.3216 	EXP 	rot_line_precue: ori = np.float64(287.0029438260623)
10.3301 	EXP 	rot_line_precue: ori = np.float64(287.63096420059077)
10.3382 	EXP 	rot_line_precue: ori = np.float64(288.0790728551168)
10.3462 	EXP 	rot_line_precue: ori = np.float64(288.50825292145083)
10.3548 	EXP 	rot_line_precue: ori = np.float64(288.83607867584016)
10.3634 	EXP 	rot_line_precue: ori = np.float64(289.22457087406764)
10.3719 	EXP 	rot_line_precue: ori = np.float64(289.96452956638325)
10.3801 	EXP 	rot_line_precue: ori = np.float64(290.2754619816546)
10.3881 	EXP 	rot_line_precue: ori = np.float64(290.7906669341924)
10.3964 	EXP 	rot_line_precue: ori = np.float64(291.10793356135423)
10.4049 	EXP 	rot_line_precue: ori = np.float64(291.45024844932675)
10.4135 	EXP 	rot_line_precue: ori = np.float64(291.8480797382199)
10.4212 	EXP 	rot_line_precue: ori = np.float64(292.15974027182824)
10.4294 	EXP 	rot_line_precue: ori = np.float64(292.5321276828964)
10.4379 	EXP 	rot_line_precue: ori = np.float64(292.83457017633464)
10.4462 	EXP 	rot_line_precue: ori = np.float64(293.20410835949644)
10.4544 	EXP 	rot_line_precue: ori = np.float64(293.565502209055)
10.4629 	EXP 	rot_line_precue: ori = np.float64(293.86504773044703)
10.4712 	EXP 	rot_line_precue: ori = np.float64(294.1649985738524)
10.4794 	EXP 	rot_line_precue: ori = np.float64(294.48427544512623)
10.4879 	EXP 	rot_line_precue: ori = np.float64(294.7840048122485)
10.4962 	EXP 	rot_line_precue: ori = np.float64(295.1098370815014)
10.5045 	EXP 	rot_line_precue: ori = np.float64(295.7489228695631)
10.5131 	EXP 	rot_line_precue: ori = np.float64(296.0959516554156)
10.5215 	EXP 	rot_line_precue: ori = np.float64(296.4176977997625)
10.5301 	EXP 	rot_line_precue: ori = np.float64(297.1411885719535)
10.5383 	EXP 	rot_line_precue: ori = np.float64(297.58822707408586)
10.5465 	EXP 	rot_line_precue: ori = np.float64(297.9636382664807)
10.5551 	EXP 	rot_line_precue: ori = np.float64(298.55790966611676)
10.5561 	EXP 	New trial (rep=2, index=3): <Trial 3 (3 in rep 2) data={'pic_name': 'pics/none.JPG', 'class_mi': 'rest', 'thisN': 3, 'thisTrialN': 3, 'thisRepN': 2}>
10.5632 	EXP 	hor_line_precue: autoDraw = False
10.5632 	EXP 	ver_line_precue: autoDraw = False
10.5632 	EXP 	rot_line_precue: autoDraw = False
10.5632 	EXP 	rot_line_precue: ori = np.float64(298.90023165485894)
10.5632 	EXP 	hor_line_precue: autoDraw = False
10.5632 	EXP 	ver_line_precue: autoDraw = False
10.5632 	EXP 	rot_line_precue: autoDraw = False
10.5632 	EXP 	hor_line_precue: autoDraw = True
10.5632 	EXP 	ver_line_precue: autoDraw = True
10.5632 	EXP 	rot_line_precue: autoDraw = True
10.5632 	EXP 	rot_line_precue: ori = np.float64(299.36213428790506)
10.5715 	EXP 	rot_line_precue: ori = np.float64(299.72421264835947)
10.5797 	EXP 	rot_line_precue: ori = np.float64(300.14517828044904)
10.5881 	EXP 	rot_line_precue: ori = np.float64(300.4895723049517)
10.5970 	EXP 	rot_line_precue: ori = np.float64(300.93498446686607)
10.6046 	EXP 	rot_line_precue: ori = np.float64(301.25118480811767)
10.6127 	EXP 	rot_line_precue: ori = np.float64(301.6482180691958)
10.6213 	EXP 	rot_line_precue: ori = np.float64(302.1201103855514)
10.6295 	EXP 	rot_line_precue: ori = np.float64(302.42001020839524)
10.6377 	EXP 	rot_line_precue: ori = np.float64(302.87485998637004)
10.6463 	EXP 	rot_line_precue: ori = np.float64(303.2228335362679)
10.6544 	EXP 	rot_line_precue: ori = np.float64(303.52533363847164)
10.6628 	EXP 	rot_line_precue: ori = np.float64(303.8327432943123)
10.6718 	EXP 	rot_line_precue: ori = np.float64(304.1510607314081)
10.6795 	EXP 	rot_line_precue: ori = np.float64(304.6912081778137)
10.6879 	EXP 	rot_line_precue: ori = np.float64(305.1396059473143)
10.6967 	EXP 	rot_line_precue: ori = np.float64(305.46371971846605)
10.7049 	EXP 	rot_line_precue: ori = np.float64(305.83874594490754)
10.7134 	EXP 	rot_line_precue: ori = np.float64(306.47374172403374)
10.7217 	EXP 	rot_line_precue: ori = np.float64(306.77320708774715)
10.7297 	EXP 	rot_line_precue: ori = np.float64(307.38850537905483)
10.7380 	EXP 	rot_line_precue: ori = np.float64(307.8728304965489)
10.7473 	EXP 	rot_line_precue: ori = np.float64(308.26819824180393)
10.7549 	EXP 	rot_line_precue: ori = np.float64(308.66678634638225)
10.7630 	EXP 	rot_line_precue: ori = np.float64(309.2747164440418)
10.7715 	EXP 	rot_line_precue: ori = np.float64(309.6785082513903)
10.7803 	EXP 	rot_line_precue: ori = np.float64(309.9810109104081)
10.7878 	EXP 	rot_line_precue: ori = np.float64(310.5560331299698)
10.7963 	EXP 	rot_line_precue: ori = np.float64(310.9594124146657)
10.8046 	EXP 	rot_line_precue: ori = np.float64(311.3100186812757)
10.8129 	EXP 	rot_line_precue: ori = np.float64(311.62075571928995)
10.8212 	EXP 	rot_line_precue: ori = np.float64(311.91885356130814)
10.8300 	EXP 	rot_line_precue: ori = np.float64(312.2473173438248)
10.8378 	EXP 	rot_line_precue: ori = np.float64(312.8039837828574)
10.8462 	EXP 	rot_line_precue: ori = np.float64(313.2262268972954)
10.8545 	EXP 	rot_line_precue: ori = np.float64(313.58363004294574)
10.8628 	EXP 	rot_line_precue: ori = np.float64(313.9149533143335)
10.8713 	EXP 	rot_line_precue: ori = np.float64(314.2633744965194)
10.8799 	EXP 	rot_line_precue: ori = np.float64(314.6555221043606)
10.8881 	EXP 	rot_line_precue: ori = np.float64(314.9962291324586)
10.8971 	EXP 	rot_line_precue: ori = np.float64(315.4403130393939)
10.9056 	EXP 	rot_line_precue: ori = np.float64(315.8015335158273)
10.9133 	EXP 	rot_line_precue: ori = np.float64(316.115340230344)
10.9215 	EXP 	rot_line_precue: ori = np.float64(316.4397076261684)
10.9303 	EXP 	rot_line_precue: ori = np.float64(317.1452665080594)
10.9383 	EXP 	rot_line_precue: ori = np.float64(317.4450885987895)
10.9464 	EXP 	rot_line_precue: ori = np.float64(317.90710047122883)
10.9548 	EXP 	rot_line_precue: ori = np.float64(318.2191369407198)
10.9629 	EXP 	rot_line_precue: ori = np.float64(318.57102313016344)
10.9714 	EXP 	rot_line_precue: ori = np.float64(318.8875330818997)
10.9795 	EXP 	rot_line_precue: ori = np.float64(319.187699886376)
10.9879 	EXP 	rot_line_precue: ori = np.float64(319.55825235657426)
10.9962 	EXP 	rot_line_precue: ori = np.float64(320.0302078103105)
11.0044 	EXP 	rot_line_precue: ori = np.float64(320.44025480579154)
11.0129 	EXP 	rot_line_precue: ori = np.float64(320.7461689033539)
11.0212 	EXP 	rot_line_precue: ori = np.float64(321.07914834149756)
11.0295 	EXP 	rot_line_precue: ori = np.float64(321.3878542963462)
11.0378 	EXP 	rot_line_precue: ori = np.float64(321.7128807055746)
11.0464 	EXP 	rot_line_precue: ori = np.float64(322.28022799014036)
11.0546 	EXP 	rot_line_precue: ori = np.float64(322.5849127003979)
11.0632 	EXP 	rot_line_precue: ori = np.float64(322.99032634498633)
11.0715 	EXP 	rot_line_precue: ori = np.float64(323.4107573715122)
11.0797 	EXP 	rot_line_precue: ori = np.float64(323.7643909771771)
11.0882 	EXP 	rot_line_precue: ori = np.float64(324.0893075696199)
11.0964 	EXP 	rot_line_precue: ori = np.float64(324.40954482892954)
11.1047 	EXP 	rot_line_precue: ori = np.float64(324.97396039675004)
11.1133 	EXP 	rot_line_precue: ori = np.float64(325.7267195107532)
11.1215 	EXP 	rot_line_precue: ori = np.float64(326.1078021663923)
11.1297 	EXP 	rot_line_precue: ori = np.float64(326.4193375184017)
11.1378 	EXP 	rot_line_precue: ori = np.float64(326.7836639363684)
11.1464 	EXP 	rot_line_precue: ori = np.float64(327.57257977487166)
11.1546 	EXP 	rot_line_precue: ori = np.float64(327.8768796470387)
11.1634 	EXP 	rot_line_precue: ori = np.float64(328.2600183683642)
11.1713 	EXP 	rot_line_precue: ori = np.float64(328.5700334785383)
11.1795 	EXP 	rot_line_precue: ori = np.float64(328.90489498973545)
11.1877 	EXP 	rot_line_precue: ori = np.float64(329.2956199226394)
11.1961 	EXP 	rot_line_precue: ori = np.float64(329.6634292231634)
11.2053 	EXP 	rot_line_precue: ori = np.float64(330.12218513598555)
11.2128 	EXP 	rot_line_precue: ori = np.float64(330.47248462712963)
11.2211 	EXP 	rot_line_precue: ori = np.float64(330.7852346747532)
11.2298 	EXP 	rot_line_precue: ori = np.float64(331.1158632900617)
11.2386 	EXP 	rot_line_precue: ori = np.float64(331.47951299767794)
11.2466 	EXP 	rot_line_precue: ori = np.float64(331.8280998338641)
11.2548 	EXP 	rot_line_precue: ori = np.float64(332.12859050735517)
11.2629 	EXP 	rot_line_precue: ori = np.float64(332.5187736083271)
11.2711 	EXP 	rot_line_precue: ori = np.float64(332.8831237450033)
11.2805 	EXP 	rot_line_precue: ori = np.float64(333.29538442366203)
11.2881 	EXP 	rot_line_precue: ori = np.float64(333.6676341477532)
11.2966 	EXP 	rot_line_precue: ori = np.float64(334.0189598953761)
11.3050 	EXP 	rot_line_precue: ori = np.float64(334.4579856717102)
11.3130 	EXP 	rot_line_precue: ori = np.float64(334.7578957138439)
11.3211 	EXP 	rot_line_precue: ori = np.float64(335.2420474532834)
11.3296 	EXP 	rot_line_precue: ori = np.float64(335.8586244918703)
11.3379 	EXP 	rot_line_precue: ori = np.float64(336.2909681728885)
11.3463 	EXP 	rot_line_precue: ori = np.float64(336.5933573328427)
11.3546 	EXP 	rot_line_precue: ori = np.float64(336.88908540061686)
11.3629 	EXP 	rot_line_precue: ori = np.float64(337.19371329805665)
11.3712 	EXP 	rot_line_precue: ori = np.float64(337.7284767504727)
11.3795 	EXP 	rot_line_precue: ori = np.float64(338.06743709673754)
11.3878 	EXP 	rot_line_precue: ori = np.float64(338.3797259282909)
11.3962 	EXP 	rot_line_precue: ori = np.float64(338.6998582404411)
11.4048 	EXP 	rot_line_precue: ori = np.float64(339.00627068253544)
11.4131 	EXP 	rot_line_precue: ori = np.float64(339.31450441399056)
11.4213 	EXP 	rot_line_precue: ori = np.float64(339.63176005326534)
11.4299 	EXP 	rot_line_precue: ori = np.float64(339.9837367058637)
11.4380 	EXP 	rot_line_precue: ori = np.float64(340.6192343623175)
11.4463 	EXP 	rot_line_precue: ori = np.float64(341.03469371850775)
11.4549 	EXP 	rot_line_precue: ori = np.float64(341.3327839123455)
11.4633 	EXP 	rot_line_precue: ori = np.float64(341.64598155347414)
11.4714 	EXP 	rot_line_precue: ori = np.float64(341.9521248766194)
11.4800 	EXP 	rot_line_precue: ori = np.float64(342.25644873090255)
11.4887 	EXP 	rot_line_precue: ori = np.float64(342.96094101266675)
11.4964 	EXP 	rot_line_precue: ori = np.float64(343.4669170757287)
11.5045 	EXP 	rot_line_precue: ori = np.float64(343.7738804112005)
11.5130 	EXP 	rot_line_precue: ori = np.float64(344.521395889558)
11.5213 	EXP 	rot_line_precue: ori = np.float64(344.86031215138115)
11.5295 	EXP 	rot_line_precue: ori = np.float64(345.16224970889937)
11.5377 	EXP 	rot_line_precue: ori = np.float64(345.50934287306967)
11.5463 	EXP 	rot_line_precue: ori = np.float64(345.8381369366154)
11.5544 	EXP 	rot_line_precue: ori = np.float64(346.1544396758004)
11.5626 	EXP 	rot_line_precue: ori = np.float64(346.50595671612353)
11.5714 	EXP 	rot_line_precue: ori = np.float64(347.17944060247464)
11.5796 	EXP 	rot_line_precue: ori = np.float64(347.4998510325331)
11.5889 	EXP 	rot_line_precue: ori = np.float64(347.7988960026061)
11.5965 	EXP 	rot_line_precue: ori = np.float64(348.10014057217995)
11.6047 	EXP 	rot_line_precue: ori = np.float64(348.45544276440995)
11.6131 	EXP 	rot_line_precue: ori = np.float64(348.89394719934126)
11.6216 	EXP 	rot_line_precue: ori = np.float64(349.22516891745215)
11.6302 	EXP 	rot_line_precue: ori = np.float64(349.57683301341984)
11.6384 	EXP 	rot_line_precue: ori = np.float64(350.04291181309486)
11.6468 	EXP 	rot_line_precue: ori = np.float64(350.4494533128598)
11.6548 	EXP 	rot_line_precue: ori = np.float64(350.847557611537)
11.6632 	EXP 	rot_line_precue: ori = np.float64(351.34942603084437)
11.6713 	EXP 	rot_line_precue: ori = np.float64(351.703914296686)
11.6796 	EXP 	rot_line_precue: ori = np.float64(352.0790247753775)
11.6879 	EXP 	rot_line_precue: ori = np.float64(352.61839511105666)
11.6964 	EXP 	rot_line_precue: ori = np.float64(353.3078543592068)
11.7045 	EXP 	rot_line_precue: ori = np.float64(353.8311428978131)
11.7128 	EXP 	rot_line_precue: ori = np.float64(354.1328771255629)
11.7211 	EXP 	rot_line_precue: ori = np.float64(354.6355334548175)
11.7295 	EXP 	rot_line_precue: ori = np.float64(354.95951871990775)
11.7379 	EXP 	rot_line_precue: ori = np.float64(355.2618379543512)
11.7461 	EXP 	rot_line_precue: ori = np.float64(355.6125011698486)
11.7546 	EXP 	rot_line_precue: ori = np.float64(355.981619262494)
11.7633 	EXP 	rot_line_precue: ori = np.float64(356.3194964259916)
11.7716 	EXP 	rot_line_precue: ori = np.float64(356.70061196848985)
11.7798 	EXP 	rot_line_precue: ori = np.float64(357.0716909009294)
11.7884 	EXP 	rot_line_precue: ori = np.float64(357.69331284563566)
11.7966 	EXP 	rot_line_precue: ori = np.float64(357.9962872309918)
11.8048 	EXP 	rot_line_precue: ori = np.float64(358.5967088449598)
11.8131 	EXP 	rot_line_precue: ori = np.float64(358.9123283871236)
11.8217 	EXP 	rot_line_precue: ori = np.float64(359.3322518413412)
11.8301 	EXP 	rot_line_precue: ori = np.float64(359.65882870722686)
11.8381 	EXP 	rot_line_precue: ori = np.float64(0.17854268760231662)
11.8466 	EXP 	rot_line_precue: ori = np.float64(0.4742991311414751)
11.8547 	EXP 	rot_line_precue: ori = np.float64(0.8046335582651284)
11.8629 	EXP 	rot_line_precue: ori = np.float64(1.2853024621157219)
11.8712 	EXP 	rot_line_precue: ori = np.float64(1.6433275761214334)
11.8798 	EXP 	rot_line_precue: ori = np.float64(1.959703267109796)
11.8879 	EXP 	rot_line_precue: ori = np.float64(2.2682321604375053)
11.8961 	EXP 	rot_line_precue: ori = np.float64(2.5860309573087132)
11.9044 	EXP 	rot_line_precue: ori = np.float64(2.9438779276835185)
11.9129 	EXP 	rot_line_precue: ori = np.float64(3.542952848978627)
11.9212 	EXP 	rot_line_precue: ori = np.float64(4.022856246019054)
11.9295 	EXP 	rot_line_precue: ori = np.float64(4.370352381427962)
11.9380 	EXP 	rot_line_precue: ori = np.float64(4.709288701028073)
11.9462 	EXP 	rot_line_precue: ori = np.float64(5.133823010576465)
11.9548 	EXP 	rot_line_precue: ori = np.float64(5.521209045995316)
11.9632 	EXP 	rot_line_precue: ori = np.float64(6.165974667617581)
11.9714 	EXP 	rot_line_precue: ori = np.float64(6.882744983490049)
11.9799 	EXP 	rot_line_precue: ori = np.float64(7.296191287524671)
11.9882 	EXP 	rot_line_precue: ori = np.float64(7.600642604482515)
11.9969 	EXP 	rot_line_precue: ori = np.float64(7.898930212385578)
12.0049 	EXP 	rot_line_precue: ori = np.float64(8.203851670372858)
12.0135 	EXP 	rot_line_precue: ori = np.float64(8.619766774679759)
12.0215 	EXP 	rot_line_precue: ori = np.float64(8.955723678949088)
12.0301 	EXP 	rot_line_precue: ori = np.float64(9.349363454655904)
12.0387 	EXP 	rot_line_precue: ori = np.float64(9.694711949117055)
12.0469 	EXP 	rot_line_precue: ori = np.float64(10.022005182124586)
12.0550 	EXP 	rot_line_precue: ori = np.float64(10.396298811608096)
12.0632 	EXP 	rot_line_precue: ori = np.float64(10.949739947726316)
12.0713 	EXP 	rot_line_precue: ori = np.float64(11.250560463947533)
12.0795 	EXP 	rot_line_precue: ori = np.float64(11.574632584471884)
12.0878 	EXP 	rot_line_precue: ori = np.float64(12.039787672330892)
12.0963 	EXP 	rot_line_precue: ori = np.float64(12.400803185930874)
12.1045 	EXP 	rot_line_precue: ori = np.float64(12.763799021694194)
12.1128 	EXP 	rot_line_precue: ori = np.float64(13.211958367731626)
12.1214 	EXP 	rot_line_precue: ori = np.float64(13.51307195726594)
12.1295 	EXP 	rot_line_precue: ori = np.float64(13.811289686067619)
12.1383 	EXP 	rot_line_precue: ori = np.float64(14.12954374021693)
12.1465 	EXP 	rot_line_precue: ori = np.float64(14.568028389495234)
12.1550 	EXP 	rot_line_precue: ori = np.float64(14.97897635912253)
12.1634 	EXP 	rot_line_precue: ori = np.float64(15.281299054498545)
12.1714 	EXP 	rot_line_precue: ori = np.float64(15.607408902340167)
12.1797 	EXP 	rot_line_precue: ori = np.float64(15.905409962816515)
12.1886 	EXP 	rot_line_precue: ori = np.float64(16.38428008524298)
12.1967 	EXP 	rot_line_precue: ori = np.float64(16.69522083314183)
12.2048 	EXP 	rot_line_precue: ori = np.float64(16.99101542039434)
12.2133 	EXP 	rot_line_precue: ori = np.float64(17.418545411029157)
12.2213 	EXP 	rot_line_precue: ori = np.float64(18.072764889123928)
12.2296 	EXP 	rot_line_precue: ori = np.float64(18.422731622397855)
12.2378 	EXP 	rot_line_precue: ori = np.float64(18.77210790965225)
12.2464 	EXP 	rot_line_precue: ori = np.float64(19.175652185337103)
12.2547 	EXP 	rot_line_precue: ori = np.float64(19.50456053059558)
12.2628 	EXP 	rot_line_precue: ori = np.float64(19.831139206572225)
12.2711 	EXP 	rot_line_precue: ori = np.float64(20.205195639807368)
12.2796 	EXP 	rot_line_precue: ori = np.float64(20.501558215902943)
12.2877 	EXP 	rot_line_precue: ori = np.float64(20.83990680117227)
12.2962 	EXP 	rot_line_precue: ori = np.float64(21.387592952486585)
12.3047 	EXP 	rot_line_precue: ori = np.float64(21.845118724857265)
12.3130 	EXP 	rot_line_precue: ori = np.float64(22.208036100933377)
12.3217 	EXP 	rot_line_precue: ori = np.float64(22.955786285070825)
12.3299 	EXP 	rot_line_precue: ori = np.float64(23.2778227724248)
12.3380 	EXP 	rot_line_precue: ori = np.float64(23.63738478658287)
12.3461 	EXP 	rot_line_precue: ori = np.float64(24.047331453906317)
12.3549 	EXP 	rot_line_precue: ori = np.float64(24.412091555613763)
12.3638 	EXP 	rot_line_precue: ori = np.float64(24.70908577121123)
12.3715 	EXP 	rot_line_precue: ori = np.float64(25.015928286108156)
12.3800 	EXP 	rot_line_precue: ori = np.float64(25.538115175183147)
12.3881 	EXP 	rot_line_precue: ori = np.float64(25.984316078169442)
12.3962 	EXP 	rot_line_precue: ori = np.float64(26.317088852692518)
12.4047 	EXP 	rot_line_precue: ori = np.float64(26.642908972075645)
12.4129 	EXP 	rot_line_precue: ori = np.float64(27.14638920341035)
12.4213 	EXP 	rot_line_precue: ori = np.float64(27.487961118720012)
12.4295 	EXP 	rot_line_precue: ori = np.float64(27.954863953820695)
12.4379 	EXP 	rot_line_precue: ori = np.float64(28.360727374059195)
12.4462 	EXP 	rot_line_precue: ori = np.float64(28.698796136389216)
12.4545 	EXP 	rot_line_precue: ori = np.float64(29.17639051026939)
12.4629 	EXP 	rot_line_precue: ori = np.float64(29.482842105528526)
12.4711 	EXP 	rot_line_precue: ori = np.float64(29.806031642760615)
12.4798 	EXP 	rot_line_precue: ori = np.float64(30.134693818369563)
12.4881 	EXP 	rot_line_precue: ori = np.float64(30.486277038508053)
12.4965 	EXP 	rot_line_precue: ori = np.float64(30.88467042436923)
12.5050 	EXP 	rot_line_precue: ori = np.float64(31.288110344007883)
12.5131 	EXP 	rot_line_precue: ori = np.float64(31.62436192425531)
12.5213 	EXP 	rot_line_precue: ori = np.float64(32.05105913730997)
12.5300 	EXP 	rot_line_precue: ori = np.float64(32.48452497825061)
12.5382 	EXP 	rot_line_precue: ori = np.float64(32.783546608041)
12.5465 	EXP 	rot_line_precue: ori = np.float64(33.175921687000816)
12.5474 	EXP 	New trial (rep=3, index=4): <Trial 4 (4 in rep 3) data={'pic_name': 'pics/none.JPG', 'class_mi': 'rest', 'thisN': 4, 'thisTrialN': 4, 'thisRepN': 3}>
12.5550 	EXP 	hor_line_precue: autoDraw = False
12.5550 	EXP 	ver_line_precue: autoDraw = False
12.5550 	EXP 	rot_line_precue: autoDraw = False
12.5550 	EXP 	rot_line_precue: ori = np.float64(33.93837235688003)
12.5550 	EXP 	hor_line_precue: autoDraw = False
12.5550 	EXP 	ver_line_precue: autoDraw = False
12.5550 	EXP 	rot_line_precue: autoDraw = False
12.5550 	EXP 	hor_line_precue: autoDraw = True
12.5550 	EXP 	ver_line_precue: autoDraw = True
12.5550 	EXP 	rot_line_precue: autoDraw = True
12.5550 	EXP 	rot_line_precue: ori = np.float64(34.238249038278774)
12.5631 	EXP 	rot_line_precue: ori = np.float64(34.61334571175955)
12.5713 	EXP 	rot_line_precue: ori = np.float64(35.23584819092822)
12.5795 	EXP 	rot_line_precue: ori = np.float64(35.553966312949164)
12.5880 	EXP 	rot_line_precue: ori = np.float64(35.851932035864955)
12.5963 	EXP 	rot_line_precue: ori = np.float64(36.34495755159465)
12.6045 	EXP 	rot_line_precue: ori = np.float64(36.69618420391615)
12.6128 	EXP 	rot_line_precue: ori = np.float64(37.00590031699711)
12.6212 	EXP 	rot_line_precue: ori = np.float64(37.49415775969308)
12.6294 	EXP 	rot_line_precue: ori = np.float64(37.869847917129036)
12.6376 	EXP 	rot_line_precue: ori = np.float64(38.223630989566935)
12.6467 	EXP 	rot_line_precue: ori = np.float64(38.58253796767067)
12.6546 	EXP 	rot_line_precue: ori = np.float64(38.94325862541042)
12.6632 	EXP 	rot_line_precue: ori = np.float64(39.321755158679)
12.6722 	EXP 	rot_line_precue: ori = np.float64(39.813559367284206)
12.6798 	EXP 	rot_line_precue: ori = np.float64(40.131561143894416)
12.6881 	EXP 	rot_line_precue: ori = np.float64(40.59961682405356)
12.6964 	EXP 	rot_line_precue: ori = np.float64(40.923802261266225)
12.7047 	EXP 	rot_line_precue: ori = np.float64(41.27321874343955)
12.7134 	EXP 	rot_line_precue: ori = np.float64(41.592532387821215)
12.7216 	EXP 	rot_line_precue: ori = np.float64(41.91861774915709)
12.7298 	EXP 	rot_line_precue: ori = np.float64(42.323864223155404)
12.7383 	EXP 	rot_line_precue: ori = np.float64(43.00222115219897)
12.7465 	EXP 	rot_line_precue: ori = np.float64(43.75498222623109)
12.7553 	EXP 	rot_line_precue: ori = np.float64(44.1173733585751)
12.7628 	EXP 	rot_line_precue: ori = np.float64(44.48925665138047)
12.7715 	EXP 	rot_line_precue: ori = np.float64(44.81832360819239)
12.7798 	EXP 	rot_line_precue: ori = np.float64(45.119991882228035)
12.7878 	EXP 	rot_line_precue: ori = np.float64(45.41992486084294)
12.7962 	EXP 	rot_line_precue: ori = np.float64(45.84325415890601)
12.8046 	EXP 	rot_line_precue: ori = np.float64(46.23882412569455)
12.8135 	EXP 	rot_line_precue: ori = np.float64(46.54126175336)
12.8212 	EXP 	rot_line_precue: ori = np.float64(46.9410011551888)
12.8296 	EXP 	rot_line_precue: ori = np.float64(47.27366133960249)
12.8381 	EXP 	rot_line_precue: ori = np.float64(47.987830903130636)
12.8467 	EXP 	rot_line_precue: ori = np.float64(48.45176256812241)
12.8549 	EXP 	rot_line_precue: ori = np.float64(48.789445313531914)
12.8631 	EXP 	rot_line_precue: ori = np.float64(49.12902758818817)
12.8716 	EXP 	rot_line_precue: ori = np.float64(49.50100895543035)
12.8804 	EXP 	rot_line_precue: ori = np.float64(49.79803443040686)
12.8878 	EXP 	rot_line_precue: ori = np.float64(50.09536118027838)
12.8969 	EXP 	rot_line_precue: ori = np.float64(50.40694912795735)
12.9050 	EXP 	rot_line_precue: ori = np.float64(50.708985383711365)
12.9132 	EXP 	rot_line_precue: ori = np.float64(51.2043780904371)
12.9218 	EXP 	rot_line_precue: ori = np.float64(51.558637303486066)
12.9296 	EXP 	rot_line_precue: ori = np.float64(51.86420965718654)
12.9380 	EXP 	rot_line_precue: ori = np.float64(52.1750638135577)
12.9462 	EXP 	rot_line_precue: ori = np.float64(52.47576459337362)
12.9547 	EXP 	rot_line_precue: ori = np.float64(52.79947199540473)
12.9630 	EXP 	rot_line_precue: ori = np.float64(53.12844055659945)
12.9718 	EXP 	rot_line_precue: ori = np.float64(53.425977462710435)
12.9795 	EXP 	rot_line_precue: ori = np.float64(53.841467307018526)
12.9880 	EXP 	rot_line_precue: ori = np.float64(54.13948687536948)
12.9962 	EXP 	rot_line_precue: ori = np.float64(54.44064682809177)
13.0045 	EXP 	rot_line_precue: ori = np.float64(55.00622543787134)
13.0129 	EXP 	rot_line_precue: ori = np.float64(55.33773832940818)
13.0213 	EXP 	rot_line_precue: ori = np.float64(55.69229845244708)
13.0299 	EXP 	rot_line_precue: ori = np.float64(56.19508958481174)
13.0383 	EXP 	rot_line_precue: ori = np.float64(56.574263857041196)
13.0465 	EXP 	rot_line_precue: ori = np.float64(56.87834797318756)
13.0551 	EXP 	rot_line_precue: ori = np.float64(57.189776223706446)
13.0633 	EXP 	rot_line_precue: ori = np.float64(57.61417733428918)
13.0721 	EXP 	rot_line_precue: ori = np.float64(58.00138947856876)
13.0802 	EXP 	rot_line_precue: ori = np.float64(58.33689273176154)
13.0884 	EXP 	rot_line_precue: ori = np.float64(58.67536590678612)
13.0965 	EXP 	rot_line_precue: ori = np.float64(59.20484938272037)
13.1051 	EXP 	rot_line_precue: ori = np.float64(59.86336430341457)
13.1131 	EXP 	rot_line_precue: ori = np.float64(60.22774654201172)
13.1213 	EXP 	rot_line_precue: ori = np.float64(60.58851602072294)
13.1295 	EXP 	rot_line_precue: ori = np.float64(60.960763925817425)
13.1377 	EXP 	rot_line_precue: ori = np.float64(61.63222077476192)
13.1462 	EXP 	rot_line_precue: ori = np.float64(62.02653144325114)
13.1545 	EXP 	rot_line_precue: ori = np.float64(62.34466003945577)
13.1627 	EXP 	rot_line_precue: ori = np.float64(62.75513318754428)
13.1713 	EXP 	rot_line_precue: ori = np.float64(63.052169639616146)
13.1796 	EXP 	rot_line_precue: ori = np.float64(63.38586785987985)
13.1877 	EXP 	rot_line_precue: ori = np.float64(64.01078047522962)
13.1963 	EXP 	rot_line_precue: ori = np.float64(64.48484330720241)
13.2045 	EXP 	rot_line_precue: ori = np.float64(64.87770312872735)
13.2133 	EXP 	rot_line_precue: ori = np.float64(65.24564826722872)
13.2216 	EXP 	rot_line_precue: ori = np.float64(65.83383952171839)
13.2298 	EXP 	rot_line_precue: ori = np.float64(66.14241290038156)
13.2383 	EXP 	rot_line_precue: ori = np.float64(66.52415363767538)
13.2466 	EXP 	rot_line_precue: ori = np.float64(66.81941128455631)
13.2548 	EXP 	rot_line_precue: ori = np.float64(67.13315052378536)
13.2634 	EXP 	rot_line_precue: ori = np.float64(67.74862694259023)
13.2716 	EXP 	rot_line_precue: ori = np.float64(68.05415169147561)
13.2798 	EXP 	rot_line_precue: ori = np.float64(68.3743099897373)
13.2879 	EXP 	rot_line_precue: ori = np.float64(68.79048107306191)
13.2965 	EXP 	rot_line_precue: ori = np.float64(69.13001757533354)
13.3048 	EXP 	rot_line_precue: ori = np.float64(69.447105815059)
13.3130 	EXP 	rot_line_precue: ori = np.float64(69.79758561988356)
13.3212 	EXP 	rot_line_precue: ori = np.float64(70.30317299482812)
13.3296 	EXP 	rot_line_precue: ori = np.float64(70.77821290642271)
13.3379 	EXP 	rot_line_precue: ori = np.float64(71.14752327563912)
13.3470 	EXP 	rot_line_precue: ori = np.float64(71.44409341621507)
13.3546 	EXP 	rot_line_precue: ori = np.float64(71.76422967587764)
13.3629 	EXP 	rot_line_precue: ori = np.float64(72.13870222371042)
13.3711 	EXP 	rot_line_precue: ori = np.float64(72.63712387939545)
13.3808 	EXP 	rot_line_precue: ori = np.float64(73.02195478131452)
13.3887 	EXP 	rot_line_precue: ori = np.float64(73.38604136581647)
13.3975 	EXP 	rot_line_precue: ori = np.float64(73.69120075432753)
13.4051 	EXP 	rot_line_precue: ori = np.float64(74.13402692025603)
13.4137 	EXP 	rot_line_precue: ori = np.float64(74.62747033906678)
13.4219 	EXP 	rot_line_precue: ori = np.float64(75.21849119476167)
13.4307 	EXP 	rot_line_precue: ori = np.float64(75.7190853525023)
13.4415 	EXP 	rot_line_precue: ori = np.float64(76.07267810396117)
13.4486 	EXP 	rot_line_precue: ori = np.float64(76.42737867305081)
13.4600 	EXP 	rot_line_precue: ori = np.float64(76.73134017081165)
13.4648 	EXP 	rot_line_precue: ori = np.float64(77.13985766562448)
13.4735 	EXP 	rot_line_precue: ori = np.float64(77.43849324656604)
13.4806 	EXP 	rot_line_precue: ori = np.float64(77.78828578689235)
13.4922 	EXP 	rot_line_precue: ori = np.float64(78.468156791526)
13.5001 	EXP 	rot_line_precue: ori = np.float64(79.02738389102994)
13.5077 	EXP 	rot_line_precue: ori = np.float64(79.39446856725463)
13.5133 	EXP 	rot_line_precue: ori = np.float64(79.75616743144022)
13.5220 	EXP 	rot_line_precue: ori = np.float64(80.12821027987691)
13.5300 	EXP 	rot_line_precue: ori = np.float64(80.63659975988521)
13.5388 	EXP 	rot_line_precue: ori = np.float64(80.94427028034497)
13.5463 	EXP 	rot_line_precue: ori = np.float64(81.24844270309413)
13.5545 	EXP 	rot_line_precue: ori = np.float64(81.86444580425042)
13.5631 	EXP 	rot_line_precue: ori = np.float64(82.4647389320876)
13.5715 	EXP 	rot_line_precue: ori = np.float64(82.79463626161528)
13.5801 	EXP 	rot_line_precue: ori = np.float64(83.3445952957423)
13.5885 	EXP 	rot_line_precue: ori = np.float64(83.79540793596036)
13.5964 	EXP 	rot_line_precue: ori = np.float64(84.13993753225591)
13.6046 	EXP 	rot_line_precue: ori = np.float64(84.4899439930208)
13.6131 	EXP 	rot_line_precue: ori = np.float64(84.81095914343116)
13.6215 	EXP 	rot_line_precue: ori = np.float64(85.20119448122827)
13.6301 	EXP 	rot_line_precue: ori = np.float64(85.78407261702846)
13.6382 	EXP 	rot_line_precue: ori = np.float64(86.44066297133816)
13.6464 	EXP 	rot_line_precue: ori = np.float64(86.743994020189)
13.6545 	EXP 	rot_line_precue: ori = np.float64(87.14626246821773)
13.6671 	EXP 	rot_line_precue: ori = np.float64(87.88176547614259)
13.6792 	EXP 	rot_line_precue: ori = np.float64(88.3257947120662)
13.6866 	EXP 	rot_line_precue: ori = np.float64(88.90975473392247)
13.6908 	EXP 	rot_line_precue: ori = np.float64(89.44611208372831)
13.6971 	EXP 	rot_line_precue: ori = np.float64(89.74182045399655)
13.7045 	EXP 	rot_line_precue: ori = np.float64(90.04428067829924)
13.7129 	EXP 	rot_line_precue: ori = np.float64(90.38548853174413)
13.7218 	EXP 	rot_line_precue: ori = np.float64(91.01023777944012)
13.7295 	EXP 	rot_line_precue: ori = np.float64(91.4464640962978)
13.7382 	EXP 	rot_line_precue: ori = np.float64(91.93227067866921)
13.7467 	EXP 	rot_line_precue: ori = np.float64(92.48885491694209)
13.7548 	EXP 	rot_line_precue: ori = np.float64(92.78638908618906)
13.7634 	EXP 	rot_line_precue: ori = np.float64(93.40665691114799)
13.7715 	EXP 	rot_line_precue: ori = np.float64(94.07931336721776)
13.7797 	EXP 	rot_line_precue: ori = np.float64(94.86295551953309)
13.7879 	EXP 	rot_line_precue: ori = np.float64(95.16264636509888)
13.7966 	EXP 	rot_line_precue: ori = np.float64(95.48411478778974)
13.8049 	EXP 	rot_line_precue: ori = np.float64(95.81276324626648)
13.8135 	EXP 	rot_line_precue: ori = np.float64(96.17861615291727)
13.8217 	EXP 	rot_line_precue: ori = np.float64(96.6046645073967)
13.8299 	EXP 	rot_line_precue: ori = np.float64(97.03569922859795)
13.8380 	EXP 	rot_line_precue: ori = np.float64(97.41230920928673)
13.8465 	EXP 	rot_line_precue: ori = np.float64(97.83520689793413)
13.8547 	EXP 	rot_line_precue: ori = np.float64(98.3686628439052)
13.8630 	EXP 	rot_line_precue: ori = np.float64(98.70312784470127)
13.8713 	EXP 	rot_line_precue: ori = np.float64(99.05936157494644)
13.8796 	EXP 	rot_line_precue: ori = np.float64(99.38494745897447)
13.8878 	EXP 	rot_line_precue: ori = np.float64(99.72916170529025)
13.8962 	EXP 	rot_line_precue: ori = np.float64(100.06253211445332)
13.9047 	EXP 	rot_line_precue: ori = np.float64(100.72554096648096)
13.9131 	EXP 	rot_line_precue: ori = np.float64(101.03351593586984)
13.9217 	EXP 	rot_line_precue: ori = np.float64(101.42391577647219)
13.9300 	EXP 	rot_line_precue: ori = np.float64(101.89222922041172)
13.9383 	EXP 	rot_line_precue: ori = np.float64(102.21749308519895)
13.9467 	EXP 	rot_line_precue: ori = np.float64(102.72373842844158)
13.9548 	EXP 	rot_line_precue: ori = np.float64(103.11911891511207)
13.9629 	EXP 	rot_line_precue: ori = np.float64(103.43319386230432)
13.9713 	EXP 	rot_line_precue: ori = np.float64(103.97417264702158)
13.9806 	EXP 	rot_line_precue: ori = np.float64(104.30161855652992)
13.9888 	EXP 	rot_line_precue: ori = np.float64(104.6095945224219)
13.9964 	EXP 	rot_line_precue: ori = np.float64(105.08700425083049)
14.0052 	EXP 	rot_line_precue: ori = np.float64(105.40496862335077)
14.0130 	EXP 	rot_line_precue: ori = np.float64(105.91406588895593)
14.0213 	EXP 	rot_line_precue: ori = np.float64(106.61003487662941)
14.0298 	EXP 	rot_line_precue: ori = np.float64(106.91309634173382)
14.0382 	EXP 	rot_line_precue: ori = np.float64(107.44672469168097)
14.0463 	EXP 	rot_line_precue: ori = np.float64(107.79931965748516)
14.0545 	EXP 	rot_line_precue: ori = np.float64(108.22134094815611)
14.0629 	EXP 	rot_line_precue: ori = np.float64(108.55127712941619)
14.0713 	EXP 	rot_line_precue: ori = np.float64(109.34958981182099)
14.0800 	EXP 	rot_line_precue: ori = np.float64(110.01945611695547)
14.0882 	EXP 	rot_line_precue: ori = np.float64(110.38147187273007)
14.0965 	EXP 	rot_line_precue: ori = np.float64(110.89938197967726)
14.1050 	EXP 	rot_line_precue: ori = np.float64(111.21196442099091)
14.1133 	EXP 	rot_line_precue: ori = np.float64(111.70107975948761)
14.1214 	EXP 	rot_line_precue: ori = np.float64(112.04872521953618)
14.1295 	EXP 	rot_line_precue: ori = np.float64(112.46414797031436)
14.1380 	EXP 	rot_line_precue: ori = np.float64(112.87379902322344)
14.1466 	EXP 	rot_line_precue: ori = np.float64(113.4066653699449)
14.1551 	EXP 	rot_line_precue: ori = np.float64(114.09509438597686)
14.1633 	EXP 	rot_line_precue: ori = np.float64(114.52065901730872)
14.1716 	EXP 	rot_line_precue: ori = np.float64(115.21587961403829)
14.1796 	EXP 	rot_line_precue: ori = np.float64(115.53239586321077)
14.1880 	EXP 	rot_line_precue: ori = np.float64(115.95093198811551)
14.1970 	EXP 	rot_line_precue: ori = np.float64(116.31528057972876)
14.2047 	EXP 	rot_line_precue: ori = np.float64(116.61294937319218)
14.2129 	EXP 	rot_line_precue: ori = np.float64(117.24459183767019)
14.2213 	EXP 	rot_line_precue: ori = np.float64(117.73056563903654)
14.2295 	EXP 	rot_line_precue: ori = np.float64(118.11670783773263)
14.2386 	EXP 	rot_line_precue: ori = np.float64(118.44257520166194)
14.2464 	EXP 	rot_line_precue: ori = np.float64(118.7466750841209)
14.2547 	EXP 	rot_line_precue: ori = np.float64(119.09306773278131)
14.2633 	EXP 	rot_line_precue: ori = np.float64(119.78151871819276)
14.2716 	EXP 	rot_line_precue: ori = np.float64(120.14689822901664)
14.2799 	EXP 	rot_line_precue: ori = np.float64(120.5101661530535)
14.2884 	EXP 	rot_line_precue: ori = np.float64(120.89698655701068)
14.2964 	EXP 	rot_line_precue: ori = np.float64(121.25491022653128)
14.3055 	EXP 	rot_line_precue: ori = np.float64(121.55294368818966)
14.3130 	EXP 	rot_line_precue: ori = np.float64(122.15899258805959)
14.3216 	EXP 	rot_line_precue: ori = np.float64(122.47929583411118)
14.3298 	EXP 	rot_line_precue: ori = np.float64(123.26442560381264)
14.3381 	EXP 	rot_line_precue: ori = np.float64(123.625758204175)
14.3466 	EXP 	rot_line_precue: ori = np.float64(124.03053695577889)
14.3547 	EXP 	rot_line_precue: ori = np.float64(124.32853581820099)
14.3630 	EXP 	rot_line_precue: ori = np.float64(124.75530885247169)
14.3711 	EXP 	rot_line_precue: ori = np.float64(125.16582970568867)
14.3799 	EXP 	rot_line_precue: ori = np.float64(125.46115103076787)
14.3879 	EXP 	rot_line_precue: ori = np.float64(125.94519055392891)
14.3962 	EXP 	rot_line_precue: ori = np.float64(126.30939717965919)
14.4046 	EXP 	rot_line_precue: ori = np.float64(126.63284000715)
14.4129 	EXP 	rot_line_precue: ori = np.float64(126.94605262352678)
14.4212 	EXP 	rot_line_precue: ori = np.float64(127.24225448019735)
14.4298 	EXP 	rot_line_precue: ori = np.float64(127.60113119098527)
14.4381 	EXP 	rot_line_precue: ori = np.float64(127.91660511441822)
14.4468 	EXP 	rot_line_precue: ori = np.float64(128.3023188773672)
14.4548 	EXP 	rot_line_precue: ori = np.float64(128.66090424536077)
14.4630 	EXP 	rot_line_precue: ori = np.float64(129.23808874670274)
14.4716 	EXP 	rot_line_precue: ori = np.float64(129.756870195794)
14.4797 	EXP 	rot_line_precue: ori = np.float64(130.21589619561487)
14.4880 	EXP 	rot_line_precue: ori = np.float64(130.53843350317305)
14.4962 	EXP 	rot_line_precue: ori = np.float64(130.96177652401022)
14.5049 	EXP 	rot_line_precue: ori = np.float64(131.5207450445106)
14.5133 	EXP 	rot_line_precue: ori = np.float64(132.12015338450144)
14.5218 	EXP 	rot_line_precue: ori = np.float64(132.6377527697378)
14.5301 	EXP 	rot_line_precue: ori = np.float64(132.9617025821843)
14.5381 	EXP 	rot_line_precue: ori = np.float64(133.65306034760775)
14.5390 	EXP 	New trial (rep=1, index=5): <Trial 5 (5 in rep 1) data={'pic_name': 'pics/left_hand.JPG', 'class_mi': 'left_hand', 'thisN': 5, 'thisTrialN': 5, 'thisRepN': 1}>
14.5464 	EXP 	hor_line_precue: autoDraw = False
14.5464 	EXP 	ver_line_precue: autoDraw = False
14.5464 	EXP 	rot_line_precue: autoDraw = False
14.5464 	EXP 	rot_line_precue: ori = np.float64(134.13561868890392)
14.5464 	EXP 	hor_line_precue: autoDraw = False
14.5464 	EXP 	ver_line_precue: autoDraw = False
14.5464 	EXP 	rot_line_precue: autoDraw = False
14.5464 	EXP 	hor_line_precue: autoDraw = True
14.5464 	EXP 	ver_line_precue: autoDraw = True
14.5464 	EXP 	rot_line_precue: autoDraw = True
14.5464 	EXP 	rot_line_precue: ori = np.float64(134.45325289902073)
14.5549 	EXP 	rot_line_precue: ori = np.float64(134.78404968746216)
14.5630 	EXP 	rot_line_precue: ori = np.float64(135.0873612287184)
14.5713 	EXP 	rot_line_precue: ori = np.float64(135.389921010688)
14.5795 	EXP 	rot_line_precue: ori = np.float64(135.71304280081682)
14.5879 	EXP 	rot_line_precue: ori = np.float64(136.25619535288416)
14.5963 	EXP 	rot_line_precue: ori = np.float64(136.5645295509187)
14.6049 	EXP 	rot_line_precue: ori = np.float64(136.86775054640108)
14.6133 	EXP 	rot_line_precue: ori = np.float64(137.29624619540056)
14.6215 	EXP 	rot_line_precue: ori = np.float64(137.78298405025674)
14.6299 	EXP 	rot_line_precue: ori = np.float64(138.4009623011283)
14.6380 	EXP 	rot_line_precue: ori = np.float64(138.87826239608395)
14.6463 	EXP 	rot_line_precue: ori = np.float64(139.32657910841667)
14.6550 	EXP 	rot_line_precue: ori = np.float64(139.6773560371247)
14.6632 	EXP 	rot_line_precue: ori = np.float64(139.97591545636863)
14.6719 	EXP 	rot_line_precue: ori = np.float64(140.37816253852714)
14.6802 	EXP 	rot_line_precue: ori = np.float64(140.68818526682384)
14.6884 	EXP 	rot_line_precue: ori = np.float64(141.00721689755196)
14.6965 	EXP 	rot_line_precue: ori = np.float64(141.39732934948395)
14.7047 	EXP 	rot_line_precue: ori = np.float64(142.02424814040805)
14.7131 	EXP 	rot_line_precue: ori = np.float64(142.37318690126926)
14.7216 	EXP 	rot_line_precue: ori = np.float64(142.87572320644065)
14.7296 	EXP 	rot_line_precue: ori = np.float64(143.19290843682182)
14.7383 	EXP 	rot_line_precue: ori = np.float64(143.7250599840461)
14.7464 	EXP 	rot_line_precue: ori = np.float64(144.22360460648702)
14.7546 	EXP 	rot_line_precue: ori = np.float64(144.9768595030851)
14.7627 	EXP 	rot_line_precue: ori = np.float64(145.37674903339143)
14.7713 	EXP 	rot_line_precue: ori = np.float64(145.7284694439945)
14.7795 	EXP 	rot_line_precue: ori = np.float64(146.0238151932544)
14.7883 	EXP 	rot_line_precue: ori = np.float64(146.36712639867892)
14.7970 	EXP 	rot_line_precue: ori = np.float64(146.70210154040166)
14.8049 	EXP 	rot_line_precue: ori = np.float64(147.10361519334523)
14.8134 	EXP 	rot_line_precue: ori = np.float64(147.4165337027013)
14.8218 	EXP 	rot_line_precue: ori = np.float64(147.80140499855258)
14.8298 	EXP 	rot_line_precue: ori = np.float64(148.24532134424)
14.8379 	EXP 	rot_line_precue: ori = np.float64(148.57618944524827)
14.8466 	EXP 	rot_line_precue: ori = np.float64(148.93501463365993)
14.8549 	EXP 	rot_line_precue: ori = np.float64(149.2418476658524)
14.8634 	EXP 	rot_line_precue: ori = np.float64(149.56468449829774)
14.8717 	EXP 	rot_line_precue: ori = np.float64(149.95748581601075)
14.8798 	EXP 	rot_line_precue: ori = np.float64(150.422242292508)
14.8879 	EXP 	rot_line_precue: ori = np.float64(150.79797335701042)
14.8965 	EXP 	rot_line_precue: ori = np.float64(151.09785111435386)
14.9049 	EXP 	rot_line_precue: ori = np.float64(151.4992859916863)
14.9130 	EXP 	rot_line_precue: ori = np.float64(151.82581893887263)
14.9223 	EXP 	rot_line_precue: ori = np.float64(152.15379616719605)
14.9292 	EXP 	rot_line_precue: ori = np.float64(152.60685413293547)
14.9378 	EXP 	rot_line_precue: ori = np.float64(152.93282383202163)
14.9462 	EXP 	rot_line_precue: ori = np.float64(153.60570854825522)
14.9546 	EXP 	rot_line_precue: ori = np.float64(153.9837157031594)
14.9628 	EXP 	rot_line_precue: ori = np.float64(154.2817053473647)
14.9717 	EXP 	rot_line_precue: ori = np.float64(154.60683695877535)
14.9800 	EXP 	rot_line_precue: ori = np.float64(155.0021537904428)
14.9882 	EXP 	rot_line_precue: ori = np.float64(155.4447846699529)
14.9968 	EXP 	rot_line_precue: ori = np.float64(155.77047720690518)
15.0049 	EXP 	rot_line_precue: ori = np.float64(156.55265623163763)
15.0130 	EXP 	rot_line_precue: ori = np.float64(156.8611381847254)
15.0223 	EXP 	rot_line_precue: ori = np.float64(157.20757269606673)
15.0307 	EXP 	rot_line_precue: ori = np.float64(157.52682763199815)
15.0383 	EXP 	rot_line_precue: ori = np.float64(157.89110337931)
15.0468 	EXP 	rot_line_precue: ori = np.float64(158.22367436929272)
15.0548 	EXP 	rot_line_precue: ori = np.float64(158.5271922290951)
15.0637 	EXP 	rot_line_precue: ori = np.float64(158.86087985401417)
15.0714 	EXP 	rot_line_precue: ori = np.float64(159.1838463329213)
15.0798 	EXP 	rot_line_precue: ori = np.float64(159.48345313929542)
15.0881 	EXP 	rot_line_precue: ori = np.float64(159.82979899351187)
15.0963 	EXP 	rot_line_precue: ori = np.float64(160.16067551759332)
15.1046 	EXP 	rot_line_precue: ori = np.float64(160.81831627669982)
15.1130 	EXP 	rot_line_precue: ori = np.float64(161.16272973501174)
15.1212 	EXP 	rot_line_precue: ori = np.float64(161.6893682474544)
15.1295 	EXP 	rot_line_precue: ori = np.float64(162.22422072782842)
15.1386 	EXP 	rot_line_precue: ori = np.float64(162.5244682675289)
15.1464 	EXP 	rot_line_precue: ori = np.float64(162.90100594662218)
15.1553 	EXP 	rot_line_precue: ori = np.float64(163.53171350085853)
15.1633 	EXP 	rot_line_precue: ori = np.float64(163.85522593211454)
15.1716 	EXP 	rot_line_precue: ori = np.float64(164.2071262678083)
15.1801 	EXP 	rot_line_precue: ori = np.float64(164.53018906836994)
15.1885 	EXP 	rot_line_precue: ori = np.float64(164.83863989049678)
15.1972 	EXP 	rot_line_precue: ori = np.float64(165.1938980031458)
15.2052 	EXP 	rot_line_precue: ori = np.float64(165.49706081236678)
15.2133 	EXP 	rot_line_precue: ori = np.float64(165.84949453749468)
15.2216 	EXP 	rot_line_precue: ori = np.float64(166.14997955262788)
15.2297 	EXP 	rot_line_precue: ori = np.float64(166.54902511026245)
15.2381 	EXP 	rot_line_precue: ori = np.float64(166.8817064429385)
15.2464 	EXP 	rot_line_precue: ori = np.float64(167.2708935069102)
15.2547 	EXP 	rot_line_precue: ori = np.float64(167.6004935845431)
15.2631 	EXP 	rot_line_precue: ori = np.float64(167.91841424701795)
15.2713 	EXP 	rot_line_precue: ori = np.float64(168.2764942379183)
15.2795 	EXP 	rot_line_precue: ori = np.float64(168.6254860125083)
15.2877 	EXP 	rot_line_precue: ori = np.float64(169.09310221747052)
15.2963 	EXP 	rot_line_precue: ori = np.float64(169.55898511020487)
15.3046 	EXP 	rot_line_precue: ori = np.float64(169.88470815071912)
15.3128 	EXP 	rot_line_precue: ori = np.float64(170.27934192288262)
15.3213 	EXP 	rot_line_precue: ori = np.float64(170.58548490103564)
15.3297 	EXP 	rot_line_precue: ori = np.float64(170.9548411590789)
15.3383 	EXP 	rot_line_precue: ori = np.float64(171.2526234807637)
15.3466 	EXP 	rot_line_precue: ori = np.float64(171.56646079755856)
15.3549 	EXP 	rot_line_precue: ori = np.float64(171.94252070707458)
15.3634 	EXP 	rot_line_precue: ori = np.float64(172.28431218991093)
15.3716 	EXP 	rot_line_precue: ori = np.float64(172.59709887716102)
15.3799 	EXP 	rot_line_precue: ori = np.float64(172.9335888583371)
15.3886 	EXP 	rot_line_precue: ori = np.float64(173.37031407356824)
15.3967 	EXP 	rot_line_precue: ori = np.float64(173.7696774311101)
15.4057 	EXP 	rot_line_precue: ori = np.float64(174.28251902973923)
15.4135 	EXP 	rot_line_precue: ori = np.float64(174.97788490183137)
15.4215 	EXP 	rot_line_precue: ori = np.float64(175.3551125756981)
15.4296 	EXP 	rot_line_precue: ori = np.float64(175.6571899023335)
15.4381 	EXP 	rot_line_precue: ori = np.float64(176.04810394915233)
15.4467 	EXP 	rot_line_precue: ori = np.float64(176.55266990960072)
15.4549 	EXP 	rot_line_precue: ori = np.float64(177.0041467513774)
15.4631 	EXP 	rot_line_precue: ori = np.float64(177.3007495499425)
15.4725 	EXP 	rot_line_precue: ori = np.float64(177.61675426146064)
15.4801 	EXP 	rot_line_precue: ori = np.float64(178.17317935447335)
15.4886 	EXP 	rot_line_precue: ori = np.float64(178.7885479958673)
15.4968 	EXP 	rot_line_precue: ori = np.float64(179.10251862123235)
15.5049 	EXP 	rot_line_precue: ori = np.float64(179.61894118213087)
15.5137 	EXP 	rot_line_precue: ori = np.float64(179.92227200107348)
15.5217 	EXP 	rot_line_precue: ori = np.float64(180.25170863658647)
15.5301 	EXP 	rot_line_precue: ori = np.float64(180.66164015699874)
15.5387 	EXP 	rot_line_precue: ori = np.float64(181.2945711456362)
15.5469 	EXP 	rot_line_precue: ori = np.float64(181.60461548830318)
15.5548 	EXP 	rot_line_precue: ori = np.float64(182.01307264336694)
15.5631 	EXP 	rot_line_precue: ori = np.float64(182.3968408254904)
15.5714 	EXP 	rot_line_precue: ori = np.float64(182.71859004521377)
15.5801 	EXP 	rot_line_precue: ori = np.float64(183.44281584761424)
15.5882 	EXP 	rot_line_precue: ori = np.float64(183.77056382856776)
15.5964 	EXP 	rot_line_precue: ori = np.float64(184.19461905099837)
15.6049 	EXP 	rot_line_precue: ori = np.float64(184.59316933122562)
15.6137 	EXP 	rot_line_precue: ori = np.float64(185.00899068526306)
15.6214 	EXP 	rot_line_precue: ori = np.float64(185.53414800657796)
15.6299 	EXP 	rot_line_precue: ori = np.float64(185.87683360288528)
15.6388 	EXP 	rot_line_precue: ori = np.float64(186.23861213164687)
15.6464 	EXP 	rot_line_precue: ori = np.float64(186.5747338515915)
15.6545 	EXP 	rot_line_precue: ori = np.float64(186.9208408447043)
15.6630 	EXP 	rot_line_precue: ori = np.float64(187.22656736122244)
15.6712 	EXP 	rot_line_precue: ori = np.float64(187.70700427050608)
15.6796 	EXP 	rot_line_precue: ori = np.float64(188.46794152453376)
15.6880 	EXP 	rot_line_precue: ori = np.float64(188.81661887623775)
15.6962 	EXP 	rot_line_precue: ori = np.float64(189.19520022991273)
15.7047 	EXP 	rot_line_precue: ori = np.float64(189.5564016568988)
15.7132 	EXP 	rot_line_precue: ori = np.float64(190.06855325599568)
15.7216 	EXP 	rot_line_precue: ori = np.float64(190.38038569249045)
15.7302 	EXP 	rot_line_precue: ori = np.float64(190.82511299026527)
15.7389 	EXP 	rot_line_precue: ori = np.float64(191.47944115279213)
15.7467 	EXP 	rot_line_precue: ori = np.float64(191.8966853937878)
15.7553 	EXP 	rot_line_precue: ori = np.float64(192.20429036160664)
15.7634 	EXP 	rot_line_precue: ori = np.float64(192.50695037621801)
15.7717 	EXP 	rot_line_precue: ori = np.float64(193.05254893796288)
15.7798 	EXP 	rot_line_precue: ori = np.float64(193.35944792871902)
15.7881 	EXP 	rot_line_precue: ori = np.float64(193.68233061828252)
15.7964 	EXP 	rot_line_precue: ori = np.float64(194.00787285513604)
15.8046 	EXP 	rot_line_precue: ori = np.float64(194.71586766964327)
15.8128 	EXP 	rot_line_precue: ori = np.float64(195.21014422782656)
15.8213 	EXP 	rot_line_precue: ori = np.float64(195.65292229626056)
15.8296 	EXP 	rot_line_precue: ori = np.float64(196.13521954784477)
15.8379 	EXP 	rot_line_precue: ori = np.float64(196.49989635107548)
15.8463 	EXP 	rot_line_precue: ori = np.float64(196.85761115034018)
15.8546 	EXP 	rot_line_precue: ori = np.float64(197.18844689934573)
15.8629 	EXP 	rot_line_precue: ori = np.float64(197.48629413136032)
15.8714 	EXP 	rot_line_precue: ori = np.float64(198.00395593982284)
15.8796 	EXP 	rot_line_precue: ori = np.float64(198.570860706686)
15.8879 	EXP 	rot_line_precue: ori = np.float64(199.3131209785403)
15.8966 	EXP 	rot_line_precue: ori = np.float64(199.67606108406838)
15.9050 	EXP 	rot_line_precue: ori = np.float64(199.99617809427718)
15.9135 	EXP 	rot_line_precue: ori = np.float64(200.60153502046035)
15.9218 	EXP 	rot_line_precue: ori = np.float64(200.91095081552342)
15.9305 	EXP 	rot_line_precue: ori = np.float64(201.5497183800082)
15.9386 	EXP 	rot_line_precue: ori = np.float64(202.03931241051404)
15.9469 	EXP 	rot_line_precue: ori = np.float64(202.56357791315068)
15.9550 	EXP 	rot_line_precue: ori = np.float64(202.91847899785617)
15.9630 	EXP 	rot_line_precue: ori = np.float64(203.2469378423081)
15.9716 	EXP 	rot_line_precue: ori = np.float64(203.67827124627266)
15.9797 	EXP 	rot_line_precue: ori = np.float64(204.02137695492237)
15.9880 	EXP 	rot_line_precue: ori = np.float64(204.36434786000612)
15.9962 	EXP 	rot_line_precue: ori = np.float64(204.67296675322405)
16.0046 	EXP 	rot_line_precue: ori = np.float64(205.20176996728014)
16.0128 	EXP 	rot_line_precue: ori = np.float64(205.51098936427175)
16.0212 	EXP 	rot_line_precue: ori = np.float64(205.91791544895432)
16.0296 	EXP 	rot_line_precue: ori = np.float64(206.37696332469272)
16.0379 	EXP 	rot_line_precue: ori = np.float64(206.69232370422856)
16.0461 	EXP 	rot_line_precue: ori = np.float64(206.99646424890108)
16.0547 	EXP 	rot_line_precue: ori = np.float64(207.43909900178568)
16.0631 	EXP 	rot_line_precue: ori = np.float64(207.7497681904677)
16.0717 	EXP 	rot_line_precue: ori = np.float64(208.05748904625992)
16.0801 	EXP 	rot_line_precue: ori = np.float64(208.65988892704118)
16.0883 	EXP 	rot_line_precue: ori = np.float64(209.06277620989786)
16.0969 	EXP 	rot_line_precue: ori = np.float64(209.38557962589118)
16.1055 	EXP 	rot_line_precue: ori = np.float64(209.88663552444592)
16.1134 	EXP 	rot_line_precue: ori = np.float64(210.32007419902823)
16.1221 	EXP 	rot_line_precue: ori = np.float64(210.6394945650651)
16.1301 	EXP 	rot_line_precue: ori = np.float64(210.9409353332657)
16.1383 	EXP 	rot_line_precue: ori = np.float64(211.25429375266566)
16.1464 	EXP 	rot_line_precue: ori = np.float64(211.57733239146134)
16.1549 	EXP 	rot_line_precue: ori = np.float64(211.88245142961532)
16.1631 	EXP 	rot_line_precue: ori = np.float64(212.36321235208544)
16.1714 	EXP 	rot_line_precue: ori = np.float64(212.79989356286669)
16.1795 	EXP 	rot_line_precue: ori = np.float64(213.24084976623536)
16.1880 	EXP 	rot_line_precue: ori = np.float64(213.66893892673968)
16.1962 	EXP 	rot_line_precue: ori = np.float64(214.3031599399992)
16.2045 	EXP 	rot_line_precue: ori = np.float64(214.6659375892809)
16.2130 	EXP 	rot_line_precue: ori = np.float64(215.03131248749398)
16.2212 	EXP 	rot_line_precue: ori = np.float64(215.44927624127666)
16.2295 	EXP 	rot_line_precue: ori = np.float64(215.76089899769408)
16.2377 	EXP 	rot_line_precue: ori = np.float64(216.4751737901665)
16.2463 	EXP 	rot_line_precue: ori = np.float64(216.80413495813025)
16.2546 	EXP 	rot_line_precue: ori = np.float64(217.2938584599234)
16.2637 	EXP 	rot_line_precue: ori = np.float64(217.71950243885283)
16.2717 	EXP 	rot_line_precue: ori = np.float64(218.04139918765995)
16.2798 	EXP 	rot_line_precue: ori = np.float64(218.3635334216643)
16.2884 	EXP 	rot_line_precue: ori = np.float64(218.7376570002286)
16.2966 	EXP 	rot_line_precue: ori = np.float64(219.10674721576666)
16.3048 	EXP 	rot_line_precue: ori = np.float64(219.43910352147617)
16.3140 	EXP 	rot_line_precue: ori = np.float64(219.7784153673336)
16.3215 	EXP 	rot_line_precue: ori = np.float64(220.4193120525741)
16.3297 	EXP 	rot_line_precue: ori = np.float64(220.73308794344345)
16.3379 	EXP 	rot_line_precue: ori = np.float64(221.03316700075365)
16.3464 	EXP 	rot_line_precue: ori = np.float64(221.34720282971847)
16.3547 	EXP 	rot_line_precue: ori = np.float64(221.94619439499078)
16.3630 	EXP 	rot_line_precue: ori = np.float64(222.50520234881353)
16.3715 	EXP 	rot_line_precue: ori = np.float64(222.85119494423975)
16.3797 	EXP 	rot_line_precue: ori = np.float64(223.15010166292205)
16.3879 	EXP 	rot_line_precue: ori = np.float64(223.63854696776622)
16.3965 	EXP 	rot_line_precue: ori = np.float64(224.03784465762644)
16.4046 	EXP 	rot_line_precue: ori = np.float64(224.43637350184937)
16.4130 	EXP 	rot_line_precue: ori = np.float64(224.77366652934128)
16.4211 	EXP 	rot_line_precue: ori = np.float64(225.2180424015965)
16.4301 	EXP 	rot_line_precue: ori = np.float64(225.54647487340497)
16.4380 	EXP 	rot_line_precue: ori = np.float64(226.0769284952233)
16.4467 	EXP 	rot_line_precue: ori = np.float64(226.4557091953993)
16.4550 	EXP 	rot_line_precue: ori = np.float64(226.7843232505975)
16.4632 	EXP 	rot_line_precue: ori = np.float64(227.30043898158485)
16.4716 	EXP 	rot_line_precue: ori = np.float64(227.7252534942953)
16.4801 	EXP 	rot_line_precue: ori = np.float64(228.04006395325166)
16.4886 	EXP 	rot_line_precue: ori = np.float64(228.3849662974999)
16.4969 	EXP 	rot_line_precue: ori = np.float64(228.73429901647077)
16.5050 	EXP 	rot_line_precue: ori = np.float64(229.13174728795718)
16.5130 	EXP 	rot_line_precue: ori = np.float64(229.47355589393115)
16.5216 	EXP 	rot_line_precue: ori = np.float64(229.8665613459165)
16.5306 	EXP 	rot_line_precue: ori = np.float64(230.2361191205289)
16.5315 	EXP 	New trial (rep=4, index=6): <Trial 6 (6 in rep 4) data={'pic_name': 'pics/none.JPG', 'class_mi': 'rest', 'thisN': 6, 'thisTrialN': 6, 'thisRepN': 4}>
16.5377 	EXP 	hor_line_precue: autoDraw = False
16.5377 	EXP 	ver_line_precue: autoDraw = False
16.5377 	EXP 	rot_line_precue: autoDraw = False
16.5377 	EXP 	rot_line_precue: ori = np.float64(230.5671482249439)
16.5377 	EXP 	hor_line_precue: autoDraw = False
16.5377 	EXP 	ver_line_precue: autoDraw = False
16.5377 	EXP 	rot_line_precue: autoDraw = False
16.5377 	EXP 	hor_line_precue: autoDraw = True
16.5377 	EXP 	ver_line_precue: autoDraw = True
16.5377 	EXP 	rot_line_precue: autoDraw = True
16.5377 	EXP 	rot_line_precue: ori = np.float64(230.9939294440603)
16.5462 	EXP 	rot_line_precue: ori = np.float64(231.36144148081775)
16.5547 	EXP 	rot_line_precue: ori = np.float64(231.9534596803481)
16.5629 	EXP 	rot_line_precue: ori = np.float64(232.26218378822466)
16.5718 	EXP 	rot_line_precue: ori = np.float64(232.7279603723157)
16.5798 	EXP 	rot_line_precue: ori = np.float64(233.18758537249596)
16.5884 	EXP 	rot_line_precue: ori = np.float64(233.79647949664175)
16.5962 	EXP 	rot_line_precue: ori = np.float64(234.20634904229854)
16.6053 	EXP 	rot_line_precue: ori = np.float64(234.56916160944297)
16.6131 	EXP 	rot_line_precue: ori = np.float64(234.9443360439128)
16.6214 	EXP 	rot_line_precue: ori = np.float64(235.50061539685422)
16.6300 	EXP 	rot_line_precue: ori = np.float64(235.80296103618426)
16.6384 	EXP 	rot_line_precue: ori = np.float64(236.1004320289592)
16.6469 	EXP 	rot_line_precue: ori = np.float64(236.47364935000277)
16.6551 	EXP 	rot_line_precue: ori = np.float64(236.8156887320237)
16.6641 	EXP 	rot_line_precue: ori = np.float64(237.24055162046028)
16.6720 	EXP 	rot_line_precue: ori = np.float64(237.5401276335316)
16.6809 	EXP 	rot_line_precue: ori = np.float64(237.8427004376862)
16.6890 	EXP 	rot_line_precue: ori = np.float64(238.52302593731028)
16.6964 	EXP 	rot_line_precue: ori = np.float64(238.83927598068695)
16.7046 	EXP 	rot_line_precue: ori = np.float64(239.23115838820573)
16.7131 	EXP 	rot_line_precue: ori = np.float64(239.55962752855825)
16.7214 	EXP 	rot_line_precue: ori = np.float64(240.05177305438468)
16.7296 	EXP 	rot_line_precue: ori = np.float64(240.3606471089947)
16.7381 	EXP 	rot_line_precue: ori = np.float64(240.667706653952)
16.7464 	EXP 	rot_line_precue: ori = np.float64(241.37895869908266)
16.7546 	EXP 	rot_line_precue: ori = np.float64(241.72512642213158)
16.7629 	EXP 	rot_line_precue: ori = np.float64(242.06300092246192)
16.7722 	EXP 	rot_line_precue: ori = np.float64(242.43682557536223)
16.7797 	EXP 	rot_line_precue: ori = np.float64(243.1990126590761)
16.7879 	EXP 	rot_line_precue: ori = np.float64(243.54201352183017)
16.7970 	EXP 	rot_line_precue: ori = np.float64(243.8409896893551)
16.8048 	EXP 	rot_line_precue: ori = np.float64(244.3208183575758)
16.8134 	EXP 	rot_line_precue: ori = np.float64(244.65056143829844)
16.8216 	EXP 	rot_line_precue: ori = np.float64(245.38314302530787)
16.8299 	EXP 	rot_line_precue: ori = np.float64(245.8791657955979)
16.8384 	EXP 	rot_line_precue: ori = np.float64(246.20817742955)
16.8467 	EXP 	rot_line_precue: ori = np.float64(246.50402997047954)
16.8549 	EXP 	rot_line_precue: ori = np.float64(246.8391129693642)
16.8638 	EXP 	rot_line_precue: ori = np.float64(247.37764034258805)
16.8714 	EXP 	rot_line_precue: ori = np.float64(247.7210973676545)
16.8803 	EXP 	rot_line_precue: ori = np.float64(248.07771716442815)
16.8879 	EXP 	rot_line_precue: ori = np.float64(248.49081552961965)
16.8966 	EXP 	rot_line_precue: ori = np.float64(249.2023524281246)
16.9048 	EXP 	rot_line_precue: ori = np.float64(249.71538343344778)
16.9129 	EXP 	rot_line_precue: ori = np.float64(250.01388005164154)
16.9220 	EXP 	rot_line_precue: ori = np.float64(250.31882704319432)
16.9296 	EXP 	rot_line_precue: ori = np.float64(250.66749894673572)
16.9387 	EXP 	rot_line_precue: ori = np.float64(251.00081152862248)
16.9465 	EXP 	rot_line_precue: ori = np.float64(251.3026728073906)
16.9555 	EXP 	rot_line_precue: ori = np.float64(251.6244329432277)
16.9630 	EXP 	rot_line_precue: ori = np.float64(252.07209149316554)
16.9723 	EXP 	rot_line_precue: ori = np.float64(252.53275624843738)
16.9800 	EXP 	rot_line_precue: ori = np.float64(252.82890918346362)
16.9886 	EXP 	rot_line_precue: ori = np.float64(253.53265756596284)
16.9970 	EXP 	rot_line_precue: ori = np.float64(253.8294246569402)
17.0051 	EXP 	rot_line_precue: ori = np.float64(254.25735929234958)
17.0136 	EXP 	rot_line_precue: ori = np.float64(254.69779847939427)
17.0219 	EXP 	rot_line_precue: ori = np.float64(255.01908540860717)
17.0304 	EXP 	rot_line_precue: ori = np.float64(255.68349572634742)
17.0384 	EXP 	rot_line_precue: ori = np.float64(256.0599200335634)
17.0469 	EXP 	rot_line_precue: ori = np.float64(256.5018862720213)
17.0550 	EXP 	rot_line_precue: ori = np.float64(256.80156557057927)
17.0633 	EXP 	rot_line_precue: ori = np.float64(257.24553135276926)
17.0717 	EXP 	rot_line_precue: ori = np.float64(257.8108824824092)
17.0797 	EXP 	rot_line_precue: ori = np.float64(258.10881093985876)
17.0879 	EXP 	rot_line_precue: ori = np.float64(258.4397297883746)
17.0963 	EXP 	rot_line_precue: ori = np.float64(259.0817226529141)
17.1046 	EXP 	rot_line_precue: ori = np.float64(259.4368113618121)
17.1129 	EXP 	rot_line_precue: ori = np.float64(259.7770309605931)
17.1213 	EXP 	rot_line_precue: ori = np.float64(260.12127253168353)
17.1296 	EXP 	rot_line_precue: ori = np.float64(260.4321643033747)
17.1380 	EXP 	rot_line_precue: ori = np.float64(260.7440042522689)
17.1462 	EXP 	rot_line_precue: ori = np.float64(261.092519995327)
17.1545 	EXP 	rot_line_precue: ori = np.float64(261.3920744609502)
17.1632 	EXP 	rot_line_precue: ori = np.float64(261.84558968060503)
17.1715 	EXP 	rot_line_precue: ori = np.float64(262.20930521091367)
17.1801 	EXP 	rot_line_precue: ori = np.float64(262.51595845191855)
17.1883 	EXP 	rot_line_precue: ori = np.float64(262.88367485892473)
17.1964 	EXP 	rot_line_precue: ori = np.float64(263.3051499654284)
17.2058 	EXP 	rot_line_precue: ori = np.float64(263.7018408971999)
17.2133 	EXP 	rot_line_precue: ori = np.float64(264.08339254305184)
17.2220 	EXP 	rot_line_precue: ori = np.float64(264.39645076604165)
17.2302 	EXP 	rot_line_precue: ori = np.float64(264.7465108438348)
17.2383 	EXP 	rot_line_precue: ori = np.float64(265.0482678882383)
17.2464 	EXP 	rot_line_precue: ori = np.float64(265.40345136088655)
17.2546 	EXP 	rot_line_precue: ori = np.float64(265.7506762224214)
17.2631 	EXP 	rot_line_precue: ori = np.float64(266.0540834709966)
17.2715 	EXP 	rot_line_precue: ori = np.float64(266.41040896582416)
17.2796 	EXP 	rot_line_precue: ori = np.float64(266.96323182473765)
17.2879 	EXP 	rot_line_precue: ori = np.float64(267.2850256722841)
17.2963 	EXP 	rot_line_precue: ori = np.float64(267.68205163256584)
17.3046 	EXP 	rot_line_precue: ori = np.float64(268.03916448998604)
17.3135 	EXP 	rot_line_precue: ori = np.float64(268.3785615855266)
17.3214 	EXP 	rot_line_precue: ori = np.float64(268.68131090060115)
17.3297 	EXP 	rot_line_precue: ori = np.float64(269.0045758117327)
17.3379 	EXP 	rot_line_precue: ori = np.float64(269.42756673130367)
17.3466 	EXP 	rot_line_precue: ori = np.float64(269.7371788096703)
17.3549 	EXP 	rot_line_precue: ori = np.float64(270.1196469901918)
17.3634 	EXP 	rot_line_precue: ori = np.float64(270.4236015013579)
17.3717 	EXP 	rot_line_precue: ori = np.float64(270.8121324145561)
17.3799 	EXP 	rot_line_precue: ori = np.float64(271.14512491887433)
17.3886 	EXP 	rot_line_precue: ori = np.float64(271.6193136438808)
17.3968 	EXP 	rot_line_precue: ori = np.float64(271.9673304988578)
17.4049 	EXP 	rot_line_precue: ori = np.float64(272.3355769817988)
17.4129 	EXP 	rot_line_precue: ori = np.float64(272.68018175262114)
17.4215 	EXP 	rot_line_precue: ori = np.float64(273.0055795578204)
17.4304 	EXP 	rot_line_precue: ori = np.float64(273.36399954575415)
17.4380 	EXP 	rot_line_precue: ori = np.float64(273.6897692984256)
17.4465 	EXP 	rot_line_precue: ori = np.float64(274.09338737675023)
17.4547 	EXP 	rot_line_precue: ori = np.float64(274.44084417429417)
17.4629 	EXP 	rot_line_precue: ori = np.float64(274.7943371094752)
17.4719 	EXP 	rot_line_precue: ori = np.float64(275.5188074960561)
17.4803 	EXP 	rot_line_precue: ori = np.float64(275.8253542065628)
17.4880 	EXP 	rot_line_precue: ori = np.float64(276.27415198714044)
17.4963 	EXP 	rot_line_precue: ori = np.float64(276.8891902582717)
17.5046 	EXP 	rot_line_precue: ori = np.float64(277.3098086704131)
17.5131 	EXP 	rot_line_precue: ori = np.float64(277.8115232003962)
17.5217 	EXP 	rot_line_precue: ori = np.float64(278.12784918218046)
17.5301 	EXP 	rot_line_precue: ori = np.float64(278.49626954897207)
17.5382 	EXP 	rot_line_precue: ori = np.float64(279.2238656632742)
17.5468 	EXP 	rot_line_precue: ori = np.float64(279.67065960235215)
17.5550 	EXP 	rot_line_precue: ori = np.float64(280.03888494989326)
17.5637 	EXP 	rot_line_precue: ori = np.float64(280.3902307661615)
17.5720 	EXP 	rot_line_precue: ori = np.float64(280.8309768163907)
17.5803 	EXP 	rot_line_precue: ori = np.float64(281.3792382485042)
17.5883 	EXP 	rot_line_precue: ori = np.float64(281.7223608090898)
17.5968 	EXP 	rot_line_precue: ori = np.float64(282.06483574640623)
17.6052 	EXP 	rot_line_precue: ori = np.float64(282.38034058158456)
17.6133 	EXP 	rot_line_precue: ori = np.float64(282.70513717978304)
17.6220 	EXP 	rot_line_precue: ori = np.float64(283.1907005627084)
17.6307 	EXP 	rot_line_precue: ori = np.float64(283.50215147287673)
17.6382 	EXP 	rot_line_precue: ori = np.float64(283.80018909484204)
17.6464 	EXP 	rot_line_precue: ori = np.float64(284.1351843261713)
17.6548 	EXP 	rot_line_precue: ori = np.float64(284.68890640405624)
17.6630 	EXP 	rot_line_precue: ori = np.float64(285.1137883733465)
17.6713 	EXP 	rot_line_precue: ori = np.float64(285.509438574056)
17.6795 	EXP 	rot_line_precue: ori = np.float64(285.84496869791855)
17.6882 	EXP 	rot_line_precue: ori = np.float64(286.2248966605793)
17.6965 	EXP 	rot_line_precue: ori = np.float64(286.5554233694467)
17.7051 	EXP 	rot_line_precue: ori = np.float64(286.886382746716)
17.7133 	EXP 	rot_line_precue: ori = np.float64(287.28248158423025)
17.7215 	EXP 	rot_line_precue: ori = np.float64(287.58052810715316)
17.7296 	EXP 	rot_line_precue: ori = np.float64(288.15435579792586)
17.7381 	EXP 	rot_line_precue: ori = np.float64(288.8141036805585)
17.7465 	EXP 	rot_line_precue: ori = np.float64(289.1708171744996)
17.7551 	EXP 	rot_line_precue: ori = np.float64(289.8039297514089)
17.7634 	EXP 	rot_line_precue: ori = np.float64(290.24961602445023)
17.7715 	EXP 	rot_line_precue: ori = np.float64(290.5463280524008)
17.7797 	EXP 	rot_line_precue: ori = np.float64(290.8469156710611)
17.7882 	EXP 	rot_line_precue: ori = np.float64(291.3276301050833)
17.7965 	EXP 	rot_line_precue: ori = np.float64(291.63079769144707)
17.8047 	EXP 	rot_line_precue: ori = np.float64(292.20700026194027)
17.8129 	EXP 	rot_line_precue: ori = np.float64(292.6181083175832)
17.8214 	EXP 	rot_line_precue: ori = np.float64(293.1623946613668)
17.8296 	EXP 	rot_line_precue: ori = np.float64(293.4985464984746)
17.8379 	EXP 	rot_line_precue: ori = np.float64(293.8497173051085)
17.8467 	EXP 	rot_line_precue: ori = np.float64(294.1611171046459)
17.8547 	EXP 	rot_line_precue: ori = np.float64(294.47815269658355)
17.8634 	EXP 	rot_line_precue: ori = np.float64(294.77959298830353)
17.8717 	EXP 	rot_line_precue: ori = np.float64(295.109208205493)
17.8799 	EXP 	rot_line_precue: ori = np.float64(295.47499429457935)
17.8884 	EXP 	rot_line_precue: ori = np.float64(295.8302952148379)
17.8972 	EXP 	rot_line_precue: ori = np.float64(296.13015014713676)
17.9048 	EXP 	rot_line_precue: ori = np.float64(296.89927797578434)
17.9134 	EXP 	rot_line_precue: ori = np.float64(297.33973740534026)
17.9217 	EXP 	rot_line_precue: ori = np.float64(297.76469839039964)
17.9299 	EXP 	rot_line_precue: ori = np.float64(298.12917972564514)
17.9384 	EXP 	rot_line_precue: ori = np.float64(298.5010798786525)
17.9472 	EXP 	rot_line_precue: ori = np.float64(298.8106304297881)
17.9553 	EXP 	rot_line_precue: ori = np.float64(299.52279895081017)
17.9630 	EXP 	rot_line_precue: ori = np.float64(299.8319213174673)
17.9716 	EXP 	rot_line_precue: ori = np.float64(300.1348377799909)
17.9797 	EXP 	rot_line_precue: ori = np.float64(300.43726599408654)
17.9879 	EXP 	rot_line_precue: ori = np.float64(300.7526707339696)
17.9969 	EXP 	rot_line_precue: ori = np.float64(301.13739484936394)
18.0047 	EXP 	rot_line_precue: ori = np.float64(301.5956267684128)
18.0129 	EXP 	rot_line_precue: ori = np.float64(301.90559299412246)
18.0213 	EXP 	rot_line_precue: ori = np.float64(302.24633114745853)
18.0298 	EXP 	rot_line_precue: ori = np.float64(302.8717179623301)
18.0381 	EXP 	rot_line_precue: ori = np.float64(303.16763720978975)
18.0468 	EXP 	rot_line_precue: ori = np.float64(303.60912158594203)
18.0550 	EXP 	rot_line_precue: ori = np.float64(303.95303048982845)
18.0631 	EXP 	rot_line_precue: ori = np.float64(304.2964896883555)
18.0713 	EXP 	rot_line_precue: ori = np.float64(304.66140968459035)
18.0800 	EXP 	rot_line_precue: ori = np.float64(304.971444423512)
18.0882 	EXP 	rot_line_precue: ori = np.float64(305.3242786982682)
18.0970 	EXP 	rot_line_precue: ori = np.float64(305.6384793706894)
18.1050 	EXP 	rot_line_precue: ori = np.float64(305.9364119202607)
18.1132 	EXP 	rot_line_precue: ori = np.float64(306.2705404395187)
18.1214 	EXP 	rot_line_precue: ori = np.float64(306.6587648069469)
18.1298 	EXP 	rot_line_precue: ori = np.float64(306.9624616825793)
18.1387 	EXP 	rot_line_precue: ori = np.float64(307.36611215761116)
18.1464 	EXP 	rot_line_precue: ori = np.float64(307.9544392075469)
18.1548 	EXP 	rot_line_precue: ori = np.float64(308.31184111141863)
18.1631 	EXP 	rot_line_precue: ori = np.float64(308.64645990756844)
18.1713 	EXP 	rot_line_precue: ori = np.float64(309.003037940166)
18.1796 	EXP 	rot_line_precue: ori = np.float64(309.378593831857)
18.1881 	EXP 	rot_line_precue: ori = np.float64(309.725537284106)
18.1967 	EXP 	rot_line_precue: ori = np.float64(310.0313129357116)
18.2051 	EXP 	rot_line_precue: ori = np.float64(310.38470834840916)
18.2133 	EXP 	rot_line_precue: ori = np.float64(310.7302713670372)
18.2216 	EXP 	rot_line_precue: ori = np.float64(311.2081740160061)
18.2303 	EXP 	rot_line_precue: ori = np.float64(311.5673352717132)
18.2383 	EXP 	rot_line_precue: ori = np.float64(312.1350807829803)
18.2464 	EXP 	rot_line_precue: ori = np.float64(312.4710998814306)
18.2551 	EXP 	rot_line_precue: ori = np.float64(313.1472631755951)
18.2635 	EXP 	rot_line_precue: ori = np.float64(313.50749813262644)
18.2717 	EXP 	rot_line_precue: ori = np.float64(313.9618346033208)
18.2801 	EXP 	rot_line_precue: ori = np.float64(314.27509031442014)
18.2882 	EXP 	rot_line_precue: ori = np.float64(314.8356766655089)
18.2967 	EXP 	rot_line_precue: ori = np.float64(315.4669726236866)
18.3048 	EXP 	rot_line_precue: ori = np.float64(315.7789279248453)
18.3133 	EXP 	rot_line_precue: ori = np.float64(316.2397909993992)
18.3214 	EXP 	rot_line_precue: ori = np.float64(316.61956411789225)
18.3297 	EXP 	rot_line_precue: ori = np.float64(317.14508635666976)
18.3382 	EXP 	rot_line_precue: ori = np.float64(317.6960856962731)
18.3464 	EXP 	rot_line_precue: ori = np.float64(318.0109363462063)
18.3547 	EXP 	rot_line_precue: ori = np.float64(318.74926536810983)
18.3628 	EXP 	rot_line_precue: ori = np.float64(319.0534152490781)
18.3715 	EXP 	rot_line_precue: ori = np.float64(319.37025134093017)
18.3796 	EXP 	rot_line_precue: ori = np.float64(319.7598289640577)
18.3883 	EXP 	rot_line_precue: ori = np.float64(320.05692202021623)
18.3968 	EXP 	rot_line_precue: ori = np.float64(320.52934396004764)
18.4055 	EXP 	rot_line_precue: ori = np.float64(320.9637421940027)
18.4133 	EXP 	rot_line_precue: ori = np.float64(321.26804508788456)
18.4216 	EXP 	rot_line_precue: ori = np.float64(321.57439724381766)
18.4297 	EXP 	rot_line_precue: ori = np.float64(322.0276441083771)
18.4384 	EXP 	rot_line_precue: ori = np.float64(322.33868712886425)
18.4469 	EXP 	rot_line_precue: ori = np.float64(322.7495102482245)
18.4549 	EXP 	rot_line_precue: ori = np.float64(323.0890057649209)
18.4635 	EXP 	rot_line_precue: ori = np.float64(323.41695854959823)
18.4722 	EXP 	rot_line_precue: ori = np.float64(323.75071153350973)
18.4797 	EXP 	rot_line_precue: ori = np.float64(324.14322799762374)
18.4881 	EXP 	rot_line_precue: ori = np.float64(324.5697209351309)
18.4966 	EXP 	rot_line_precue: ori = np.float64(325.01133659924426)
18.5048 	EXP 	rot_line_precue: ori = np.float64(325.4403013780064)
18.5130 	EXP 	rot_line_precue: ori = np.float64(325.8210566547585)
18.5213 	EXP 	rot_line_precue: ori = np.float64(326.44902423620164)
18.5221 	EXP 	New trial (rep=2, index=7): <Trial 7 (7 in rep 2) data={'pic_name': 'pics/left_hand.JPG', 'class_mi': 'left_hand', 'thisN': 7, 'thisTrialN': 7, 'thisRepN': 2}>
18.5298 	EXP 	hor_line_precue: autoDraw = False
18.5298 	EXP 	ver_line_precue: autoDraw = False
18.5298 	EXP 	rot_line_precue: autoDraw = False
18.5298 	EXP 	rot_line_precue: ori = np.float64(326.87100320781474)
18.5298 	EXP 	hor_line_precue: autoDraw = False
18.5298 	EXP 	ver_line_precue: autoDraw = False
18.5298 	EXP 	rot_line_precue: autoDraw = False
18.5298 	EXP 	hor_line_precue: autoDraw = True
18.5298 	EXP 	ver_line_precue: autoDraw = True
18.5298 	EXP 	rot_line_precue: autoDraw = True
18.5298 	EXP 	rot_line_precue: ori = np.float64(327.21108073938325)
18.5380 	EXP 	rot_line_precue: ori = np.float64(327.5246463083386)
18.5462 	EXP 	rot_line_precue: ori = np.float64(327.85657984076073)
18.5547 	EXP 	rot_line_precue: ori = np.float64(328.3398542111701)
18.5631 	EXP 	rot_line_precue: ori = np.float64(328.9346963752904)
18.5719 	EXP 	rot_line_precue: ori = np.float64(329.2930351860382)
18.5801 	EXP 	rot_line_precue: ori = np.float64(329.59394138801656)
18.5886 	EXP 	rot_line_precue: ori = np.float64(329.946692965972)
18.5967 	EXP 	rot_line_precue: ori = np.float64(330.41505482665997)
18.6049 	EXP 	rot_line_precue: ori = np.float64(330.7303615085958)
18.6132 	EXP 	rot_line_precue: ori = np.float64(331.03511426611067)
18.6218 	EXP 	rot_line_precue: ori = np.float64(331.3374265629052)
18.6303 	EXP 	rot_line_precue: ori = np.float64(331.67148569403554)
18.6383 	EXP 	rot_line_precue: ori = np.float64(331.9962548010363)
18.6464 	EXP 	rot_line_precue: ori = np.float64(332.4020287966554)
18.6548 	EXP 	rot_line_precue: ori = np.float64(332.73518462741464)
18.6638 	EXP 	rot_line_precue: ori = np.float64(333.0609446511063)
18.6720 	EXP 	rot_line_precue: ori = np.float64(333.3736767373391)
18.6800 	EXP 	rot_line_precue: ori = np.float64(333.8267885879012)
18.6881 	EXP 	rot_line_precue: ori = np.float64(334.25961270653323)
18.6963 	EXP 	rot_line_precue: ori = np.float64(334.58528985379724)
18.7047 	EXP 	rot_line_precue: ori = np.float64(335.05951955373536)
18.7134 	EXP 	rot_line_precue: ori = np.float64(335.39632684109915)
18.7214 	EXP 	rot_line_precue: ori = np.float64(335.69508257461507)
18.7299 	EXP 	rot_line_precue: ori = np.float64(336.03667880537614)
18.7381 	EXP 	rot_line_precue: ori = np.float64(336.35142029166695)
18.7465 	EXP 	rot_line_precue: ori = np.float64(336.7770849552436)
18.7551 	EXP 	rot_line_precue: ori = np.float64(337.4811378241583)
18.7633 	EXP 	rot_line_precue: ori = np.float64(337.7777977281801)
18.7715 	EXP 	rot_line_precue: ori = np.float64(338.23347587396484)
18.7796 	EXP 	rot_line_precue: ori = np.float64(338.71694493849094)
18.7882 	EXP 	rot_line_precue: ori = np.float64(339.4960159952003)
18.7965 	EXP 	rot_line_precue: ori = np.float64(339.90477315646285)
18.8051 	EXP 	rot_line_precue: ori = np.float64(340.204350528933)
18.8133 	EXP 	rot_line_precue: ori = np.float64(340.5222698532499)
18.8216 	EXP 	rot_line_precue: ori = np.float64(340.89148350997453)
18.8297 	EXP 	rot_line_precue: ori = np.float64(341.1907327520896)
18.8381 	EXP 	rot_line_precue: ori = np.float64(341.50188509501055)
18.8466 	EXP 	rot_line_precue: ori = np.float64(341.8425628214377)
18.8547 	EXP 	rot_line_precue: ori = np.float64(342.203110637001)
18.8632 	EXP 	rot_line_precue: ori = np.float64(342.7063300532739)
18.8720 	EXP 	rot_line_precue: ori = np.float64(343.20884902864896)
18.8797 	EXP 	rot_line_precue: ori = np.float64(343.76527066183417)
18.8882 	EXP 	rot_line_precue: ori = np.float64(344.19673431915464)
18.8964 	EXP 	rot_line_precue: ori = np.float64(344.5356279544947)
18.9048 	EXP 	rot_line_precue: ori = np.float64(344.87657100378254)
18.9141 	EXP 	rot_line_precue: ori = np.float64(345.20723319394955)
18.9217 	EXP 	rot_line_precue: ori = np.float64(346.0029457280701)
18.9299 	EXP 	rot_line_precue: ori = np.float64(346.3142757551023)
18.9383 	EXP 	rot_line_precue: ori = np.float64(346.8209180630207)
18.9465 	EXP 	rot_line_precue: ori = np.float64(347.15560387515495)
18.9548 	EXP 	rot_line_precue: ori = np.float64(347.469172044741)
18.9633 	EXP 	rot_line_precue: ori = np.float64(348.14023687789114)
18.9724 	EXP 	rot_line_precue: ori = np.float64(348.5560861484888)
18.9799 	EXP 	rot_line_precue: ori = np.float64(349.00191338797583)
18.9885 	EXP 	rot_line_precue: ori = np.float64(349.30135592769545)
18.9967 	EXP 	rot_line_precue: ori = np.float64(349.6071662931924)
19.0048 	EXP 	rot_line_precue: ori = np.float64(349.99465939344475)
19.0128 	EXP 	rot_line_precue: ori = np.float64(350.6116548627736)
19.0216 	EXP 	rot_line_precue: ori = np.float64(351.1267062729549)
19.0298 	EXP 	rot_line_precue: ori = np.float64(351.4777972723434)
19.0380 	EXP 	rot_line_precue: ori = np.float64(351.87224183646765)
19.0463 	EXP 	rot_line_precue: ori = np.float64(352.24162838311076)
19.0554 	EXP 	rot_line_precue: ori = np.float64(352.66168427629793)
19.0630 	EXP 	rot_line_precue: ori = np.float64(353.01418443355675)
19.0716 	EXP 	rot_line_precue: ori = np.float64(353.3252494880449)
19.0800 	EXP 	rot_line_precue: ori = np.float64(353.78374453657017)
19.0882 	EXP 	rot_line_precue: ori = np.float64(354.1162399428252)
19.0969 	EXP 	rot_line_precue: ori = np.float64(354.5247494796126)
19.1049 	EXP 	rot_line_precue: ori = np.float64(354.83138760094164)
19.1130 	EXP 	rot_line_precue: ori = np.float64(355.2477435606336)
19.1219 	EXP 	rot_line_precue: ori = np.float64(355.72320471827595)
19.1298 	EXP 	rot_line_precue: ori = np.float64(356.0693380091155)
19.1382 	EXP 	rot_line_precue: ori = np.float64(356.3840275104005)
19.1468 	EXP 	rot_line_precue: ori = np.float64(356.6946010077169)
19.1550 	EXP 	rot_line_precue: ori = np.float64(357.2434300015797)
19.1632 	EXP 	rot_line_precue: ori = np.float64(357.565092932565)
19.1714 	EXP 	rot_line_precue: ori = np.float64(357.8737993500053)
19.1799 	EXP 	rot_line_precue: ori = np.float64(358.22638021002496)
19.1881 	EXP 	rot_line_precue: ori = np.float64(358.5260345980476)
19.1963 	EXP 	rot_line_precue: ori = np.float64(358.8598960740843)
19.2048 	EXP 	rot_line_precue: ori = np.float64(359.2684292889864)
19.2131 	EXP 	rot_line_precue: ori = np.float64(359.81385023482306)
19.2213 	EXP 	rot_line_precue: ori = np.float64(0.18858953051113758)
19.2299 	EXP 	rot_line_precue: ori = np.float64(0.6929704573959131)
19.2387 	EXP 	rot_line_precue: ori = np.float64(0.9890329563846129)
19.2470 	EXP 	rot_line_precue: ori = np.float64(1.3673125494096472)
19.2551 	EXP 	rot_line_precue: ori = np.float64(1.7428417454283318)
19.2633 	EXP 	rot_line_precue: ori = np.float64(2.1759162071481444)
19.2720 	EXP 	rot_line_precue: ori = np.float64(2.976910742960601)
19.2801 	EXP 	rot_line_precue: ori = np.float64(3.661038323293983)
19.2884 	EXP 	rot_line_precue: ori = np.float64(3.981855313292804)
19.2964 	EXP 	rot_line_precue: ori = np.float64(4.43613708357685)
19.3053 	EXP 	rot_line_precue: ori = np.float64(5.149267997976774)
19.3139 	EXP 	rot_line_precue: ori = np.float64(5.937439554553836)
19.3216 	EXP 	rot_line_precue: ori = np.float64(6.260817507232502)
19.3302 	EXP 	rot_line_precue: ori = np.float64(6.6216609252277685)
19.3383 	EXP 	rot_line_precue: ori = np.float64(6.926949948972204)
19.3465 	EXP 	rot_line_precue: ori = np.float64(7.415219262136052)
19.3547 	EXP 	rot_line_precue: ori = np.float64(7.835427698591476)
19.3632 	EXP 	rot_line_precue: ori = np.float64(8.21565808676855)
19.3715 	EXP 	rot_line_precue: ori = np.float64(8.739934139483346)
19.3796 	EXP 	rot_line_precue: ori = np.float64(9.04916099877228)
19.3880 	EXP 	rot_line_precue: ori = np.float64(9.446495004654974)
19.3965 	EXP 	rot_line_precue: ori = np.float64(9.982975303295001)
19.4047 	EXP 	rot_line_precue: ori = np.float64(10.56852037690945)
19.4138 	EXP 	rot_line_precue: ori = np.float64(10.865443509228173)
19.4213 	EXP 	rot_line_precue: ori = np.float64(11.253190780412758)
19.4298 	EXP 	rot_line_precue: ori = np.float64(11.556198204863355)
19.4384 	EXP 	rot_line_precue: ori = np.float64(12.226592384733667)
19.4467 	EXP 	rot_line_precue: ori = np.float64(12.539263803605802)
19.4553 	EXP 	rot_line_precue: ori = np.float64(12.854481591501614)
19.4634 	EXP 	rot_line_precue: ori = np.float64(13.171201131187157)
19.4715 	EXP 	rot_line_precue: ori = np.float64(13.49947869348499)
19.4800 	EXP 	rot_line_precue: ori = np.float64(13.860563927753464)
19.4892 	EXP 	rot_line_precue: ori = np.float64(14.392168954032657)
19.4968 	EXP 	rot_line_precue: ori = np.float64(14.716716466246641)
19.5050 	EXP 	rot_line_precue: ori = np.float64(15.027352399349164)
19.5135 	EXP 	rot_line_precue: ori = np.float64(15.551076167022458)
19.5223 	EXP 	rot_line_precue: ori = np.float64(15.856888970163359)
19.5298 	EXP 	rot_line_precue: ori = np.float64(16.283254409782987)
19.5380 	EXP 	rot_line_precue: ori = np.float64(16.602942723887743)
19.5466 	EXP 	rot_line_precue: ori = np.float64(16.913140179317885)
19.5547 	EXP 	rot_line_precue: ori = np.float64(17.332427792202868)
19.5629 	EXP 	rot_line_precue: ori = np.float64(17.75474329432492)
19.5714 	EXP 	rot_line_precue: ori = np.float64(18.148345334049164)
19.5798 	EXP 	rot_line_precue: ori = np.float64(18.567427983843064)
19.5881 	EXP 	rot_line_precue: ori = np.float64(18.863619204588456)
19.5963 	EXP 	rot_line_precue: ori = np.float64(19.180289839099466)
19.6048 	EXP 	rot_line_precue: ori = np.float64(19.487282063952268)
19.6132 	EXP 	rot_line_precue: ori = np.float64(19.966679213294523)
19.6217 	EXP 	rot_line_precue: ori = np.float64(20.29506611428077)
19.6304 	EXP 	rot_line_precue: ori = np.float64(20.72972237536917)
19.6382 	EXP 	rot_line_precue: ori = np.float64(21.077348591553847)
19.6469 	EXP 	rot_line_precue: ori = np.float64(21.379896893462963)
19.6549 	EXP 	rot_line_precue: ori = np.float64(21.859788053838706)
19.6632 	EXP 	rot_line_precue: ori = np.float64(22.304196895464088)
19.6718 	EXP 	rot_line_precue: ori = np.float64(22.78767545719444)
19.6802 	EXP 	rot_line_precue: ori = np.float64(23.168459002200102)
19.6883 	EXP 	rot_line_precue: ori = np.float64(23.51141255161212)
19.6968 	EXP 	rot_line_precue: ori = np.float64(23.88426793532107)
19.7049 	EXP 	rot_line_precue: ori = np.float64(24.26463978864227)
19.7131 	EXP 	rot_line_precue: ori = np.float64(24.710285136850487)
19.7213 	EXP 	rot_line_precue: ori = np.float64(25.15205821169524)
19.7299 	EXP 	rot_line_precue: ori = np.float64(25.682293936240455)
19.7384 	EXP 	rot_line_precue: ori = np.float64(25.99157221936577)
19.7464 	EXP 	rot_line_precue: ori = np.float64(26.29916319837854)
19.7545 	EXP 	rot_line_precue: ori = np.float64(26.656525802083067)
19.7630 	EXP 	rot_line_precue: ori = np.float64(26.992366679572267)
19.7713 	EXP 	rot_line_precue: ori = np.float64(27.41538773168344)
19.7796 	EXP 	rot_line_precue: ori = np.float64(27.858170736706068)
19.7881 	EXP 	rot_line_precue: ori = np.float64(28.156936362341586)
19.7965 	EXP 	rot_line_precue: ori = np.float64(28.901371207072966)
19.8052 	EXP 	rot_line_precue: ori = np.float64(29.2085094786975)
19.8134 	EXP 	rot_line_precue: ori = np.float64(29.515606213412887)
19.8216 	EXP 	rot_line_precue: ori = np.float64(29.821589611414133)
19.8302 	EXP 	rot_line_precue: ori = np.float64(30.218346503330135)
19.8392 	EXP 	rot_line_precue: ori = np.float64(30.695146608897076)
19.8465 	EXP 	rot_line_precue: ori = np.float64(31.002281296342197)
19.8555 	EXP 	rot_line_precue: ori = np.float64(31.373253587428433)
19.8635 	EXP 	rot_line_precue: ori = np.float64(31.680816845079246)
19.8716 	EXP 	rot_line_precue: ori = np.float64(31.987284853328063)
19.8797 	EXP 	rot_line_precue: ori = np.float64(32.365275787011065)
19.8883 	EXP 	rot_line_precue: ori = np.float64(32.716423081634)
19.8964 	EXP 	rot_line_precue: ori = np.float64(33.01801034982329)
19.9047 	EXP 	rot_line_precue: ori = np.float64(33.31882454858726)
19.9131 	EXP 	rot_line_precue: ori = np.float64(33.684087999838646)
19.9214 	EXP 	rot_line_precue: ori = np.float64(34.00189002689629)
19.9297 	EXP 	rot_line_precue: ori = np.float64(34.52171217131916)
19.9379 	EXP 	rot_line_precue: ori = np.float64(34.82365884087624)
19.9465 	EXP 	rot_line_precue: ori = np.float64(35.19799374762133)
19.9547 	EXP 	rot_line_precue: ori = np.float64(35.49490891458326)
19.9629 	EXP 	rot_line_precue: ori = np.float64(35.80919522099512)
19.9714 	EXP 	rot_line_precue: ori = np.float64(36.14768051290287)
19.9798 	EXP 	rot_line_precue: ori = np.float64(36.63327520190604)
19.9884 	EXP 	rot_line_precue: ori = np.float64(37.23165935851476)
19.9967 	EXP 	rot_line_precue: ori = np.float64(37.68266592895558)
20.0049 	EXP 	rot_line_precue: ori = np.float64(38.11128677000192)
20.0134 	EXP 	rot_line_precue: ori = np.float64(38.604764052690285)
20.0215 	EXP 	rot_line_precue: ori = np.float64(38.91934025660683)
20.0304 	EXP 	rot_line_precue: ori = np.float64(39.22203206264939)
20.0387 	EXP 	rot_line_precue: ori = np.float64(39.56986443750789)
20.0467 	EXP 	rot_line_precue: ori = np.float64(39.89546188680318)
20.0550 	EXP 	rot_line_precue: ori = np.float64(40.52980744727529)
20.0635 	EXP 	rot_line_precue: ori = np.float64(40.841425726705225)
20.0723 	EXP 	rot_line_precue: ori = np.float64(41.164450144222855)
20.0799 	EXP 	rot_line_precue: ori = np.float64(41.46131472590202)
20.0882 	EXP 	rot_line_precue: ori = np.float64(42.21058882062868)
20.0967 	EXP 	rot_line_precue: ori = np.float64(42.594300868585776)
20.1047 	EXP 	rot_line_precue: ori = np.float64(42.923902788940055)
20.1130 	EXP 	rot_line_precue: ori = np.float64(43.308671912830725)
20.1214 	EXP 	rot_line_precue: ori = np.float64(43.89542593391714)
20.1297 	EXP 	rot_line_precue: ori = np.float64(44.31087397000439)
20.1380 	EXP 	rot_line_precue: ori = np.float64(44.63902864910795)
20.1462 	EXP 	rot_line_precue: ori = np.float64(44.93468657001524)
20.1548 	EXP 	rot_line_precue: ori = np.float64(45.35556628277203)
20.1629 	EXP 	rot_line_precue: ori = np.float64(45.707747391971886)
20.1718 	EXP 	rot_line_precue: ori = np.float64(46.0318768338351)
20.1801 	EXP 	rot_line_precue: ori = np.float64(46.55965061755256)
20.1883 	EXP 	rot_line_precue: ori = np.float64(46.89428181582578)
20.1969 	EXP 	rot_line_precue: ori = np.float64(47.34305244233841)
20.2049 	EXP 	rot_line_precue: ori = np.float64(47.69704345767859)
20.2132 	EXP 	rot_line_precue: ori = np.float64(48.03839720296117)
20.2219 	EXP 	rot_line_precue: ori = np.float64(48.669071638954016)
20.2303 	EXP 	rot_line_precue: ori = np.float64(49.06834725665466)
20.2382 	EXP 	rot_line_precue: ori = np.float64(49.371799577057196)
20.2465 	EXP 	rot_line_precue: ori = np.float64(49.70993505758264)
20.2550 	EXP 	rot_line_precue: ori = np.float64(50.14262246580609)
20.2633 	EXP 	rot_line_precue: ori = np.float64(50.48986967212989)
20.2714 	EXP 	rot_line_precue: ori = np.float64(50.8513909663672)
20.2799 	EXP 	rot_line_precue: ori = np.float64(51.164417952960775)
20.2881 	EXP 	rot_line_precue: ori = np.float64(51.591600709596364)
20.2964 	EXP 	rot_line_precue: ori = np.float64(51.91398116459115)
20.3046 	EXP 	rot_line_precue: ori = np.float64(52.30193554894198)
20.3135 	EXP 	rot_line_precue: ori = np.float64(52.6647681229951)
20.3214 	EXP 	rot_line_precue: ori = np.float64(52.96452790276997)
20.3297 	EXP 	rot_line_precue: ori = np.float64(53.72047366987661)
20.3382 	EXP 	rot_line_precue: ori = np.float64(54.035867965034896)
20.3472 	EXP 	rot_line_precue: ori = np.float64(54.34484717912555)
20.3552 	EXP 	rot_line_precue: ori = np.float64(54.74899062551571)
20.3634 	EXP 	rot_line_precue: ori = np.float64(55.438719039101166)
20.3721 	EXP 	rot_line_precue: ori = np.float64(55.819923699650424)
20.3801 	EXP 	rot_line_precue: ori = np.float64(56.122758173709876)
20.3889 	EXP 	rot_line_precue: ori = np.float64(56.44338694073695)
20.3968 	EXP 	rot_line_precue: ori = np.float64(56.91231389772065)
20.4053 	EXP 	rot_line_precue: ori = np.float64(57.53919697398606)
20.4136 	EXP 	rot_line_precue: ori = np.float64(57.91498995159713)
20.4216 	EXP 	rot_line_precue: ori = np.float64(58.221194329044756)
20.4302 	EXP 	rot_line_precue: ori = np.float64(58.57322857753386)
20.4382 	EXP 	rot_line_precue: ori = np.float64(58.964573301947354)
20.4471 	EXP 	rot_line_precue: ori = np.float64(59.26308241201519)
20.4553 	EXP 	rot_line_precue: ori = np.float64(59.635724484662845)
20.4634 	EXP 	rot_line_precue: ori = np.float64(59.93399947657489)
20.4714 	EXP 	rot_line_precue: ori = np.float64(60.25762094067828)
20.4797 	EXP 	rot_line_precue: ori = np.float64(60.60486660877613)
20.4880 	EXP 	rot_line_precue: ori = np.float64(60.901653103108906)
20.4965 	EXP 	rot_line_precue: ori = np.float64(61.33656804456387)
20.5047 	EXP 	rot_line_precue: ori = np.float64(61.74740080225908)
20.5130 	EXP 	rot_line_precue: ori = np.float64(62.177709303386)
20.5138 	EXP 	New trial (rep=5, index=8): <Trial 8 (8 in rep 5) data={'pic_name': 'pics/none.JPG', 'class_mi': 'rest', 'thisN': 8, 'thisTrialN': 8, 'thisRepN': 5}>
20.5215 	EXP 	hor_line_precue: autoDraw = False
20.5215 	EXP 	ver_line_precue: autoDraw = False
20.5215 	EXP 	rot_line_precue: autoDraw = False
20.5215 	EXP 	rot_line_precue: ori = np.float64(62.65639745415781)
20.5215 	EXP 	hor_line_precue: autoDraw = False
20.5215 	EXP 	ver_line_precue: autoDraw = False
20.5215 	EXP 	rot_line_precue: autoDraw = False
20.5215 	EXP 	hor_line_precue: autoDraw = True
20.5215 	EXP 	ver_line_precue: autoDraw = True
20.5215 	EXP 	rot_line_precue: autoDraw = True
20.5215 	EXP 	rot_line_precue: ori = np.float64(62.960226397612246)
20.5300 	EXP 	rot_line_precue: ori = np.float64(63.26523178287793)
20.5385 	EXP 	rot_line_precue: ori = np.float64(63.768465798578724)
20.5468 	EXP 	rot_line_precue: ori = np.float64(64.27602773323184)
20.5556 	EXP 	rot_line_precue: ori = np.float64(64.66089100793802)
20.5627 	EXP 	rot_line_precue: ori = np.float64(64.97530858601158)
20.5717 	EXP 	rot_line_precue: ori = np.float64(65.3499922072366)
20.5802 	EXP 	rot_line_precue: ori = np.float64(65.71703049164677)
20.5885 	EXP 	rot_line_precue: ori = np.float64(66.08032548703517)
20.5968 	EXP 	rot_line_precue: ori = np.float64(66.39782064387839)
20.6050 	EXP 	rot_line_precue: ori = np.float64(67.14249456391833)
20.6131 	EXP 	rot_line_precue: ori = np.float64(67.57133990190735)
20.6216 	EXP 	rot_line_precue: ori = np.float64(67.87539336432434)
20.6298 	EXP 	rot_line_precue: ori = np.float64(68.4082996659203)
20.6380 	EXP 	rot_line_precue: ori = np.float64(68.71415133295805)
20.6464 	EXP 	rot_line_precue: ori = np.float64(69.10760947501828)
20.6548 	EXP 	rot_line_precue: ori = np.float64(69.42618668804624)
20.6630 	EXP 	rot_line_precue: ori = np.float64(69.78265199395348)
20.6713 	EXP 	rot_line_precue: ori = np.float64(70.2197206926649)
20.6798 	EXP 	rot_line_precue: ori = np.float64(70.60167886936016)
20.6887 	EXP 	rot_line_precue: ori = np.float64(70.90330854080466)
20.6964 	EXP 	rot_line_precue: ori = np.float64(71.21994616945433)
20.7050 	EXP 	rot_line_precue: ori = np.float64(71.5306615724472)
20.7132 	EXP 	rot_line_precue: ori = np.float64(72.07852726788644)
20.7218 	EXP 	rot_line_precue: ori = np.float64(72.64641150498015)
20.7301 	EXP 	rot_line_precue: ori = np.float64(72.96418312965145)
20.7381 	EXP 	rot_line_precue: ori = np.float64(73.32261581367948)
20.7470 	EXP 	rot_line_precue: ori = np.float64(73.6484553324639)
20.7552 	EXP 	rot_line_precue: ori = np.float64(73.9632040677777)
20.7634 	EXP 	rot_line_precue: ori = np.float64(74.72615364042473)
20.7715 	EXP 	rot_line_precue: ori = np.float64(75.22655035933528)
20.7800 	EXP 	rot_line_precue: ori = np.float64(75.65246962117136)
20.7882 	EXP 	rot_line_precue: ori = np.float64(76.42082961639001)
20.7964 	EXP 	rot_line_precue: ori = np.float64(76.76997085084462)
20.8050 	EXP 	rot_line_precue: ori = np.float64(77.4828425690668)
20.8131 	EXP 	rot_line_precue: ori = np.float64(77.9398875648208)
20.8214 	EXP 	rot_line_precue: ori = np.float64(78.23981618803465)
20.8295 	EXP 	rot_line_precue: ori = np.float64(78.95274376050614)
20.8381 	EXP 	rot_line_precue: ori = np.float64(79.26902993144876)
20.8463 	EXP 	rot_line_precue: ori = np.float64(79.99544240433113)
20.8545 	EXP 	rot_line_precue: ori = np.float64(80.31720322328208)
20.8630 	EXP 	rot_line_precue: ori = np.float64(80.69871493406033)
20.8715 	EXP 	rot_line_precue: ori = np.float64(81.10318313479321)
20.8808 	EXP 	rot_line_precue: ori = np.float64(81.47655793745167)
20.8886 	EXP 	rot_line_precue: ori = np.float64(82.08049241018382)
20.8966 	EXP 	rot_line_precue: ori = np.float64(82.41720163873494)
20.9052 	EXP 	rot_line_precue: ori = np.float64(82.8477893285157)
20.9133 	EXP 	rot_line_precue: ori = np.float64(83.23230106960051)
20.9216 	EXP 	rot_line_precue: ori = np.float64(83.87538724492721)
20.9298 	EXP 	rot_line_precue: ori = np.float64(84.36868671751775)
20.9390 	EXP 	rot_line_precue: ori = np.float64(84.68745556122468)
20.9467 	EXP 	rot_line_precue: ori = np.float64(85.18182692276154)
20.9553 	EXP 	rot_line_precue: ori = np.float64(85.58507987454267)
20.9640 	EXP 	rot_line_precue: ori = np.float64(86.25878050899101)
20.9718 	EXP 	rot_line_precue: ori = np.float64(86.62140400005688)
20.9798 	EXP 	rot_line_precue: ori = np.float64(87.15490690096186)
20.9883 	EXP 	rot_line_precue: ori = np.float64(87.5371030862608)
20.9966 	EXP 	rot_line_precue: ori = np.float64(87.84251795035384)
21.0047 	EXP 	rot_line_precue: ori = np.float64(88.43534113382944)
21.0133 	EXP 	rot_line_precue: ori = np.float64(88.7559482281773)
21.0214 	EXP 	rot_line_precue: ori = np.float64(89.17313479955662)
21.0296 	EXP 	rot_line_precue: ori = np.float64(89.57120519647981)
21.0379 	EXP 	rot_line_precue: ori = np.float64(89.90579107975246)
21.0467 	EXP 	rot_line_precue: ori = np.float64(90.26472005895278)
21.0548 	EXP 	rot_line_precue: ori = np.float64(90.60747243124383)
21.0635 	EXP 	rot_line_precue: ori = np.float64(90.98517262973982)
21.0717 	EXP 	rot_line_precue: ori = np.float64(91.33067143766877)
21.0800 	EXP 	rot_line_precue: ori = np.float64(91.71398149295214)
21.0880 	EXP 	rot_line_precue: ori = np.float64(92.00955785194735)
21.0965 	EXP 	rot_line_precue: ori = np.float64(92.63295666538424)
21.1048 	EXP 	rot_line_precue: ori = np.float64(93.05061868740138)
21.1136 	EXP 	rot_line_precue: ori = np.float64(93.40366481788662)
21.1218 	EXP 	rot_line_precue: ori = np.float64(93.78174737768434)
21.1300 	EXP 	rot_line_precue: ori = np.float64(94.1646624863137)
21.1383 	EXP 	rot_line_precue: ori = np.float64(94.9395360746815)
21.1467 	EXP 	rot_line_precue: ori = np.float64(95.29929792689883)
21.1548 	EXP 	rot_line_precue: ori = np.float64(95.62209925991894)
21.1631 	EXP 	rot_line_precue: ori = np.float64(95.92826404213177)
21.1717 	EXP 	rot_line_precue: ori = np.float64(96.32907483609003)
21.1799 	EXP 	rot_line_precue: ori = np.float64(96.66254236603014)
21.1880 	EXP 	rot_line_precue: ori = np.float64(97.37194352410775)
21.1964 	EXP 	rot_line_precue: ori = np.float64(97.66767505102408)
21.2048 	EXP 	rot_line_precue: ori = np.float64(98.08671952661935)
21.2130 	EXP 	rot_line_precue: ori = np.float64(98.40484585932569)
21.2213 	EXP 	rot_line_precue: ori = np.float64(98.71599206285954)
21.2300 	EXP 	rot_line_precue: ori = np.float64(99.02810238903221)
21.2382 	EXP 	rot_line_precue: ori = np.float64(99.32582698423268)
21.2469 	EXP 	rot_line_precue: ori = np.float64(100.11175088539262)
21.2551 	EXP 	rot_line_precue: ori = np.float64(100.67779900321841)
21.2633 	EXP 	rot_line_precue: ori = np.float64(101.14935248537994)
21.2714 	EXP 	rot_line_precue: ori = np.float64(101.44724425050369)
21.2799 	EXP 	rot_line_precue: ori = np.float64(101.7651633109928)
21.2885 	EXP 	rot_line_precue: ori = np.float64(102.07609547654772)
21.2972 	EXP 	rot_line_precue: ori = np.float64(102.45542776666986)
21.3051 	EXP 	rot_line_precue: ori = np.float64(102.813799182358)
21.3133 	EXP 	rot_line_precue: ori = np.float64(103.14254919501703)
21.3215 	EXP 	rot_line_precue: ori = np.float64(103.45024100353614)
21.3299 	EXP 	rot_line_precue: ori = np.float64(103.82797518928535)
21.3382 	EXP 	rot_line_precue: ori = np.float64(104.20928798002794)
21.3465 	EXP 	rot_line_precue: ori = np.float64(104.50573842660849)
21.3547 	EXP 	rot_line_precue: ori = np.float64(104.96926832324094)
21.3631 	EXP 	rot_line_precue: ori = np.float64(105.2712229629252)
21.3715 	EXP 	rot_line_precue: ori = np.float64(105.58265030814674)
21.3796 	EXP 	rot_line_precue: ori = np.float64(105.91303113263298)
21.3882 	EXP 	rot_line_precue: ori = np.float64(106.2873229877863)
21.3965 	EXP 	rot_line_precue: ori = np.float64(106.60740551646636)
21.4047 	EXP 	rot_line_precue: ori = np.float64(106.94839481087365)
21.4135 	EXP 	rot_line_precue: ori = np.float64(107.37158555483276)
21.4217 	EXP 	rot_line_precue: ori = np.float64(107.68313386735228)
21.4302 	EXP 	rot_line_precue: ori = np.float64(108.30512789675002)
21.4384 	EXP 	rot_line_precue: ori = np.float64(108.68397740742658)
21.4465 	EXP 	rot_line_precue: ori = np.float64(109.03686196170769)
21.4548 	EXP 	rot_line_precue: ori = np.float64(109.72574524194103)
21.4641 	EXP 	rot_line_precue: ori = np.float64(110.13099881905583)
21.4717 	EXP 	rot_line_precue: ori = np.float64(110.47703365456599)
21.4803 	EXP 	rot_line_precue: ori = np.float64(110.8202787887838)
21.4883 	EXP 	rot_line_precue: ori = np.float64(111.55645250156313)
21.4971 	EXP 	rot_line_precue: ori = np.float64(111.95519143350802)
21.5049 	EXP 	rot_line_precue: ori = np.float64(112.26003637652576)
21.5133 	EXP 	rot_line_precue: ori = np.float64(112.570349480524)
21.5216 	EXP 	rot_line_precue: ori = np.float64(112.90088149202269)
21.5297 	EXP 	rot_line_precue: ori = np.float64(113.22801354652628)
21.5381 	EXP 	rot_line_precue: ori = np.float64(113.63628887831186)
21.5465 	EXP 	rot_line_precue: ori = np.float64(113.95283075249574)
21.5547 	EXP 	rot_line_precue: ori = np.float64(114.69394833642478)
21.5637 	EXP 	rot_line_precue: ori = np.float64(115.06504935494259)
21.5715 	EXP 	rot_line_precue: ori = np.float64(115.39825114836617)
21.5799 	EXP 	rot_line_precue: ori = np.float64(116.0679588533921)
21.5886 	EXP 	rot_line_precue: ori = np.float64(116.48486348804582)
21.5968 	EXP 	rot_line_precue: ori = np.float64(116.80032803519092)
21.6051 	EXP 	rot_line_precue: ori = np.float64(117.56888291613197)
21.6131 	EXP 	rot_line_precue: ori = np.float64(117.98535205290233)
21.6217 	EXP 	rot_line_precue: ori = np.float64(118.3492142675882)
21.6300 	EXP 	rot_line_precue: ori = np.float64(118.65043358218588)
21.6388 	EXP 	rot_line_precue: ori = np.float64(118.97965284180027)
21.6469 	EXP 	rot_line_precue: ori = np.float64(119.76248942519526)
21.6550 	EXP 	rot_line_precue: ori = np.float64(120.26367182507789)
21.6631 	EXP 	rot_line_precue: ori = np.float64(120.626350322947)
21.6717 	EXP 	rot_line_precue: ori = np.float64(120.94372689397714)
21.6805 	EXP 	rot_line_precue: ori = np.float64(121.24090921538541)
21.6882 	EXP 	rot_line_precue: ori = np.float64(121.87017226699068)
21.6967 	EXP 	rot_line_precue: ori = np.float64(122.31078587914291)
21.7050 	EXP 	rot_line_precue: ori = np.float64(122.71082523232164)
21.7130 	EXP 	rot_line_precue: ori = np.float64(123.42639735731467)
21.7213 	EXP 	rot_line_precue: ori = np.float64(123.77287556588217)
21.7298 	EXP 	rot_line_precue: ori = np.float64(124.18155395072202)
21.7381 	EXP 	rot_line_precue: ori = np.float64(124.78874558072731)
21.7465 	EXP 	rot_line_precue: ori = np.float64(125.27668100752796)
21.7550 	EXP 	rot_line_precue: ori = np.float64(125.60409679671228)
21.7633 	EXP 	rot_line_precue: ori = np.float64(125.90356209306621)
21.7721 	EXP 	rot_line_precue: ori = np.float64(126.21584170943959)
21.7802 	EXP 	rot_line_precue: ori = np.float64(126.52381054484995)
21.7883 	EXP 	rot_line_precue: ori = np.float64(126.82800682411809)
21.7971 	EXP 	rot_line_precue: ori = np.float64(127.1344523539447)
21.8052 	EXP 	rot_line_precue: ori = np.float64(127.57489448643018)
21.8139 	EXP 	rot_line_precue: ori = np.float64(127.91436777642102)
21.8220 	EXP 	rot_line_precue: ori = np.float64(128.23167536181563)
21.8301 	EXP 	rot_line_precue: ori = np.float64(128.5413506273355)
21.8383 	EXP 	rot_line_precue: ori = np.float64(128.8647395429441)
21.8465 	EXP 	rot_line_precue: ori = np.float64(129.1618257284983)
21.8550 	EXP 	rot_line_precue: ori = np.float64(129.5443163800105)
21.8633 	EXP 	rot_line_precue: ori = np.float64(129.84601307957038)
21.8715 	EXP 	rot_line_precue: ori = np.float64(130.17608065543465)
21.8797 	EXP 	rot_line_precue: ori = np.float64(130.50557633535513)
21.8884 	EXP 	rot_line_precue: ori = np.float64(130.82583473998756)
21.8963 	EXP 	rot_line_precue: ori = np.float64(131.1688809190334)
21.9047 	EXP 	rot_line_precue: ori = np.float64(131.75797306252244)
21.9132 	EXP 	rot_line_precue: ori = np.float64(132.10225260572912)
21.9214 	EXP 	rot_line_precue: ori = np.float64(132.54560036826402)
21.9299 	EXP 	rot_line_precue: ori = np.float64(133.119639534409)
21.9384 	EXP 	rot_line_precue: ori = np.float64(133.50457167842805)
21.9467 	EXP 	rot_line_precue: ori = np.float64(133.9529331496936)
21.9553 	EXP 	rot_line_precue: ori = np.float64(134.3006063998203)
21.9635 	EXP 	rot_line_precue: ori = np.float64(134.84032770787053)
21.9717 	EXP 	rot_line_precue: ori = np.float64(135.34270339131513)
21.9797 	EXP 	rot_line_precue: ori = np.float64(135.70476879539476)
21.9885 	EXP 	rot_line_precue: ori = np.float64(136.06825732466365)
21.9973 	EXP 	rot_line_precue: ori = np.float64(136.60401539954822)
22.0052 	EXP 	rot_line_precue: ori = np.float64(136.89940515640026)
22.0134 	EXP 	rot_line_precue: ori = np.float64(137.24133159877158)
22.0217 	EXP 	rot_line_precue: ori = np.float64(137.63138187884752)
22.0298 	EXP 	rot_line_precue: ori = np.float64(138.02080787602733)
22.0383 	EXP 	rot_line_precue: ori = np.float64(138.34069884805083)
22.0472 	EXP 	rot_line_precue: ori = np.float64(138.68009381081276)
22.0549 	EXP 	rot_line_precue: ori = np.float64(139.01013886875754)
22.0630 	EXP 	rot_line_precue: ori = np.float64(139.3641501390089)
22.0715 	EXP 	rot_line_precue: ori = np.float64(139.69448977024928)
22.0797 	EXP 	rot_line_precue: ori = np.float64(140.15081564109167)
22.0880 	EXP 	rot_line_precue: ori = np.float64(140.5693774045572)
22.0966 	EXP 	rot_line_precue: ori = np.float64(140.88039054066545)
22.1049 	EXP 	rot_line_precue: ori = np.float64(141.19806167430488)
22.1134 	EXP 	rot_line_precue: ori = np.float64(141.50659968915852)
22.1218 	EXP 	rot_line_precue: ori = np.float64(141.80564753378013)
22.1301 	EXP 	rot_line_precue: ori = np.float64(142.1149691364759)
22.1385 	EXP 	rot_line_precue: ori = np.float64(142.58055574835896)
22.1467 	EXP 	rot_line_precue: ori = np.float64(142.92294879696138)
22.1549 	EXP 	rot_line_precue: ori = np.float64(143.32778616041907)
22.1631 	EXP 	rot_line_precue: ori = np.float64(143.74214287836486)
22.1718 	EXP 	rot_line_precue: ori = np.float64(144.1620901672115)
22.1800 	EXP 	rot_line_precue: ori = np.float64(144.46150003168736)
22.1882 	EXP 	rot_line_precue: ori = np.float64(145.05743121432437)
22.1968 	EXP 	rot_line_precue: ori = np.float64(145.5122405936003)
22.2049 	EXP 	rot_line_precue: ori = np.float64(145.89735618332406)
22.2132 	EXP 	rot_line_precue: ori = np.float64(146.57126798177276)
22.2217 	EXP 	rot_line_precue: ori = np.float64(146.93071365609777)
22.2299 	EXP 	rot_line_precue: ori = np.float64(147.2550945447123)
22.2382 	EXP 	rot_line_precue: ori = np.float64(147.90734592350165)
22.2468 	EXP 	rot_line_precue: ori = np.float64(148.3103213041266)
22.2548 	EXP 	rot_line_precue: ori = np.float64(148.72284196427802)
22.2636 	EXP 	rot_line_precue: ori = np.float64(149.02786316035917)
22.2713 	EXP 	rot_line_precue: ori = np.float64(149.64394575073086)
22.2806 	EXP 	rot_line_precue: ori = np.float64(149.94044226530298)
22.2883 	EXP 	rot_line_precue: ori = np.float64(150.24529638331333)
22.2972 	EXP 	rot_line_precue: ori = np.float64(150.55758432615067)
22.3051 	EXP 	rot_line_precue: ori = np.float64(150.92115254075634)
22.3132 	EXP 	rot_line_precue: ori = np.float64(151.38093353060032)
22.3214 	EXP 	rot_line_precue: ori = np.float64(151.84687103229916)
22.3299 	EXP 	rot_line_precue: ori = np.float64(152.43059414790818)
22.3384 	EXP 	rot_line_precue: ori = np.float64(152.72914212923374)
22.3466 	EXP 	rot_line_precue: ori = np.float64(153.11626201465268)
22.3558 	EXP 	rot_line_precue: ori = np.float64(153.46962277306153)
22.3633 	EXP 	rot_line_precue: ori = np.float64(153.8277029032614)
22.3721 	EXP 	rot_line_precue: ori = np.float64(154.1844583130206)
22.3800 	EXP 	rot_line_precue: ori = np.float64(154.5164034889147)
22.3882 	EXP 	rot_line_precue: ori = np.float64(154.8623347516857)
22.3965 	EXP 	rot_line_precue: ori = np.float64(155.586072541667)
22.4047 	EXP 	rot_line_precue: ori = np.float64(156.0574324392747)
22.4133 	EXP 	rot_line_precue: ori = np.float64(156.8173094221625)
22.4214 	EXP 	rot_line_precue: ori = np.float64(157.20634351115024)
22.4298 	EXP 	rot_line_precue: ori = np.float64(157.9909989607207)
22.4382 	EXP 	rot_line_precue: ori = np.float64(158.2878758221386)
22.4465 	EXP 	rot_line_precue: ori = np.float64(158.6637481270782)
22.4551 	EXP 	rot_line_precue: ori = np.float64(159.00370208828662)
22.4636 	EXP 	rot_line_precue: ori = np.float64(159.39045958906797)
22.4717 	EXP 	rot_line_precue: ori = np.float64(159.69213896389022)
22.4802 	EXP 	rot_line_precue: ori = np.float64(160.0137553037924)
22.4883 	EXP 	rot_line_precue: ori = np.float64(160.49354020244422)
22.4966 	EXP 	rot_line_precue: ori = np.float64(160.83942913660206)
22.5048 	EXP 	rot_line_precue: ori = np.float64(161.14348648561034)
22.5056 	EXP 	New trial (rep=3, index=9): <Trial 9 (9 in rep 3) data={'pic_name': 'pics/left_hand.JPG', 'class_mi': 'left_hand', 'thisN': 9, 'thisTrialN': 9, 'thisRepN': 3}>
22.5143 	EXP 	hor_line_precue: autoDraw = False
22.5143 	EXP 	ver_line_precue: autoDraw = False
22.5143 	EXP 	rot_line_precue: autoDraw = False
22.5143 	EXP 	rot_line_precue: ori = np.float64(161.45845278002005)
22.5143 	EXP 	hor_line_precue: autoDraw = False
22.5143 	EXP 	ver_line_precue: autoDraw = False
22.5143 	EXP 	rot_line_precue: autoDraw = False
22.5143 	EXP 	hor_line_precue: autoDraw = True
22.5143 	EXP 	ver_line_precue: autoDraw = True
22.5143 	EXP 	rot_line_precue: autoDraw = True
22.5143 	EXP 	rot_line_precue: ori = np.float64(161.79722452003566)
22.5218 	EXP 	rot_line_precue: ori = np.float64(162.2278700297309)
22.5299 	EXP 	rot_line_precue: ori = np.float64(162.81695741367363)
22.5385 	EXP 	rot_line_precue: ori = np.float64(163.1492785974156)
22.5468 	EXP 	rot_line_precue: ori = np.float64(163.5623382838201)
22.5548 	EXP 	rot_line_precue: ori = np.float64(163.86195163970658)
22.5633 	EXP 	rot_line_precue: ori = np.float64(164.5218390023593)
22.5722 	EXP 	rot_line_precue: ori = np.float64(164.84964410735083)
22.5799 	EXP 	rot_line_precue: ori = np.float64(165.25674386327287)
22.5881 	EXP 	rot_line_precue: ori = np.float64(165.6486295220444)
22.5966 	EXP 	rot_line_precue: ori = np.float64(166.04974304308283)
22.6047 	EXP 	rot_line_precue: ori = np.float64(166.427054427176)
22.6131 	EXP 	rot_line_precue: ori = np.float64(166.77255551527833)
22.6223 	EXP 	rot_line_precue: ori = np.float64(167.08267614959942)
22.6300 	EXP 	rot_line_precue: ori = np.float64(167.5113194020257)
22.6385 	EXP 	rot_line_precue: ori = np.float64(167.809874410398)
22.6469 	EXP 	rot_line_precue: ori = np.float64(168.13850758423186)
22.6550 	EXP 	rot_line_precue: ori = np.float64(168.76892945325133)
22.6632 	EXP 	rot_line_precue: ori = np.float64(169.33096888716798)
22.6717 	EXP 	rot_line_precue: ori = np.float64(169.62866090919147)
22.6799 	EXP 	rot_line_precue: ori = np.float64(169.94594862961355)
22.6882 	EXP 	rot_line_precue: ori = np.float64(170.2430729951296)
22.6968 	EXP 	rot_line_precue: ori = np.float64(170.81186539112508)
22.7052 	EXP 	rot_line_precue: ori = np.float64(171.46825971533642)
22.7133 	EXP 	rot_line_precue: ori = np.float64(171.80535266816037)
22.7218 	EXP 	rot_line_precue: ori = np.float64(172.2778415702585)
22.7298 	EXP 	rot_line_precue: ori = np.float64(172.68470312627207)
22.7381 	EXP 	rot_line_precue: ori = np.float64(173.01577289476336)
22.7463 	EXP 	rot_line_precue: ori = np.float64(173.55986301315028)
22.7550 	EXP 	rot_line_precue: ori = np.float64(173.91631029216825)
22.7632 	EXP 	rot_line_precue: ori = np.float64(174.21707578441794)
22.7714 	EXP 	rot_line_precue: ori = np.float64(174.5694238955568)
22.7799 	EXP 	rot_line_precue: ori = np.float64(174.86637598961897)
22.7881 	EXP 	rot_line_precue: ori = np.float64(175.22717098592187)
22.7968 	EXP 	rot_line_precue: ori = np.float64(175.55729075785132)
22.8056 	EXP 	rot_line_precue: ori = np.float64(175.98398060800463)
22.8134 	EXP 	rot_line_precue: ori = np.float64(176.28313369271177)
22.8219 	EXP 	rot_line_precue: ori = np.float64(176.61229340590026)
22.8300 	EXP 	rot_line_precue: ori = np.float64(176.92988344671997)
22.8381 	EXP 	rot_line_precue: ori = np.float64(177.23963101110834)
22.8464 	EXP 	rot_line_precue: ori = np.float64(177.6399895113003)
22.8550 	EXP 	rot_line_precue: ori = np.float64(178.04844943018318)
22.8633 	EXP 	rot_line_precue: ori = np.float64(178.64861848957202)
22.8716 	EXP 	rot_line_precue: ori = np.float64(178.95842808397404)
22.8801 	EXP 	rot_line_precue: ori = np.float64(179.35824319626076)
22.8884 	EXP 	rot_line_precue: ori = np.float64(179.7484277530996)
22.8965 	EXP 	rot_line_precue: ori = np.float64(180.04506016371252)
22.9052 	EXP 	rot_line_precue: ori = np.float64(180.5113640420693)
22.9132 	EXP 	rot_line_precue: ori = np.float64(181.03192046003528)
22.9216 	EXP 	rot_line_precue: ori = np.float64(181.45170788467615)
22.9298 	EXP 	rot_line_precue: ori = np.float64(181.7828978802879)
22.9380 	EXP 	rot_line_precue: ori = np.float64(182.08375474166215)
22.9465 	EXP 	rot_line_precue: ori = np.float64(182.39455542089826)
22.9547 	EXP 	rot_line_precue: ori = np.float64(182.80636356773434)
22.9632 	EXP 	rot_line_precue: ori = np.float64(183.33308027886494)
22.9716 	EXP 	rot_line_precue: ori = np.float64(183.85651887407664)
22.9803 	EXP 	rot_line_precue: ori = np.float64(184.35394831822515)
22.9885 	EXP 	rot_line_precue: ori = np.float64(184.82278619753603)
22.9968 	EXP 	rot_line_precue: ori = np.float64(185.22701835323187)
23.0047 	EXP 	rot_line_precue: ori = np.float64(185.52818784557718)
23.0141 	EXP 	rot_line_precue: ori = np.float64(185.82552292903455)
23.0215 	EXP 	rot_line_precue: ori = np.float64(186.20410116178354)
23.0298 	EXP 	rot_line_precue: ori = np.float64(186.5140655620345)
23.0384 	EXP 	rot_line_precue: ori = np.float64(186.85568226873093)
23.0468 	EXP 	rot_line_precue: ori = np.float64(187.3282768045285)
23.0549 	EXP 	rot_line_precue: ori = np.float64(187.64926093451123)
23.0634 	EXP 	rot_line_precue: ori = np.float64(187.95657947375418)
23.0722 	EXP 	rot_line_precue: ori = np.float64(188.4552254185058)
23.0799 	EXP 	rot_line_precue: ori = np.float64(188.86707808796112)
23.0884 	EXP 	rot_line_precue: ori = np.float64(189.20941953963688)
23.0966 	EXP 	rot_line_precue: ori = np.float64(189.73022551219304)
23.1049 	EXP 	rot_line_precue: ori = np.float64(190.03068017161877)
23.1131 	EXP 	rot_line_precue: ori = np.float64(190.36694548180347)
23.1216 	EXP 	rot_line_precue: ori = np.float64(190.6910153242735)
23.1299 	EXP 	rot_line_precue: ori = np.float64(191.26932365501392)
23.1381 	EXP 	rot_line_precue: ori = np.float64(191.57790268082118)
23.1467 	EXP 	rot_line_precue: ori = np.float64(191.92229293425385)
23.1551 	EXP 	rot_line_precue: ori = np.float64(192.39695088339477)
23.1631 	EXP 	rot_line_precue: ori = np.float64(192.6946978218737)
23.1718 	EXP 	rot_line_precue: ori = np.float64(193.01476197627827)
23.1800 	EXP 	rot_line_precue: ori = np.float64(193.36803918180718)
23.1881 	EXP 	rot_line_precue: ori = np.float64(193.67743806562612)
23.1966 	EXP 	rot_line_precue: ori = np.float64(194.17383704647892)
23.2050 	EXP 	rot_line_precue: ori = np.float64(194.7123186560121)
23.2145 	EXP 	rot_line_precue: ori = np.float64(195.07324209710825)
23.2225 	EXP 	rot_line_precue: ori = np.float64(195.40496432648632)
23.2301 	EXP 	rot_line_precue: ori = np.float64(195.7186000814646)
23.2382 	EXP 	rot_line_precue: ori = np.float64(196.02641701899609)
23.2467 	EXP 	rot_line_precue: ori = np.float64(196.64044492378744)
23.2555 	EXP 	rot_line_precue: ori = np.float64(197.20299274499052)
23.2632 	EXP 	rot_line_precue: ori = np.float64(197.55360216951706)
23.2718 	EXP 	rot_line_precue: ori = np.float64(197.92691903764344)
23.2799 	EXP 	rot_line_precue: ori = np.float64(198.33764570945908)
23.2880 	EXP 	rot_line_precue: ori = np.float64(198.73908999543775)
23.2964 	EXP 	rot_line_precue: ori = np.float64(199.06626832870649)
23.3048 	EXP 	rot_line_precue: ori = np.float64(199.53777421636056)
23.3138 	EXP 	rot_line_precue: ori = np.float64(199.87124042745305)
23.3221 	EXP 	rot_line_precue: ori = np.float64(200.58406957217613)
23.3304 	EXP 	rot_line_precue: ori = np.float64(201.05939709705012)
23.3385 	EXP 	rot_line_precue: ori = np.float64(201.78285785416782)
23.3464 	EXP 	rot_line_precue: ori = np.float64(202.1134729185951)
23.3549 	EXP 	rot_line_precue: ori = np.float64(202.4846309280498)
23.3633 	EXP 	rot_line_precue: ori = np.float64(202.84502956808592)
23.3722 	EXP 	rot_line_precue: ori = np.float64(203.26726373471192)
23.3810 	EXP 	rot_line_precue: ori = np.float64(203.70890365609708)
23.3885 	EXP 	rot_line_precue: ori = np.float64(204.46089573822886)
23.3966 	EXP 	rot_line_precue: ori = np.float64(204.813922620077)
23.4053 	EXP 	rot_line_precue: ori = np.float64(205.24796754046392)
23.4133 	EXP 	rot_line_precue: ori = np.float64(205.56397315500956)
23.4221 	EXP 	rot_line_precue: ori = np.float64(205.94748699016446)
23.4297 	EXP 	rot_line_precue: ori = np.float64(206.47098886073337)
23.4382 	EXP 	rot_line_precue: ori = np.float64(206.89940308694432)
23.4466 	EXP 	rot_line_precue: ori = np.float64(207.28625807061246)
23.4547 	EXP 	rot_line_precue: ori = np.float64(207.7553063564763)
23.4633 	EXP 	rot_line_precue: ori = np.float64(208.06746076695205)
23.4715 	EXP 	rot_line_precue: ori = np.float64(208.36659049766206)
23.4798 	EXP 	rot_line_precue: ori = np.float64(208.69049871323767)
23.4882 	EXP 	rot_line_precue: ori = np.float64(208.9981282782039)
23.4966 	EXP 	rot_line_precue: ori = np.float64(209.30725886210303)
23.5052 	EXP 	rot_line_precue: ori = np.float64(210.06822690053622)
23.5136 	EXP 	rot_line_precue: ori = np.float64(210.43101608939546)
23.5218 	EXP 	rot_line_precue: ori = np.float64(210.73263563951005)
23.5302 	EXP 	rot_line_precue: ori = np.float64(211.21126587776538)
23.5389 	EXP 	rot_line_precue: ori = np.float64(211.5087929236012)
23.5467 	EXP 	rot_line_precue: ori = np.float64(211.84569766619305)
23.5553 	EXP 	rot_line_precue: ori = np.float64(212.20992975639678)
23.5637 	EXP 	rot_line_precue: ori = np.float64(212.54425893461328)
23.5720 	EXP 	rot_line_precue: ori = np.float64(213.03596409641858)
23.5803 	EXP 	rot_line_precue: ori = np.float64(213.71633700551226)
23.5885 	EXP 	rot_line_precue: ori = np.float64(214.22999679396062)
23.5972 	EXP 	rot_line_precue: ori = np.float64(214.54811840229505)
23.6050 	EXP 	rot_line_precue: ori = np.float64(214.87630849490694)
23.6134 	EXP 	rot_line_precue: ori = np.float64(215.43301909996234)
23.6216 	EXP 	rot_line_precue: ori = np.float64(215.7836827350364)
23.6298 	EXP 	rot_line_precue: ori = np.float64(216.57382971483446)
23.6380 	EXP 	rot_line_precue: ori = np.float64(216.9129205683527)
23.6467 	EXP 	rot_line_precue: ori = np.float64(217.38567742811884)
23.6548 	EXP 	rot_line_precue: ori = np.float64(217.72970029281308)
23.6630 	EXP 	rot_line_precue: ori = np.float64(218.04771795202558)
23.6717 	EXP 	rot_line_precue: ori = np.float64(218.35705630050202)
23.6798 	EXP 	rot_line_precue: ori = np.float64(218.71578904512776)
23.6881 	EXP 	rot_line_precue: ori = np.float64(219.34118070548945)
23.6968 	EXP 	rot_line_precue: ori = np.float64(219.84439722429667)
23.7051 	EXP 	rot_line_precue: ori = np.float64(220.20571324261704)
23.7132 	EXP 	rot_line_precue: ori = np.float64(220.57566027987002)
23.7220 	EXP 	rot_line_precue: ori = np.float64(221.1319960102043)
23.7306 	EXP 	rot_line_precue: ori = np.float64(221.43674278645034)
23.7388 	EXP 	rot_line_precue: ori = np.float64(221.7366590715072)
23.7470 	EXP 	rot_line_precue: ori = np.float64(222.03224675392823)
23.7552 	EXP 	rot_line_precue: ori = np.float64(222.46485127002018)
23.7637 	EXP 	rot_line_precue: ori = np.float64(222.7614346685489)
23.7719 	EXP 	rot_line_precue: ori = np.float64(223.39404257820107)
23.7799 	EXP 	rot_line_precue: ori = np.float64(223.76426088034066)
23.7882 	EXP 	rot_line_precue: ori = np.float64(224.41485813216076)
23.7964 	EXP 	rot_line_precue: ori = np.float64(225.0646349781204)
23.8049 	EXP 	rot_line_precue: ori = np.float64(225.3663170371114)
23.8131 	EXP 	rot_line_precue: ori = np.float64(225.68236560902523)
23.8214 	EXP 	rot_line_precue: ori = np.float64(226.08298843347654)
23.8298 	EXP 	rot_line_precue: ori = np.float64(226.4252819149348)
23.8381 	EXP 	rot_line_precue: ori = np.float64(226.72262565918572)
23.8464 	EXP 	rot_line_precue: ori = np.float64(227.1739857535401)
23.8549 	EXP 	rot_line_precue: ori = np.float64(227.62861830128392)
23.8631 	EXP 	rot_line_precue: ori = np.float64(227.9851585071345)
23.8713 	EXP 	rot_line_precue: ori = np.float64(228.373028753647)
23.8801 	EXP 	rot_line_precue: ori = np.float64(228.66834674739684)
23.8883 	EXP 	rot_line_precue: ori = np.float64(228.9965779143765)
23.8966 	EXP 	rot_line_precue: ori = np.float64(229.29931043420112)
23.9053 	EXP 	rot_line_precue: ori = np.float64(229.6175505841312)
23.9134 	EXP 	rot_line_precue: ori = np.float64(230.06422324076098)
23.9215 	EXP 	rot_line_precue: ori = np.float64(230.6103614198214)
23.9302 	EXP 	rot_line_precue: ori = np.float64(231.34070623201478)
23.9385 	EXP 	rot_line_precue: ori = np.float64(231.64241333332075)
23.9471 	EXP 	rot_line_precue: ori = np.float64(232.00020902112058)
23.9552 	EXP 	rot_line_precue: ori = np.float64(232.31799478022353)
23.9639 	EXP 	rot_line_precue: ori = np.float64(232.6701059413923)
23.9715 	EXP 	rot_line_precue: ori = np.float64(232.97990829709852)
23.9801 	EXP 	rot_line_precue: ori = np.float64(233.28342240276058)
23.9883 	EXP 	rot_line_precue: ori = np.float64(233.68998898058405)
23.9964 	EXP 	rot_line_precue: ori = np.float64(233.99638233431352)
24.0047 	EXP 	rot_line_precue: ori = np.float64(234.37372838600086)
24.0132 	EXP 	rot_line_precue: ori = np.float64(234.95160288246004)
24.0214 	EXP 	rot_line_precue: ori = np.float64(235.38509438656476)
24.0298 	EXP 	rot_line_precue: ori = np.float64(235.7144501755153)
24.0382 	EXP 	rot_line_precue: ori = np.float64(236.1772257496023)
24.0471 	EXP 	rot_line_precue: ori = np.float64(236.50934699810284)
24.0547 	EXP 	rot_line_precue: ori = np.float64(236.8807756913226)
24.0632 	EXP 	rot_line_precue: ori = np.float64(237.2175527512271)
24.0717 	EXP 	rot_line_precue: ori = np.float64(237.60965938613734)
24.0799 	EXP 	rot_line_precue: ori = np.float64(238.06679944022002)
24.0888 	EXP 	rot_line_precue: ori = np.float64(238.631077496823)
24.0969 	EXP 	rot_line_precue: ori = np.float64(238.93271378677642)
24.1054 	EXP 	rot_line_precue: ori = np.float64(239.2703813119873)
24.1137 	EXP 	rot_line_precue: ori = np.float64(239.74539951383244)
24.1221 	EXP 	rot_line_precue: ori = np.float64(240.12741314425077)
24.1304 	EXP 	rot_line_precue: ori = np.float64(240.62329321073847)
24.1389 	EXP 	rot_line_precue: ori = np.float64(240.92723743947766)
24.1466 	EXP 	rot_line_precue: ori = np.float64(241.60322466470768)
24.1549 	EXP 	rot_line_precue: ori = np.float64(242.05080416272904)
24.1630 	EXP 	rot_line_precue: ori = np.float64(242.37618228489677)
24.1718 	EXP 	rot_line_precue: ori = np.float64(242.9538520194813)
24.1798 	EXP 	rot_line_precue: ori = np.float64(243.2556080952514)
24.1880 	EXP 	rot_line_precue: ori = np.float64(243.59750274524188)
24.1965 	EXP 	rot_line_precue: ori = np.float64(244.05491923802614)
24.2049 	EXP 	rot_line_precue: ori = np.float64(244.43089822499547)
24.2130 	EXP 	rot_line_precue: ori = np.float64(244.72893046043814)
24.2212 	EXP 	rot_line_precue: ori = np.float64(245.04012232877417)
24.2298 	EXP 	rot_line_precue: ori = np.float64(245.38487757592551)
24.2385 	EXP 	rot_line_precue: ori = np.float64(245.8758763337955)
24.2467 	EXP 	rot_line_precue: ori = np.float64(246.55019093567495)
24.2551 	EXP 	rot_line_precue: ori = np.float64(246.94115469303884)
24.2638 	EXP 	rot_line_precue: ori = np.float64(247.39063074397112)
24.2722 	EXP 	rot_line_precue: ori = np.float64(248.1098353108579)
24.2802 	EXP 	rot_line_precue: ori = np.float64(248.84605911045855)
24.2886 	EXP 	rot_line_precue: ori = np.float64(249.21848514114657)
24.2976 	EXP 	rot_line_precue: ori = np.float64(249.58256272617655)
24.3053 	EXP 	rot_line_precue: ori = np.float64(249.9700730044549)
24.3137 	EXP 	rot_line_precue: ori = np.float64(250.57958871131123)
24.3219 	EXP 	rot_line_precue: ori = np.float64(250.92712175212958)
24.3299 	EXP 	rot_line_precue: ori = np.float64(251.28009523214914)
24.3382 	EXP 	rot_line_precue: ori = np.float64(251.59611273084226)
24.3463 	EXP 	rot_line_precue: ori = np.float64(251.89401203464757)
24.3550 	EXP 	rot_line_precue: ori = np.float64(252.21125688089418)
24.3632 	EXP 	rot_line_precue: ori = np.float64(252.53537464138972)
24.3714 	EXP 	rot_line_precue: ori = np.float64(252.9527311688879)
24.3799 	EXP 	rot_line_precue: ori = np.float64(253.25632254761243)
24.3882 	EXP 	rot_line_precue: ori = np.float64(253.5572695003183)
24.3965 	EXP 	rot_line_precue: ori = np.float64(253.95464167314378)
24.4049 	EXP 	rot_line_precue: ori = np.float64(254.28596998095557)
24.4132 	EXP 	rot_line_precue: ori = np.float64(254.6889199024865)
24.4215 	EXP 	rot_line_precue: ori = np.float64(255.09240429182015)
24.4297 	EXP 	rot_line_precue: ori = np.float64(255.41146131303088)
24.4382 	EXP 	rot_line_precue: ori = np.float64(256.07004574366806)
24.4471 	EXP 	rot_line_precue: ori = np.float64(256.843286779761)
24.4552 	EXP 	rot_line_precue: ori = np.float64(257.16970025066234)
24.4634 	EXP 	rot_line_precue: ori = np.float64(257.52787356631575)
24.4721 	EXP 	rot_line_precue: ori = np.float64(257.863025164715)
24.4809 	EXP 	rot_line_precue: ori = np.float64(258.2170899586322)
24.4892 	EXP 	rot_line_precue: ori = np.float64(258.80798550131834)
24.4968 	EXP 	rot_line_precue: ori = np.float64(259.26957492753644)
24.4977 	EXP 	New trial (rep=6, index=10): <Trial 10 (10 in rep 6) data={'pic_name': 'pics/none.JPG', 'class_mi': 'rest', 'thisN': 10, 'thisTrialN': 10, 'thisRepN': 6}>
24.5052 	EXP 	hor_line_precue: autoDraw = False
24.5052 	EXP 	ver_line_precue: autoDraw = False
24.5052 	EXP 	rot_line_precue: autoDraw = False
24.5052 	EXP 	rot_line_precue: ori = np.float64(259.58577247727965)
24.5052 	EXP 	hor_line_precue: autoDraw = False
24.5052 	EXP 	ver_line_precue: autoDraw = False
24.5052 	EXP 	rot_line_precue: autoDraw = False
24.5052 	EXP 	hor_line_precue: autoDraw = True
24.5052 	EXP 	ver_line_precue: autoDraw = True
24.5052 	EXP 	rot_line_precue: autoDraw = True
24.5052 	EXP 	rot_line_precue: ori = np.float64(259.95867167169484)
24.5134 	EXP 	rot_line_precue: ori = np.float64(260.3483559988489)
24.5216 	EXP 	rot_line_precue: ori = np.float64(260.72845960106275)
24.5297 	EXP 	rot_line_precue: ori = np.float64(261.25971517420606)
24.5384 	EXP 	rot_line_precue: ori = np.float64(261.7159243587296)
24.5468 	EXP 	rot_line_precue: ori = np.float64(262.03953092627273)
24.5548 	EXP 	rot_line_precue: ori = np.float64(262.5043297190814)
24.5632 	EXP 	rot_line_precue: ori = np.float64(262.85198421694906)
24.5716 	EXP 	rot_line_precue: ori = np.float64(263.25344472346467)
24.5798 	EXP 	rot_line_precue: ori = np.float64(263.59361033988085)
24.5880 	EXP 	rot_line_precue: ori = np.float64(263.97510272198065)
24.5965 	EXP 	rot_line_precue: ori = np.float64(264.36349532267957)
24.6047 	EXP 	rot_line_precue: ori = np.float64(264.8297329787029)
24.6129 	EXP 	rot_line_precue: ori = np.float64(265.3430860774001)
24.6215 	EXP 	rot_line_precue: ori = np.float64(265.6399368180762)
24.6303 	EXP 	rot_line_precue: ori = np.float64(266.0101578014275)
24.6386 	EXP 	rot_line_precue: ori = np.float64(266.6320414720897)
24.6467 	EXP 	rot_line_precue: ori = np.float64(266.9790330751009)
24.6554 	EXP 	rot_line_precue: ori = np.float64(267.71194295251644)
24.6636 	EXP 	rot_line_precue: ori = np.float64(268.12322950323374)
24.6721 	EXP 	rot_line_precue: ori = np.float64(268.5477551507577)
24.6806 	EXP 	rot_line_precue: ori = np.float64(268.8482604509228)
24.6889 	EXP 	rot_line_precue: ori = np.float64(269.5721337188209)
24.6969 	EXP 	rot_line_precue: ori = np.float64(270.1242046055971)
24.7051 	EXP 	rot_line_precue: ori = np.float64(270.43864500103115)
24.7131 	EXP 	rot_line_precue: ori = np.float64(271.1054526845184)
24.7217 	EXP 	rot_line_precue: ori = np.float64(271.76642410545384)
24.7300 	EXP 	rot_line_precue: ori = np.float64(272.20930606785237)
24.7381 	EXP 	rot_line_precue: ori = np.float64(272.5962287579557)
24.7466 	EXP 	rot_line_precue: ori = np.float64(272.89349454252704)
24.7548 	EXP 	rot_line_precue: ori = np.float64(273.19576519280326)
24.7631 	EXP 	rot_line_precue: ori = np.float64(273.5059166163883)
24.7717 	EXP 	rot_line_precue: ori = np.float64(273.8410224239632)
24.7798 	EXP 	rot_line_precue: ori = np.float64(274.169458127153)
24.7881 	EXP 	rot_line_precue: ori = np.float64(274.77209178346465)
24.7963 	EXP 	rot_line_precue: ori = np.float64(275.27996779970147)
24.8048 	EXP 	rot_line_precue: ori = np.float64(275.64357644382665)
24.8131 	EXP 	rot_line_precue: ori = np.float64(275.93970480913833)
24.8219 	EXP 	rot_line_precue: ori = np.float64(276.3221409042257)
24.8301 	EXP 	rot_line_precue: ori = np.float64(276.6374181312623)
24.8384 	EXP 	rot_line_precue: ori = np.float64(277.0910830053723)
24.8471 	EXP 	rot_line_precue: ori = np.float64(277.4318808460793)
24.8560 	EXP 	rot_line_precue: ori = np.float64(277.7534810160372)
24.8634 	EXP 	rot_line_precue: ori = np.float64(278.15916072342804)
24.8720 	EXP 	rot_line_precue: ori = np.float64(278.7611051916284)
24.8801 	EXP 	rot_line_precue: ori = np.float64(279.36776703958856)
24.8882 	EXP 	rot_line_precue: ori = np.float64(279.6743558612756)
24.8964 	EXP 	rot_line_precue: ori = np.float64(280.00868759737006)
24.9049 	EXP 	rot_line_precue: ori = np.float64(280.5700491609103)
24.9132 	EXP 	rot_line_precue: ori = np.float64(280.90499368809645)
24.9215 	EXP 	rot_line_precue: ori = np.float64(281.4130808335613)
24.9296 	EXP 	rot_line_precue: ori = np.float64(282.15611359767394)
24.9381 	EXP 	rot_line_precue: ori = np.float64(282.4886626629501)
24.9464 	EXP 	rot_line_precue: ori = np.float64(282.8149920573862)
24.9549 	EXP 	rot_line_precue: ori = np.float64(283.17934867509996)
24.9632 	EXP 	rot_line_precue: ori = np.float64(283.5695396235563)
24.9715 	EXP 	rot_line_precue: ori = np.float64(283.9219546412306)
24.9796 	EXP 	rot_line_precue: ori = np.float64(284.23593074143173)
24.9890 	EXP 	rot_line_precue: ori = np.float64(284.7503012246992)
24.9971 	EXP 	rot_line_precue: ori = np.float64(285.25371079798117)
25.0052 	EXP 	rot_line_precue: ori = np.float64(285.62902058953915)
25.0134 	EXP 	rot_line_precue: ori = np.float64(286.21720609728584)
25.0221 	EXP 	rot_line_precue: ori = np.float64(286.7105041767613)
25.0303 	EXP 	rot_line_precue: ori = np.float64(287.3216042413539)
25.0390 	EXP 	rot_line_precue: ori = np.float64(287.90570893625255)
25.0472 	EXP 	rot_line_precue: ori = np.float64(288.2244425975152)
25.0554 	EXP 	rot_line_precue: ori = np.float64(288.5367010702306)
25.0635 	EXP 	rot_line_precue: ori = np.float64(288.8581440143589)
25.0717 	EXP 	rot_line_precue: ori = np.float64(289.2145550933759)
25.0799 	EXP 	rot_line_precue: ori = np.float64(289.51779846604774)
25.0884 	EXP 	rot_line_precue: ori = np.float64(289.8688393729492)
25.0966 	EXP 	rot_line_precue: ori = np.float64(290.25862496221635)
25.1048 	EXP 	rot_line_precue: ori = np.float64(290.5542897720112)
25.1134 	EXP 	rot_line_precue: ori = np.float64(291.13455007588067)
25.1215 	EXP 	rot_line_precue: ori = np.float64(291.56555398969783)
25.1298 	EXP 	rot_line_precue: ori = np.float64(291.903970327806)
25.1380 	EXP 	rot_line_precue: ori = np.float64(292.5035264020646)
25.1466 	EXP 	rot_line_precue: ori = np.float64(292.83974522986085)
25.1548 	EXP 	rot_line_precue: ori = np.float64(293.2861047363284)
25.1637 	EXP 	rot_line_precue: ori = np.float64(293.6227528647622)
25.1718 	EXP 	rot_line_precue: ori = np.float64(293.9597564987174)
25.1805 	EXP 	rot_line_precue: ori = np.float64(294.3178785164113)
25.1885 	EXP 	rot_line_precue: ori = np.float64(294.6314177902065)
25.1973 	EXP 	rot_line_precue: ori = np.float64(295.069871298557)
25.2050 	EXP 	rot_line_precue: ori = np.float64(295.5631947900838)
25.2130 	EXP 	rot_line_precue: ori = np.float64(296.04114298836424)
25.2218 	EXP 	rot_line_precue: ori = np.float64(296.4273316038564)
25.2301 	EXP 	rot_line_precue: ori = np.float64(296.74128812558087)
25.2385 	EXP 	rot_line_precue: ori = np.float64(297.3185297994742)
25.2470 	EXP 	rot_line_precue: ori = np.float64(297.7081582786196)
25.2550 	EXP 	rot_line_precue: ori = np.float64(298.1057861805261)
25.2637 	EXP 	rot_line_precue: ori = np.float64(298.4788050544436)
25.2717 	EXP 	rot_line_precue: ori = np.float64(298.8236483034733)
25.2801 	EXP 	rot_line_precue: ori = np.float64(299.18180170878253)
25.2882 	EXP 	rot_line_precue: ori = np.float64(299.64166065785156)
25.2967 	EXP 	rot_line_precue: ori = np.float64(300.1417857627916)
25.3049 	EXP 	rot_line_precue: ori = np.float64(300.7936940792065)
25.3132 	EXP 	rot_line_precue: ori = np.float64(301.08988764664156)
25.3214 	EXP 	rot_line_precue: ori = np.float64(301.4350246723936)
25.3300 	EXP 	rot_line_precue: ori = np.float64(301.74371257914396)
25.3384 	EXP 	rot_line_precue: ori = np.float64(302.04882597272353)
25.3469 	EXP 	rot_line_precue: ori = np.float64(302.36644117239285)
25.3557 	EXP 	rot_line_precue: ori = np.float64(302.66607781058707)
25.3633 	EXP 	rot_line_precue: ori = np.float64(303.217531478129)
25.3714 	EXP 	rot_line_precue: ori = np.float64(303.55372905470614)
25.3801 	EXP 	rot_line_precue: ori = np.float64(304.06364423398327)
25.3883 	EXP 	rot_line_precue: ori = np.float64(304.43947422529703)
25.3969 	EXP 	rot_line_precue: ori = np.float64(304.9350753436961)
25.4052 	EXP 	rot_line_precue: ori = np.float64(305.30203698823675)
25.4135 	EXP 	rot_line_precue: ori = np.float64(305.61168574131614)
25.4219 	EXP 	rot_line_precue: ori = np.float64(306.13515648741463)
25.4300 	EXP 	rot_line_precue: ori = np.float64(306.4391891487745)
25.4382 	EXP 	rot_line_precue: ori = np.float64(306.74541089282616)
25.4465 	EXP 	rot_line_precue: ori = np.float64(307.06643080179515)
25.4551 	EXP 	rot_line_precue: ori = np.float64(307.36464501112147)
25.4631 	EXP 	rot_line_precue: ori = np.float64(307.6771501539648)
25.4729 	EXP 	rot_line_precue: ori = np.float64(308.1282065160228)
25.4799 	EXP 	rot_line_precue: ori = np.float64(308.8307844801946)
25.4882 	EXP 	rot_line_precue: ori = np.float64(309.2052037910236)
25.4964 	EXP 	rot_line_precue: ori = np.float64(309.5871288785178)
25.5052 	EXP 	rot_line_precue: ori = np.float64(310.183658511321)
25.5136 	EXP 	rot_line_precue: ori = np.float64(310.5926187484162)
25.5217 	EXP 	rot_line_precue: ori = np.float64(310.9292321883942)
25.5304 	EXP 	rot_line_precue: ori = np.float64(311.25807495297704)
25.5385 	EXP 	rot_line_precue: ori = np.float64(311.6543741876433)
25.5472 	EXP 	rot_line_precue: ori = np.float64(311.949797449479)
25.5560 	EXP 	rot_line_precue: ori = np.float64(312.3324872913346)
25.5643 	EXP 	rot_line_precue: ori = np.float64(312.6362478741167)
25.5724 	EXP 	rot_line_precue: ori = np.float64(312.9367018279464)
25.5812 	EXP 	rot_line_precue: ori = np.float64(313.2325537747786)
25.5893 	EXP 	rot_line_precue: ori = np.float64(313.54624797476004)
25.5967 	EXP 	rot_line_precue: ori = np.float64(313.9491543506581)
25.6053 	EXP 	rot_line_precue: ori = np.float64(314.2565158478542)
25.6134 	EXP 	rot_line_precue: ori = np.float64(314.58819220724513)
25.6216 	EXP 	rot_line_precue: ori = np.float64(314.93154292395377)
25.6299 	EXP 	rot_line_precue: ori = np.float64(315.4846625764168)
25.6384 	EXP 	rot_line_precue: ori = np.float64(315.7807154291158)
25.6466 	EXP 	rot_line_precue: ori = np.float64(316.2288898763045)
25.6548 	EXP 	rot_line_precue: ori = np.float64(316.5299439404528)
25.6634 	EXP 	rot_line_precue: ori = np.float64(316.89916975474137)
25.6719 	EXP 	rot_line_precue: ori = np.float64(317.2410093258784)
25.6798 	EXP 	rot_line_precue: ori = np.float64(317.54575997310593)
25.6884 	EXP 	rot_line_precue: ori = np.float64(317.96246928475483)
25.6967 	EXP 	rot_line_precue: ori = np.float64(318.2962000712566)
25.7050 	EXP 	rot_line_precue: ori = np.float64(318.6683964799519)
25.7136 	EXP 	rot_line_precue: ori = np.float64(318.987405648796)
25.7218 	EXP 	rot_line_precue: ori = np.float64(319.57849032125665)
25.7300 	EXP 	rot_line_precue: ori = np.float64(319.9180855020988)
25.7385 	EXP 	rot_line_precue: ori = np.float64(320.60129000693615)
25.7467 	EXP 	rot_line_precue: ori = np.float64(320.9456757849614)
25.7555 	EXP 	rot_line_precue: ori = np.float64(321.42592888911236)
25.7637 	EXP 	rot_line_precue: ori = np.float64(321.76054548823225)
25.7719 	EXP 	rot_line_precue: ori = np.float64(322.08494841029517)
25.7800 	EXP 	rot_line_precue: ori = np.float64(322.79107524513813)
25.7881 	EXP 	rot_line_precue: ori = np.float64(323.1557836517047)
25.7968 	EXP 	rot_line_precue: ori = np.float64(323.74548066637396)
25.8050 	EXP 	rot_line_precue: ori = np.float64(324.1980170327854)
25.8132 	EXP 	rot_line_precue: ori = np.float64(324.51254133951846)
25.8213 	EXP 	rot_line_precue: ori = np.float64(324.99191807258103)
25.8298 	EXP 	rot_line_precue: ori = np.float64(325.30767836170827)
25.8380 	EXP 	rot_line_precue: ori = np.float64(325.7336768234641)
25.8463 	EXP 	rot_line_precue: ori = np.float64(326.08707899109856)
25.8549 	EXP 	rot_line_precue: ori = np.float64(326.40491464466527)
25.8633 	EXP 	rot_line_precue: ori = np.float64(326.7321766743981)
25.8719 	EXP 	rot_line_precue: ori = np.float64(327.03554532456997)
25.8804 	EXP 	rot_line_precue: ori = np.float64(327.41948094358906)
25.8883 	EXP 	rot_line_precue: ori = np.float64(327.95291149524405)
25.8968 	EXP 	rot_line_precue: ori = np.float64(328.48596645120887)
25.9051 	EXP 	rot_line_precue: ori = np.float64(328.8179427494701)
25.9132 	EXP 	rot_line_precue: ori = np.float64(329.1198024084052)
25.9220 	EXP 	rot_line_precue: ori = np.float64(329.46629047443435)
25.9302 	EXP 	rot_line_precue: ori = np.float64(329.7761452684431)
25.9384 	EXP 	rot_line_precue: ori = np.float64(330.24733449590576)
25.9470 	EXP 	rot_line_precue: ori = np.float64(330.54596308120705)
25.9551 	EXP 	rot_line_precue: ori = np.float64(331.06259857629726)
25.9631 	EXP 	rot_line_precue: ori = np.float64(331.37892782015575)
25.9715 	EXP 	rot_line_precue: ori = np.float64(331.86223341700554)
25.9800 	EXP 	rot_line_precue: ori = np.float64(332.17947859524094)
25.9882 	EXP 	rot_line_precue: ori = np.float64(332.586230980034)
25.9966 	EXP 	rot_line_precue: ori = np.float64(333.06316395601715)
26.0050 	EXP 	rot_line_precue: ori = np.float64(333.6212479612055)
26.0131 	EXP 	rot_line_precue: ori = np.float64(334.14586907347916)
26.0215 	EXP 	rot_line_precue: ori = np.float64(334.4477992385681)
26.0296 	EXP 	rot_line_precue: ori = np.float64(335.213896159244)
26.0384 	EXP 	rot_line_precue: ori = np.float64(335.5325289351848)
26.0467 	EXP 	rot_line_precue: ori = np.float64(335.85569948036573)
26.0552 	EXP 	rot_line_precue: ori = np.float64(336.1832304367001)
26.0634 	EXP 	rot_line_precue: ori = np.float64(336.5143572944435)
26.0716 	EXP 	rot_line_precue: ori = np.float64(336.82361168352026)
26.0801 	EXP 	rot_line_precue: ori = np.float64(337.3761544987841)
26.0883 	EXP 	rot_line_precue: ori = np.float64(337.725262175589)
26.0968 	EXP 	rot_line_precue: ori = np.float64(338.0221252134483)
26.1052 	EXP 	rot_line_precue: ori = np.float64(338.3773085306942)
26.1136 	EXP 	rot_line_precue: ori = np.float64(338.82731174256384)
26.1217 	EXP 	rot_line_precue: ori = np.float64(339.19527898781064)
26.1303 	EXP 	rot_line_precue: ori = np.float64(339.52293408395866)
26.1384 	EXP 	rot_line_precue: ori = np.float64(339.8748544576223)
26.1473 	EXP 	rot_line_precue: ori = np.float64(340.54690731732467)
26.1553 	EXP 	rot_line_precue: ori = np.float64(340.85236537653094)
26.1634 	EXP 	rot_line_precue: ori = np.float64(341.16424780645366)
26.1715 	EXP 	rot_line_precue: ori = np.float64(341.48787960610105)
26.1799 	EXP 	rot_line_precue: ori = np.float64(341.92585041775993)
26.1884 	EXP 	rot_line_precue: ori = np.float64(342.2259539865255)
26.1966 	EXP 	rot_line_precue: ori = np.float64(342.54067191541753)
26.2055 	EXP 	rot_line_precue: ori = np.float64(342.8603653970841)
26.2134 	EXP 	rot_line_precue: ori = np.float64(343.2818308039658)
26.2218 	EXP 	rot_line_precue: ori = np.float64(343.5914998678474)
26.2305 	EXP 	rot_line_precue: ori = np.float64(343.96327349564876)
26.2386 	EXP 	rot_line_precue: ori = np.float64(344.2604297197679)
26.2473 	EXP 	rot_line_precue: ori = np.float64(344.58833528614826)
26.2549 	EXP 	rot_line_precue: ori = np.float64(345.1113868500501)
26.2636 	EXP 	rot_line_precue: ori = np.float64(345.5558770041706)
26.2718 	EXP 	rot_line_precue: ori = np.float64(345.9052167627757)
26.2801 	EXP 	rot_line_precue: ori = np.float64(346.33707214984423)
26.2886 	EXP 	rot_line_precue: ori = np.float64(346.66906194429504)
26.2968 	EXP 	rot_line_precue: ori = np.float64(347.02439538832357)
26.3050 	EXP 	rot_line_precue: ori = np.float64(347.6830185031228)
26.3136 	EXP 	rot_line_precue: ori = np.float64(348.045687090899)
26.3217 	EXP 	rot_line_precue: ori = np.float64(348.59485124870343)
26.3300 	EXP 	rot_line_precue: ori = np.float64(348.9104220441279)
26.3382 	EXP 	rot_line_precue: ori = np.float64(349.2249436230967)
26.3464 	EXP 	rot_line_precue: ori = np.float64(349.5991649182875)
26.3548 	EXP 	rot_line_precue: ori = np.float64(350.0347648623964)
26.3630 	EXP 	rot_line_precue: ori = np.float64(350.39199356683645)
26.3714 	EXP 	rot_line_precue: ori = np.float64(350.7622438595195)
26.3799 	EXP 	rot_line_precue: ori = np.float64(351.0709839873875)
26.3891 	EXP 	rot_line_precue: ori = np.float64(351.5423267302075)
26.3967 	EXP 	rot_line_precue: ori = np.float64(351.89950096113193)
26.4052 	EXP 	rot_line_precue: ori = np.float64(352.2138211833872)
26.4134 	EXP 	rot_line_precue: ori = np.float64(352.58318943005395)
26.4219 	EXP 	rot_line_precue: ori = np.float64(353.1250883365972)
26.4299 	EXP 	rot_line_precue: ori = np.float64(353.42356363790134)
26.4384 	EXP 	rot_line_precue: ori = np.float64(353.92654731467763)
26.4471 	EXP 	rot_line_precue: ori = np.float64(354.5632148314597)
26.4552 	EXP 	rot_line_precue: ori = np.float64(355.00630810928783)
26.4634 	EXP 	rot_line_precue: ori = np.float64(355.3161661800011)
26.4720 	EXP 	rot_line_precue: ori = np.float64(355.659167766782)
26.4803 	EXP 	rot_line_precue: ori = np.float64(356.22051531959625)
26.4882 	EXP 	rot_line_precue: ori = np.float64(356.76313976081195)
26.4892 	EXP 	New trial (rep=0, index=11): <Trial 11 (11 in rep 0) data={'pic_name': 'pics/feet.JPG', 'class_mi': 'feet', 'thisN': 11, 'thisTrialN': 11, 'thisRepN': 0}>
26.4965 	EXP 	hor_line_precue: autoDraw = False
26.4965 	EXP 	ver_line_precue: autoDraw = False
26.4965 	EXP 	rot_line_precue: autoDraw = False
26.4965 	EXP 	rot_line_precue: ori = np.float64(357.42900609420593)
26.4965 	EXP 	hor_line_precue: autoDraw = False
26.4965 	EXP 	ver_line_precue: autoDraw = False
26.4965 	EXP 	rot_line_precue: autoDraw = False
26.4965 	EXP 	hor_line_precue: autoDraw = True
26.4965 	EXP 	ver_line_precue: autoDraw = True
26.4965 	EXP 	rot_line_precue: autoDraw = True
26.4965 	EXP 	rot_line_precue: ori = np.float64(357.91206498900664)
26.5051 	EXP 	rot_line_precue: ori = np.float64(358.37892253719514)
26.5133 	EXP 	rot_line_precue: ori = np.float64(358.7517726916107)
26.5215 	EXP 	rot_line_precue: ori = np.float64(359.0908983074628)
26.5297 	EXP 	rot_line_precue: ori = np.float64(359.49139209292184)
26.5382 	EXP 	rot_line_precue: ori = np.float64(359.9542922911635)
26.5465 	EXP 	rot_line_precue: ori = np.float64(0.5394821532576088)
26.5548 	EXP 	rot_line_precue: ori = np.float64(0.8797290320724606)
26.5634 	EXP 	rot_line_precue: ori = np.float64(1.2465060686349299)
26.5718 	EXP 	rot_line_precue: ori = np.float64(1.6001133805425352)
26.5804 	EXP 	rot_line_precue: ori = np.float64(2.0229056643141825)
26.5885 	EXP 	rot_line_precue: ori = np.float64(2.6427088189356245)
26.5968 	EXP 	rot_line_precue: ori = np.float64(3.2101013430993417)
26.6054 	EXP 	rot_line_precue: ori = np.float64(3.533999354864761)
26.6136 	EXP 	rot_line_precue: ori = np.float64(3.8941485253233274)
26.6222 	EXP 	rot_line_precue: ori = np.float64(4.350425144136749)
26.6304 	EXP 	rot_line_precue: ori = np.float64(4.79757891813148)
26.6386 	EXP 	rot_line_precue: ori = np.float64(5.234692877016999)
26.6468 	EXP 	rot_line_precue: ori = np.float64(5.547954012419854)
26.6549 	EXP 	rot_line_precue: ori = np.float64(5.902500811397553)
26.6634 	EXP 	rot_line_precue: ori = np.float64(6.199189885746594)
26.6716 	EXP 	rot_line_precue: ori = np.float64(6.513687132546809)
26.6799 	EXP 	rot_line_precue: ori = np.float64(7.033309831492458)
26.6883 	EXP 	rot_line_precue: ori = np.float64(7.329406461389439)
26.6966 	EXP 	rot_line_precue: ori = np.float64(7.707640116577209)
26.7049 	EXP 	rot_line_precue: ori = np.float64(8.18735662397772)
26.7130 	EXP 	rot_line_precue: ori = np.float64(8.613536017052127)
26.7216 	EXP 	rot_line_precue: ori = np.float64(8.954773530066381)
26.7299 	EXP 	rot_line_precue: ori = np.float64(9.372227250889978)
26.7385 	EXP 	rot_line_precue: ori = np.float64(9.70664180141126)
26.7469 	EXP 	rot_line_precue: ori = np.float64(10.093936737976962)
26.7551 	EXP 	rot_line_precue: ori = np.float64(10.425223510347289)
26.7636 	EXP 	rot_line_precue: ori = np.float64(10.76433546391628)
26.7718 	EXP 	rot_line_precue: ori = np.float64(11.278556980343899)
26.7801 	EXP 	rot_line_precue: ori = np.float64(11.688673452284219)
26.7885 	EXP 	rot_line_precue: ori = np.float64(12.118500759996008)
26.7971 	EXP 	rot_line_precue: ori = np.float64(12.549233404187245)
26.8051 	EXP 	rot_line_precue: ori = np.float64(12.896769043130128)
26.8135 	EXP 	rot_line_precue: ori = np.float64(13.326592342257902)
26.8219 	EXP 	rot_line_precue: ori = np.float64(13.797165739591689)
26.8299 	EXP 	rot_line_precue: ori = np.float64(14.117886283028218)
26.8381 	EXP 	rot_line_precue: ori = np.float64(14.447491615475542)
26.8468 	EXP 	rot_line_precue: ori = np.float64(14.758912112601209)
26.8550 	EXP 	rot_line_precue: ori = np.float64(15.057099286890155)
26.8631 	EXP 	rot_line_precue: ori = np.float64(15.371368028008225)
26.8714 	EXP 	rot_line_precue: ori = np.float64(16.164181771808092)
26.8799 	EXP 	rot_line_precue: ori = np.float64(16.838865299328816)
26.8882 	EXP 	rot_line_precue: ori = np.float64(17.323504431390727)
26.8964 	EXP 	rot_line_precue: ori = np.float64(17.6651139712775)
26.9054 	EXP 	rot_line_precue: ori = np.float64(18.059637025455363)
26.9133 	EXP 	rot_line_precue: ori = np.float64(18.400575491118836)
26.9220 	EXP 	rot_line_precue: ori = np.float64(18.814734060100378)
26.9302 	EXP 	rot_line_precue: ori = np.float64(19.111211810768044)
26.9384 	EXP 	rot_line_precue: ori = np.float64(19.412836433873917)
26.9470 	EXP 	rot_line_precue: ori = np.float64(19.79638910764294)
26.9549 	EXP 	rot_line_precue: ori = np.float64(20.10866271501007)
26.9633 	EXP 	rot_line_precue: ori = np.float64(20.47069279239714)
26.9721 	EXP 	rot_line_precue: ori = np.float64(20.789554079777023)
26.9803 	EXP 	rot_line_precue: ori = np.float64(21.437198920086956)
26.9889 	EXP 	rot_line_precue: ori = np.float64(21.807288211922597)
26.9967 	EXP 	rot_line_precue: ori = np.float64(22.24828615063221)
27.0051 	EXP 	rot_line_precue: ori = np.float64(22.547818129540246)
27.0134 	EXP 	rot_line_precue: ori = np.float64(22.992147434533795)
27.0215 	EXP 	rot_line_precue: ori = np.float64(23.360809998523308)
27.0302 	EXP 	rot_line_precue: ori = np.float64(23.68570159956294)
27.0384 	EXP 	rot_line_precue: ori = np.float64(24.061043147843243)
27.0466 	EXP 	rot_line_precue: ori = np.float64(24.634321094787882)
27.0548 	EXP 	rot_line_precue: ori = np.float64(24.934678069907733)
27.0632 	EXP 	rot_line_precue: ori = np.float64(25.268269854492203)
27.0715 	EXP 	rot_line_precue: ori = np.float64(25.580457427398276)
27.0798 	EXP 	rot_line_precue: ori = np.float64(25.910021257555066)
27.0890 	EXP 	rot_line_precue: ori = np.float64(26.44105532126703)
27.0967 	EXP 	rot_line_precue: ori = np.float64(26.788770912982514)
27.1057 	EXP 	rot_line_precue: ori = np.float64(27.125661008180288)
27.1136 	EXP 	rot_line_precue: ori = np.float64(27.77470481089046)
27.1218 	EXP 	rot_line_precue: ori = np.float64(28.102078868656296)
27.1302 	EXP 	rot_line_precue: ori = np.float64(28.44325371473745)
27.1390 	EXP 	rot_line_precue: ori = np.float64(28.838517458459965)
27.1466 	EXP 	rot_line_precue: ori = np.float64(29.21121879835996)
27.1553 	EXP 	rot_line_precue: ori = np.float64(29.90058696343033)
27.1636 	EXP 	rot_line_precue: ori = np.float64(30.276862150475772)
27.1719 	EXP 	rot_line_precue: ori = np.float64(30.65130390096666)
27.1805 	EXP 	rot_line_precue: ori = np.float64(31.012828673306426)
27.1884 	EXP 	rot_line_precue: ori = np.float64(31.52333918497271)
27.1967 	EXP 	rot_line_precue: ori = np.float64(32.03886084840782)
27.2048 	EXP 	rot_line_precue: ori = np.float64(32.43285308825006)
27.2134 	EXP 	rot_line_precue: ori = np.float64(32.75140307390845)
27.2217 	EXP 	rot_line_precue: ori = np.float64(33.242512419148454)
27.2299 	EXP 	rot_line_precue: ori = np.float64(33.926441420875406)
27.2380 	EXP 	rot_line_precue: ori = np.float64(34.402208901677476)
27.2467 	EXP 	rot_line_precue: ori = np.float64(35.028167147802016)
27.2548 	EXP 	rot_line_precue: ori = np.float64(35.35760590957586)
27.2635 	EXP 	rot_line_precue: ori = np.float64(35.65514553365805)
27.2719 	EXP 	rot_line_precue: ori = np.float64(35.97993447873694)
27.2800 	EXP 	rot_line_precue: ori = np.float64(36.33494332870859)
27.2887 	EXP 	rot_line_precue: ori = np.float64(36.72977685755337)
27.2968 	EXP 	rot_line_precue: ori = np.float64(37.03171462946836)
27.3050 	EXP 	rot_line_precue: ori = np.float64(37.3644550345493)
27.3135 	EXP 	rot_line_precue: ori = np.float64(37.67935095538065)
27.3219 	EXP 	rot_line_precue: ori = np.float64(38.11770333943921)
27.3301 	EXP 	rot_line_precue: ori = np.float64(38.568303363609765)
27.3388 	EXP 	rot_line_precue: ori = np.float64(39.13508292274791)
27.3470 	EXP 	rot_line_precue: ori = np.float64(39.45534795999409)
27.3551 	EXP 	rot_line_precue: ori = np.float64(39.97643324817261)
27.3633 	EXP 	rot_line_precue: ori = np.float64(40.348189848567834)
27.3718 	EXP 	rot_line_precue: ori = np.float64(40.69737943565954)
27.3799 	EXP 	rot_line_precue: ori = np.float64(41.062867874892326)
27.3882 	EXP 	rot_line_precue: ori = np.float64(41.43177352048227)
27.3968 	EXP 	rot_line_precue: ori = np.float64(41.78809483634836)
27.4050 	EXP 	rot_line_precue: ori = np.float64(42.14064712412415)
27.4135 	EXP 	rot_line_precue: ori = np.float64(42.43645234302149)
27.4214 	EXP 	rot_line_precue: ori = np.float64(42.77988722944088)
27.4299 	EXP 	rot_line_precue: ori = np.float64(43.21238228844957)
27.4383 	EXP 	rot_line_precue: ori = np.float64(43.51118683556366)
27.4469 	EXP 	rot_line_precue: ori = np.float64(43.87003822534305)
27.4553 	EXP 	rot_line_precue: ori = np.float64(44.5325216864929)
27.4634 	EXP 	rot_line_precue: ori = np.float64(44.85766641697346)
27.4715 	EXP 	rot_line_precue: ori = np.float64(45.175154590728305)
27.4800 	EXP 	rot_line_precue: ori = np.float64(45.55933784602458)
27.4882 	EXP 	rot_line_precue: ori = np.float64(46.09133940853508)
27.4970 	EXP 	rot_line_precue: ori = np.float64(46.615539748713445)
27.5052 	EXP 	rot_line_precue: ori = np.float64(47.23897488971475)
27.5135 	EXP 	rot_line_precue: ori = np.float64(47.56634373935393)
27.5220 	EXP 	rot_line_precue: ori = np.float64(47.94812820156457)
27.5302 	EXP 	rot_line_precue: ori = np.float64(48.267526238858636)
27.5383 	EXP 	rot_line_precue: ori = np.float64(48.606444338039076)
27.5466 	EXP 	rot_line_precue: ori = np.float64(49.37777050634373)
27.5561 	EXP 	rot_line_precue: ori = np.float64(49.76632583985778)
27.5634 	EXP 	rot_line_precue: ori = np.float64(50.18713718184758)
27.5716 	EXP 	rot_line_precue: ori = np.float64(50.4993978581195)
27.5798 	EXP 	rot_line_precue: ori = np.float64(50.81157738646108)
27.5882 	EXP 	rot_line_precue: ori = np.float64(51.13783328237691)
27.5967 	EXP 	rot_line_precue: ori = np.float64(51.74314347296345)
27.6047 	EXP 	rot_line_precue: ori = np.float64(52.07184531607265)
27.6134 	EXP 	rot_line_precue: ori = np.float64(52.47946758495439)
27.6223 	EXP 	rot_line_precue: ori = np.float64(52.800266618106576)
27.6303 	EXP 	rot_line_precue: ori = np.float64(53.32764314084237)
27.6386 	EXP 	rot_line_precue: ori = np.float64(53.71855396529951)
27.6468 	EXP 	rot_line_precue: ori = np.float64(54.17353194743963)
27.6553 	EXP 	rot_line_precue: ori = np.float64(54.47047480835661)
27.6634 	EXP 	rot_line_precue: ori = np.float64(54.89584396493844)
27.6719 	EXP 	rot_line_precue: ori = np.float64(55.211376258865876)
27.6805 	EXP 	rot_line_precue: ori = np.float64(55.683570860507764)
27.6886 	EXP 	rot_line_precue: ori = np.float64(56.37606564279142)
27.6969 	EXP 	rot_line_precue: ori = np.float64(56.94512056269283)
27.7050 	EXP 	rot_line_precue: ori = np.float64(57.27623408594356)
27.7141 	EXP 	rot_line_precue: ori = np.float64(57.84200819341603)
27.7220 	EXP 	rot_line_precue: ori = np.float64(58.20187513278171)
27.7298 	EXP 	rot_line_precue: ori = np.float64(58.657755611304076)
27.7384 	EXP 	rot_line_precue: ori = np.float64(59.29577404020357)
27.7467 	EXP 	rot_line_precue: ori = np.float64(59.851024782849414)
27.7549 	EXP 	rot_line_precue: ori = np.float64(60.47367155639822)
27.7631 	EXP 	rot_line_precue: ori = np.float64(60.831784899609765)
27.7716 	EXP 	rot_line_precue: ori = np.float64(61.16070731469395)
27.7798 	EXP 	rot_line_precue: ori = np.float64(61.83777409405689)
27.7882 	EXP 	rot_line_precue: ori = np.float64(62.32299418861704)
27.7967 	EXP 	rot_line_precue: ori = np.float64(62.62358725962361)
27.8051 	EXP 	rot_line_precue: ori = np.float64(62.94848777969647)
27.8137 	EXP 	rot_line_precue: ori = np.float64(63.243907570483444)
27.8223 	EXP 	rot_line_precue: ori = np.float64(63.61257739820424)
27.8301 	EXP 	rot_line_precue: ori = np.float64(63.952222191978514)
27.8386 	EXP 	rot_line_precue: ori = np.float64(64.28435380260521)
27.8467 	EXP 	rot_line_precue: ori = np.float64(64.69146340761246)
27.8550 	EXP 	rot_line_precue: ori = np.float64(65.01826461191969)
27.8636 	EXP 	rot_line_precue: ori = np.float64(65.31764829729235)
27.8720 	EXP 	rot_line_precue: ori = np.float64(65.66400458131254)
27.8802 	EXP 	rot_line_precue: ori = np.float64(66.00779266235872)
27.8886 	EXP 	rot_line_precue: ori = np.float64(66.40815716819101)
27.8968 	EXP 	rot_line_precue: ori = np.float64(66.7132520894141)
27.9051 	EXP 	rot_line_precue: ori = np.float64(67.03874243643605)
27.9132 	EXP 	rot_line_precue: ori = np.float64(67.38277668817557)
27.9218 	EXP 	rot_line_precue: ori = np.float64(68.14772129405353)
27.9300 	EXP 	rot_line_precue: ori = np.float64(68.44611417362948)
27.9382 	EXP 	rot_line_precue: ori = np.float64(68.9290798572737)
27.9464 	EXP 	rot_line_precue: ori = np.float64(69.22987044776437)
27.9549 	EXP 	rot_line_precue: ori = np.float64(69.54648133688893)
27.9632 	EXP 	rot_line_precue: ori = np.float64(69.84679960424751)
27.9719 	EXP 	rot_line_precue: ori = np.float64(70.18086930402342)
27.9803 	EXP 	rot_line_precue: ori = np.float64(70.60704329824047)
27.9884 	EXP 	rot_line_precue: ori = np.float64(70.9026646674053)
27.9970 	EXP 	rot_line_precue: ori = np.float64(71.22713310748092)
28.0051 	EXP 	rot_line_precue: ori = np.float64(71.56503509143573)
28.0132 	EXP 	rot_line_precue: ori = np.float64(71.92531587701158)
28.0216 	EXP 	rot_line_precue: ori = np.float64(72.32656065493086)
28.0308 	EXP 	rot_line_precue: ori = np.float64(72.68569934452526)
28.0384 	EXP 	rot_line_precue: ori = np.float64(73.05492738321959)
28.0470 	EXP 	rot_line_precue: ori = np.float64(73.5599647169514)
28.0553 	EXP 	rot_line_precue: ori = np.float64(73.86039404311363)
28.0634 	EXP 	rot_line_precue: ori = np.float64(74.39402769981228)
28.0716 	EXP 	rot_line_precue: ori = np.float64(74.74306694848963)
28.0800 	EXP 	rot_line_precue: ori = np.float64(75.06262011293353)
28.0883 	EXP 	rot_line_precue: ori = np.float64(75.37247648406044)
28.0966 	EXP 	rot_line_precue: ori = np.float64(75.78413383206275)
28.1047 	EXP 	rot_line_precue: ori = np.float64(76.09798389384238)
28.1134 	EXP 	rot_line_precue: ori = np.float64(76.41153918524357)
28.1216 	EXP 	rot_line_precue: ori = np.float64(76.89785400914378)
28.1298 	EXP 	rot_line_precue: ori = np.float64(77.31076650181174)
28.1385 	EXP 	rot_line_precue: ori = np.float64(77.92119629517576)
28.1467 	EXP 	rot_line_precue: ori = np.float64(78.32907380819034)
28.1553 	EXP 	rot_line_precue: ori = np.float64(78.75314208071279)
28.1636 	EXP 	rot_line_precue: ori = np.float64(79.22375606975396)
28.1717 	EXP 	rot_line_precue: ori = np.float64(79.90723324637253)
28.1798 	EXP 	rot_line_precue: ori = np.float64(80.30250861849687)
28.1890 	EXP 	rot_line_precue: ori = np.float64(80.59949460588302)
28.1967 	EXP 	rot_line_precue: ori = np.float64(80.90403291991703)
28.2050 	EXP 	rot_line_precue: ori = np.float64(81.23182745554944)
28.2135 	EXP 	rot_line_precue: ori = np.float64(81.52854234144426)
28.2219 	EXP 	rot_line_precue: ori = np.float64(81.86119874241787)
28.2304 	EXP 	rot_line_precue: ori = np.float64(82.3659825351103)
28.2384 	EXP 	rot_line_precue: ori = np.float64(82.70624438437025)
28.2467 	EXP 	rot_line_precue: ori = np.float64(83.07676752525077)
28.2549 	EXP 	rot_line_precue: ori = np.float64(83.46175184213676)
28.2643 	EXP 	rot_line_precue: ori = np.float64(84.12347771630706)
28.2717 	EXP 	rot_line_precue: ori = np.float64(84.51235348101511)
28.2799 	EXP 	rot_line_precue: ori = np.float64(84.82045781825359)
28.2880 	EXP 	rot_line_precue: ori = np.float64(85.23078453302233)
28.2966 	EXP 	rot_line_precue: ori = np.float64(85.54233125253887)
28.3048 	EXP 	rot_line_precue: ori = np.float64(85.99918140439124)
28.3136 	EXP 	rot_line_precue: ori = np.float64(86.30693824244383)
28.3219 	EXP 	rot_line_precue: ori = np.float64(86.64106154347105)
28.3304 	EXP 	rot_line_precue: ori = np.float64(87.06969003064879)
28.3387 	EXP 	rot_line_precue: ori = np.float64(87.45961537223222)
28.3471 	EXP 	rot_line_precue: ori = np.float64(87.9058098069941)
28.3550 	EXP 	rot_line_precue: ori = np.float64(88.48986336897264)
28.3632 	EXP 	rot_line_precue: ori = np.float64(88.88385480924337)
28.3717 	EXP 	rot_line_precue: ori = np.float64(89.3455021978061)
28.3802 	EXP 	rot_line_precue: ori = np.float64(89.74696952497466)
28.3887 	EXP 	rot_line_precue: ori = np.float64(90.07956471680482)
28.3970 	EXP 	rot_line_precue: ori = np.float64(90.3752640505314)
28.4051 	EXP 	rot_line_precue: ori = np.float64(90.7009407766154)
28.4132 	EXP 	rot_line_precue: ori = np.float64(91.03789893147417)
28.4218 	EXP 	rot_line_precue: ori = np.float64(91.41776213306984)
28.4300 	EXP 	rot_line_precue: ori = np.float64(91.84053867604348)
28.4382 	EXP 	rot_line_precue: ori = np.float64(92.25231732047561)
28.4468 	EXP 	rot_line_precue: ori = np.float64(92.6227236325059)
28.4557 	EXP 	rot_line_precue: ori = np.float64(93.09791779212655)
28.4631 	EXP 	rot_line_precue: ori = np.float64(93.42619673957572)
28.4715 	EXP 	rot_line_precue: ori = np.float64(93.7546510492818)
28.4799 	EXP 	rot_line_precue: ori = np.float64(94.0599713644387)
28.4807 	EXP 	New trial (rep=7, index=12): <Trial 12 (12 in rep 7) data={'pic_name': 'pics/none.JPG', 'class_mi': 'rest', 'thisN': 12, 'thisTrialN': 12, 'thisRepN': 7}>
28.4882 	EXP 	hor_line_precue: autoDraw = False
28.4882 	EXP 	ver_line_precue: autoDraw = False
28.4882 	EXP 	rot_line_precue: autoDraw = False
28.4882 	EXP 	rot_line_precue: ori = np.float64(94.50127483743171)
28.4882 	EXP 	hor_line_precue: autoDraw = False
28.4882 	EXP 	ver_line_precue: autoDraw = False
28.4882 	EXP 	rot_line_precue: autoDraw = False
28.4882 	EXP 	hor_line_precue: autoDraw = True
28.4882 	EXP 	ver_line_precue: autoDraw = True
28.4882 	EXP 	rot_line_precue: autoDraw = True
28.4882 	EXP 	rot_line_precue: ori = np.float64(94.83996670953408)
28.4966 	EXP 	rot_line_precue: ori = np.float64(95.18280761686448)
28.5052 	EXP 	rot_line_precue: ori = np.float64(95.49654767098765)
28.5135 	EXP 	rot_line_precue: ori = np.float64(95.80406698856788)
28.5221 	EXP 	rot_line_precue: ori = np.float64(96.11594163095792)
28.5308 	EXP 	rot_line_precue: ori = np.float64(96.43512552302431)
28.5383 	EXP 	rot_line_precue: ori = np.float64(96.79541049520442)
28.5470 	EXP 	rot_line_precue: ori = np.float64(97.09783617351954)
28.5552 	EXP 	rot_line_precue: ori = np.float64(97.445373679903)
28.5636 	EXP 	rot_line_precue: ori = np.float64(97.76473943246906)
28.5719 	EXP 	rot_line_precue: ori = np.float64(98.15723723183655)
28.5804 	EXP 	rot_line_precue: ori = np.float64(98.48535326292159)
28.5884 	EXP 	rot_line_precue: ori = np.float64(98.82528269812022)
28.5966 	EXP 	rot_line_precue: ori = np.float64(99.12714439989595)
28.6051 	EXP 	rot_line_precue: ori = np.float64(99.42852951517418)
28.6134 	EXP 	rot_line_precue: ori = np.float64(99.72463955228162)
28.6216 	EXP 	rot_line_precue: ori = np.float64(100.0615324879502)
28.6299 	EXP 	rot_line_precue: ori = np.float64(100.47469562103375)
28.6383 	EXP 	rot_line_precue: ori = np.float64(100.77129362549347)
28.6466 	EXP 	rot_line_precue: ori = np.float64(101.0887362466355)
28.6549 	EXP 	rot_line_precue: ori = np.float64(101.72163922298104)
28.6632 	EXP 	rot_line_precue: ori = np.float64(102.11736207753103)
28.6717 	EXP 	rot_line_precue: ori = np.float64(102.61046027962449)
28.6804 	EXP 	rot_line_precue: ori = np.float64(102.97546264736228)
28.6886 	EXP 	rot_line_precue: ori = np.float64(103.42040711980077)
28.6968 	EXP 	rot_line_precue: ori = np.float64(103.71641192810559)
28.7054 	EXP 	rot_line_precue: ori = np.float64(104.04530924919172)
28.7134 	EXP 	rot_line_precue: ori = np.float64(104.36938045479047)
28.7216 	EXP 	rot_line_precue: ori = np.float64(104.89841694500603)
28.7303 	EXP 	rot_line_precue: ori = np.float64(105.20951110490587)
28.7385 	EXP 	rot_line_precue: ori = np.float64(105.92111912177513)
28.7470 	EXP 	rot_line_precue: ori = np.float64(106.25198528115135)
28.7554 	EXP 	rot_line_precue: ori = np.float64(106.99303427454842)
28.7637 	EXP 	rot_line_precue: ori = np.float64(107.60069564114957)
28.7716 	EXP 	rot_line_precue: ori = np.float64(108.02586845443972)
28.7800 	EXP 	rot_line_precue: ori = np.float64(108.49706114053046)
28.7884 	EXP 	rot_line_precue: ori = np.float64(108.88585029859998)
28.7967 	EXP 	rot_line_precue: ori = np.float64(109.20824425015103)
28.8050 	EXP 	rot_line_precue: ori = np.float64(109.53454632327764)
28.8130 	EXP 	rot_line_precue: ori = np.float64(110.08965419880299)
28.8216 	EXP 	rot_line_precue: ori = np.float64(110.39386141835443)
28.8298 	EXP 	rot_line_precue: ori = np.float64(111.02285218701509)
28.8382 	EXP 	rot_line_precue: ori = np.float64(111.37163194454935)
28.8471 	EXP 	rot_line_precue: ori = np.float64(111.6781417048955)
28.8551 	EXP 	rot_line_precue: ori = np.float64(112.02606720638157)
28.8637 	EXP 	rot_line_precue: ori = np.float64(112.44292521230972)
28.8721 	EXP 	rot_line_precue: ori = np.float64(112.75521992794954)
28.8802 	EXP 	rot_line_precue: ori = np.float64(113.07521935793437)
28.8881 	EXP 	rot_line_precue: ori = np.float64(113.45735051726406)
28.8967 	EXP 	rot_line_precue: ori = np.float64(113.76086572244527)
28.9051 	EXP 	rot_line_precue: ori = np.float64(114.12422330854255)
28.9141 	EXP 	rot_line_precue: ori = np.float64(114.45399117286799)
28.9220 	EXP 	rot_line_precue: ori = np.float64(114.8101877699772)
28.9302 	EXP 	rot_line_precue: ori = np.float64(115.48924363213487)
28.9389 	EXP 	rot_line_precue: ori = np.float64(115.94417509601257)
28.9467 	EXP 	rot_line_precue: ori = np.float64(116.24316597317227)
28.9550 	EXP 	rot_line_precue: ori = np.float64(116.89167772744902)
28.9633 	EXP 	rot_line_precue: ori = np.float64(117.41551257837696)
28.9719 	EXP 	rot_line_precue: ori = np.float64(117.88832499260232)
28.9800 	EXP 	rot_line_precue: ori = np.float64(118.22202594430186)
28.9882 	EXP 	rot_line_precue: ori = np.float64(118.65776320691859)
28.9966 	EXP 	rot_line_precue: ori = np.float64(119.06202740709818)
29.0050 	EXP 	rot_line_precue: ori = np.float64(119.62460953595172)
29.0132 	EXP 	rot_line_precue: ori = np.float64(120.07055771518503)
29.0215 	EXP 	rot_line_precue: ori = np.float64(120.42258302218511)
29.0300 	EXP 	rot_line_precue: ori = np.float64(120.7262608603608)
29.0384 	EXP 	rot_line_precue: ori = np.float64(121.25170048982793)
29.0470 	EXP 	rot_line_precue: ori = np.float64(121.5558168358421)
29.0553 	EXP 	rot_line_precue: ori = np.float64(121.88244704450993)
29.0634 	EXP 	rot_line_precue: ori = np.float64(122.22822281982523)
29.0715 	EXP 	rot_line_precue: ori = np.float64(122.60442184667444)
29.0808 	EXP 	rot_line_precue: ori = np.float64(122.94615662324397)
29.0886 	EXP 	rot_line_precue: ori = np.float64(123.2424529691088)
29.0971 	EXP 	rot_line_precue: ori = np.float64(123.5411707995332)
29.1054 	EXP 	rot_line_precue: ori = np.float64(123.95406129110295)
29.1136 	EXP 	rot_line_precue: ori = np.float64(124.48952297467375)
29.1243 	EXP 	rot_line_precue: ori = np.float64(124.82196137542728)
29.1324 	EXP 	rot_line_precue: ori = np.float64(125.14384324148934)
29.1389 	EXP 	rot_line_precue: ori = np.float64(125.5259222740667)
29.1466 	EXP 	rot_line_precue: ori = np.float64(125.85441566026755)
29.1552 	EXP 	rot_line_precue: ori = np.float64(126.25351818269584)
29.1633 	EXP 	rot_line_precue: ori = np.float64(126.78686998431274)
29.1716 	EXP 	rot_line_precue: ori = np.float64(127.31034024188159)
29.1799 	EXP 	rot_line_precue: ori = np.float64(127.9754171644493)
29.1883 	EXP 	rot_line_precue: ori = np.float64(128.27196230897508)
29.1969 	EXP 	rot_line_precue: ori = np.float64(128.7859567317509)
29.2053 	EXP 	rot_line_precue: ori = np.float64(129.4373174238403)
29.2136 	EXP 	rot_line_precue: ori = np.float64(129.79740714483424)
29.2219 	EXP 	rot_line_precue: ori = np.float64(130.53190698857003)
29.2304 	EXP 	rot_line_precue: ori = np.float64(131.0033767601255)
29.2384 	EXP 	rot_line_precue: ori = np.float64(131.2989623801722)
29.2473 	EXP 	rot_line_precue: ori = np.float64(131.69117917645636)
29.2550 	EXP 	rot_line_precue: ori = np.float64(131.9898412780846)
29.2635 	EXP 	rot_line_precue: ori = np.float64(132.37820977429644)
29.2719 	EXP 	rot_line_precue: ori = np.float64(132.7256019755093)
29.2806 	EXP 	rot_line_precue: ori = np.float64(133.2580793772116)
29.2896 	EXP 	rot_line_precue: ori = np.float64(133.5547943992935)
29.2976 	EXP 	rot_line_precue: ori = np.float64(133.98122643563838)
29.3056 	EXP 	rot_line_precue: ori = np.float64(134.30667924814182)
29.3135 	EXP 	rot_line_precue: ori = np.float64(134.79700618357137)
29.3224 	EXP 	rot_line_precue: ori = np.float64(135.27923758424924)
29.3330 	EXP 	rot_line_precue: ori = np.float64(135.74610002387226)
29.3403 	EXP 	rot_line_precue: ori = np.float64(136.46314581843416)
29.3467 	EXP 	rot_line_precue: ori = np.float64(136.9894936057638)
29.3550 	EXP 	rot_line_precue: ori = np.float64(137.74946490656134)
29.3633 	EXP 	rot_line_precue: ori = np.float64(138.04496999644775)
29.3719 	EXP 	rot_line_precue: ori = np.float64(138.42001274390768)
29.3803 	EXP 	rot_line_precue: ori = np.float64(138.91765436127403)
29.3888 	EXP 	rot_line_precue: ori = np.float64(139.26958838324074)
29.3970 	EXP 	rot_line_precue: ori = np.float64(139.59452804439746)
29.4051 	EXP 	rot_line_precue: ori = np.float64(139.92414454687915)
29.4132 	EXP 	rot_line_precue: ori = np.float64(140.22274297068063)
29.4217 	EXP 	rot_line_precue: ori = np.float64(140.5342711755904)
29.4301 	EXP 	rot_line_precue: ori = np.float64(140.90631017984242)
29.4383 	EXP 	rot_line_precue: ori = np.float64(141.25703165238346)
29.4469 	EXP 	rot_line_precue: ori = np.float64(141.68803909029972)
29.4552 	EXP 	rot_line_precue: ori = np.float64(142.00765508755197)
29.4633 	EXP 	rot_line_precue: ori = np.float64(142.32347105650587)
29.4726 	EXP 	rot_line_precue: ori = np.float64(142.66364734985527)
29.4809 	EXP 	rot_line_precue: ori = np.float64(143.1505078776057)
29.4883 	EXP 	rot_line_precue: ori = np.float64(143.49600839626697)
29.4969 	EXP 	rot_line_precue: ori = np.float64(143.91609796397697)
29.5050 	EXP 	rot_line_precue: ori = np.float64(144.2477225846816)
29.5134 	EXP 	rot_line_precue: ori = np.float64(144.69235935850313)
29.5216 	EXP 	rot_line_precue: ori = np.float64(145.03838346495937)
29.5300 	EXP 	rot_line_precue: ori = np.float64(145.47010018658574)
29.5382 	EXP 	rot_line_precue: ori = np.float64(145.76852450704445)
29.5470 	EXP 	rot_line_precue: ori = np.float64(146.0714604344977)
29.5553 	EXP 	rot_line_precue: ori = np.float64(146.4416092002675)
29.5634 	EXP 	rot_line_precue: ori = np.float64(146.96423495782466)
29.5721 	EXP 	rot_line_precue: ori = np.float64(147.28768796878953)
29.5801 	EXP 	rot_line_precue: ori = np.float64(147.63876284785093)
29.5883 	EXP 	rot_line_precue: ori = np.float64(147.9981948152485)
29.5965 	EXP 	rot_line_precue: ori = np.float64(148.78003103294213)
29.6052 	EXP 	rot_line_precue: ori = np.float64(149.09257101236423)
29.6134 	EXP 	rot_line_precue: ori = np.float64(149.65366781572402)
29.6216 	EXP 	rot_line_precue: ori = np.float64(149.99466188115304)
29.6303 	EXP 	rot_line_precue: ori = np.float64(150.36354409623806)
29.6385 	EXP 	rot_line_precue: ori = np.float64(150.69710376862585)
29.6468 	EXP 	rot_line_precue: ori = np.float64(150.996673483008)
29.6552 	EXP 	rot_line_precue: ori = np.float64(151.62819090226932)
29.6634 	EXP 	rot_line_precue: ori = np.float64(152.085865876157)
29.6716 	EXP 	rot_line_precue: ori = np.float64(152.46726900331987)
29.6802 	EXP 	rot_line_precue: ori = np.float64(152.8141507754983)
29.6883 	EXP 	rot_line_precue: ori = np.float64(153.3671470685037)
29.6965 	EXP 	rot_line_precue: ori = np.float64(153.7918401343616)
29.7048 	EXP 	rot_line_precue: ori = np.float64(154.47369173726142)
29.7133 	EXP 	rot_line_precue: ori = np.float64(154.85707216318488)
29.7218 	EXP 	rot_line_precue: ori = np.float64(155.247012638511)
29.7303 	EXP 	rot_line_precue: ori = np.float64(155.55417508739035)
29.7386 	EXP 	rot_line_precue: ori = np.float64(155.87844197021053)
29.7468 	EXP 	rot_line_precue: ori = np.float64(156.36181292627415)
29.7548 	EXP 	rot_line_precue: ori = np.float64(157.04658561856772)
29.7634 	EXP 	rot_line_precue: ori = np.float64(157.36072634349378)
29.7717 	EXP 	rot_line_precue: ori = np.float64(157.70282989441506)
29.7800 	EXP 	rot_line_precue: ori = np.float64(158.022710664525)
29.7884 	EXP 	rot_line_precue: ori = np.float64(158.48606167276174)
29.7968 	EXP 	rot_line_precue: ori = np.float64(158.78454855581526)
29.8054 	EXP 	rot_line_precue: ori = np.float64(159.1289767722924)
29.8137 	EXP 	rot_line_precue: ori = np.float64(159.47159521796695)
29.8220 	EXP 	rot_line_precue: ori = np.float64(159.92335171272845)
29.8300 	EXP 	rot_line_precue: ori = np.float64(160.2354680619254)
29.8385 	EXP 	rot_line_precue: ori = np.float64(160.74036809390506)
29.8473 	EXP 	rot_line_precue: ori = np.float64(161.2379268777937)
29.8551 	EXP 	rot_line_precue: ori = np.float64(161.56571363683915)
29.8635 	EXP 	rot_line_precue: ori = np.float64(161.92776611903327)
29.8717 	EXP 	rot_line_precue: ori = np.float64(162.3109291427919)
29.8800 	EXP 	rot_line_precue: ori = np.float64(162.6728179464843)
29.8885 	EXP 	rot_line_precue: ori = np.float64(162.96952703169958)
29.8969 	EXP 	rot_line_precue: ori = np.float64(163.2937933257634)
29.9052 	EXP 	rot_line_precue: ori = np.float64(163.64671980335044)
29.9137 	EXP 	rot_line_precue: ori = np.float64(164.141162275819)
29.9219 	EXP 	rot_line_precue: ori = np.float64(164.7765831984615)
29.9300 	EXP 	rot_line_precue: ori = np.float64(165.27582512180956)
29.9382 	EXP 	rot_line_precue: ori = np.float64(165.5881574207388)
29.9467 	EXP 	rot_line_precue: ori = np.float64(165.94306406882535)
29.9550 	EXP 	rot_line_precue: ori = np.float64(166.53178453665538)
29.9632 	EXP 	rot_line_precue: ori = np.float64(166.83848246574365)
29.9719 	EXP 	rot_line_precue: ori = np.float64(167.3116775317102)
29.9802 	EXP 	rot_line_precue: ori = np.float64(167.6646887657652)
29.9884 	EXP 	rot_line_precue: ori = np.float64(167.96397698754706)
29.9976 	EXP 	rot_line_precue: ori = np.float64(168.28659520634102)
30.0051 	EXP 	rot_line_precue: ori = np.float64(168.81768546757428)
30.0133 	EXP 	rot_line_precue: ori = np.float64(169.13807737517942)
30.0215 	EXP 	rot_line_precue: ori = np.float64(169.4504225842811)
30.0300 	EXP 	rot_line_precue: ori = np.float64(169.95089973821518)
30.0382 	EXP 	rot_line_precue: ori = np.float64(170.3838286295782)
30.0464 	EXP 	rot_line_precue: ori = np.float64(171.00073427441828)
30.0549 	EXP 	rot_line_precue: ori = np.float64(171.37831797718698)
30.0634 	EXP 	rot_line_precue: ori = np.float64(171.74303218313327)
30.0720 	EXP 	rot_line_precue: ori = np.float64(172.0499239762374)
30.0801 	EXP 	rot_line_precue: ori = np.float64(172.3620536277182)
30.0885 	EXP 	rot_line_precue: ori = np.float64(172.6639067598106)
30.0966 	EXP 	rot_line_precue: ori = np.float64(172.96845293648053)
30.1051 	EXP 	rot_line_precue: ori = np.float64(173.32043805059192)
30.1133 	EXP 	rot_line_precue: ori = np.float64(173.6667526372603)
30.1217 	EXP 	rot_line_precue: ori = np.float64(174.0093601727155)
30.1301 	EXP 	rot_line_precue: ori = np.float64(174.33237584389852)
30.1385 	EXP 	rot_line_precue: ori = np.float64(174.71148438778545)
30.1468 	EXP 	rot_line_precue: ori = np.float64(175.04825818515295)
30.1553 	EXP 	rot_line_precue: ori = np.float64(175.4657860477703)
30.1635 	EXP 	rot_line_precue: ori = np.float64(175.7914239208966)
30.1717 	EXP 	rot_line_precue: ori = np.float64(176.10840863478603)
30.1801 	EXP 	rot_line_precue: ori = np.float64(176.43331545565738)
30.1894 	EXP 	rot_line_precue: ori = np.float64(176.7952815841174)
30.1983 	EXP 	rot_line_precue: ori = np.float64(177.4188626524543)
30.2061 	EXP 	rot_line_precue: ori = np.float64(177.81666074307674)
30.2134 	EXP 	rot_line_precue: ori = np.float64(178.15644828383418)
30.2216 	EXP 	rot_line_precue: ori = np.float64(178.8906647980862)
30.2299 	EXP 	rot_line_precue: ori = np.float64(179.20593599878165)
30.2386 	EXP 	rot_line_precue: ori = np.float64(179.54643501501073)
30.2468 	EXP 	rot_line_precue: ori = np.float64(179.84537132283538)
30.2553 	EXP 	rot_line_precue: ori = np.float64(180.14408877570673)
30.2635 	EXP 	rot_line_precue: ori = np.float64(180.47927882989313)
30.2722 	EXP 	rot_line_precue: ori = np.float64(181.01398730822854)
30.2799 	EXP 	rot_line_precue: ori = np.float64(181.5688001647531)
30.2886 	EXP 	rot_line_precue: ori = np.float64(181.9207485569922)
30.2968 	EXP 	rot_line_precue: ori = np.float64(182.26163552557557)
30.3049 	EXP 	rot_line_precue: ori = np.float64(182.75440346697164)
30.3135 	EXP 	rot_line_precue: ori = np.float64(183.4325343779112)
30.3217 	EXP 	rot_line_precue: ori = np.float64(184.1405999353884)
30.3300 	EXP 	rot_line_precue: ori = np.float64(184.53723408715385)
30.3389 	EXP 	rot_line_precue: ori = np.float64(184.84284897655837)
30.3470 	EXP 	rot_line_precue: ori = np.float64(185.1665451147612)
30.3555 	EXP 	rot_line_precue: ori = np.float64(185.8093449537592)
30.3643 	EXP 	rot_line_precue: ori = np.float64(186.14933240804757)
30.3726 	EXP 	rot_line_precue: ori = np.float64(186.56018814223216)
30.3808 	EXP 	rot_line_precue: ori = np.float64(186.98261702730474)
30.3886 	EXP 	rot_line_precue: ori = np.float64(187.3544493047234)
30.3976 	EXP 	rot_line_precue: ori = np.float64(187.68486629277942)
30.4058 	EXP 	rot_line_precue: ori = np.float64(188.14693898935195)
30.4136 	EXP 	rot_line_precue: ori = np.float64(188.74344832441713)
30.4225 	EXP 	rot_line_precue: ori = np.float64(189.22710018638992)
30.4306 	EXP 	rot_line_precue: ori = np.float64(189.5237969274404)
30.4387 	EXP 	rot_line_precue: ori = np.float64(189.8214942618298)
30.4468 	EXP 	rot_line_precue: ori = np.float64(190.3005179307903)
30.4550 	EXP 	rot_line_precue: ori = np.float64(190.63506634818106)
30.4632 	EXP 	rot_line_precue: ori = np.float64(190.97158009806327)
30.4719 	EXP 	rot_line_precue: ori = np.float64(191.5162919431765)
30.4727 	EXP 	New trial (rep=8, index=13): <Trial 13 (13 in rep 8) data={'pic_name': 'pics/none.JPG', 'class_mi': 'rest', 'thisN': 13, 'thisTrialN': 13, 'thisRepN': 8}>
30.4800 	EXP 	hor_line_precue: autoDraw = False
30.4800 	EXP 	ver_line_precue: autoDraw = False
30.4800 	EXP 	rot_line_precue: autoDraw = False
30.4800 	EXP 	rot_line_precue: ori = np.float64(192.0347129323504)
30.4800 	EXP 	hor_line_precue: autoDraw = False
30.4800 	EXP 	ver_line_precue: autoDraw = False
30.4800 	EXP 	rot_line_precue: autoDraw = False
30.4800 	EXP 	hor_line_precue: autoDraw = True
30.4800 	EXP 	ver_line_precue: autoDraw = True
30.4800 	EXP 	rot_line_precue: autoDraw = True
30.4800 	EXP 	rot_line_precue: ori = np.float64(192.4101612523858)
30.4882 	EXP 	rot_line_precue: ori = np.float64(193.041187078846)
30.4966 	EXP 	rot_line_precue: ori = np.float64(193.37100790823072)
30.5049 	EXP 	rot_line_precue: ori = np.float64(194.0951946246956)
30.5133 	EXP 	rot_line_precue: ori = np.float64(194.40725014041845)
30.5219 	EXP 	rot_line_precue: ori = np.float64(194.75769798281814)
30.5302 	EXP 	rot_line_precue: ori = np.float64(195.1046590583729)
30.5384 	EXP 	rot_line_precue: ori = np.float64(195.41447780310676)
30.5469 	EXP 	rot_line_precue: ori = np.float64(195.89519751628765)
30.5552 	EXP 	rot_line_precue: ori = np.float64(196.46064373928277)
30.5633 	EXP 	rot_line_precue: ori = np.float64(196.79004750785106)
30.5722 	EXP 	rot_line_precue: ori = np.float64(197.38959960969842)
30.5804 	EXP 	rot_line_precue: ori = np.float64(197.78261620302257)
30.5890 	EXP 	rot_line_precue: ori = np.float64(198.15746037469185)
30.5971 	EXP 	rot_line_precue: ori = np.float64(198.47076557749932)
30.6056 	EXP 	rot_line_precue: ori = np.float64(198.76649942143294)
30.6135 	EXP 	rot_line_precue: ori = np.float64(199.19442158642138)
30.6220 	EXP 	rot_line_precue: ori = np.float64(199.58953713684522)
30.6302 	EXP 	rot_line_precue: ori = np.float64(199.96503804256758)
30.6384 	EXP 	rot_line_precue: ori = np.float64(200.34653271011527)
30.6465 	EXP 	rot_line_precue: ori = np.float64(200.66089432023668)
30.6558 	EXP 	rot_line_precue: ori = np.float64(201.04018567698378)
30.6635 	EXP 	rot_line_precue: ori = np.float64(201.44405216998217)
30.6716 	EXP 	rot_line_precue: ori = np.float64(201.80445050306605)
30.6799 	EXP 	rot_line_precue: ori = np.float64(202.1304474258386)
30.6883 	EXP 	rot_line_precue: ori = np.float64(202.45780711927202)
30.6966 	EXP 	rot_line_precue: ori = np.float64(202.80595996881084)
30.7053 	EXP 	rot_line_precue: ori = np.float64(203.1079067580993)
30.7137 	EXP 	rot_line_precue: ori = np.float64(203.403622316197)
30.7222 	EXP 	rot_line_precue: ori = np.float64(203.70434256520105)
30.7303 	EXP 	rot_line_precue: ori = np.float64(204.1248975988923)
30.7390 	EXP 	rot_line_precue: ori = np.float64(204.49916097684795)
30.7466 	EXP 	rot_line_precue: ori = np.float64(204.90417618947205)
30.7551 	EXP 	rot_line_precue: ori = np.float64(205.67010169728496)
30.7636 	EXP 	rot_line_precue: ori = np.float64(205.97105468225854)
30.7719 	EXP 	rot_line_precue: ori = np.float64(206.72752243739868)
30.7804 	EXP 	rot_line_precue: ori = np.float64(207.0830034513478)
30.7888 	EXP 	rot_line_precue: ori = np.float64(207.61192645998165)
30.7968 	EXP 	rot_line_precue: ori = np.float64(208.30371347465305)
30.8049 	EXP 	rot_line_precue: ori = np.float64(208.81626449467478)
30.8135 	EXP 	rot_line_precue: ori = np.float64(209.11807857782034)
30.8217 	EXP 	rot_line_precue: ori = np.float64(209.47205847490503)
30.8299 	EXP 	rot_line_precue: ori = np.float64(209.93475888634913)
30.8384 	EXP 	rot_line_precue: ori = np.float64(210.23761881797697)
30.8467 	EXP 	rot_line_precue: ori = np.float64(210.75908783494774)
30.8550 	EXP 	rot_line_precue: ori = np.float64(211.3995855327273)
30.8631 	EXP 	rot_line_precue: ori = np.float64(211.7308769863012)
30.8719 	EXP 	rot_line_precue: ori = np.float64(212.07232288795663)
30.8801 	EXP 	rot_line_precue: ori = np.float64(212.38297600083195)
30.8888 	EXP 	rot_line_precue: ori = np.float64(212.995836088478)
30.8971 	EXP 	rot_line_precue: ori = np.float64(213.30329786959035)
30.9051 	EXP 	rot_line_precue: ori = np.float64(213.99119553412743)
30.9132 	EXP 	rot_line_precue: ori = np.float64(214.32201944782764)
30.9218 	EXP 	rot_line_precue: ori = np.float64(214.64510451328263)
30.9300 	EXP 	rot_line_precue: ori = np.float64(215.1118814608891)
30.9387 	EXP 	rot_line_precue: ori = np.float64(215.41080311714583)
30.9470 	EXP 	rot_line_precue: ori = np.float64(215.99334133886092)
30.9552 	EXP 	rot_line_precue: ori = np.float64(216.50068085994766)
30.9645 	EXP 	rot_line_precue: ori = np.float64(217.23954511470038)
30.9717 	EXP 	rot_line_precue: ori = np.float64(217.56464815731474)
30.9800 	EXP 	rot_line_precue: ori = np.float64(217.87380875458436)
30.9882 	EXP 	rot_line_precue: ori = np.float64(218.49310661554208)
30.9969 	EXP 	rot_line_precue: ori = np.float64(218.838444922226)
31.0050 	EXP 	rot_line_precue: ori = np.float64(219.40274721884677)
31.0133 	EXP 	rot_line_precue: ori = np.float64(219.81833740795915)
31.0215 	EXP 	rot_line_precue: ori = np.float64(220.21943099384268)
31.0299 	EXP 	rot_line_precue: ori = np.float64(220.52431606953184)
31.0383 	EXP 	rot_line_precue: ori = np.float64(220.83437626103043)
31.0469 	EXP 	rot_line_precue: ori = np.float64(221.30154437247802)
31.0552 	EXP 	rot_line_precue: ori = np.float64(221.6923462156717)
31.0639 	EXP 	rot_line_precue: ori = np.float64(222.09470551781197)
31.0721 	EXP 	rot_line_precue: ori = np.float64(222.40526675257928)
31.0802 	EXP 	rot_line_precue: ori = np.float64(222.77578177074452)
31.0883 	EXP 	rot_line_precue: ori = np.float64(223.1073098344138)
31.0966 	EXP 	rot_line_precue: ori = np.float64(223.6371530255059)
31.1053 	EXP 	rot_line_precue: ori = np.float64(224.01083263171057)
31.1135 	EXP 	rot_line_precue: ori = np.float64(224.47917209059563)
31.1220 	EXP 	rot_line_precue: ori = np.float64(224.9743151069573)
31.1303 	EXP 	rot_line_precue: ori = np.float64(225.41437779528528)
31.1385 	EXP 	rot_line_precue: ori = np.float64(225.8371177120016)
31.1465 	EXP 	rot_line_precue: ori = np.float64(226.1446525978011)
31.1552 	EXP 	rot_line_precue: ori = np.float64(226.46340160245094)
31.1635 	EXP 	rot_line_precue: ori = np.float64(226.76689499020512)
31.1718 	EXP 	rot_line_precue: ori = np.float64(227.169513060208)
31.1801 	EXP 	rot_line_precue: ori = np.float64(227.70787956743263)
31.1883 	EXP 	rot_line_precue: ori = np.float64(228.0119160519669)
31.1966 	EXP 	rot_line_precue: ori = np.float64(228.32775877732263)
31.2052 	EXP 	rot_line_precue: ori = np.float64(228.81178334458266)
31.2136 	EXP 	rot_line_precue: ori = np.float64(229.16054621059556)
31.2217 	EXP 	rot_line_precue: ori = np.float64(229.51436900993946)
31.2303 	EXP 	rot_line_precue: ori = np.float64(229.86025977749335)
31.2386 	EXP 	rot_line_precue: ori = np.float64(230.2992145246503)
31.2468 	EXP 	rot_line_precue: ori = np.float64(230.60338766295658)
31.2552 	EXP 	rot_line_precue: ori = np.float64(230.95529650638306)
31.2640 	EXP 	rot_line_precue: ori = np.float64(231.66346961304907)
31.2724 	EXP 	rot_line_precue: ori = np.float64(231.9670306196701)
31.2804 	EXP 	rot_line_precue: ori = np.float64(232.28107250164254)
31.2886 	EXP 	rot_line_precue: ori = np.float64(232.66503360182583)
31.2969 	EXP 	rot_line_precue: ori = np.float64(232.9776313890011)
31.3057 	EXP 	rot_line_precue: ori = np.float64(233.37444638118797)
31.3140 	EXP 	rot_line_precue: ori = np.float64(234.0325775732878)
31.3217 	EXP 	rot_line_precue: ori = np.float64(234.46799530298838)
31.3300 	EXP 	rot_line_precue: ori = np.float64(234.83693954616874)
31.3385 	EXP 	rot_line_precue: ori = np.float64(235.1483073729384)
31.3467 	EXP 	rot_line_precue: ori = np.float64(235.48051959194657)
31.3549 	EXP 	rot_line_precue: ori = np.float64(235.91103267430208)
31.3636 	EXP 	rot_line_precue: ori = np.float64(236.66764978386124)
31.3718 	EXP 	rot_line_precue: ori = np.float64(237.13700448964804)
31.3800 	EXP 	rot_line_precue: ori = np.float64(237.56402631246655)
31.3893 	EXP 	rot_line_precue: ori = np.float64(237.91522804222916)
31.3971 	EXP 	rot_line_precue: ori = np.float64(238.2484501256911)
31.4055 	EXP 	rot_line_precue: ori = np.float64(238.57293622148367)
31.4139 	EXP 	rot_line_precue: ori = np.float64(239.31925065672726)
31.4226 	EXP 	rot_line_precue: ori = np.float64(239.6267261205371)
31.4302 	EXP 	rot_line_precue: ori = np.float64(239.97042430720293)
31.4387 	EXP 	rot_line_precue: ori = np.float64(240.26913511399584)
31.4477 	EXP 	rot_line_precue: ori = np.float64(240.7143780939994)
31.4558 	EXP 	rot_line_precue: ori = np.float64(241.0791477135995)
31.4645 	EXP 	rot_line_precue: ori = np.float64(241.46522173133278)
31.4720 	EXP 	rot_line_precue: ori = np.float64(241.77837730685866)
31.4802 	EXP 	rot_line_precue: ori = np.float64(242.07415064861456)
31.4886 	EXP 	rot_line_precue: ori = np.float64(242.78282556684994)
31.4968 	EXP 	rot_line_precue: ori = np.float64(243.09600616165997)
31.5051 	EXP 	rot_line_precue: ori = np.float64(243.49320909284114)
31.5137 	EXP 	rot_line_precue: ori = np.float64(244.11631842060476)
31.5219 	EXP 	rot_line_precue: ori = np.float64(244.49019192762802)
31.5300 	EXP 	rot_line_precue: ori = np.float64(244.9074534812882)
31.5384 	EXP 	rot_line_precue: ori = np.float64(245.21012773299393)
31.5465 	EXP 	rot_line_precue: ori = np.float64(245.64786592077752)
31.5550 	EXP 	rot_line_precue: ori = np.float64(246.08621541960989)
31.5633 	EXP 	rot_line_precue: ori = np.float64(246.4251801198105)
31.5720 	EXP 	rot_line_precue: ori = np.float64(246.74556328394138)
31.5803 	EXP 	rot_line_precue: ori = np.float64(247.04882122880485)
31.5885 	EXP 	rot_line_precue: ori = np.float64(247.35794959392175)
31.5970 	EXP 	rot_line_precue: ori = np.float64(247.66983519119248)
31.6053 	EXP 	rot_line_precue: ori = np.float64(247.97873668586865)
31.6134 	EXP 	rot_line_precue: ori = np.float64(248.5479654086736)
31.6220 	EXP 	rot_line_precue: ori = np.float64(248.88655586173599)
31.6308 	EXP 	rot_line_precue: ori = np.float64(249.30492904692093)
31.6385 	EXP 	rot_line_precue: ori = np.float64(249.65163741149766)
31.6471 	EXP 	rot_line_precue: ori = np.float64(250.12596226186747)
31.6554 	EXP 	rot_line_precue: ori = np.float64(250.74456166215643)
31.6635 	EXP 	rot_line_precue: ori = np.float64(251.14578311034808)
31.6716 	EXP 	rot_line_precue: ori = np.float64(251.5431679646302)
31.6802 	EXP 	rot_line_precue: ori = np.float64(252.31599525974445)
31.6884 	EXP 	rot_line_precue: ori = np.float64(252.7921283242911)
31.6967 	EXP 	rot_line_precue: ori = np.float64(253.39305425207573)
31.7052 	EXP 	rot_line_precue: ori = np.float64(253.71872089559244)
31.7140 	EXP 	rot_line_precue: ori = np.float64(254.02751552504176)
31.7216 	EXP 	rot_line_precue: ori = np.float64(254.45548018536215)
31.7299 	EXP 	rot_line_precue: ori = np.float64(254.78314840049944)
31.7383 	EXP 	rot_line_precue: ori = np.float64(255.58185780734286)
31.7472 	EXP 	rot_line_precue: ori = np.float64(255.88319001064826)
31.7556 	EXP 	rot_line_precue: ori = np.float64(256.55021484299124)
31.7636 	EXP 	rot_line_precue: ori = np.float64(256.9215483134526)
31.7718 	EXP 	rot_line_precue: ori = np.float64(257.3501677123935)
31.7802 	EXP 	rot_line_precue: ori = np.float64(257.7380469985182)
31.7884 	EXP 	rot_line_precue: ori = np.float64(258.11290287428335)
31.7967 	EXP 	rot_line_precue: ori = np.float64(258.44570198719794)
31.8054 	EXP 	rot_line_precue: ori = np.float64(258.87926706477384)
31.8136 	EXP 	rot_line_precue: ori = np.float64(259.2532339552797)
31.8219 	EXP 	rot_line_precue: ori = np.float64(259.59001600544076)
31.8305 	EXP 	rot_line_precue: ori = np.float64(259.99455264058446)
31.8385 	EXP 	rot_line_precue: ori = np.float64(260.4772507897393)
31.8468 	EXP 	rot_line_precue: ori = np.float64(261.19894433546284)
31.8549 	EXP 	rot_line_precue: ori = np.float64(261.78401227430135)
31.8635 	EXP 	rot_line_precue: ori = np.float64(262.0989731471975)
31.8718 	EXP 	rot_line_precue: ori = np.float64(262.50341674200786)
31.8799 	EXP 	rot_line_precue: ori = np.float64(262.8787607142399)
31.8884 	EXP 	rot_line_precue: ori = np.float64(263.18236253848045)
31.8966 	EXP 	rot_line_precue: ori = np.float64(263.53057498691396)
31.9049 	EXP 	rot_line_precue: ori = np.float64(264.02937406921484)
31.9135 	EXP 	rot_line_precue: ori = np.float64(264.3686902757932)
31.9219 	EXP 	rot_line_precue: ori = np.float64(264.8303957879287)
31.9305 	EXP 	rot_line_precue: ori = np.float64(265.24492127748636)
31.9387 	EXP 	rot_line_precue: ori = np.float64(265.55737370484576)
31.9468 	EXP 	rot_line_precue: ori = np.float64(265.862342820448)
31.9551 	EXP 	rot_line_precue: ori = np.float64(266.2356041116916)
31.9635 	EXP 	rot_line_precue: ori = np.float64(266.9704779149106)
31.9719 	EXP 	rot_line_precue: ori = np.float64(267.34688131764136)
31.9802 	EXP 	rot_line_precue: ori = np.float64(267.7122320836507)
31.9888 	EXP 	rot_line_precue: ori = np.float64(268.1054953331399)
31.9969 	EXP 	rot_line_precue: ori = np.float64(268.4050731973706)
32.0052 	EXP 	rot_line_precue: ori = np.float64(268.898054315354)
32.0132 	EXP 	rot_line_precue: ori = np.float64(269.25673757282703)
32.0218 	EXP 	rot_line_precue: ori = np.float64(269.8190917709709)
32.0300 	EXP 	rot_line_precue: ori = np.float64(270.1319561272272)
32.0383 	EXP 	rot_line_precue: ori = np.float64(270.5071557793538)
32.0469 	EXP 	rot_line_precue: ori = np.float64(271.05652505579445)
32.0550 	EXP 	rot_line_precue: ori = np.float64(271.3572920121316)
32.0633 	EXP 	rot_line_precue: ori = np.float64(271.66322432362847)
32.0715 	EXP 	rot_line_precue: ori = np.float64(271.98197672517756)
32.0801 	EXP 	rot_line_precue: ori = np.float64(272.34537073139643)
32.0884 	EXP 	rot_line_precue: ori = np.float64(272.64182816914234)
32.0970 	EXP 	rot_line_precue: ori = np.float64(272.96244507165017)
32.1053 	EXP 	rot_line_precue: ori = np.float64(273.2898929056817)
32.1139 	EXP 	rot_line_precue: ori = np.float64(274.06365682341345)
32.1223 	EXP 	rot_line_precue: ori = np.float64(274.3972582476146)
32.1303 	EXP 	rot_line_precue: ori = np.float64(274.73031092465874)
32.1384 	EXP 	rot_line_precue: ori = np.float64(275.3742906406084)
32.1466 	EXP 	rot_line_precue: ori = np.float64(275.75550250021536)
32.1550 	EXP 	rot_line_precue: ori = np.float64(276.134380797837)
32.1635 	EXP 	rot_line_precue: ori = np.float64(276.7980412486302)
32.1722 	EXP 	rot_line_precue: ori = np.float64(277.4272906386007)
32.1803 	EXP 	rot_line_precue: ori = np.float64(277.92109095249896)
32.1886 	EXP 	rot_line_precue: ori = np.float64(278.3564127413741)
32.1973 	EXP 	rot_line_precue: ori = np.float64(278.7489545733663)
32.2051 	EXP 	rot_line_precue: ori = np.float64(279.1305699724201)
32.2134 	EXP 	rot_line_precue: ori = np.float64(279.44167329671143)
32.2217 	EXP 	rot_line_precue: ori = np.float64(279.7525039523168)
32.2304 	EXP 	rot_line_precue: ori = np.float64(280.05643843013326)
32.2383 	EXP 	rot_line_precue: ori = np.float64(280.6817633288682)
32.2465 	EXP 	rot_line_precue: ori = np.float64(281.298057130372)
32.2551 	EXP 	rot_line_precue: ori = np.float64(281.6662556390177)
32.2633 	EXP 	rot_line_precue: ori = np.float64(281.9980034885703)
32.2720 	EXP 	rot_line_precue: ori = np.float64(282.48829575356376)
32.2803 	EXP 	rot_line_precue: ori = np.float64(283.02924072660073)
32.2885 	EXP 	rot_line_precue: ori = np.float64(283.3918167748944)
32.2969 	EXP 	rot_line_precue: ori = np.float64(283.91510618202796)
32.3055 	EXP 	rot_line_precue: ori = np.float64(284.3966382965008)
32.3134 	EXP 	rot_line_precue: ori = np.float64(285.11939485936045)
32.3218 	EXP 	rot_line_precue: ori = np.float64(285.42063294480965)
32.3298 	EXP 	rot_line_precue: ori = np.float64(285.76336030465853)
32.3386 	EXP 	rot_line_precue: ori = np.float64(286.23905856179357)
32.3469 	EXP 	rot_line_precue: ori = np.float64(286.564752894542)
32.3554 	EXP 	rot_line_precue: ori = np.float64(286.9137984061181)
32.3639 	EXP 	rot_line_precue: ori = np.float64(287.25867959790145)
32.3718 	EXP 	rot_line_precue: ori = np.float64(287.62658923141396)
32.3804 	EXP 	rot_line_precue: ori = np.float64(287.9342536603429)
32.3884 	EXP 	rot_line_precue: ori = np.float64(288.24116664997933)
32.3969 	EXP 	rot_line_precue: ori = np.float64(288.6354668672569)
32.4050 	EXP 	rot_line_precue: ori = np.float64(289.03173981851484)
32.4135 	EXP 	rot_line_precue: ori = np.float64(289.33449689754)
32.4217 	EXP 	rot_line_precue: ori = np.float64(289.6367811516223)
32.4305 	EXP 	rot_line_precue: ori = np.float64(289.9347233826568)
32.4385 	EXP 	rot_line_precue: ori = np.float64(290.25586179297966)
32.4467 	EXP 	rot_line_precue: ori = np.float64(290.60926701545077)
32.4549 	EXP 	rot_line_precue: ori = np.float64(290.91828672530715)
32.4636 	EXP 	rot_line_precue: ori = np.float64(291.37090037385394)
32.4646 	EXP 	New trial (rep=4, index=14): <Trial 14 (14 in rep 4) data={'pic_name': 'pics/left_hand.JPG', 'class_mi': 'left_hand', 'thisN': 14, 'thisTrialN': 14, 'thisRepN': 4}>
32.4721 	EXP 	hor_line_precue: autoDraw = False
32.4721 	EXP 	ver_line_precue: autoDraw = False
32.4721 	EXP 	rot_line_precue: autoDraw = False
32.4721 	EXP 	rot_line_precue: ori = np.float64(292.1569950070885)
32.4721 	EXP 	hor_line_precue: autoDraw = False
32.4721 	EXP 	ver_line_precue: autoDraw = False
32.4721 	EXP 	rot_line_precue: autoDraw = False
32.4721 	EXP 	hor_line_precue: autoDraw = True
32.4721 	EXP 	ver_line_precue: autoDraw = True
32.4721 	EXP 	rot_line_precue: autoDraw = True
32.4721 	EXP 	rot_line_precue: ori = np.float64(292.5721052402497)
32.4802 	EXP 	rot_line_precue: ori = np.float64(292.9991826828587)
32.4888 	EXP 	rot_line_precue: ori = np.float64(293.3880777894524)
32.4970 	EXP 	rot_line_precue: ori = np.float64(293.7028648552416)
32.5052 	EXP 	rot_line_precue: ori = np.float64(294.17323106905377)
32.5137 	EXP 	rot_line_precue: ori = np.float64(294.75397938370185)
32.5221 	EXP 	rot_line_precue: ori = np.float64(295.0781512366859)
32.5302 	EXP 	rot_line_precue: ori = np.float64(295.52748053966627)
32.5387 	EXP 	rot_line_precue: ori = np.float64(295.84430870730296)
32.5468 	EXP 	rot_line_precue: ori = np.float64(296.1716716157381)
32.5557 	EXP 	rot_line_precue: ori = np.float64(296.7024501723236)
32.5633 	EXP 	rot_line_precue: ori = np.float64(297.03224000080644)
32.5719 	EXP 	rot_line_precue: ori = np.float64(297.4279197212182)
32.5800 	EXP 	rot_line_precue: ori = np.float64(297.7718502667593)
32.5884 	EXP 	rot_line_precue: ori = np.float64(298.2263043767907)
32.5967 	EXP 	rot_line_precue: ori = np.float64(298.5705324630486)
32.6050 	EXP 	rot_line_precue: ori = np.float64(298.9188924484366)
32.6133 	EXP 	rot_line_precue: ori = np.float64(299.679899052514)
32.6216 	EXP 	rot_line_precue: ori = np.float64(300.01467467654794)
32.6301 	EXP 	rot_line_precue: ori = np.float64(300.33312849979484)
32.6390 	EXP 	rot_line_precue: ori = np.float64(300.6331236317257)
32.6473 	EXP 	rot_line_precue: ori = np.float64(301.0842831506633)
32.6554 	EXP 	rot_line_precue: ori = np.float64(301.4303728060069)
32.6639 	EXP 	rot_line_precue: ori = np.float64(301.7562949652871)
32.6720 	EXP 	rot_line_precue: ori = np.float64(302.48759732747806)
32.6807 	EXP 	rot_line_precue: ori = np.float64(302.8227082637629)
32.6898 	EXP 	rot_line_precue: ori = np.float64(303.1424864447193)
32.6972 	EXP 	rot_line_precue: ori = np.float64(303.55636996638856)
32.7054 	EXP 	rot_line_precue: ori = np.float64(304.029687819876)
32.7136 	EXP 	rot_line_precue: ori = np.float64(304.3423742468735)
32.7216 	EXP 	rot_line_precue: ori = np.float64(304.72055994614607)
32.7301 	EXP 	rot_line_precue: ori = np.float64(305.0591866904144)
32.7384 	EXP 	rot_line_precue: ori = np.float64(305.4813233141516)
32.7467 	EXP 	rot_line_precue: ori = np.float64(305.99629959480075)
32.7552 	EXP 	rot_line_precue: ori = np.float64(306.3429833671036)
32.7633 	EXP 	rot_line_precue: ori = np.float64(306.6419305078871)
32.7715 	EXP 	rot_line_precue: ori = np.float64(306.94454838655787)
32.7798 	EXP 	rot_line_precue: ori = np.float64(307.34055438045806)
32.7884 	EXP 	rot_line_precue: ori = np.float64(307.8336529761979)
32.7966 	EXP 	rot_line_precue: ori = np.float64(308.34474809195007)
32.8048 	EXP 	rot_line_precue: ori = np.float64(309.0066344622139)
32.8133 	EXP 	rot_line_precue: ori = np.float64(309.3567699077397)
32.8221 	EXP 	rot_line_precue: ori = np.float64(309.77209799846116)
32.8306 	EXP 	rot_line_precue: ori = np.float64(310.0892953592036)
32.8388 	EXP 	rot_line_precue: ori = np.float64(310.5505962717416)
32.8468 	EXP 	rot_line_precue: ori = np.float64(310.8618374420992)
32.8553 	EXP 	rot_line_precue: ori = np.float64(311.1588548695663)
32.8634 	EXP 	rot_line_precue: ori = np.float64(311.55961756853935)
32.8724 	EXP 	rot_line_precue: ori = np.float64(311.8585191782142)
32.8812 	EXP 	rot_line_precue: ori = np.float64(312.27702388323405)
32.8893 	EXP 	rot_line_precue: ori = np.float64(312.7914988325951)
32.8969 	EXP 	rot_line_precue: ori = np.float64(313.1532020164036)
32.9056 	EXP 	rot_line_precue: ori = np.float64(313.48241976529005)
32.9135 	EXP 	rot_line_precue: ori = np.float64(313.79172961195695)
32.9224 	EXP 	rot_line_precue: ori = np.float64(314.14684715978046)
32.9300 	EXP 	rot_line_precue: ori = np.float64(314.5962990239509)
32.9385 	EXP 	rot_line_precue: ori = np.float64(314.91671804651793)
32.9468 	EXP 	rot_line_precue: ori = np.float64(315.35577601536056)
32.9549 	EXP 	rot_line_precue: ori = np.float64(315.705161301428)
32.9634 	EXP 	rot_line_precue: ori = np.float64(316.1013810735412)
32.9717 	EXP 	rot_line_precue: ori = np.float64(316.3979114804964)
32.9800 	EXP 	rot_line_precue: ori = np.float64(316.7097320670096)
32.9882 	EXP 	rot_line_precue: ori = np.float64(317.0591166518246)
32.9967 	EXP 	rot_line_precue: ori = np.float64(317.3736963260398)
33.0051 	EXP 	rot_line_precue: ori = np.float64(317.88163559179543)
33.0138 	EXP 	rot_line_precue: ori = np.float64(318.2383371098539)
33.0220 	EXP 	rot_line_precue: ori = np.float64(318.57964531918185)
33.0303 	EXP 	rot_line_precue: ori = np.float64(319.00839268777355)
33.0387 	EXP 	rot_line_precue: ori = np.float64(319.73419390198904)
33.0470 	EXP 	rot_line_precue: ori = np.float64(320.08403630640305)
33.0552 	EXP 	rot_line_precue: ori = np.float64(320.4761947313371)
33.0637 	EXP 	rot_line_precue: ori = np.float64(321.2419467940264)
33.0721 	EXP 	rot_line_precue: ori = np.float64(321.72315423736217)
33.0803 	EXP 	rot_line_precue: ori = np.float64(322.02043571994903)
33.0887 	EXP 	rot_line_precue: ori = np.float64(322.65951415123584)
33.0968 	EXP 	rot_line_precue: ori = np.float64(323.29565265363254)
33.1051 	EXP 	rot_line_precue: ori = np.float64(323.7673065643504)
33.1134 	EXP 	rot_line_precue: ori = np.float64(324.07355682283605)
33.1219 	EXP 	rot_line_precue: ori = np.float64(324.3755170972014)
33.1302 	EXP 	rot_line_precue: ori = np.float64(324.71558161434854)
33.1384 	EXP 	rot_line_precue: ori = np.float64(325.512245860684)
33.1473 	EXP 	rot_line_precue: ori = np.float64(326.1291745438117)
33.1551 	EXP 	rot_line_precue: ori = np.float64(326.43410288921)
33.1633 	EXP 	rot_line_precue: ori = np.float64(326.75211146223575)
33.1715 	EXP 	rot_line_precue: ori = np.float64(327.0527924707329)
33.1808 	EXP 	rot_line_precue: ori = np.float64(327.35332047347754)
33.1885 	EXP 	rot_line_precue: ori = np.float64(327.80488779197606)
33.1972 	EXP 	rot_line_precue: ori = np.float64(328.44615065730676)
33.2060 	EXP 	rot_line_precue: ori = np.float64(328.8936331918675)
33.2134 	EXP 	rot_line_precue: ori = np.float64(329.23372618521967)
33.2216 	EXP 	rot_line_precue: ori = np.float64(329.61540471012466)
33.2306 	EXP 	rot_line_precue: ori = np.float64(329.9137689183493)
33.2386 	EXP 	rot_line_precue: ori = np.float64(330.2541285103139)
33.2475 	EXP 	rot_line_precue: ori = np.float64(330.72407861921835)
33.2555 	EXP 	rot_line_precue: ori = np.float64(331.18136406030357)
33.2636 	EXP 	rot_line_precue: ori = np.float64(331.5975306548425)
33.2718 	EXP 	rot_line_precue: ori = np.float64(332.02438727152213)
33.2802 	EXP 	rot_line_precue: ori = np.float64(332.3200653558928)
33.2883 	EXP 	rot_line_precue: ori = np.float64(332.85886956151353)
33.2967 	EXP 	rot_line_precue: ori = np.float64(333.61380626223723)
33.3054 	EXP 	rot_line_precue: ori = np.float64(333.92872699488044)
33.3134 	EXP 	rot_line_precue: ori = np.float64(334.32382425852927)
33.3216 	EXP 	rot_line_precue: ori = np.float64(334.66566762386304)
33.3299 	EXP 	rot_line_precue: ori = np.float64(335.1297774527239)
33.3383 	EXP 	rot_line_precue: ori = np.float64(335.4764117713573)
33.3467 	EXP 	rot_line_precue: ori = np.float64(336.0866838531492)
33.3549 	EXP 	rot_line_precue: ori = np.float64(336.40589911480834)
33.3634 	EXP 	rot_line_precue: ori = np.float64(336.70380219998844)
33.3718 	EXP 	rot_line_precue: ori = np.float64(337.06252537104245)
33.3805 	EXP 	rot_line_precue: ori = np.float64(337.37719223665033)
33.3887 	EXP 	rot_line_precue: ori = np.float64(337.78212830699096)
33.3969 	EXP 	rot_line_precue: ori = np.float64(338.0842244776341)
33.4049 	EXP 	rot_line_precue: ori = np.float64(338.48724305784333)
33.4143 	EXP 	rot_line_precue: ori = np.float64(338.7929593798339)
33.4219 	EXP 	rot_line_precue: ori = np.float64(339.1165316068286)
33.4306 	EXP 	rot_line_precue: ori = np.float64(339.51537596605897)
33.4388 	EXP 	rot_line_precue: ori = np.float64(339.9062015146734)
33.4469 	EXP 	rot_line_precue: ori = np.float64(340.2299965799419)
33.4550 	EXP 	rot_line_precue: ori = np.float64(340.5489112399255)
33.4636 	EXP 	rot_line_precue: ori = np.float64(340.8683482265989)
33.4717 	EXP 	rot_line_precue: ori = np.float64(341.4511709427134)
33.4801 	EXP 	rot_line_precue: ori = np.float64(341.7907893182861)
33.4886 	EXP 	rot_line_precue: ori = np.float64(342.1029913174293)
33.4968 	EXP 	rot_line_precue: ori = np.float64(342.4416170366293)
33.5049 	EXP 	rot_line_precue: ori = np.float64(342.73733334432217)
33.5133 	EXP 	rot_line_precue: ori = np.float64(343.0408998820292)
33.5218 	EXP 	rot_line_precue: ori = np.float64(343.34683368005847)
33.5301 	EXP 	rot_line_precue: ori = np.float64(343.98142910043225)
33.5386 	EXP 	rot_line_precue: ori = np.float64(344.3138187588994)
33.5470 	EXP 	rot_line_precue: ori = np.float64(344.61771034404995)
33.5553 	EXP 	rot_line_precue: ori = np.float64(344.9326182673075)
33.5637 	EXP 	rot_line_precue: ori = np.float64(345.23443831367143)
33.5719 	EXP 	rot_line_precue: ori = np.float64(345.8449001535093)
33.5802 	EXP 	rot_line_precue: ori = np.float64(346.3043325396486)
33.5888 	EXP 	rot_line_precue: ori = np.float64(346.78509318153067)
33.5978 	EXP 	rot_line_precue: ori = np.float64(347.12662665866486)
33.6053 	EXP 	rot_line_precue: ori = np.float64(347.84811078241734)
33.6138 	EXP 	rot_line_precue: ori = np.float64(348.3455427099031)
33.6221 	EXP 	rot_line_precue: ori = np.float64(348.96715078854703)
33.6308 	EXP 	rot_line_precue: ori = np.float64(349.2844769495872)
33.6383 	EXP 	rot_line_precue: ori = np.float64(349.58949032979814)
33.6469 	EXP 	rot_line_precue: ori = np.float64(349.8929882381315)
33.6552 	EXP 	rot_line_precue: ori = np.float64(350.1886786809406)
33.6633 	EXP 	rot_line_precue: ori = np.float64(350.5421520087567)
33.6716 	EXP 	rot_line_precue: ori = np.float64(351.0098163951712)
33.6800 	EXP 	rot_line_precue: ori = np.float64(351.3085259628332)
33.6883 	EXP 	rot_line_precue: ori = np.float64(351.637279225393)
33.6965 	EXP 	rot_line_precue: ori = np.float64(352.0312426390607)
33.7049 	EXP 	rot_line_precue: ori = np.float64(352.4582253544872)
33.7135 	EXP 	rot_line_precue: ori = np.float64(352.76742725639326)
33.7222 	EXP 	rot_line_precue: ori = np.float64(353.19473686968144)
33.7303 	EXP 	rot_line_precue: ori = np.float64(353.49262313946736)
33.7386 	EXP 	rot_line_precue: ori = np.float64(354.115221201151)
33.7466 	EXP 	rot_line_precue: ori = np.float64(354.47720332777806)
33.7551 	EXP 	rot_line_precue: ori = np.float64(355.25800717350967)
33.7636 	EXP 	rot_line_precue: ori = np.float64(355.55665768769893)
33.7724 	EXP 	rot_line_precue: ori = np.float64(355.85353486494165)
33.7811 	EXP 	rot_line_precue: ori = np.float64(356.24727945487433)
33.7886 	EXP 	rot_line_precue: ori = np.float64(356.56922859385855)
33.7968 	EXP 	rot_line_precue: ori = np.float64(356.8663335133487)
33.8052 	EXP 	rot_line_precue: ori = np.float64(357.1746507852164)
33.8135 	EXP 	rot_line_precue: ori = np.float64(357.5937983421139)
33.8218 	EXP 	rot_line_precue: ori = np.float64(357.9260438695572)
33.8302 	EXP 	rot_line_precue: ori = np.float64(358.3436983677461)
33.8384 	EXP 	rot_line_precue: ori = np.float64(358.6501392212578)
33.8468 	EXP 	rot_line_precue: ori = np.float64(358.9991108431025)
33.8551 	EXP 	rot_line_precue: ori = np.float64(359.5392649182599)
33.8634 	EXP 	rot_line_precue: ori = np.float64(0.17691804093567498)
33.8717 	EXP 	rot_line_precue: ori = np.float64(0.4909471079355315)
33.8800 	EXP 	rot_line_precue: ori = np.float64(0.8265089050484618)
33.8885 	EXP 	rot_line_precue: ori = np.float64(1.125261777740774)
33.8974 	EXP 	rot_line_precue: ori = np.float64(1.4662057452334059)
33.9057 	EXP 	rot_line_precue: ori = np.float64(1.762669664527682)
33.9138 	EXP 	rot_line_precue: ori = np.float64(2.269231862470284)
33.9218 	EXP 	rot_line_precue: ori = np.float64(2.638302087402666)
33.9306 	EXP 	rot_line_precue: ori = np.float64(2.9413888778909434)
33.9388 	EXP 	rot_line_precue: ori = np.float64(3.4757810478057554)
33.9470 	EXP 	rot_line_precue: ori = np.float64(3.8026534307764477)
33.9556 	EXP 	rot_line_precue: ori = np.float64(4.1634653947591325)
33.9638 	EXP 	rot_line_precue: ori = np.float64(4.598310894217207)
33.9720 	EXP 	rot_line_precue: ori = np.float64(4.975083921879428)
33.9801 	EXP 	rot_line_precue: ori = np.float64(5.286536754756848)
33.9886 	EXP 	rot_line_precue: ori = np.float64(5.615930507942491)
33.9968 	EXP 	rot_line_precue: ori = np.float64(5.924596987095638)
34.0051 	EXP 	rot_line_precue: ori = np.float64(6.312790221051708)
34.0133 	EXP 	rot_line_precue: ori = np.float64(6.684346591495314)
34.0217 	EXP 	rot_line_precue: ori = np.float64(6.98732309786911)
34.0300 	EXP 	rot_line_precue: ori = np.float64(7.346298219119554)
34.0381 	EXP 	rot_line_precue: ori = np.float64(7.761988768136062)
34.0467 	EXP 	rot_line_precue: ori = np.float64(8.095645183017044)
34.0549 	EXP 	rot_line_precue: ori = np.float64(8.484797858363086)
34.0633 	EXP 	rot_line_precue: ori = np.float64(8.897725406696964)
34.0720 	EXP 	rot_line_precue: ori = np.float64(9.233556173163986)
34.0803 	EXP 	rot_line_precue: ori = np.float64(9.538962227422891)
34.0888 	EXP 	rot_line_precue: ori = np.float64(9.874875954550129)
34.0976 	EXP 	rot_line_precue: ori = np.float64(10.294475058249647)
34.1052 	EXP 	rot_line_precue: ori = np.float64(10.599623945268474)
34.1143 	EXP 	rot_line_precue: ori = np.float64(10.896324738310092)
34.1227 	EXP 	rot_line_precue: ori = np.float64(11.304747337273476)
34.1303 	EXP 	rot_line_precue: ori = np.float64(11.613034357449425)
34.1389 	EXP 	rot_line_precue: ori = np.float64(11.930408605029422)
34.1471 	EXP 	rot_line_precue: ori = np.float64(12.290650061205458)
34.1552 	EXP 	rot_line_precue: ori = np.float64(12.65189842974612)
34.1633 	EXP 	rot_line_precue: ori = np.float64(13.071981460860616)
34.1719 	EXP 	rot_line_precue: ori = np.float64(13.43389207632516)
34.1809 	EXP 	rot_line_precue: ori = np.float64(13.907401591004456)
34.1956 	EXP 	rot_line_precue: ori = np.float64(14.562211310105091)
34.2055 	EXP 	rot_line_precue: ori = np.float64(15.127929382779262)
34.2134 	EXP 	rot_line_precue: ori = np.float64(15.430429803180427)
34.2247 	EXP 	rot_line_precue: ori = np.float64(15.84832776653875)
34.2307 	EXP 	rot_line_precue: ori = np.float64(16.453413437306065)
34.2393 	EXP 	rot_line_precue: ori = np.float64(16.919002754281223)
34.2479 	EXP 	rot_line_precue: ori = np.float64(17.31284991609824)
34.2605 	EXP 	rot_line_precue: ori = np.float64(17.611463992471307)
34.2690 	EXP 	rot_line_precue: ori = np.float64(18.260704132921934)
34.2772 	EXP 	rot_line_precue: ori = np.float64(18.602336862256266)
34.2837 	EXP 	rot_line_precue: ori = np.float64(18.90399961764087)
34.2924 	EXP 	rot_line_precue: ori = np.float64(19.231259406659962)
34.3034 	EXP 	rot_line_precue: ori = np.float64(19.595570566295635)
34.3090 	EXP 	rot_line_precue: ori = np.float64(19.978669555156713)
34.3172 	EXP 	rot_line_precue: ori = np.float64(20.688973209660055)
34.3262 	EXP 	rot_line_precue: ori = np.float64(21.01484751040706)
34.3347 	EXP 	rot_line_precue: ori = np.float64(21.348552789882792)
34.3423 	EXP 	rot_line_precue: ori = np.float64(21.658339461756235)
34.3507 	EXP 	rot_line_precue: ori = np.float64(22.0519085798686)
34.3606 	EXP 	rot_line_precue: ori = np.float64(22.409315525146678)
34.3669 	EXP 	rot_line_precue: ori = np.float64(22.869136991976553)
34.3741 	EXP 	rot_line_precue: ori = np.float64(23.181117831788068)
34.3823 	EXP 	rot_line_precue: ori = np.float64(23.525670016893255)
34.3902 	EXP 	rot_line_precue: ori = np.float64(23.856680004682588)
34.3974 	EXP 	rot_line_precue: ori = np.float64(24.198856453962225)
34.4054 	EXP 	rot_line_precue: ori = np.float64(24.519471356222724)
34.4134 	EXP 	rot_line_precue: ori = np.float64(24.995840441614337)
34.4217 	EXP 	rot_line_precue: ori = np.float64(25.36537679155035)
34.4300 	EXP 	rot_line_precue: ori = np.float64(25.910614861762333)
34.4395 	EXP 	rot_line_precue: ori = np.float64(26.285608236547965)
34.4469 	EXP 	rot_line_precue: ori = np.float64(26.58259929131861)
34.4550 	EXP 	rot_line_precue: ori = np.float64(27.02355790678208)
34.4559 	EXP 	New trial (rep=5, index=15): <Trial 15 (15 in rep 5) data={'pic_name': 'pics/left_hand.JPG', 'class_mi': 'left_hand', 'thisN': 15, 'thisTrialN': 15, 'thisRepN': 5}>
34.4637 	EXP 	hor_line_precue: autoDraw = False
34.4637 	EXP 	ver_line_precue: autoDraw = False
34.4637 	EXP 	rot_line_precue: autoDraw = False
34.4637 	EXP 	rot_line_precue: ori = np.float64(27.37108749535722)
34.4637 	EXP 	hor_line_precue: autoDraw = False
34.4637 	EXP 	ver_line_precue: autoDraw = False
34.4637 	EXP 	rot_line_precue: autoDraw = False
34.4637 	EXP 	hor_line_precue: autoDraw = True
34.4637 	EXP 	ver_line_precue: autoDraw = True
34.4637 	EXP 	rot_line_precue: autoDraw = True
34.4637 	EXP 	rot_line_precue: ori = np.float64(27.79882234723375)
34.4720 	EXP 	rot_line_precue: ori = np.float64(28.15841958835486)
34.4805 	EXP 	rot_line_precue: ori = np.float64(28.681680650966236)
34.4887 	EXP 	rot_line_precue: ori = np.float64(29.371726260640422)
34.4969 	EXP 	rot_line_precue: ori = np.float64(29.721612425447727)
34.5051 	EXP 	rot_line_precue: ori = np.float64(30.10513323529221)
34.5137 	EXP 	rot_line_precue: ori = np.float64(30.4929130885408)
34.5227 	EXP 	rot_line_precue: ori = np.float64(30.917276090317586)
34.5306 	EXP 	rot_line_precue: ori = np.float64(31.25347694956106)
34.5387 	EXP 	rot_line_precue: ori = np.float64(31.71241744303947)
34.5470 	EXP 	rot_line_precue: ori = np.float64(32.030188028975516)
34.5558 	EXP 	rot_line_precue: ori = np.float64(32.48238765692542)
34.5647 	EXP 	rot_line_precue: ori = np.float64(32.82708613237599)
34.5727 	EXP 	rot_line_precue: ori = np.float64(33.21469721471013)
34.5800 	EXP 	rot_line_precue: ori = np.float64(33.56091271942837)
34.5883 	EXP 	rot_line_precue: ori = np.float64(33.93301216974554)
34.5968 	EXP 	rot_line_precue: ori = np.float64(34.234021361815806)
34.6049 	EXP 	rot_line_precue: ori = np.float64(34.657238619942056)
34.6133 	EXP 	rot_line_precue: ori = np.float64(34.97005780155228)
34.6218 	EXP 	rot_line_precue: ori = np.float64(35.28637315891844)
34.6302 	EXP 	rot_line_precue: ori = np.float64(35.5876464836064)
34.6388 	EXP 	rot_line_precue: ori = np.float64(35.93174971417741)
34.6470 	EXP 	rot_line_precue: ori = np.float64(36.23029423715059)
34.6552 	EXP 	rot_line_precue: ori = np.float64(36.5533922666222)
34.6633 	EXP 	rot_line_precue: ori = np.float64(36.86121133367553)
34.6726 	EXP 	rot_line_precue: ori = np.float64(37.278941069321554)
34.6809 	EXP 	rot_line_precue: ori = np.float64(37.593631618321524)
34.6884 	EXP 	rot_line_precue: ori = np.float64(37.9038488326926)
34.6969 	EXP 	rot_line_precue: ori = np.float64(38.27598725590237)
34.7052 	EXP 	rot_line_precue: ori = np.float64(38.650466771662984)
34.7135 	EXP 	rot_line_precue: ori = np.float64(39.043370983591856)
34.7221 	EXP 	rot_line_precue: ori = np.float64(39.56329891876574)
34.7303 	EXP 	rot_line_precue: ori = np.float64(39.91385342359499)
34.7384 	EXP 	rot_line_precue: ori = np.float64(40.23750785949099)
34.7465 	EXP 	rot_line_precue: ori = np.float64(40.53443650617774)
34.7551 	EXP 	rot_line_precue: ori = np.float64(40.902711246133556)
34.7634 	EXP 	rot_line_precue: ori = np.float64(41.321097161756285)
34.7716 	EXP 	rot_line_precue: ori = np.float64(41.647449885743605)
34.7803 	EXP 	rot_line_precue: ori = np.float64(42.17277904638708)
34.7884 	EXP 	rot_line_precue: ori = np.float64(42.86367989051934)
34.7966 	EXP 	rot_line_precue: ori = np.float64(43.19578501902158)
34.8053 	EXP 	rot_line_precue: ori = np.float64(43.85900744819413)
34.8137 	EXP 	rot_line_precue: ori = np.float64(44.199456663973)
34.8222 	EXP 	rot_line_precue: ori = np.float64(44.50322804740516)
34.8305 	EXP 	rot_line_precue: ori = np.float64(44.853468285689885)
34.8387 	EXP 	rot_line_precue: ori = np.float64(45.27695166829615)
34.8466 	EXP 	rot_line_precue: ori = np.float64(45.61684210161879)
34.8553 	EXP 	rot_line_precue: ori = np.float64(45.94290487273776)
34.8641 	EXP 	rot_line_precue: ori = np.float64(46.25949497466973)
34.8717 	EXP 	rot_line_precue: ori = np.float64(46.63975759141795)
34.8802 	EXP 	rot_line_precue: ori = np.float64(47.00814372989043)
34.8891 	EXP 	rot_line_precue: ori = np.float64(47.65735289682106)
34.8968 	EXP 	rot_line_precue: ori = np.float64(48.01087413010412)
34.9055 	EXP 	rot_line_precue: ori = np.float64(48.71089052222507)
34.9136 	EXP 	rot_line_precue: ori = np.float64(49.26217072339896)
34.9218 	EXP 	rot_line_precue: ori = np.float64(49.75190152717455)
34.9299 	EXP 	rot_line_precue: ori = np.float64(50.066165375974435)
34.9384 	EXP 	rot_line_precue: ori = np.float64(50.65604622088887)
34.9467 	EXP 	rot_line_precue: ori = np.float64(50.971165465525814)
34.9549 	EXP 	rot_line_precue: ori = np.float64(51.29030198029188)
34.9634 	EXP 	rot_line_precue: ori = np.float64(51.84007292926133)
34.9717 	EXP 	rot_line_precue: ori = np.float64(52.52012283944809)
34.9801 	EXP 	rot_line_precue: ori = np.float64(52.876068357515976)
34.9888 	EXP 	rot_line_precue: ori = np.float64(53.29176728968856)
34.9983 	EXP 	rot_line_precue: ori = np.float64(53.64531753720063)
35.0049 	EXP 	rot_line_precue: ori = np.float64(54.099624863285186)
35.0136 	EXP 	rot_line_precue: ori = np.float64(54.56252660869786)
35.0223 	EXP 	rot_line_precue: ori = np.float64(54.97907890823883)
35.0301 	EXP 	rot_line_precue: ori = np.float64(55.346455916819174)
35.0386 	EXP 	rot_line_precue: ori = np.float64(55.68139047334419)
35.0468 	EXP 	rot_line_precue: ori = np.float64(55.98278755267837)
35.0551 	EXP 	rot_line_precue: ori = np.float64(56.62824607502137)
35.0637 	EXP 	rot_line_precue: ori = np.float64(56.93627916843156)
35.0720 	EXP 	rot_line_precue: ori = np.float64(57.33017637456016)
35.0802 	EXP 	rot_line_precue: ori = np.float64(57.72167678650796)
35.0887 	EXP 	rot_line_precue: ori = np.float64(58.02191191616524)
35.0977 	EXP 	rot_line_precue: ori = np.float64(58.35101391758014)
35.1051 	EXP 	rot_line_precue: ori = np.float64(58.662071509078615)
35.1133 	EXP 	rot_line_precue: ori = np.float64(59.328678412147795)
35.1218 	EXP 	rot_line_precue: ori = np.float64(59.67155272754668)
35.1303 	EXP 	rot_line_precue: ori = np.float64(60.174015473226795)
35.1383 	EXP 	rot_line_precue: ori = np.float64(60.843222996511784)
35.1469 	EXP 	rot_line_precue: ori = np.float64(61.14770178078183)
35.1552 	EXP 	rot_line_precue: ori = np.float64(61.46829543765241)
35.1638 	EXP 	rot_line_precue: ori = np.float64(61.91979130317782)
35.1721 	EXP 	rot_line_precue: ori = np.float64(62.215563712009676)
35.1803 	EXP 	rot_line_precue: ori = np.float64(62.715437279126554)
35.1884 	EXP 	rot_line_precue: ori = np.float64(63.2165744892871)
35.1970 	EXP 	rot_line_precue: ori = np.float64(63.52551529312651)
35.2053 	EXP 	rot_line_precue: ori = np.float64(63.868900868395414)
35.2135 	EXP 	rot_line_precue: ori = np.float64(64.23024088581568)
35.2215 	EXP 	rot_line_precue: ori = np.float64(64.61700186609649)
35.2309 	EXP 	rot_line_precue: ori = np.float64(64.91619483649998)
35.2386 	EXP 	rot_line_precue: ori = np.float64(65.2496980983593)
35.2471 	EXP 	rot_line_precue: ori = np.float64(65.62029019806701)
35.2553 	EXP 	rot_line_precue: ori = np.float64(65.99546240141757)
35.2634 	EXP 	rot_line_precue: ori = np.float64(66.48218754170352)
35.2716 	EXP 	rot_line_precue: ori = np.float64(66.79383851661522)
35.2802 	EXP 	rot_line_precue: ori = np.float64(67.0899459550443)
35.2885 	EXP 	rot_line_precue: ori = np.float64(67.46690020336987)
35.2967 	EXP 	rot_line_precue: ori = np.float64(67.88406345854698)
35.3058 	EXP 	rot_line_precue: ori = np.float64(68.68682967531171)
35.3135 	EXP 	rot_line_precue: ori = np.float64(68.99703278253664)
35.3216 	EXP 	rot_line_precue: ori = np.float64(69.35221337849771)
35.3300 	EXP 	rot_line_precue: ori = np.float64(69.69905476719615)
35.3385 	EXP 	rot_line_precue: ori = np.float64(69.99613520170772)
35.3468 	EXP 	rot_line_precue: ori = np.float64(70.30390690460197)
35.3554 	EXP 	rot_line_precue: ori = np.float64(70.60291650021665)
35.3645 	EXP 	rot_line_precue: ori = np.float64(70.90703387057992)
35.3723 	EXP 	rot_line_precue: ori = np.float64(71.27675697979392)
35.3813 	EXP 	rot_line_precue: ori = np.float64(71.58297706398545)
35.3894 	EXP 	rot_line_precue: ori = np.float64(72.19337918049226)
35.3972 	EXP 	rot_line_precue: ori = np.float64(72.61773120610647)
35.4062 	EXP 	rot_line_precue: ori = np.float64(72.92433884441701)
35.4137 	EXP 	rot_line_precue: ori = np.float64(73.36974701275162)
35.4219 	EXP 	rot_line_precue: ori = np.float64(73.80611947839937)
35.4305 	EXP 	rot_line_precue: ori = np.float64(74.10922903033568)
35.4393 	EXP 	rot_line_precue: ori = np.float64(74.46209126399403)
35.4467 	EXP 	rot_line_precue: ori = np.float64(74.8656034645449)
35.4549 	EXP 	rot_line_precue: ori = np.float64(75.16262445535018)
35.4635 	EXP 	rot_line_precue: ori = np.float64(75.48738595274183)
35.4718 	EXP 	rot_line_precue: ori = np.float64(76.03542690270717)
35.4800 	EXP 	rot_line_precue: ori = np.float64(76.51729819761523)
35.4884 	EXP 	rot_line_precue: ori = np.float64(76.89785063028368)
35.4967 	EXP 	rot_line_precue: ori = np.float64(77.31728224731137)
35.5049 	EXP 	rot_line_precue: ori = np.float64(77.6158682782772)
35.5132 	EXP 	rot_line_precue: ori = np.float64(77.9532948598569)
35.5220 	EXP 	rot_line_precue: ori = np.float64(78.2497768875022)
35.5301 	EXP 	rot_line_precue: ori = np.float64(78.55539251584163)
35.5388 	EXP 	rot_line_precue: ori = np.float64(78.95997578163777)
35.5470 	EXP 	rot_line_precue: ori = np.float64(79.44284224147731)
35.5556 	EXP 	rot_line_precue: ori = np.float64(80.10095935267744)
35.5637 	EXP 	rot_line_precue: ori = np.float64(80.62118719541961)
35.5728 	EXP 	rot_line_precue: ori = np.float64(80.92000146501307)
35.5800 	EXP 	rot_line_precue: ori = np.float64(81.22906620620546)
35.5888 	EXP 	rot_line_precue: ori = np.float64(81.52866109142738)
35.5971 	EXP 	rot_line_precue: ori = np.float64(81.82697424972854)
35.6057 	EXP 	rot_line_precue: ori = np.float64(82.60424191367197)
35.6146 	EXP 	rot_line_precue: ori = np.float64(82.9361379294582)
35.6226 	EXP 	rot_line_precue: ori = np.float64(83.2575359838165)
35.6310 	EXP 	rot_line_precue: ori = np.float64(83.61711161684062)
35.6389 	EXP 	rot_line_precue: ori = np.float64(84.16681633210487)
35.6478 	EXP 	rot_line_precue: ori = np.float64(84.53025748040814)
35.6610 	EXP 	rot_line_precue: ori = np.float64(84.8558372082527)
35.6672 	EXP 	rot_line_precue: ori = np.float64(85.27518892502115)
35.6732 	EXP 	rot_line_precue: ori = np.float64(85.59448018192145)
35.6809 	EXP 	rot_line_precue: ori = np.float64(86.06766309314361)
35.6883 	EXP 	rot_line_precue: ori = np.float64(86.3765259556406)
35.6969 	EXP 	rot_line_precue: ori = np.float64(86.69015686471646)
35.7051 	EXP 	rot_line_precue: ori = np.float64(87.25908195005088)
35.7135 	EXP 	rot_line_precue: ori = np.float64(87.58011771612418)
35.7221 	EXP 	rot_line_precue: ori = np.float64(87.90774345917839)
35.7304 	EXP 	rot_line_precue: ori = np.float64(88.21021611333803)
35.7389 	EXP 	rot_line_precue: ori = np.float64(88.5504361924561)
35.7471 	EXP 	rot_line_precue: ori = np.float64(89.29335758878965)
35.7559 	EXP 	rot_line_precue: ori = np.float64(89.60113143981607)
35.7635 	EXP 	rot_line_precue: ori = np.float64(90.18917815030834)
35.7720 	EXP 	rot_line_precue: ori = np.float64(90.7186320234439)
35.7804 	EXP 	rot_line_precue: ori = np.float64(91.09567869174948)
35.7887 	EXP 	rot_line_precue: ori = np.float64(91.41338815367848)
35.7971 	EXP 	rot_line_precue: ori = np.float64(91.71771308693448)
35.8054 	EXP 	rot_line_precue: ori = np.float64(92.01809170496021)
35.8141 	EXP 	rot_line_precue: ori = np.float64(92.3249414897153)
35.8230 	EXP 	rot_line_precue: ori = np.float64(92.62443596670171)
35.8303 	EXP 	rot_line_precue: ori = np.float64(92.93772330267078)
35.8385 	EXP 	rot_line_precue: ori = np.float64(93.32314589835292)
35.8467 	EXP 	rot_line_precue: ori = np.float64(93.70398398276703)
35.8552 	EXP 	rot_line_precue: ori = np.float64(94.00869309109099)
35.8635 	EXP 	rot_line_precue: ori = np.float64(94.42454086715867)
35.8716 	EXP 	rot_line_precue: ori = np.float64(94.94908531833768)
35.8803 	EXP 	rot_line_precue: ori = np.float64(95.30168694073957)
35.8887 	EXP 	rot_line_precue: ori = np.float64(95.67123898797314)
35.8972 	EXP 	rot_line_precue: ori = np.float64(96.02329925470907)
35.9054 	EXP 	rot_line_precue: ori = np.float64(96.45082238938475)
35.9138 	EXP 	rot_line_precue: ori = np.float64(96.81807227183018)
35.9217 	EXP 	rot_line_precue: ori = np.float64(97.18349360723151)
35.9303 	EXP 	rot_line_precue: ori = np.float64(97.51337118096835)
35.9385 	EXP 	rot_line_precue: ori = np.float64(97.86238275440635)
35.9468 	EXP 	rot_line_precue: ori = np.float64(98.21312127248734)
35.9555 	EXP 	rot_line_precue: ori = np.float64(98.59345159494728)
35.9637 	EXP 	rot_line_precue: ori = np.float64(99.2651010180354)
35.9719 	EXP 	rot_line_precue: ori = np.float64(100.01954729324919)
35.9804 	EXP 	rot_line_precue: ori = np.float64(100.32349808499997)
35.9885 	EXP 	rot_line_precue: ori = np.float64(100.69502993398709)
35.9968 	EXP 	rot_line_precue: ori = np.float64(101.00729514533101)
36.0050 	EXP 	rot_line_precue: ori = np.float64(101.35561091845153)
36.0135 	EXP 	rot_line_precue: ori = np.float64(101.70683051730894)
36.0218 	EXP 	rot_line_precue: ori = np.float64(102.04221934598343)
36.0301 	EXP 	rot_line_precue: ori = np.float64(102.44669033027353)
36.0385 	EXP 	rot_line_precue: ori = np.float64(102.89208754667663)
36.0467 	EXP 	rot_line_precue: ori = np.float64(103.27784406284924)
36.0551 	EXP 	rot_line_precue: ori = np.float64(103.61823583898065)
36.0637 	EXP 	rot_line_precue: ori = np.float64(104.02754190456045)
36.0721 	EXP 	rot_line_precue: ori = np.float64(104.47044928190019)
36.0802 	EXP 	rot_line_precue: ori = np.float64(104.88087649740851)
36.0886 	EXP 	rot_line_precue: ori = np.float64(105.22135136854013)
36.0967 	EXP 	rot_line_precue: ori = np.float64(105.54355725255867)
36.1051 	EXP 	rot_line_precue: ori = np.float64(105.84553746518333)
36.1133 	EXP 	rot_line_precue: ori = np.float64(106.15560290317605)
36.1227 	EXP 	rot_line_precue: ori = np.float64(106.46583571018475)
36.1302 	EXP 	rot_line_precue: ori = np.float64(106.81276421604548)
36.1388 	EXP 	rot_line_precue: ori = np.float64(107.44798085192068)
36.1476 	EXP 	rot_line_precue: ori = np.float64(108.09348397501374)
36.1551 	EXP 	rot_line_precue: ori = np.float64(108.39091282693602)
36.1633 	EXP 	rot_line_precue: ori = np.float64(108.74623295372847)
36.1719 	EXP 	rot_line_precue: ori = np.float64(109.13633748653203)
36.1802 	EXP 	rot_line_precue: ori = np.float64(109.44003003923164)
36.1890 	EXP 	rot_line_precue: ori = np.float64(109.93258427721176)
36.1968 	EXP 	rot_line_precue: ori = np.float64(110.2747083295211)
36.2051 	EXP 	rot_line_precue: ori = np.float64(110.61060609902222)
36.2134 	EXP 	rot_line_precue: ori = np.float64(110.9384251834508)
36.2218 	EXP 	rot_line_precue: ori = np.float64(111.44341955768128)
36.2303 	EXP 	rot_line_precue: ori = np.float64(111.8007170404852)
36.2385 	EXP 	rot_line_precue: ori = np.float64(112.12186033255699)
36.2471 	EXP 	rot_line_precue: ori = np.float64(112.42906181869456)
36.2553 	EXP 	rot_line_precue: ori = np.float64(113.08395810675313)
36.2634 	EXP 	rot_line_precue: ori = np.float64(113.47203733450797)
36.2721 	EXP 	rot_line_precue: ori = np.float64(113.794702726342)
36.2802 	EXP 	rot_line_precue: ori = np.float64(114.11834469512937)
36.2885 	EXP 	rot_line_precue: ori = np.float64(114.57621555158427)
36.2970 	EXP 	rot_line_precue: ori = np.float64(114.91013503874412)
36.3054 	EXP 	rot_line_precue: ori = np.float64(115.49544268212631)
36.3136 	EXP 	rot_line_precue: ori = np.float64(115.8162531202218)
36.3221 	EXP 	rot_line_precue: ori = np.float64(116.12556540270197)
36.3303 	EXP 	rot_line_precue: ori = np.float64(116.50644258540846)
36.3384 	EXP 	rot_line_precue: ori = np.float64(116.88744942763203)
36.3466 	EXP 	rot_line_precue: ori = np.float64(117.39454197658695)
36.3552 	EXP 	rot_line_precue: ori = np.float64(117.74594217291518)
36.3635 	EXP 	rot_line_precue: ori = np.float64(118.07284494351074)
36.3716 	EXP 	rot_line_precue: ori = np.float64(118.41202933044481)
36.3802 	EXP 	rot_line_precue: ori = np.float64(118.70819582520606)
36.3885 	EXP 	rot_line_precue: ori = np.float64(119.2806920434612)
36.3967 	EXP 	rot_line_precue: ori = np.float64(119.73985235329522)
36.4054 	EXP 	rot_line_precue: ori = np.float64(120.05092253258624)
36.4139 	EXP 	rot_line_precue: ori = np.float64(120.59758096090638)
36.4218 	EXP 	rot_line_precue: ori = np.float64(120.91531295017087)
36.4306 	EXP 	rot_line_precue: ori = np.float64(121.4578834536373)
36.4385 	EXP 	rot_line_precue: ori = np.float64(121.88333740547434)
36.4468 	EXP 	rot_line_precue: ori = np.float64(122.26754082550052)
36.4476 	EXP 	New trial (rep=1, index=16): <Trial 16 (16 in rep 1) data={'pic_name': 'pics/feet.JPG', 'class_mi': 'feet', 'thisN': 16, 'thisTrialN': 16, 'thisRepN': 1}>
36.4553 	EXP 	hor_line_precue: autoDraw = False
36.4553 	EXP 	ver_line_precue: autoDraw = False
36.4553 	EXP 	rot_line_precue: autoDraw = False
36.4553 	EXP 	rot_line_precue: ori = np.float64(122.71457680156946)
36.4553 	EXP 	hor_line_precue: autoDraw = False
36.4553 	EXP 	ver_line_precue: autoDraw = False
36.4553 	EXP 	rot_line_precue: autoDraw = False
36.4553 	EXP 	hor_line_precue: autoDraw = True
36.4553 	EXP 	ver_line_precue: autoDraw = True
36.4553 	EXP 	rot_line_precue: autoDraw = True
36.4553 	EXP 	rot_line_precue: ori = np.float64(123.01913981658028)
36.4637 	EXP 	rot_line_precue: ori = np.float64(123.35342008390846)
36.4719 	EXP 	rot_line_precue: ori = np.float64(123.7885726950747)
36.4805 	EXP 	rot_line_precue: ori = np.float64(124.08858871095717)
36.4887 	EXP 	rot_line_precue: ori = np.float64(124.497650765169)
36.4969 	EXP 	rot_line_precue: ori = np.float64(124.8046561927702)
36.5049 	EXP 	rot_line_precue: ori = np.float64(125.1140314252623)
36.5135 	EXP 	rot_line_precue: ori = np.float64(125.7681568316776)
36.5218 	EXP 	rot_line_precue: ori = np.float64(126.07183265177275)
36.5300 	EXP 	rot_line_precue: ori = np.float64(126.50117287852021)
36.5385 	EXP 	rot_line_precue: ori = np.float64(127.04031997504293)
36.5467 	EXP 	rot_line_precue: ori = np.float64(127.43626527741374)
36.5550 	EXP 	rot_line_precue: ori = np.float64(127.75493279512557)
36.5632 	EXP 	rot_line_precue: ori = np.float64(128.15241395724337)
36.5724 	EXP 	rot_line_precue: ori = np.float64(128.78086082755001)
36.5805 	EXP 	rot_line_precue: ori = np.float64(129.4928347810641)
36.5888 	EXP 	rot_line_precue: ori = np.float64(130.07353537804158)
36.5970 	EXP 	rot_line_precue: ori = np.float64(130.3945438781011)
36.6056 	EXP 	rot_line_precue: ori = np.float64(130.8509427646948)
36.6136 	EXP 	rot_line_precue: ori = np.float64(131.16004071520726)
36.6218 	EXP 	rot_line_precue: ori = np.float64(131.46344653382687)
36.6303 	EXP 	rot_line_precue: ori = np.float64(131.77648177574358)
36.6388 	EXP 	rot_line_precue: ori = np.float64(132.1030470173296)
36.6472 	EXP 	rot_line_precue: ori = np.float64(132.5454612086804)
36.6553 	EXP 	rot_line_precue: ori = np.float64(132.86190731117108)
36.6639 	EXP 	rot_line_precue: ori = np.float64(133.17929907546667)
36.6720 	EXP 	rot_line_precue: ori = np.float64(133.54180798194022)
36.6802 	EXP 	rot_line_precue: ori = np.float64(134.01226442146185)
36.6883 	EXP 	rot_line_precue: ori = np.float64(134.64437690702798)
36.6969 	EXP 	rot_line_precue: ori = np.float64(134.9819244828484)
36.7051 	EXP 	rot_line_precue: ori = np.float64(135.3300650084217)
36.7134 	EXP 	rot_line_precue: ori = np.float64(135.68771661931316)
36.7216 	EXP 	rot_line_precue: ori = np.float64(136.33926590031146)
36.7314 	EXP 	rot_line_precue: ori = np.float64(136.6549386406273)
36.7383 	EXP 	rot_line_precue: ori = np.float64(137.24386188339008)
36.7469 	EXP 	rot_line_precue: ori = np.float64(137.80178883085216)
36.7553 	EXP 	rot_line_precue: ori = np.float64(138.19527973356898)
36.7634 	EXP 	rot_line_precue: ori = np.float64(138.53402863636362)
36.7720 	EXP 	rot_line_precue: ori = np.float64(138.83651954917238)
36.7804 	EXP 	rot_line_precue: ori = np.float64(139.13441855368927)
36.7886 	EXP 	rot_line_precue: ori = np.float64(139.5418988403127)
36.7970 	EXP 	rot_line_precue: ori = np.float64(140.08874120693412)
36.8052 	EXP 	rot_line_precue: ori = np.float64(140.4326902984702)
36.8141 	EXP 	rot_line_precue: ori = np.float64(140.7384840528932)
36.8221 	EXP 	rot_line_precue: ori = np.float64(141.0375407684262)
36.8304 	EXP 	rot_line_precue: ori = np.float64(141.58854914763245)
36.8387 	EXP 	rot_line_precue: ori = np.float64(142.25668351997987)
36.8471 	EXP 	rot_line_precue: ori = np.float64(142.59747293312134)
36.8552 	EXP 	rot_line_precue: ori = np.float64(142.90507682538848)
36.8635 	EXP 	rot_line_precue: ori = np.float64(143.40239714489127)
36.8718 	EXP 	rot_line_precue: ori = np.float64(143.70668964820902)
36.8803 	EXP 	rot_line_precue: ori = np.float64(144.09602514382428)
36.8883 	EXP 	rot_line_precue: ori = np.float64(144.40915929229155)
36.8966 	EXP 	rot_line_precue: ori = np.float64(144.79843648319547)
36.9050 	EXP 	rot_line_precue: ori = np.float64(145.49521911832147)
36.9134 	EXP 	rot_line_precue: ori = np.float64(146.2815313972727)
36.9217 	EXP 	rot_line_precue: ori = np.float64(146.6245607448625)
36.9301 	EXP 	rot_line_precue: ori = np.float64(146.95104609188022)
36.9389 	EXP 	rot_line_precue: ori = np.float64(147.25053237741164)
36.9469 	EXP 	rot_line_precue: ori = np.float64(147.54637355874476)
36.9555 	EXP 	rot_line_precue: ori = np.float64(147.85352888274772)
36.9636 	EXP 	rot_line_precue: ori = np.float64(148.1618711186783)
36.9718 	EXP 	rot_line_precue: ori = np.float64(148.62848101988973)
36.9806 	EXP 	rot_line_precue: ori = np.float64(149.0331171097311)
36.9889 	EXP 	rot_line_precue: ori = np.float64(149.4217029888663)
36.9970 	EXP 	rot_line_precue: ori = np.float64(149.72862070650058)
37.0055 	EXP 	rot_line_precue: ori = np.float64(150.21888879020108)
37.0138 	EXP 	rot_line_precue: ori = np.float64(150.52213521407245)
37.0218 	EXP 	rot_line_precue: ori = np.float64(150.82745647132668)
37.0300 	EXP 	rot_line_precue: ori = np.float64(151.24945369269497)
37.0387 	EXP 	rot_line_precue: ori = np.float64(151.6565011736128)
37.0468 	EXP 	rot_line_precue: ori = np.float64(152.05461024817552)
37.0551 	EXP 	rot_line_precue: ori = np.float64(152.54332112864392)
37.0636 	EXP 	rot_line_precue: ori = np.float64(152.9482838059898)
37.0718 	EXP 	rot_line_precue: ori = np.float64(153.25601885965872)
37.0800 	EXP 	rot_line_precue: ori = np.float64(153.56862398489037)
37.0886 	EXP 	rot_line_precue: ori = np.float64(153.87162982456266)
37.0968 	EXP 	rot_line_precue: ori = np.float64(154.1995082036326)
37.1051 	EXP 	rot_line_precue: ori = np.float64(154.5390619125604)
37.1131 	EXP 	rot_line_precue: ori = np.float64(154.88302057034434)
37.1219 	EXP 	rot_line_precue: ori = np.float64(155.23959160651123)
37.1302 	EXP 	rot_line_precue: ori = np.float64(155.61977761755654)
37.1390 	EXP 	rot_line_precue: ori = np.float64(155.92086662586428)
37.1469 	EXP 	rot_line_precue: ori = np.float64(156.70482607849473)
37.1551 	EXP 	rot_line_precue: ori = np.float64(157.43225340657898)
37.1637 	EXP 	rot_line_precue: ori = np.float64(157.91845725453175)
37.1721 	EXP 	rot_line_precue: ori = np.float64(158.23290488589396)
37.1809 	EXP 	rot_line_precue: ori = np.float64(158.53864571642924)
37.1888 	EXP 	rot_line_precue: ori = np.float64(159.00291745136656)
37.1971 	EXP 	rot_line_precue: ori = np.float64(159.51204677147294)
37.2052 	EXP 	rot_line_precue: ori = np.float64(160.2458390189732)
37.2134 	EXP 	rot_line_precue: ori = np.float64(160.63404825508837)
37.2219 	EXP 	rot_line_precue: ori = np.float64(160.9509488553476)
37.2303 	EXP 	rot_line_precue: ori = np.float64(161.466123408352)
37.2384 	EXP 	rot_line_precue: ori = np.float64(161.77016033593839)
37.2471 	EXP 	rot_line_precue: ori = np.float64(162.10493756257043)
37.2552 	EXP 	rot_line_precue: ori = np.float64(162.4978189369726)
37.2633 	EXP 	rot_line_precue: ori = np.float64(162.88092657086347)
37.2715 	EXP 	rot_line_precue: ori = np.float64(163.23120025355024)
37.2801 	EXP 	rot_line_precue: ori = np.float64(163.55700253489042)
37.2884 	EXP 	rot_line_precue: ori = np.float64(163.88021405079485)
37.2970 	EXP 	rot_line_precue: ori = np.float64(164.20780320870617)
37.3056 	EXP 	rot_line_precue: ori = np.float64(164.6053482638807)
37.3135 	EXP 	rot_line_precue: ori = np.float64(164.98916420809417)
37.3221 	EXP 	rot_line_precue: ori = np.float64(165.30001581616315)
37.3303 	EXP 	rot_line_precue: ori = np.float64(165.6905172400644)
37.3387 	EXP 	rot_line_precue: ori = np.float64(166.06474290777294)
37.3474 	EXP 	rot_line_precue: ori = np.float64(166.3881252365132)
37.3555 	EXP 	rot_line_precue: ori = np.float64(166.86775280663022)
37.3636 	EXP 	rot_line_precue: ori = np.float64(167.3472723565765)
37.3722 	EXP 	rot_line_precue: ori = np.float64(167.7200739008574)
37.3804 	EXP 	rot_line_precue: ori = np.float64(168.39133157116675)
37.3884 	EXP 	rot_line_precue: ori = np.float64(168.81169581325562)
37.3971 	EXP 	rot_line_precue: ori = np.float64(169.4626411538275)
37.4055 	EXP 	rot_line_precue: ori = np.float64(169.81790072084297)
37.4135 	EXP 	rot_line_precue: ori = np.float64(170.15592192622697)
37.4217 	EXP 	rot_line_precue: ori = np.float64(170.52557442031107)
37.4302 	EXP 	rot_line_precue: ori = np.float64(170.8330415249686)
37.4385 	EXP 	rot_line_precue: ori = np.float64(171.45172453738988)
37.4467 	EXP 	rot_line_precue: ori = np.float64(172.077417113438)
37.4553 	EXP 	rot_line_precue: ori = np.float64(172.41646728412078)
37.4634 	EXP 	rot_line_precue: ori = np.float64(172.78525636505822)
37.4717 	EXP 	rot_line_precue: ori = np.float64(173.4334741223347)
37.4803 	EXP 	rot_line_precue: ori = np.float64(173.9296644672884)
37.4888 	EXP 	rot_line_precue: ori = np.float64(174.23784733724835)
37.4973 	EXP 	rot_line_precue: ori = np.float64(174.59184599148944)
37.5055 	EXP 	rot_line_precue: ori = np.float64(175.37201211954823)
37.5137 	EXP 	rot_line_precue: ori = np.float64(175.71319627102758)
37.5217 	EXP 	rot_line_precue: ori = np.float64(176.09362953890036)
37.5317 	EXP 	rot_line_precue: ori = np.float64(176.4246896074305)
37.5396 	EXP 	rot_line_precue: ori = np.float64(176.7958360813308)
37.5468 	EXP 	rot_line_precue: ori = np.float64(177.09348735580147)
37.5556 	EXP 	rot_line_precue: ori = np.float64(177.42245981591913)
37.5638 	EXP 	rot_line_precue: ori = np.float64(177.7282307485586)
37.5718 	EXP 	rot_line_precue: ori = np.float64(178.26886562038868)
37.5805 	EXP 	rot_line_precue: ori = np.float64(178.84838196453174)
37.5891 	EXP 	rot_line_precue: ori = np.float64(179.26313878773996)
37.5969 	EXP 	rot_line_precue: ori = np.float64(179.70807431004994)
37.6052 	EXP 	rot_line_precue: ori = np.float64(180.1018483163662)
37.6135 	EXP 	rot_line_precue: ori = np.float64(180.44146356231997)
37.6217 	EXP 	rot_line_precue: ori = np.float64(180.8897747716071)
37.6301 	EXP 	rot_line_precue: ori = np.float64(181.2106220860924)
37.6386 	EXP 	rot_line_precue: ori = np.float64(181.72127156635733)
37.6468 	EXP 	rot_line_precue: ori = np.float64(182.17909997610377)
37.6551 	EXP 	rot_line_precue: ori = np.float64(182.57674696836332)
37.6637 	EXP 	rot_line_precue: ori = np.float64(183.02471732366243)
37.6721 	EXP 	rot_line_precue: ori = np.float64(183.3283181694564)
37.6804 	EXP 	rot_line_precue: ori = np.float64(183.647910838729)
37.6888 	EXP 	rot_line_precue: ori = np.float64(184.05591177313562)
37.6971 	EXP 	rot_line_precue: ori = np.float64(184.6427362278961)
37.7051 	EXP 	rot_line_precue: ori = np.float64(184.96583692981284)
37.7140 	EXP 	rot_line_precue: ori = np.float64(185.38192936375705)
37.7222 	EXP 	rot_line_precue: ori = np.float64(185.72461476669466)
37.7306 	EXP 	rot_line_precue: ori = np.float64(186.44460693212596)
37.7392 	EXP 	rot_line_precue: ori = np.float64(186.81492256339624)
37.7470 	EXP 	rot_line_precue: ori = np.float64(187.28810673964495)
37.7558 	EXP 	rot_line_precue: ori = np.float64(187.6243344948602)
37.7634 	EXP 	rot_line_precue: ori = np.float64(187.98121212279352)
37.7720 	EXP 	rot_line_precue: ori = np.float64(188.70515973796105)
37.7802 	EXP 	rot_line_precue: ori = np.float64(189.393351711886)
37.7885 	EXP 	rot_line_precue: ori = np.float64(189.71211019498764)
37.7969 	EXP 	rot_line_precue: ori = np.float64(190.0598357151403)
37.8051 	EXP 	rot_line_precue: ori = np.float64(190.38261071338727)
37.8134 	EXP 	rot_line_precue: ori = np.float64(190.74580779511817)
37.8216 	EXP 	rot_line_precue: ori = np.float64(191.09283962410538)
37.8302 	EXP 	rot_line_precue: ori = np.float64(191.40993371636264)
37.8385 	EXP 	rot_line_precue: ori = np.float64(191.85857342233538)
37.8467 	EXP 	rot_line_precue: ori = np.float64(192.19358564220622)
37.8554 	EXP 	rot_line_precue: ori = np.float64(192.8957289818807)
37.8636 	EXP 	rot_line_precue: ori = np.float64(193.4401588163234)
37.8721 	EXP 	rot_line_precue: ori = np.float64(193.9166089066593)
37.8804 	EXP 	rot_line_precue: ori = np.float64(194.22609622936292)
37.8886 	EXP 	rot_line_precue: ori = np.float64(194.69691051692237)
37.8966 	EXP 	rot_line_precue: ori = np.float64(195.0198227293217)
37.9056 	EXP 	rot_line_precue: ori = np.float64(195.33380260116166)
37.9136 	EXP 	rot_line_precue: ori = np.float64(195.71594492324144)
37.9222 	EXP 	rot_line_precue: ori = np.float64(196.02210262523113)
37.9304 	EXP 	rot_line_precue: ori = np.float64(196.31988282410342)
37.9386 	EXP 	rot_line_precue: ori = np.float64(196.6608491467598)
37.9468 	EXP 	rot_line_precue: ori = np.float64(197.09617246002688)
37.9553 	EXP 	rot_line_precue: ori = np.float64(197.39283338848117)
37.9636 	EXP 	rot_line_precue: ori = np.float64(197.94495611761428)
37.9718 	EXP 	rot_line_precue: ori = np.float64(198.25904772850842)
37.9800 	EXP 	rot_line_precue: ori = np.float64(198.58107618841785)
37.9885 	EXP 	rot_line_precue: ori = np.float64(198.94221005939323)
37.9967 	EXP 	rot_line_precue: ori = np.float64(199.53889803651094)
38.0050 	EXP 	rot_line_precue: ori = np.float64(199.86744965817542)
38.0135 	EXP 	rot_line_precue: ori = np.float64(200.18704520180728)
38.0218 	EXP 	rot_line_precue: ori = np.float64(200.53898680323454)
38.0305 	EXP 	rot_line_precue: ori = np.float64(200.98910672362322)
38.0388 	EXP 	rot_line_precue: ori = np.float64(201.29516981057404)
38.0470 	EXP 	rot_line_precue: ori = np.float64(201.74121597244357)
38.0555 	EXP 	rot_line_precue: ori = np.float64(202.14480449796093)
38.0636 	EXP 	rot_line_precue: ori = np.float64(202.46390502325332)
38.0721 	EXP 	rot_line_precue: ori = np.float64(202.8645288449785)
38.0806 	EXP 	rot_line_precue: ori = np.float64(203.20113357679585)
38.0889 	EXP 	rot_line_precue: ori = np.float64(203.49826677610918)
38.0971 	EXP 	rot_line_precue: ori = np.float64(203.83596018123023)
38.1056 	EXP 	rot_line_precue: ori = np.float64(204.17805839125904)
38.1137 	EXP 	rot_line_precue: ori = np.float64(204.8027779181034)
38.1218 	EXP 	rot_line_precue: ori = np.float64(205.11559394190843)
38.1306 	EXP 	rot_line_precue: ori = np.float64(205.51677512749885)
38.1386 	EXP 	rot_line_precue: ori = np.float64(205.91405277086375)
38.1470 	EXP 	rot_line_precue: ori = np.float64(206.22190404829493)
38.1550 	EXP 	rot_line_precue: ori = np.float64(206.51856884897688)
38.1632 	EXP 	rot_line_precue: ori = np.float64(207.05052508626008)
38.1718 	EXP 	rot_line_precue: ori = np.float64(207.6027879429982)
38.1800 	EXP 	rot_line_precue: ori = np.float64(207.97560653460215)
38.1881 	EXP 	rot_line_precue: ori = np.float64(208.4503264003916)
38.1969 	EXP 	rot_line_precue: ori = np.float64(208.75726221951135)
38.2052 	EXP 	rot_line_precue: ori = np.float64(209.1498144662466)
38.2138 	EXP 	rot_line_precue: ori = np.float64(209.58673224247747)
38.2221 	EXP 	rot_line_precue: ori = np.float64(210.06100506658524)
38.2302 	EXP 	rot_line_precue: ori = np.float64(210.46959661215982)
38.2387 	EXP 	rot_line_precue: ori = np.float64(210.76559393504908)
38.2475 	EXP 	rot_line_precue: ori = np.float64(211.22599493267515)
38.2553 	EXP 	rot_line_precue: ori = np.float64(211.72399589895863)
38.2639 	EXP 	rot_line_precue: ori = np.float64(212.0444284641955)
38.2721 	EXP 	rot_line_precue: ori = np.float64(212.4494010203731)
38.2803 	EXP 	rot_line_precue: ori = np.float64(212.74784679953498)
38.2890 	EXP 	rot_line_precue: ori = np.float64(213.04361628535096)
38.2976 	EXP 	rot_line_precue: ori = np.float64(213.82076320152186)
38.3052 	EXP 	rot_line_precue: ori = np.float64(214.2163711083745)
38.3135 	EXP 	rot_line_precue: ori = np.float64(214.53812020508434)
38.3220 	EXP 	rot_line_precue: ori = np.float64(215.1669041143269)
38.3302 	EXP 	rot_line_precue: ori = np.float64(215.5234604385566)
38.3384 	EXP 	rot_line_precue: ori = np.float64(215.8601162673866)
38.3467 	EXP 	rot_line_precue: ori = np.float64(216.59941082638292)
38.3559 	EXP 	rot_line_precue: ori = np.float64(216.93935550569893)
38.3635 	EXP 	rot_line_precue: ori = np.float64(217.390126813347)
38.3720 	EXP 	rot_line_precue: ori = np.float64(217.74424401620632)
38.3804 	EXP 	rot_line_precue: ori = np.float64(218.08796568961955)
38.3887 	EXP 	rot_line_precue: ori = np.float64(218.40369243813205)
38.3972 	EXP 	rot_line_precue: ori = np.float64(218.82881447030024)
38.4060 	EXP 	rot_line_precue: ori = np.float64(219.53319821051383)
38.4135 	EXP 	rot_line_precue: ori = np.float64(219.86529669865496)
38.4216 	EXP 	rot_line_precue: ori = np.float64(220.21338856503905)
38.4303 	EXP 	rot_line_precue: ori = np.float64(220.6747671703734)
38.4387 	EXP 	rot_line_precue: ori = np.float64(221.1862959810408)
38.4396 	EXP 	New trial (rep=9, index=17): <Trial 17 (17 in rep 9) data={'pic_name': 'pics/none.JPG', 'class_mi': 'rest', 'thisN': 17, 'thisTrialN': 17, 'thisRepN': 9}>
38.4473 	EXP 	hor_line_precue: autoDraw = False
38.4473 	EXP 	ver_line_precue: autoDraw = False
38.4473 	EXP 	rot_line_precue: autoDraw = False
38.4473 	EXP 	rot_line_precue: ori = np.float64(221.51057930018337)
38.4473 	EXP 	hor_line_precue: autoDraw = False
38.4473 	EXP 	ver_line_precue: autoDraw = False
38.4473 	EXP 	rot_line_precue: autoDraw = False
38.4473 	EXP 	hor_line_precue: autoDraw = True
38.4473 	EXP 	ver_line_precue: autoDraw = True
38.4473 	EXP 	rot_line_precue: autoDraw = True
38.4473 	EXP 	rot_line_precue: ori = np.float64(221.86074049304557)
38.4556 	EXP 	rot_line_precue: ori = np.float64(222.1904602620003)
38.4636 	EXP 	rot_line_precue: ori = np.float64(222.49157209183065)
38.4717 	EXP 	rot_line_precue: ori = np.float64(222.8525719735741)
38.4803 	EXP 	rot_line_precue: ori = np.float64(223.2009718309244)
38.4886 	EXP 	rot_line_precue: ori = np.float64(223.66947504826834)
38.4968 	EXP 	rot_line_precue: ori = np.float64(224.01478641955413)
38.5050 	EXP 	rot_line_precue: ori = np.float64(224.49676619793638)
38.5134 	EXP 	rot_line_precue: ori = np.float64(224.80412810862362)
38.5216 	EXP 	rot_line_precue: ori = np.float64(225.25380156484474)
38.5303 	EXP 	rot_line_precue: ori = np.float64(225.55742987464484)
38.5386 	EXP 	rot_line_precue: ori = np.float64(226.1833897655537)
38.5469 	EXP 	rot_line_precue: ori = np.float64(226.55284682026115)
38.5555 	EXP 	rot_line_precue: ori = np.float64(227.12348814090393)
38.5638 	EXP 	rot_line_precue: ori = np.float64(227.4307526251475)
38.5724 	EXP 	rot_line_precue: ori = np.float64(227.88898467885238)
38.5805 	EXP 	rot_line_precue: ori = np.float64(228.3548277091845)
38.5886 	EXP 	rot_line_precue: ori = np.float64(228.85406122393871)
38.5968 	EXP 	rot_line_precue: ori = np.float64(229.1928633198744)
38.6063 	EXP 	rot_line_precue: ori = np.float64(229.56857461036924)
38.6137 	EXP 	rot_line_precue: ori = np.float64(230.21131667705228)
38.6220 	EXP 	rot_line_precue: ori = np.float64(230.59936718506916)
38.6306 	EXP 	rot_line_precue: ori = np.float64(230.92938732631626)
38.6390 	EXP 	rot_line_precue: ori = np.float64(231.3185221289076)
38.6468 	EXP 	rot_line_precue: ori = np.float64(231.70653681517226)
38.6551 	EXP 	rot_line_precue: ori = np.float64(232.3073330724499)
38.6636 	EXP 	rot_line_precue: ori = np.float64(232.70732403496822)
38.6720 	EXP 	rot_line_precue: ori = np.float64(233.2579895766059)
38.6802 	EXP 	rot_line_precue: ori = np.float64(233.64495863446732)
38.6884 	EXP 	rot_line_precue: ori = np.float64(233.96904612026077)
38.6968 	EXP 	rot_line_precue: ori = np.float64(234.40093514868394)
38.7051 	EXP 	rot_line_precue: ori = np.float64(234.70760613930835)
38.7134 	EXP 	rot_line_precue: ori = np.float64(235.2884161423806)
38.7221 	EXP 	rot_line_precue: ori = np.float64(235.90076434338354)
38.7303 	EXP 	rot_line_precue: ori = np.float64(236.33885083842392)
38.7389 	EXP 	rot_line_precue: ori = np.float64(236.91348066908515)
38.7472 	EXP 	rot_line_precue: ori = np.float64(237.23647992667517)
38.7553 	EXP 	rot_line_precue: ori = np.float64(237.58637061175085)
38.7638 	EXP 	rot_line_precue: ori = np.float64(237.99308766810825)
38.7719 	EXP 	rot_line_precue: ori = np.float64(238.43473365335058)
38.7803 	EXP 	rot_line_precue: ori = np.float64(238.77995572639608)
38.7889 	EXP 	rot_line_precue: ori = np.float64(239.17230499304532)
38.7971 	EXP 	rot_line_precue: ori = np.float64(239.87665184823334)
38.8055 	EXP 	rot_line_precue: ori = np.float64(240.17921415734068)
38.8139 	EXP 	rot_line_precue: ori = np.float64(240.51634458682628)
38.8219 	EXP 	rot_line_precue: ori = np.float64(240.83257134470065)
38.8311 	EXP 	rot_line_precue: ori = np.float64(241.21111714957814)
38.8383 	EXP 	rot_line_precue: ori = np.float64(241.58626380707815)
38.8471 	EXP 	rot_line_precue: ori = np.float64(241.92066461449156)
38.8555 	EXP 	rot_line_precue: ori = np.float64(242.4814177580051)
38.8635 	EXP 	rot_line_precue: ori = np.float64(242.8627680385557)
38.8716 	EXP 	rot_line_precue: ori = np.float64(243.17312598802786)
38.8803 	EXP 	rot_line_precue: ori = np.float64(243.6662225247453)
38.8885 	EXP 	rot_line_precue: ori = np.float64(244.10068555258232)
38.8971 	EXP 	rot_line_precue: ori = np.float64(244.65019777369355)
38.9055 	EXP 	rot_line_precue: ori = np.float64(244.9870087334652)
38.9136 	EXP 	rot_line_precue: ori = np.float64(245.28598796484462)
38.9221 	EXP 	rot_line_precue: ori = np.float64(245.73095466794823)
38.9302 	EXP 	rot_line_precue: ori = np.float64(246.13547449311923)
38.9387 	EXP 	rot_line_precue: ori = np.float64(246.53943916168356)
38.9467 	EXP 	rot_line_precue: ori = np.float64(246.9310111744548)
38.9555 	EXP 	rot_line_precue: ori = np.float64(247.54875394606427)
38.9638 	EXP 	rot_line_precue: ori = np.float64(247.87008127765824)
38.9722 	EXP 	rot_line_precue: ori = np.float64(248.25490447652908)
38.9805 	EXP 	rot_line_precue: ori = np.float64(248.55685603482314)
38.9885 	EXP 	rot_line_precue: ori = np.float64(249.01286150954928)
38.9968 	EXP 	rot_line_precue: ori = np.float64(249.41867268892258)
39.0053 	EXP 	rot_line_precue: ori = np.float64(250.19869957393706)
39.0135 	EXP 	rot_line_precue: ori = np.float64(250.5212273166984)
39.0218 	EXP 	rot_line_precue: ori = np.float64(250.81844505770349)
39.0303 	EXP 	rot_line_precue: ori = np.float64(251.11609202058028)
39.0384 	EXP 	rot_line_precue: ori = np.float64(251.4543316643004)
39.0467 	EXP 	rot_line_precue: ori = np.float64(252.20098537598957)
39.0551 	EXP 	rot_line_precue: ori = np.float64(252.50476947975173)
39.0637 	EXP 	rot_line_precue: ori = np.float64(252.80083232601427)
39.0719 	EXP 	rot_line_precue: ori = np.float64(253.20335006308107)
39.0806 	EXP 	rot_line_precue: ori = np.float64(253.710956155826)
39.0888 	EXP 	rot_line_precue: ori = np.float64(254.41094648004798)
39.0969 	EXP 	rot_line_precue: ori = np.float64(254.73378254838346)
39.1055 	EXP 	rot_line_precue: ori = np.float64(255.2560473836844)
39.1136 	EXP 	rot_line_precue: ori = np.float64(255.60220608708684)
39.1219 	EXP 	rot_line_precue: ori = np.float64(255.91350529694077)
39.1306 	EXP 	rot_line_precue: ori = np.float64(256.2401578163821)
39.1388 	EXP 	rot_line_precue: ori = np.float64(256.62354665037077)
39.1471 	EXP 	rot_line_precue: ori = np.float64(256.9402736691319)
39.1556 	EXP 	rot_line_precue: ori = np.float64(257.40051852268186)
39.1637 	EXP 	rot_line_precue: ori = np.float64(257.7169431627703)
39.1718 	EXP 	rot_line_precue: ori = np.float64(258.1234683207035)
39.1802 	EXP 	rot_line_precue: ori = np.float64(258.4828475636595)
39.1891 	EXP 	rot_line_precue: ori = np.float64(258.8000685121901)
39.1969 	EXP 	rot_line_precue: ori = np.float64(259.1546094896609)
39.2051 	EXP 	rot_line_precue: ori = np.float64(259.49534336276685)
39.2133 	EXP 	rot_line_precue: ori = np.float64(259.80966813205544)
39.2218 	EXP 	rot_line_precue: ori = np.float64(260.3106429481688)
39.2302 	EXP 	rot_line_precue: ori = np.float64(261.0870300741839)
39.2388 	EXP 	rot_line_precue: ori = np.float64(261.4634193745373)
39.2471 	EXP 	rot_line_precue: ori = np.float64(261.8569951245531)
39.2554 	EXP 	rot_line_precue: ori = np.float64(262.2153209580481)
39.2637 	EXP 	rot_line_precue: ori = np.float64(262.5207728041718)
39.2719 	EXP 	rot_line_precue: ori = np.float64(262.82054094978355)
39.2802 	EXP 	rot_line_precue: ori = np.float64(263.1345667866968)
39.2885 	EXP 	rot_line_precue: ori = np.float64(263.4562962966393)
39.2971 	EXP 	rot_line_precue: ori = np.float64(263.96129580451196)
39.3054 	EXP 	rot_line_precue: ori = np.float64(264.48583488358673)
39.3139 	EXP 	rot_line_precue: ori = np.float64(264.8356458357653)
39.3228 	EXP 	rot_line_precue: ori = np.float64(265.1507904488353)
39.3302 	EXP 	rot_line_precue: ori = np.float64(265.9201280016653)
39.3384 	EXP 	rot_line_precue: ori = np.float64(266.31277814421946)
39.3469 	EXP 	rot_line_precue: ori = np.float64(266.8623316413142)
39.3553 	EXP 	rot_line_precue: ori = np.float64(267.21333460394925)
39.3635 	EXP 	rot_line_precue: ori = np.float64(267.59355707324056)
39.3720 	EXP 	rot_line_precue: ori = np.float64(267.9314576442729)
39.3803 	EXP 	rot_line_precue: ori = np.float64(268.65121554412724)
39.3884 	EXP 	rot_line_precue: ori = np.float64(268.96212317551635)
39.3966 	EXP 	rot_line_precue: ori = np.float64(269.3659044043138)
39.4059 	EXP 	rot_line_precue: ori = np.float64(269.85440630082803)
39.4136 	EXP 	rot_line_precue: ori = np.float64(270.2086762854964)
39.4221 	EXP 	rot_line_precue: ori = np.float64(270.8030654066235)
39.4305 	EXP 	rot_line_precue: ori = np.float64(271.10253994644523)
39.4387 	EXP 	rot_line_precue: ori = np.float64(271.4499624591914)
39.4471 	EXP 	rot_line_precue: ori = np.float64(271.8757283174834)
39.4553 	EXP 	rot_line_precue: ori = np.float64(272.260360322743)
39.4637 	EXP 	rot_line_precue: ori = np.float64(272.55943549485187)
39.4722 	EXP 	rot_line_precue: ori = np.float64(273.16727753370554)
39.4806 	EXP 	rot_line_precue: ori = np.float64(273.92328259071894)
39.4887 	EXP 	rot_line_precue: ori = np.float64(274.49982025502175)
39.4969 	EXP 	rot_line_precue: ori = np.float64(274.9894464948592)
39.5054 	EXP 	rot_line_precue: ori = np.float64(275.2983697287138)
39.5136 	EXP 	rot_line_precue: ori = np.float64(275.7651492026496)
39.5218 	EXP 	rot_line_precue: ori = np.float64(276.2559379824338)
39.5303 	EXP 	rot_line_precue: ori = np.float64(276.83168092137225)
39.5386 	EXP 	rot_line_precue: ori = np.float64(277.19132556918225)
39.5466 	EXP 	rot_line_precue: ori = np.float64(277.49974507466806)
39.5550 	EXP 	rot_line_precue: ori = np.float64(277.9477396472782)
39.5635 	EXP 	rot_line_precue: ori = np.float64(278.2624346353557)
39.5717 	EXP 	rot_line_precue: ori = np.float64(278.94725050009663)
39.5805 	EXP 	rot_line_precue: ori = np.float64(279.4886841806507)
39.5888 	EXP 	rot_line_precue: ori = np.float64(279.81393973775124)
39.5970 	EXP 	rot_line_precue: ori = np.float64(280.48881834200716)
39.6056 	EXP 	rot_line_precue: ori = np.float64(281.2085986830259)
39.6138 	EXP 	rot_line_precue: ori = np.float64(281.7576833015265)
39.6224 	EXP 	rot_line_precue: ori = np.float64(282.09911702523675)
39.6307 	EXP 	rot_line_precue: ori = np.float64(282.4638370490085)
39.6393 	EXP 	rot_line_precue: ori = np.float64(283.2491575997507)
39.6469 	EXP 	rot_line_precue: ori = np.float64(283.55899128191953)
39.6558 	EXP 	rot_line_precue: ori = np.float64(283.8619080307771)
39.6639 	EXP 	rot_line_precue: ori = np.float64(284.45431853086257)
39.6720 	EXP 	rot_line_precue: ori = np.float64(284.994104360316)
39.6801 	EXP 	rot_line_precue: ori = np.float64(285.3376005084583)
39.6886 	EXP 	rot_line_precue: ori = np.float64(285.94354346423773)
39.6969 	EXP 	rot_line_precue: ori = np.float64(286.265131338086)
39.7052 	EXP 	rot_line_precue: ori = np.float64(286.5674247109859)
39.7136 	EXP 	rot_line_precue: ori = np.float64(286.98013388945003)
39.7218 	EXP 	rot_line_precue: ori = np.float64(287.4286530819021)
39.7302 	EXP 	rot_line_precue: ori = np.float64(287.7457656623633)
39.7384 	EXP 	rot_line_precue: ori = np.float64(288.0629230093447)
39.7469 	EXP 	rot_line_precue: ori = np.float64(288.47341427262523)
39.7553 	EXP 	rot_line_precue: ori = np.float64(288.7811782777392)
39.7639 	EXP 	rot_line_precue: ori = np.float64(289.1328066999795)
39.7721 	EXP 	rot_line_precue: ori = np.float64(289.43497529720094)
39.7803 	EXP 	rot_line_precue: ori = np.float64(289.81500456718027)
39.7884 	EXP 	rot_line_precue: ori = np.float64(290.1504957053575)
39.7976 	EXP 	rot_line_precue: ori = np.float64(290.4951020320572)
39.8053 	EXP 	rot_line_precue: ori = np.float64(290.80338924765914)
39.8138 	EXP 	rot_line_precue: ori = np.float64(291.10896914121895)
39.8221 	EXP 	rot_line_precue: ori = np.float64(291.4148992990987)
39.8304 	EXP 	rot_line_precue: ori = np.float64(291.73996860808575)
39.8389 	EXP 	rot_line_precue: ori = np.float64(292.23520128414646)
39.8471 	EXP 	rot_line_precue: ori = np.float64(292.579632457676)
39.8558 	EXP 	rot_line_precue: ori = np.float64(293.38139919678684)
39.8635 	EXP 	rot_line_precue: ori = np.float64(293.6770909266776)
39.8719 	EXP 	rot_line_precue: ori = np.float64(294.28331509849596)
39.8803 	EXP 	rot_line_precue: ori = np.float64(294.6052854486936)
39.8885 	EXP 	rot_line_precue: ori = np.float64(294.9906181865895)
39.8970 	EXP 	rot_line_precue: ori = np.float64(295.33379742622884)
39.9058 	EXP 	rot_line_precue: ori = np.float64(296.10597729924973)
39.9134 	EXP 	rot_line_precue: ori = np.float64(296.4180880738446)
39.9220 	EXP 	rot_line_precue: ori = np.float64(296.8085258945207)
39.9304 	EXP 	rot_line_precue: ori = np.float64(297.19814981010813)
39.9386 	EXP 	rot_line_precue: ori = np.float64(297.49772083964064)
39.9472 	EXP 	rot_line_precue: ori = np.float64(298.26130410766024)
39.9553 	EXP 	rot_line_precue: ori = np.float64(298.5837020631246)
39.9635 	EXP 	rot_line_precue: ori = np.float64(299.3498015167926)
39.9716 	EXP 	rot_line_precue: ori = np.float64(299.67421841082967)
39.9804 	EXP 	rot_line_precue: ori = np.float64(300.43886647787804)
39.9887 	EXP 	rot_line_precue: ori = np.float64(301.1475158291371)
39.9973 	EXP 	rot_line_precue: ori = np.float64(301.58723592645384)
40.0054 	EXP 	rot_line_precue: ori = np.float64(302.3305673272375)
40.0137 	EXP 	rot_line_precue: ori = np.float64(302.71703864962063)
40.0217 	EXP 	rot_line_precue: ori = np.float64(303.07926379816126)
40.0305 	EXP 	rot_line_precue: ori = np.float64(303.469153756909)
40.0386 	EXP 	rot_line_precue: ori = np.float64(303.780598629626)
40.0468 	EXP 	rot_line_precue: ori = np.float64(304.2500129709562)
40.0553 	EXP 	rot_line_precue: ori = np.float64(304.5544028539098)
40.0635 	EXP 	rot_line_precue: ori = np.float64(305.0390744542095)
40.0717 	EXP 	rot_line_precue: ori = np.float64(305.3451689967426)
40.0801 	EXP 	rot_line_precue: ori = np.float64(305.6651274688435)
40.0887 	EXP 	rot_line_precue: ori = np.float64(306.09521100301237)
40.0969 	EXP 	rot_line_precue: ori = np.float64(306.5303195731013)
40.1055 	EXP 	rot_line_precue: ori = np.float64(306.94319846716473)
40.1139 	EXP 	rot_line_precue: ori = np.float64(307.34102479252283)
40.1220 	EXP 	rot_line_precue: ori = np.float64(307.6449791552977)
40.1304 	EXP 	rot_line_precue: ori = np.float64(307.9561582051284)
40.1388 	EXP 	rot_line_precue: ori = np.float64(308.31044551767303)
40.1468 	EXP 	rot_line_precue: ori = np.float64(308.93909515354056)
40.1557 	EXP 	rot_line_precue: ori = np.float64(309.25125736751994)
40.1639 	EXP 	rot_line_precue: ori = np.float64(309.692843508567)
40.1721 	EXP 	rot_line_precue: ori = np.float64(310.0329355080092)
40.1807 	EXP 	rot_line_precue: ori = np.float64(310.35412581857935)
40.1888 	EXP 	rot_line_precue: ori = np.float64(310.67973676726416)
40.1971 	EXP 	rot_line_precue: ori = np.float64(311.02821583110494)
40.2051 	EXP 	rot_line_precue: ori = np.float64(311.36881202761566)
40.2137 	EXP 	rot_line_precue: ori = np.float64(311.80305658500083)
40.2219 	EXP 	rot_line_precue: ori = np.float64(312.1137445358088)
40.2302 	EXP 	rot_line_precue: ori = np.float64(312.6775177226123)
40.2386 	EXP 	rot_line_precue: ori = np.float64(313.00571567298636)
40.2468 	EXP 	rot_line_precue: ori = np.float64(313.3543696950963)
40.2551 	EXP 	rot_line_precue: ori = np.float64(313.83184568830825)
40.2637 	EXP 	rot_line_precue: ori = np.float64(314.14141924993163)
40.2721 	EXP 	rot_line_precue: ori = np.float64(314.5827629035857)
40.2804 	EXP 	rot_line_precue: ori = np.float64(314.90679244825054)
40.2888 	EXP 	rot_line_precue: ori = np.float64(315.5498527331086)
40.2969 	EXP 	rot_line_precue: ori = np.float64(315.8968787409533)
40.3054 	EXP 	rot_line_precue: ori = np.float64(316.2458920200206)
40.3138 	EXP 	rot_line_precue: ori = np.float64(316.5512344455081)
40.3220 	EXP 	rot_line_precue: ori = np.float64(316.9121296514139)
40.3303 	EXP 	rot_line_precue: ori = np.float64(317.22896847441257)
40.3390 	EXP 	rot_line_precue: ori = np.float64(317.5695582690768)
40.3471 	EXP 	rot_line_precue: ori = np.float64(317.9408098005389)
40.3553 	EXP 	rot_line_precue: ori = np.float64(318.28040375088005)
40.3635 	EXP 	rot_line_precue: ori = np.float64(318.74350308486305)
40.3719 	EXP 	rot_line_precue: ori = np.float64(319.1611646857819)
40.3803 	EXP 	rot_line_precue: ori = np.float64(319.5335580553686)
40.3885 	EXP 	rot_line_precue: ori = np.float64(319.9927880538119)
40.3967 	EXP 	rot_line_precue: ori = np.float64(320.2898078336727)
40.4053 	EXP 	rot_line_precue: ori = np.float64(320.59776530309983)
40.4134 	EXP 	rot_line_precue: ori = np.float64(320.9596463998914)
40.4216 	EXP 	rot_line_precue: ori = np.float64(321.28788536370496)
40.4302 	EXP 	rot_line_precue: ori = np.float64(321.58545089907074)
40.4312 	EXP 	New trial (rep=2, index=18): <Trial 18 (18 in rep 2) data={'pic_name': 'pics/feet.JPG', 'class_mi': 'feet', 'thisN': 18, 'thisTrialN': 18, 'thisRepN': 2}>
40.4386 	EXP 	hor_line_precue: autoDraw = False
40.4386 	EXP 	ver_line_precue: autoDraw = False
40.4386 	EXP 	rot_line_precue: autoDraw = False
40.4386 	EXP 	rot_line_precue: ori = np.float64(321.8919994409757)
40.4386 	EXP 	hor_line_precue: autoDraw = False
40.4386 	EXP 	ver_line_precue: autoDraw = False
40.4386 	EXP 	rot_line_precue: autoDraw = False
40.4386 	EXP 	hor_line_precue: autoDraw = True
40.4386 	EXP 	ver_line_precue: autoDraw = True
40.4386 	EXP 	rot_line_precue: autoDraw = True
40.4386 	EXP 	rot_line_precue: ori = np.float64(322.3065121853216)
40.4472 	EXP 	rot_line_precue: ori = np.float64(322.6701587810742)
40.4554 	EXP 	rot_line_precue: ori = np.float64(322.9700084876207)
40.4637 	EXP 	rot_line_precue: ori = np.float64(323.3147339571869)
40.4717 	EXP 	rot_line_precue: ori = np.float64(324.0248143475954)
40.4803 	EXP 	rot_line_precue: ori = np.float64(324.333722853995)
40.4885 	EXP 	rot_line_precue: ori = np.float64(324.642753788252)
40.4973 	EXP 	rot_line_precue: ori = np.float64(325.1848406763293)
40.5055 	EXP 	rot_line_precue: ori = np.float64(325.53609277393457)
40.5137 	EXP 	rot_line_precue: ori = np.float64(325.89501249779096)
40.5222 	EXP 	rot_line_precue: ori = np.float64(326.3084521874774)
40.5305 	EXP 	rot_line_precue: ori = np.float64(326.6234568226525)
40.5391 	EXP 	rot_line_precue: ori = np.float64(326.94206595157897)
40.5467 	EXP 	rot_line_precue: ori = np.float64(327.2445188597271)
40.5554 	EXP 	rot_line_precue: ori = np.float64(327.66389257991165)
40.5637 	EXP 	rot_line_precue: ori = np.float64(328.261772400043)
40.5717 	EXP 	rot_line_precue: ori = np.float64(328.5892575430361)
40.5801 	EXP 	rot_line_precue: ori = np.float64(328.95436769182)
40.5885 	EXP 	rot_line_precue: ori = np.float64(329.5859598668165)
40.5970 	EXP 	rot_line_precue: ori = np.float64(330.2536973913096)
40.6053 	EXP 	rot_line_precue: ori = np.float64(330.5546797612604)
40.6137 	EXP 	rot_line_precue: ori = np.float64(330.85123341744327)
40.6219 	EXP 	rot_line_precue: ori = np.float64(331.1506712123642)
40.6305 	EXP 	rot_line_precue: ori = np.float64(331.68116147380135)
40.6388 	EXP 	rot_line_precue: ori = np.float64(332.3850645422784)
40.6469 	EXP 	rot_line_precue: ori = np.float64(332.85420315674526)
40.6555 	EXP 	rot_line_precue: ori = np.float64(333.3059050713319)
40.6635 	EXP 	rot_line_precue: ori = np.float64(333.63452190941484)
40.6720 	EXP 	rot_line_precue: ori = np.float64(334.00879939733227)
40.6808 	EXP 	rot_line_precue: ori = np.float64(334.730036827154)
40.6888 	EXP 	rot_line_precue: ori = np.float64(335.2560304210237)
40.6970 	EXP 	rot_line_precue: ori = np.float64(335.669490111231)
40.7056 	EXP 	rot_line_precue: ori = np.float64(335.9718447251615)
40.7139 	EXP 	rot_line_precue: ori = np.float64(336.38782044784494)
40.7218 	EXP 	rot_line_precue: ori = np.float64(336.9672027589453)
40.7301 	EXP 	rot_line_precue: ori = np.float64(337.2894636604853)
40.7387 	EXP 	rot_line_precue: ori = np.float64(337.6228437587353)
40.7468 	EXP 	rot_line_precue: ori = np.float64(338.2787677570787)
40.7551 	EXP 	rot_line_precue: ori = np.float64(338.84061283591853)
40.7634 	EXP 	rot_line_precue: ori = np.float64(339.392354598606)
40.7718 	EXP 	rot_line_precue: ori = np.float64(339.92148834798576)
40.7800 	EXP 	rot_line_precue: ori = np.float64(340.21939973797737)
40.7882 	EXP 	rot_line_precue: ori = np.float64(340.5587208510802)
40.7978 	EXP 	rot_line_precue: ori = np.float64(340.88262730207595)
40.8054 	EXP 	rot_line_precue: ori = np.float64(341.2247812913726)
40.8138 	EXP 	rot_line_precue: ori = np.float64(341.5211784265894)
40.8222 	EXP 	rot_line_precue: ori = np.float64(341.9881832291196)
40.8304 	EXP 	rot_line_precue: ori = np.float64(342.7525324115425)
40.8390 	EXP 	rot_line_precue: ori = np.float64(343.0718563560915)
40.8472 	EXP 	rot_line_precue: ori = np.float64(343.3927033664012)
40.8559 	EXP 	rot_line_precue: ori = np.float64(343.7102864344499)
40.8640 	EXP 	rot_line_precue: ori = np.float64(344.03331084917176)
40.8729 	EXP 	rot_line_precue: ori = np.float64(344.36436175575335)
40.8808 	EXP 	rot_line_precue: ori = np.float64(344.7863252544995)
40.8890 	EXP 	rot_line_precue: ori = np.float64(345.0912280765906)
40.8978 	EXP 	rot_line_precue: ori = np.float64(345.42502136760805)
40.9054 	EXP 	rot_line_precue: ori = np.float64(345.80463308403614)
40.9140 	EXP 	rot_line_precue: ori = np.float64(346.1057878240699)
40.9220 	EXP 	rot_line_precue: ori = np.float64(346.4080293549725)
40.9302 	EXP 	rot_line_precue: ori = np.float64(346.7403753574456)
40.9385 	EXP 	rot_line_precue: ori = np.float64(347.13171671048434)
40.9471 	EXP 	rot_line_precue: ori = np.float64(347.4331607212944)
40.9558 	EXP 	rot_line_precue: ori = np.float64(347.82539122721073)
40.9635 	EXP 	rot_line_precue: ori = np.float64(348.2696823282376)
40.9721 	EXP 	rot_line_precue: ori = np.float64(348.59795116184813)
40.9811 	EXP 	rot_line_precue: ori = np.float64(348.91925408289524)
40.9891 	EXP 	rot_line_precue: ori = np.float64(349.36376199372444)
40.9971 	EXP 	rot_line_precue: ori = np.float64(350.1414673130166)
41.0055 	EXP 	rot_line_precue: ori = np.float64(350.63377420497636)
41.0137 	EXP 	rot_line_precue: ori = np.float64(350.9356072490808)
41.0223 	EXP 	rot_line_precue: ori = np.float64(351.32395070496955)
41.0312 	EXP 	rot_line_precue: ori = np.float64(351.7071045977075)
41.0393 	EXP 	rot_line_precue: ori = np.float64(352.11667274593736)
41.0482 	EXP 	rot_line_precue: ori = np.float64(352.6286704123764)
41.0571 	EXP 	rot_line_precue: ori = np.float64(352.99577113395765)
41.0811 	EXP 	rot_line_precue: ori = np.float64(353.29514496154854)
41.0902 	EXP 	rot_line_precue: ori = np.float64(353.6636528542641)
41.0995 	EXP 	rot_line_precue: ori = np.float64(354.2892230943034)
41.1097 	EXP 	rot_line_precue: ori = np.float64(354.61549137520666)
41.1152 	EXP 	rot_line_precue: ori = np.float64(354.9642685049698)
41.1242 	EXP 	rot_line_precue: ori = np.float64(355.3091594740619)
41.1308 	EXP 	rot_line_precue: ori = np.float64(355.6657408254099)
41.1391 	EXP 	rot_line_precue: ori = np.float64(356.0915165376372)
41.1529 	EXP 	rot_line_precue: ori = np.float64(356.3984865081944)
41.1625 	EXP 	rot_line_precue: ori = np.float64(356.70121786342276)
41.1717 	EXP 	rot_line_precue: ori = np.float64(357.0988777751867)
41.1787 	EXP 	rot_line_precue: ori = np.float64(357.40756372767817)
41.1835 	EXP 	rot_line_precue: ori = np.float64(357.7600840698201)
41.1890 	EXP 	rot_line_precue: ori = np.float64(358.0772129163042)
41.1978 	EXP 	rot_line_precue: ori = np.float64(358.3861459123767)
41.2056 	EXP 	rot_line_precue: ori = np.float64(358.72158974347985)
41.2139 	EXP 	rot_line_precue: ori = np.float64(359.05253822910214)
41.2227 	EXP 	rot_line_precue: ori = np.float64(359.4765564852004)
41.2307 	EXP 	rot_line_precue: ori = np.float64(359.78613245301426)
41.2388 	EXP 	rot_line_precue: ori = np.float64(0.11922358242975406)
41.2472 	EXP 	rot_line_precue: ori = np.float64(0.8765431670287939)
41.2556 	EXP 	rot_line_precue: ori = np.float64(1.2267713621374086)
41.2638 	EXP 	rot_line_precue: ori = np.float64(1.5747953293839556)
41.2720 	EXP 	rot_line_precue: ori = np.float64(1.9082806141971025)
41.2802 	EXP 	rot_line_precue: ori = np.float64(2.3397171080377)
41.2887 	EXP 	rot_line_precue: ori = np.float64(2.660163475273283)
41.2971 	EXP 	rot_line_precue: ori = np.float64(3.301936780180292)
41.3052 	EXP 	rot_line_precue: ori = np.float64(3.661340279194407)
41.3139 	EXP 	rot_line_precue: ori = np.float64(3.992874544175093)
41.3228 	EXP 	rot_line_precue: ori = np.float64(4.30127043691277)
41.3309 	EXP 	rot_line_precue: ori = np.float64(4.728336703392662)
41.3390 	EXP 	rot_line_precue: ori = np.float64(5.353916663972887)
41.3481 	EXP 	rot_line_precue: ori = np.float64(5.692165277560723)
41.3554 	EXP 	rot_line_precue: ori = np.float64(6.0793780733544835)
41.3663 	EXP 	rot_line_precue: ori = np.float64(6.492843470809157)
41.3722 	EXP 	rot_line_precue: ori = np.float64(6.996128101834187)
41.3805 	EXP 	rot_line_precue: ori = np.float64(7.727821647478346)
41.3893 	EXP 	rot_line_precue: ori = np.float64(8.300932000961907)
41.3979 	EXP 	rot_line_precue: ori = np.float64(8.63966035967498)
41.4056 	EXP 	rot_line_precue: ori = np.float64(8.943444766629582)
41.4140 	EXP 	rot_line_precue: ori = np.float64(9.314773415004828)
41.4228 	EXP 	rot_line_precue: ori = np.float64(9.689174927022574)
41.4312 	EXP 	rot_line_precue: ori = np.float64(10.00552818221508)
41.4392 	EXP 	rot_line_precue: ori = np.float64(10.724090351217743)
41.4471 	EXP 	rot_line_precue: ori = np.float64(11.190477757436392)
41.4554 	EXP 	rot_line_precue: ori = np.float64(11.8090847345273)
41.4636 	EXP 	rot_line_precue: ori = np.float64(12.163726966509188)
41.4721 	EXP 	rot_line_precue: ori = np.float64(12.748252411401209)
41.4803 	EXP 	rot_line_precue: ori = np.float64(13.083310285973557)
41.4884 	EXP 	rot_line_precue: ori = np.float64(13.803994184137329)
41.4969 	EXP 	rot_line_precue: ori = np.float64(14.362313465771875)
41.5060 	EXP 	rot_line_precue: ori = np.float64(14.734798340397386)
41.5135 	EXP 	rot_line_precue: ori = np.float64(15.047198593608165)
41.5218 	EXP 	rot_line_precue: ori = np.float64(15.376958860151294)
41.5310 	EXP 	rot_line_precue: ori = np.float64(15.786423142591783)
41.5386 	EXP 	rot_line_precue: ori = np.float64(16.134100266671204)
41.5468 	EXP 	rot_line_precue: ori = np.float64(16.684409646236787)
41.5556 	EXP 	rot_line_precue: ori = np.float64(17.147178633000816)
41.5644 	EXP 	rot_line_precue: ori = np.float64(17.517434215309752)
41.5722 	EXP 	rot_line_precue: ori = np.float64(17.845425428977798)
41.5811 	EXP 	rot_line_precue: ori = np.float64(18.168411892176646)
41.5887 	EXP 	rot_line_precue: ori = np.float64(18.6255812218243)
41.5974 	EXP 	rot_line_precue: ori = np.float64(19.055263210557914)
41.6055 	EXP 	rot_line_precue: ori = np.float64(19.385042305710282)
41.6138 	EXP 	rot_line_precue: ori = np.float64(19.731853512491348)
41.6223 	EXP 	rot_line_precue: ori = np.float64(20.03141415845336)
41.6305 	EXP 	rot_line_precue: ori = np.float64(20.34735598700241)
41.6388 	EXP 	rot_line_precue: ori = np.float64(20.689937918536188)
41.6469 	EXP 	rot_line_precue: ori = np.float64(21.206378903435116)
41.6554 	EXP 	rot_line_precue: ori = np.float64(21.628543591775284)
41.6637 	EXP 	rot_line_precue: ori = np.float64(22.050854986659115)
41.6725 	EXP 	rot_line_precue: ori = np.float64(22.520966028902066)
41.6805 	EXP 	rot_line_precue: ori = np.float64(22.83690217028206)
41.6887 	EXP 	rot_line_precue: ori = np.float64(23.217586616374017)
41.6969 	EXP 	rot_line_precue: ori = np.float64(23.79692088282659)
41.7051 	EXP 	rot_line_precue: ori = np.float64(24.445253576643793)
41.7136 	EXP 	rot_line_precue: ori = np.float64(25.03094154560074)
41.7220 	EXP 	rot_line_precue: ori = np.float64(25.430423806450346)
41.7305 	EXP 	rot_line_precue: ori = np.float64(25.753488302231094)
41.7395 	EXP 	rot_line_precue: ori = np.float64(26.32267046198013)
41.7476 	EXP 	rot_line_precue: ori = np.float64(26.626123819414104)
41.7557 	EXP 	rot_line_precue: ori = np.float64(26.987423525420898)
41.7638 	EXP 	rot_line_precue: ori = np.float64(27.354551535075576)
41.7722 	EXP 	rot_line_precue: ori = np.float64(27.69346075599856)
41.7802 	EXP 	rot_line_precue: ori = np.float64(28.149809227778647)
41.7887 	EXP 	rot_line_precue: ori = np.float64(28.656778989322504)
41.7979 	EXP 	rot_line_precue: ori = np.float64(29.001414386969618)
41.8058 	EXP 	rot_line_precue: ori = np.float64(29.37251419271662)
41.8145 	EXP 	rot_line_precue: ori = np.float64(29.71184144333383)
41.8221 	EXP 	rot_line_precue: ori = np.float64(30.501951561262523)
41.8303 	EXP 	rot_line_precue: ori = np.float64(30.847419408780272)
41.8389 	EXP 	rot_line_precue: ori = np.float64(31.20596782700543)
41.8476 	EXP 	rot_line_precue: ori = np.float64(31.539196047838036)
41.8552 	EXP 	rot_line_precue: ori = np.float64(31.85866406202743)
41.8638 	EXP 	rot_line_precue: ori = np.float64(32.37043344742693)
41.8721 	EXP 	rot_line_precue: ori = np.float64(32.727829024902405)
41.8802 	EXP 	rot_line_precue: ori = np.float64(33.027212706588614)
41.8883 	EXP 	rot_line_precue: ori = np.float64(33.55896103414847)
41.8971 	EXP 	rot_line_precue: ori = np.float64(33.924452511671944)
41.9053 	EXP 	rot_line_precue: ori = np.float64(34.23879769896014)
41.9134 	EXP 	rot_line_precue: ori = np.float64(34.740088532775005)
41.9222 	EXP 	rot_line_precue: ori = np.float64(35.19575260567297)
41.9305 	EXP 	rot_line_precue: ori = np.float64(35.617660706739144)
41.9390 	EXP 	rot_line_precue: ori = np.float64(35.92428083944196)
41.9478 	EXP 	rot_line_precue: ori = np.float64(36.3001963896757)
41.9554 	EXP 	rot_line_precue: ori = np.float64(36.915072538079784)
41.9640 	EXP 	rot_line_precue: ori = np.float64(37.36543850583959)
41.9720 	EXP 	rot_line_precue: ori = np.float64(37.995689595648514)
41.9803 	EXP 	rot_line_precue: ori = np.float64(38.37353843796471)
41.9891 	EXP 	rot_line_precue: ori = np.float64(38.714309322322016)
41.9972 	EXP 	rot_line_precue: ori = np.float64(39.067868728153215)
42.0055 	EXP 	rot_line_precue: ori = np.float64(39.364484025334335)
42.0137 	EXP 	rot_line_precue: ori = np.float64(39.689333638416)
42.0222 	EXP 	rot_line_precue: ori = np.float64(39.998412632321276)
42.0310 	EXP 	rot_line_precue: ori = np.float64(40.39960259433033)
42.0386 	EXP 	rot_line_precue: ori = np.float64(40.744889157773514)
42.0468 	EXP 	rot_line_precue: ori = np.float64(41.0564768848303)
42.0553 	EXP 	rot_line_precue: ori = np.float64(41.47714108956641)
42.0635 	EXP 	rot_line_precue: ori = np.float64(42.16230362239349)
42.0719 	EXP 	rot_line_precue: ori = np.float64(42.735158695346975)
42.0802 	EXP 	rot_line_precue: ori = np.float64(43.1162614526454)
42.0885 	EXP 	rot_line_precue: ori = np.float64(43.499406726263224)
42.0968 	EXP 	rot_line_precue: ori = np.float64(43.89363658997073)
42.1055 	EXP 	rot_line_precue: ori = np.float64(44.38580225335744)
42.1138 	EXP 	rot_line_precue: ori = np.float64(44.71725901266515)
42.1220 	EXP 	rot_line_precue: ori = np.float64(45.13740579457712)
42.1307 	EXP 	rot_line_precue: ori = np.float64(45.4416426305925)
42.1387 	EXP 	rot_line_precue: ori = np.float64(46.02801350846677)
42.1470 	EXP 	rot_line_precue: ori = np.float64(46.388209115303994)
42.1563 	EXP 	rot_line_precue: ori = np.float64(46.68587245974641)
42.1645 	EXP 	rot_line_precue: ori = np.float64(47.142781023443334)
42.1720 	EXP 	rot_line_precue: ori = np.float64(47.752064518501165)
42.1806 	EXP 	rot_line_precue: ori = np.float64(48.11286118766399)
42.1887 	EXP 	rot_line_precue: ori = np.float64(48.60415191953141)
42.1969 	EXP 	rot_line_precue: ori = np.float64(48.91232419360927)
42.2051 	EXP 	rot_line_precue: ori = np.float64(49.212168215235465)
42.2165 	EXP 	rot_line_precue: ori = np.float64(49.52954851423711)
42.2217 	EXP 	rot_line_precue: ori = np.float64(49.855058291342104)
42.2301 	EXP 	rot_line_precue: ori = np.float64(50.1679908452274)
42.2386 	EXP 	rot_line_precue: ori = np.float64(50.51318248776986)
42.2471 	EXP 	rot_line_precue: ori = np.float64(50.8285369577821)
42.2551 	EXP 	rot_line_precue: ori = np.float64(51.596238393542116)
42.2636 	EXP 	rot_line_precue: ori = np.float64(51.922457671831715)
42.2718 	EXP 	rot_line_precue: ori = np.float64(52.347140417953575)
42.2803 	EXP 	rot_line_precue: ori = np.float64(52.76960508306789)
42.2894 	EXP 	rot_line_precue: ori = np.float64(53.257683263404196)
42.2977 	EXP 	rot_line_precue: ori = np.float64(53.73700005721509)
42.3057 	EXP 	rot_line_precue: ori = np.float64(54.0323349731436)
42.3138 	EXP 	rot_line_precue: ori = np.float64(54.42169106598035)
42.3220 	EXP 	rot_line_precue: ori = np.float64(54.779394384848146)
42.3303 	EXP 	rot_line_precue: ori = np.float64(55.15107953572704)
42.3390 	EXP 	rot_line_precue: ori = np.float64(55.575171876088305)
42.3472 	EXP 	rot_line_precue: ori = np.float64(55.870549511756366)
42.3553 	EXP 	rot_line_precue: ori = np.float64(56.27705851168924)
42.3637 	EXP 	rot_line_precue: ori = np.float64(56.62005163553776)
42.3723 	EXP 	rot_line_precue: ori = np.float64(57.01948267322271)
42.3802 	EXP 	rot_line_precue: ori = np.float64(57.339862505157704)
42.3889 	EXP 	rot_line_precue: ori = np.float64(57.71388935499315)
42.3972 	EXP 	rot_line_precue: ori = np.float64(58.01467048774624)
42.4052 	EXP 	rot_line_precue: ori = np.float64(58.359625058322116)
42.4135 	EXP 	rot_line_precue: ori = np.float64(58.67123826872713)
42.4220 	EXP 	rot_line_precue: ori = np.float64(59.06219919376884)
42.4230 	EXP 	New trial (rep=3, index=19): <Trial 19 (19 in rep 3) data={'pic_name': 'pics/feet.JPG', 'class_mi': 'feet', 'thisN': 19, 'thisTrialN': 19, 'thisRepN': 3}>
42.4302 	EXP 	hor_line_precue: autoDraw = False
42.4302 	EXP 	ver_line_precue: autoDraw = False
42.4302 	EXP 	rot_line_precue: autoDraw = False
42.4302 	EXP 	rot_line_precue: ori = np.float64(59.47813668728504)
42.4302 	EXP 	hor_line_precue: autoDraw = False
42.4302 	EXP 	ver_line_precue: autoDraw = False
42.4302 	EXP 	rot_line_precue: autoDraw = False
42.4302 	EXP 	hor_line_precue: autoDraw = True
42.4302 	EXP 	ver_line_precue: autoDraw = True
42.4302 	EXP 	rot_line_precue: autoDraw = True
42.4302 	EXP 	rot_line_precue: ori = np.float64(59.83559926519775)
42.4385 	EXP 	rot_line_precue: ori = np.float64(60.161316250157206)
42.4471 	EXP 	rot_line_precue: ori = np.float64(60.665219575179954)
42.4554 	EXP 	rot_line_precue: ori = np.float64(61.03419958870539)
42.4636 	EXP 	rot_line_precue: ori = np.float64(61.38582291687208)
42.4729 	EXP 	rot_line_precue: ori = np.float64(61.69158374063079)
42.4805 	EXP 	rot_line_precue: ori = np.float64(61.9978620917636)
42.4886 	EXP 	rot_line_precue: ori = np.float64(62.32713979188516)
42.4980 	EXP 	rot_line_precue: ori = np.float64(62.65188827753204)
42.5062 	EXP 	rot_line_precue: ori = np.float64(62.99056490227857)
42.5139 	EXP 	rot_line_precue: ori = np.float64(63.53916096313291)
42.5222 	EXP 	rot_line_precue: ori = np.float64(63.85978634421048)
42.5305 	EXP 	rot_line_precue: ori = np.float64(64.26528419955241)
42.5386 	EXP 	rot_line_precue: ori = np.float64(64.86646788710503)
42.5468 	EXP 	rot_line_precue: ori = np.float64(65.1757870252671)
42.5554 	EXP 	rot_line_precue: ori = np.float64(65.65692149069801)
42.5636 	EXP 	rot_line_precue: ori = np.float64(66.05621277286158)
42.5719 	EXP 	rot_line_precue: ori = np.float64(66.39561417572251)
42.5803 	EXP 	rot_line_precue: ori = np.float64(66.90004225569459)
42.5886 	EXP 	rot_line_precue: ori = np.float64(67.25897218169754)
42.5968 	EXP 	rot_line_precue: ori = np.float64(67.61475621615978)
42.6053 	EXP 	rot_line_precue: ori = np.float64(68.03129499321552)
42.6135 	EXP 	rot_line_precue: ori = np.float64(68.37852011843648)
42.6219 	EXP 	rot_line_precue: ori = np.float64(68.76299132150884)
42.6305 	EXP 	rot_line_precue: ori = np.float64(69.190332747614)
42.6388 	EXP 	rot_line_precue: ori = np.float64(69.62345461118016)
42.6474 	EXP 	rot_line_precue: ori = np.float64(69.97797960576641)
42.6555 	EXP 	rot_line_precue: ori = np.float64(70.27831773864563)
42.6644 	EXP 	rot_line_precue: ori = np.float64(70.64457819450352)
42.6724 	EXP 	rot_line_precue: ori = np.float64(71.08800510885541)
42.6808 	EXP 	rot_line_precue: ori = np.float64(71.42581050641785)
42.6888 	EXP 	rot_line_precue: ori = np.float64(71.7550342668)
42.6971 	EXP 	rot_line_precue: ori = np.float64(72.23540756701962)
42.7055 	EXP 	rot_line_precue: ori = np.float64(72.61867561643247)
42.7143 	EXP 	rot_line_precue: ori = np.float64(73.07103480102549)
42.7220 	EXP 	rot_line_precue: ori = np.float64(73.41540247247165)
42.7306 	EXP 	rot_line_precue: ori = np.float64(74.11493166052836)
42.7386 	EXP 	rot_line_precue: ori = np.float64(74.43530359598114)
42.7468 	EXP 	rot_line_precue: ori = np.float64(74.78976855664719)
42.7551 	EXP 	rot_line_precue: ori = np.float64(75.11278830289406)
42.7636 	EXP 	rot_line_precue: ori = np.float64(75.40867131402729)
42.7720 	EXP 	rot_line_precue: ori = np.float64(75.84884948634082)
42.7801 	EXP 	rot_line_precue: ori = np.float64(76.45462477602784)
42.7887 	EXP 	rot_line_precue: ori = np.float64(76.77615186185027)
42.7971 	EXP 	rot_line_precue: ori = np.float64(77.45872260034248)
42.8058 	EXP 	rot_line_precue: ori = np.float64(77.81841559284726)
42.8147 	EXP 	rot_line_precue: ori = np.float64(78.18971512884792)
42.8230 	EXP 	rot_line_precue: ori = np.float64(78.59573699437132)
42.8302 	EXP 	rot_line_precue: ori = np.float64(78.95345818345888)
42.8395 	EXP 	rot_line_precue: ori = np.float64(79.25322581041527)
42.8472 	EXP 	rot_line_precue: ori = np.float64(79.56340272337698)
42.8558 	EXP 	rot_line_precue: ori = np.float64(79.8755001249962)
42.8646 	EXP 	rot_line_precue: ori = np.float64(80.30752098093004)
42.8722 	EXP 	rot_line_precue: ori = np.float64(80.90973960366918)
42.8809 	EXP 	rot_line_precue: ori = np.float64(81.30559540399415)
42.8888 	EXP 	rot_line_precue: ori = np.float64(81.60427934127719)
42.8976 	EXP 	rot_line_precue: ori = np.float64(81.90328191478777)
42.9052 	EXP 	rot_line_precue: ori = np.float64(82.27502233946434)
42.9135 	EXP 	rot_line_precue: ori = np.float64(82.57041539248551)
42.9220 	EXP 	rot_line_precue: ori = np.float64(83.21035005410519)
42.9303 	EXP 	rot_line_precue: ori = np.float64(83.54772848106526)
42.9385 	EXP 	rot_line_precue: ori = np.float64(83.85282522391995)
42.9470 	EXP 	rot_line_precue: ori = np.float64(84.21258706536054)
42.9553 	EXP 	rot_line_precue: ori = np.float64(84.64590598705841)
42.9635 	EXP 	rot_line_precue: ori = np.float64(84.99638610133339)
42.9719 	EXP 	rot_line_precue: ori = np.float64(85.29332055681847)
42.9804 	EXP 	rot_line_precue: ori = np.float64(85.7053467465443)
42.9886 	EXP 	rot_line_precue: ori = np.float64(86.01600453817211)
42.9972 	EXP 	rot_line_precue: ori = np.float64(86.45295005399318)
43.0055 	EXP 	rot_line_precue: ori = np.float64(86.82094510975456)
43.0141 	EXP 	rot_line_precue: ori = np.float64(87.24742467617966)
43.0223 	EXP 	rot_line_precue: ori = np.float64(87.66207981142087)
43.0306 	EXP 	rot_line_precue: ori = np.float64(87.98428788324041)
43.0388 	EXP 	rot_line_precue: ori = np.float64(88.33002027335758)
43.0474 	EXP 	rot_line_precue: ori = np.float64(89.04377321808039)
43.0555 	EXP 	rot_line_precue: ori = np.float64(89.48906269147571)
43.0643 	EXP 	rot_line_precue: ori = np.float64(90.133593651358)
43.0722 	EXP 	rot_line_precue: ori = np.float64(90.52611988286225)
43.0804 	EXP 	rot_line_precue: ori = np.float64(91.14646679460041)
43.0888 	EXP 	rot_line_precue: ori = np.float64(91.71739564977393)
43.0972 	EXP 	rot_line_precue: ori = np.float64(92.01894067228521)
43.1052 	EXP 	rot_line_precue: ori = np.float64(92.35860494741304)
43.1135 	EXP 	rot_line_precue: ori = np.float64(92.68005279062504)
43.1218 	EXP 	rot_line_precue: ori = np.float64(93.06983478671117)
43.1303 	EXP 	rot_line_precue: ori = np.float64(93.42127954762175)
43.1385 	EXP 	rot_line_precue: ori = np.float64(93.74185607530343)
43.1469 	EXP 	rot_line_precue: ori = np.float64(94.0576765997279)
43.1554 	EXP 	rot_line_precue: ori = np.float64(94.38560370702461)
43.1636 	EXP 	rot_line_precue: ori = np.float64(94.69002316268912)
43.1720 	EXP 	rot_line_precue: ori = np.float64(95.2036019498661)
43.1805 	EXP 	rot_line_precue: ori = np.float64(95.51180677101848)
43.1889 	EXP 	rot_line_precue: ori = np.float64(95.82555489560615)
43.1976 	EXP 	rot_line_precue: ori = np.float64(96.28210060901783)
43.2056 	EXP 	rot_line_precue: ori = np.float64(96.6106813092155)
43.2138 	EXP 	rot_line_precue: ori = np.float64(96.94120845421739)
43.2221 	EXP 	rot_line_precue: ori = np.float64(97.24012644383495)
43.2307 	EXP 	rot_line_precue: ori = np.float64(97.55232393981386)
43.2389 	EXP 	rot_line_precue: ori = np.float64(97.90355633225761)
43.2478 	EXP 	rot_line_precue: ori = np.float64(98.26385857738757)
43.2554 	EXP 	rot_line_precue: ori = np.float64(98.62592611725566)
43.2637 	EXP 	rot_line_precue: ori = np.float64(99.15092697459133)
43.2719 	EXP 	rot_line_precue: ori = np.float64(99.46114044048609)
43.2802 	EXP 	rot_line_precue: ori = np.float64(100.15202376807214)
43.2887 	EXP 	rot_line_precue: ori = np.float64(100.46827211803894)
43.2970 	EXP 	rot_line_precue: ori = np.float64(100.77177510350204)
43.3053 	EXP 	rot_line_precue: ori = np.float64(101.0808663391199)
43.3151 	EXP 	rot_line_precue: ori = np.float64(101.59892540852971)
43.3226 	EXP 	rot_line_precue: ori = np.float64(101.98406667822321)
43.3302 	EXP 	rot_line_precue: ori = np.float64(102.4036516441795)
43.3388 	EXP 	rot_line_precue: ori = np.float64(102.75274248998484)
43.3472 	EXP 	rot_line_precue: ori = np.float64(103.07060238544273)
43.3554 	EXP 	rot_line_precue: ori = np.float64(103.38360268941324)
43.3645 	EXP 	rot_line_precue: ori = np.float64(103.76050903398458)
43.3720 	EXP 	rot_line_precue: ori = np.float64(104.10511247006923)
43.3803 	EXP 	rot_line_precue: ori = np.float64(104.83078565912132)
43.3889 	EXP 	rot_line_precue: ori = np.float64(105.15421284804675)
43.3980 	EXP 	rot_line_precue: ori = np.float64(105.5466616314014)
43.4052 	EXP 	rot_line_precue: ori = np.float64(105.926193825339)
43.4139 	EXP 	rot_line_precue: ori = np.float64(106.34145188457322)
43.4221 	EXP 	rot_line_precue: ori = np.float64(107.10789233598926)
43.4231 	EXP 	Device response: <KeyPress from None: t=43.41740489999938, value=escape, duration=None>
43.4238 	DATA 	Keypress: escape
43.4303 	EXP 	rot_line_precue: ori = np.float64(107.41564215628276)
43.4385 	EXP 	rot_line_precue: ori = np.float64(107.72053800910717)
43.4471 	EXP 	rot_line_precue: ori = np.float64(108.05411099138358)
43.4554 	EXP 	rot_line_precue: ori = np.float64(108.56833220584836)
43.4635 	EXP 	rot_line_precue: ori = np.float64(109.1635859945477)
43.4728 	EXP 	rot_line_precue: ori = np.float64(109.78282143424211)
43.4803 	EXP 	rot_line_precue: ori = np.float64(110.2602480405012)
43.4811 	EXP 	Device response: <KeyPress from None: t=43.41740489999938, value=escape, duration=0.05707889999757754>
43.4811 	EXP 	bci_racingteam: status = STOPPED
43.4885 	EXP 	rot_line_precue: ori = np.float64(110.56300148125293)
43.4885 	EXP 	hor_line_precue: autoDraw = False
43.4885 	EXP 	ver_line_precue: autoDraw = False
43.4885 	EXP 	rot_line_precue: autoDraw = False
43.4886 	EXP 	bci_racingteam: status = STOPPED
