6.1737 	WARNING 	Requested an unavailable screen number - using first available.
6.1771 	WARNING 	User requested fullscreen with size [1920 1080], but screen is actually [1707, 1067]. Using actual size
6.7018 	EXP 	Created window1 = Window(allowGUI=False, allowStencil=False, autoLog=True, backendConf=UNKNOWN, backgroundFit=<method-wrapper '__getattribute__' of attributeSetter object at 0x000001F4728D0BE0>, backgroundImage=<method-wrapper '__getattribute__' of attributeSetter object at 0x000001F4728D0B80>, bitsMode=UNKNOWN, blendMode='avg', bpc=(8, 8, 8), color=array([0, 0, 0]), colorSpace='rgb', depthBits=8, fullscr=True, gamma=None, gammaErrorPolicy='raise', infoMsg=UNKNOWN, lms=UNKNOWN, monitor=<psychopy.monitors.calibTools.Monitor object at 0x000001F472B198D0>, multiSample=False, name='window1', numSamples=2, pos=[np.float64(0.0), np.float64(0.0)], screen=1, size=array([1707, 1067]), stencilBits=0, stereo=False, title='PsychoPy', units='height', useFBO=True, useRetina=False, viewOri=0.0, viewPos=None, viewScale=None, waitBlanking=True, winType='pyglet')
6.7019 	EXP 	window1: backgroundImage = ''
6.7019 	EXP 	window1: backgroundFit = 'none'
7.4903 	EXP 	window1: Attempting to measure frame rate of screen (1) ...
7.4904 	EXP 	window1: recordFrameIntervals = False
7.6206 	EXP 	window1: recordFrameIntervals = True
8.4541 	EXP 	window1: recordFrameIntervals = False
8.4542 	EXP 	Screen (1) actual frame rate measured at 122.20Hz
8.7906 	EXP 	bci_racingteam: status = STARTED
8.9947 	EXP 	Created text_pre_block = TextStim(__class__=<class 'psychopy.visual.text.TextStim'>, alignHoriz=method-wrapper(...), alignText='center', alignVert=method-wrapper(...), anchorHoriz='center', anchorVert='center', antialias=True, autoDraw=False, autoLog=True, bold=False, color=array([1., 1., 1.]), colorSpace='rgb', contrast=1.0, depth=0.0, draggable=False, flipHoriz=False, flipVert=False, font='Open Sans', fontFiles=[], height=np.float64(0.05), italic=False, languageStyle='LTR', name='text_pre_block', opacity=1, ori=0.0, pos=array([0., 0.]), rgb=UNKNOWN, text='Press any key to start ...', units='height', win=Window(...), wrapWidth=1)
8.9983 	EXP 	Created text_2 = TextStim(__class__=<class 'psychopy.visual.text.TextStim'>, alignHoriz=method-wrapper(...), alignText='center', alignVert=method-wrapper(...), anchorHoriz='center', anchorVert='center', antialias=True, autoDraw=False, autoLog=True, bold=False, color=array([1., 1., 1.]), colorSpace='rgb', contrast=1.0, depth=0.0, draggable=False, flipHoriz=False, flipVert=False, font='Arial', fontFiles=[], height=np.float64(0.05), italic=False, languageStyle='LTR', name='text_2', opacity=1, ori=0.0, pos=array([0., 0.]), rgb=UNKNOWN, text='', units='height', win=Window(...), wrapWidth=1)
9.0057 	EXP 	Created hor_line_precue = Line(__class__=<class 'psychopy.visual.line.Line'>, anchor=('center', 'center'), autoDraw=False, autoLog=True, closeShape=False, color=array([1., 1., 1.]), colorSpace='rgb', contrast=None, depth=0.0, draggable=False, fillColor=array([1, 1, 1]), fillColorSpace='rgb', fillRGB=array([1, 1, 1]), interpolate=True, lineColor=array([1., 1., 1.]), lineColorSpace='rgb', lineRGB=array([1, 1, 1]), lineWidth=5.0, name='hor_line_precue', opacity=1, ori=-45.0, pos=array([0., 0.]), size=array([0.35, 0.35]), units='height', vertices=array([[-0.5, -0.5],
       [ 0.5,  0.5]]), win=Window(...), windingRule=None)
9.0091 	EXP 	Created ver_line_precue = Line(__class__=<class 'psychopy.visual.line.Line'>, anchor=('center', 'center'), autoDraw=False, autoLog=True, closeShape=False, color=array([1., 1., 1.]), colorSpace='rgb', contrast=None, depth=-1.0, draggable=False, fillColor=array([1, 1, 1]), fillColorSpace='rgb', fillRGB=array([1, 1, 1]), interpolate=True, lineColor=array([1., 1., 1.]), lineColorSpace='rgb', lineRGB=array([1, 1, 1]), lineWidth=5.0, name='ver_line_precue', opacity=1, ori=45.0, pos=array([0., 0.]), size=array([0.35, 0.35]), units='height', vertices=array([[-0.5, -0.5],
       [ 0.5,  0.5]]), win=Window(...), windingRule=None)
9.0132 	EXP 	Created rot_line_precue = Line(__class__=<class 'psychopy.visual.line.Line'>, anchor=('center', 'center'), autoDraw=False, autoLog=True, closeShape=False, color=array([1., 1., 1.]), colorSpace='rgb', contrast=None, depth=-2.0, draggable=False, fillColor=array([1, 1, 1]), fillColorSpace='rgb', fillRGB=array([1, 1, 1]), interpolate=True, lineColor=array([1., 1., 1.]), lineColorSpace='rgb', lineRGB=array([1, 1, 1]), lineWidth=5.0, name='rot_line_precue', opacity=1, ori=1.0, pos=array([0., 0.]), size=array([0.35, 0.35]), units='height', vertices=array([[-0.5, -0.5],
       [ 0.5,  0.5]]), win=Window(...), windingRule=None)
9.0190 	EXP 	Created point_left = ShapeStim(__class__=<class 'psychopy.visual.shape.ShapeStim'>, anchor=('center', 'center'), autoDraw=False, autoLog=True, closeShape=True, color=method-wrapper(...), colorSpace='rgb', contrast=None, depth=-4.0, draggable=False, fillColor=array([-1.    , -1.    ,  0.0902]), fillColorSpace='rgb', fillRGB=array([-1.    , -1.    ,  0.0902]), interpolate=True, lineColor=array([-1.    , -1.    ,  0.0902]), lineColorSpace='rgb', lineRGB=array([-1.    , -1.    ,  0.0902]), lineWidth=1.0, name='point_left', opacity=1, ori=0.0, pos=array([-0.25,  0.  ]), size=array([0.02, 0.02]), units='height', vertices=ndarray(...), win=Window(...), windingRule=None)
9.0254 	EXP 	Created point_right = ShapeStim(__class__=<class 'psychopy.visual.shape.ShapeStim'>, anchor=('center', 'center'), autoDraw=False, autoLog=True, closeShape=True, color=method-wrapper(...), colorSpace='rgb', contrast=None, depth=-5.0, draggable=False, fillColor=array([-1.    , -1.    ,  0.0902]), fillColorSpace='rgb', fillRGB=array([-1.    , -1.    ,  0.0902]), interpolate=True, lineColor=array([-1.    , -1.    ,  0.0902]), lineColorSpace='rgb', lineRGB=array([-1.    , -1.    ,  0.0902]), lineWidth=1.0, name='point_right', opacity=1, ori=0.0, pos=array([0.25, 0.  ]), size=array([0.02, 0.02]), units='height', vertices=ndarray(...), win=Window(...), windingRule=None)
9.0332 	EXP 	Created dot_precue = ShapeStim(__class__=<class 'psychopy.visual.shape.ShapeStim'>, anchor=('center', 'center'), autoDraw=False, autoLog=True, closeShape=True, color=method-wrapper(...), colorSpace='rgb', contrast=None, depth=-6.0, draggable=False, fillColor=array([1, 1, 1]), fillColorSpace='rgb', fillRGB=array([1, 1, 1]), interpolate=True, lineColor=array([1., 1., 1.]), lineColorSpace='rgb', lineRGB=array([1, 1, 1]), lineWidth=1.0, name='dot_precue', opacity=1, ori=0.0, pos=array([0., 0.]), size=array([0.02, 0.02]), units='height', vertices=ndarray(...), win=Window(...), windingRule=None)
9.0500 	EXP 	Created text = TextStim(__class__=<class 'psychopy.visual.text.TextStim'>, alignHoriz=method-wrapper(...), alignText='center', alignVert=method-wrapper(...), anchorHoriz='center', anchorVert='center', antialias=True, autoDraw=False, autoLog=True, bold=False, color=array([1., 1., 1.]), colorSpace='rgb', contrast=1.0, depth=0.0, draggable=False, flipHoriz=False, flipVert=False, font='Arial', fontFiles=[], height=np.float64(0.05), italic=False, languageStyle='LTR', name='text', opacity=1, ori=0.0, pos=array([0., 0.]), rgb=UNKNOWN, text='Run Finished', units='height', win=Window(...), wrapWidth=1)
9.0635 	EXP 	Created text_post_run = TextStim(__class__=<class 'psychopy.visual.text.TextStim'>, alignHoriz=method-wrapper(...), alignText='center', alignVert=method-wrapper(...), anchorHoriz='center', anchorVert='center', antialias=True, autoDraw=False, autoLog=True, bold=False, color=array([1., 1., 1.]), colorSpace='rgb', contrast=1.0, depth=0.0, draggable=False, flipHoriz=False, flipVert=False, font='Open Sans', fontFiles=[], height=np.float64(0.05), italic=False, languageStyle='LTR', name='text_post_run', opacity=1, ori=0.0, pos=array([0., 0.]), rgb=UNKNOWN, text='Block Finished. Yuhu!', units='height', win=Window(...), wrapWidth=1)
0.0049 	EXP 	rot_line_precue: ori = 0
0.0113 	EXP 	text_pre_block: autoDraw = True
0.3991 	EXP 	Device response: <KeyPress from None: t=0.3864283000002615, value=space, duration=None>
0.4003 	EXP 	New trial (rep=0, index=0): <Trial 0 (0 in rep 0) data={'thisN': 0, 'thisTrialN': 0, 'thisRepN': 0}>
0.4034 	DATA 	Keypress: space
0.4082 	EXP 	text_pre_block: autoDraw = False
0.4082 	EXP 	text_2: autoDraw = True
3.4040 	EXP 	Imported classes.csv as conditions, 3 conditions, 2 params
3.4046 	EXP 	New trial (rep=0, index=0): <Trial 0 (0 in rep 0) data={'pic_name': 'pics/left_hand.JPG', 'class_mi': 'left_hand', 'thisN': 0, 'thisTrialN': 0, 'thisRepN': 0}>
3.4183 	EXP 	text_2: autoDraw = False
3.4183 	EXP 	text_2: autoDraw = False
3.4183 	EXP 	hor_line_precue: autoDraw = True
3.4183 	EXP 	ver_line_precue: autoDraw = True
3.4183 	EXP 	rot_line_precue: autoDraw = True
3.4183 	EXP 	rot_line_precue: ori = 0.2956313411019876
3.4183 	EXP 	point_left: autoDraw = True
3.4183 	EXP 	point_right: autoDraw = True
3.4183 	EXP 	dot_precue: autoDraw = True
3.4278 	EXP 	rot_line_precue: ori = 0.6046124921356084
3.4359 	EXP 	rot_line_precue: ori = 0.9671003595263239
3.4441 	EXP 	rot_line_precue: ori = 1.2795140952238795
3.4526 	EXP 	rot_line_precue: ori = 1.6498617039043761
3.4612 	EXP 	rot_line_precue: ori = 2.003294606815792
3.4695 	EXP 	rot_line_precue: ori = 2.416627188344463
3.4771 	EXP 	rot_line_precue: ori = 2.7703319284751204
3.4854 	EXP 	rot_line_precue: ori = 3.2036079121802343
3.4939 	EXP 	rot_line_precue: ori = 3.5095347696794867
3.5020 	EXP 	rot_line_precue: ori = 4.054991688917257
3.5103 	EXP 	rot_line_precue: ori = 4.521626426540466
3.5189 	EXP 	rot_line_precue: ori = 4.906596331785809
3.5267 	EXP 	rot_line_precue: ori = 5.305973356684797
3.5353 	EXP 	rot_line_precue: ori = 5.623268522252235
3.5444 	EXP 	rot_line_precue: ori = 6.068498512576589
3.5521 	EXP 	rot_line_precue: ori = 6.36750899791638
3.5609 	EXP 	rot_line_precue: ori = 6.699189754225
3.5690 	EXP 	rot_line_precue: ori = 7.242275696914805
3.5768 	EXP 	rot_line_precue: ori = 7.563688035867935
3.5855 	EXP 	rot_line_precue: ori = 7.873361363693202
3.5933 	EXP 	rot_line_precue: ori = 8.23653455142102
3.6015 	EXP 	rot_line_precue: ori = 8.896809200778115
3.6090 	EXP 	rot_line_precue: ori = 9.372263456359523
3.6165 	EXP 	rot_line_precue: ori = 9.673343746736098
3.6247 	EXP 	rot_line_precue: ori = 10.014296871009075
3.6333 	EXP 	rot_line_precue: ori = 10.34001509156124
3.6419 	EXP 	rot_line_precue: ori = 10.987589001964887
3.6507 	EXP 	rot_line_precue: ori = 11.289821366061295
3.6584 	EXP 	rot_line_precue: ori = 11.677264822063538
3.6677 	EXP 	rot_line_precue: ori = 12.087125962995659
3.6779 	EXP 	rot_line_precue: ori = 12.565205875018036
3.6858 	EXP 	rot_line_precue: ori = 13.155857395115298
3.6941 	EXP 	rot_line_precue: ori = 13.769264229841195
3.7024 	EXP 	rot_line_precue: ori = 14.08207321983389
3.7120 	EXP 	rot_line_precue: ori = 14.48927407187967
3.7192 	EXP 	rot_line_precue: ori = 15.142854915510343
3.7273 	EXP 	rot_line_precue: ori = 15.440657879023577
3.7354 	EXP 	rot_line_precue: ori = 15.851578694177013
3.7439 	EXP 	rot_line_precue: ori = 16.156707347597372
3.7522 	EXP 	rot_line_precue: ori = 16.49122521971868
3.7605 	EXP 	rot_line_precue: ori = 17.15128906781723
3.7689 	EXP 	rot_line_precue: ori = 17.818420799882947
3.7776 	EXP 	rot_line_precue: ori = 18.18112354715307
3.7855 	EXP 	rot_line_precue: ori = 18.517477746322395
3.7939 	EXP 	rot_line_precue: ori = 19.055742642404038
3.8021 	EXP 	rot_line_precue: ori = 19.456936571801183
3.8103 	EXP 	rot_line_precue: ori = 19.820800743691738
3.8188 	EXP 	rot_line_precue: ori = 20.1666994435611
3.8270 	EXP 	rot_line_precue: ori = 20.51983052995507
3.8351 	EXP 	rot_line_precue: ori = 20.8372497573471
3.8436 	EXP 	rot_line_precue: ori = 21.15739643223483
3.8514 	EXP 	rot_line_precue: ori = 21.492134894044057
3.8583 	EXP 	rot_line_precue: ori = 21.844034091766865
3.8670 	EXP 	rot_line_precue: ori = 22.382988287996906
3.8755 	EXP 	rot_line_precue: ori = 22.738587821187703
3.8841 	EXP 	rot_line_precue: ori = 23.094955919789783
3.8929 	EXP 	rot_line_precue: ori = 23.501556874561693
3.9004 	EXP 	rot_line_precue: ori = 23.904255297965946
3.9086 	EXP 	rot_line_precue: ori = 24.241275470099378
3.9172 	EXP 	rot_line_precue: ori = 24.552085787084593
3.9252 	EXP 	rot_line_precue: ori = 25.237963071254665
3.9343 	EXP 	rot_line_precue: ori = 25.575679367052686
3.9435 	EXP 	rot_line_precue: ori = 25.89879913516471
3.9520 	EXP 	rot_line_precue: ori = 26.203635146525897
3.9609 	EXP 	rot_line_precue: ori = 26.588068934012576
3.9690 	EXP 	rot_line_precue: ori = 26.915329107553145
3.9774 	EXP 	rot_line_precue: ori = 27.2400969295557
3.9869 	EXP 	rot_line_precue: ori = 27.863265389206315
3.9951 	EXP 	rot_line_precue: ori = 28.191605595835473
4.0030 	EXP 	rot_line_precue: ori = 28.509988473185352
4.0108 	EXP 	rot_line_precue: ori = 28.938778791932084
4.0187 	EXP 	rot_line_precue: ori = 29.264325226829968
4.0274 	EXP 	rot_line_precue: ori = 29.592431934276036
4.0355 	EXP 	rot_line_precue: ori = 30.067411767204167
4.0433 	EXP 	rot_line_precue: ori = 30.390926789109663
4.0524 	EXP 	rot_line_precue: ori = 30.761403143306147
4.0602 	EXP 	rot_line_precue: ori = 31.21156209218389
4.0687 	EXP 	rot_line_precue: ori = 31.550160374183292
4.0773 	EXP 	rot_line_precue: ori = 31.96564822320297
4.0854 	EXP 	rot_line_precue: ori = 32.28199648909036
4.0939 	EXP 	rot_line_precue: ori = 32.62043709467257
4.1018 	EXP 	rot_line_precue: ori = 32.95931104347029
4.1103 	EXP 	rot_line_precue: ori = 33.375614216780846
4.1182 	EXP 	rot_line_precue: ori = 33.70668242720408
4.1266 	EXP 	rot_line_precue: ori = 34.10444619043579
4.1346 	EXP 	rot_line_precue: ori = 34.432743932068746
4.1435 	EXP 	rot_line_precue: ori = 34.73940650185944
4.1513 	EXP 	rot_line_precue: ori = 35.26997349648959
4.1602 	EXP 	rot_line_precue: ori = 35.60437670715566
4.1686 	EXP 	rot_line_precue: ori = 36.03793079317175
4.1766 	EXP 	rot_line_precue: ori = 36.38147106291386
4.1855 	EXP 	rot_line_precue: ori = 36.98492539252044
4.1940 	EXP 	rot_line_precue: ori = 37.30959552982549
4.2019 	EXP 	rot_line_precue: ori = 37.65626041067331
4.2109 	EXP 	rot_line_precue: ori = 38.03604375316826
4.2189 	EXP 	rot_line_precue: ori = 38.3370267539283
4.2275 	EXP 	rot_line_precue: ori = 38.72919076185898
4.2384 	EXP 	rot_line_precue: ori = 39.09350317731625
4.2452 	EXP 	rot_line_precue: ori = 39.61946614383048
4.2529 	EXP 	rot_line_precue: ori = 40.1558699828906
4.2608 	EXP 	rot_line_precue: ori = 40.58919661997526
4.2689 	EXP 	rot_line_precue: ori = 40.88919911929241
4.2782 	EXP 	rot_line_precue: ori = 41.20421800698169
4.2859 	EXP 	rot_line_precue: ori = 41.5026461472248
4.2945 	EXP 	rot_line_precue: ori = 41.87739002856761
4.3028 	EXP 	rot_line_precue: ori = 42.23280574438244
4.3107 	EXP 	rot_line_precue: ori = 42.53956174749274
4.3189 	EXP 	rot_line_precue: ori = 42.86709489102946
4.3269 	EXP 	rot_line_precue: ori = 43.33114647917827
4.3356 	EXP 	rot_line_precue: ori = 43.6603058079449
4.3438 	EXP 	rot_line_precue: ori = 44.38127145818923
4.3520 	EXP 	rot_line_precue: ori = 44.679718136931186
4.3604 	EXP 	rot_line_precue: ori = 44.97986294002371
4.3687 	EXP 	rot_line_precue: ori = 45.303627415597084
4.3766 	EXP 	rot_line_precue: ori = 45.70850652208103
4.3840 	EXP 	rot_line_precue: ori = 46.2893420182627
4.3916 	EXP 	rot_line_precue: ori = 46.633851145298486
4.3999 	EXP 	rot_line_precue: ori = 46.945266426814605
4.4088 	EXP 	rot_line_precue: ori = 47.264511278138805
4.4175 	EXP 	rot_line_precue: ori = 47.570235637737895
4.4264 	EXP 	rot_line_precue: ori = 48.271074047911455
4.4350 	EXP 	rot_line_precue: ori = 48.56653144041949
4.4440 	EXP 	rot_line_precue: ori = 48.8837558011958
4.4515 	EXP 	rot_line_precue: ori = 49.23464879267908
4.4588 	EXP 	rot_line_precue: ori = 49.56867102668041
4.4669 	EXP 	rot_line_precue: ori = 49.99091729588201
4.4748 	EXP 	rot_line_precue: ori = 50.6374531647983
4.4850 	EXP 	rot_line_precue: ori = 50.96819451389509
4.4938 	EXP 	rot_line_precue: ori = 51.263474705285226
4.5028 	EXP 	rot_line_precue: ori = 51.67420678133449
4.5113 	EXP 	rot_line_precue: ori = 52.33850118576812
4.5197 	EXP 	rot_line_precue: ori = 52.876981678247645
4.5279 	EXP 	rot_line_precue: ori = 53.324110484519906
4.5357 	EXP 	rot_line_precue: ori = 53.70869493524344
4.5442 	EXP 	rot_line_precue: ori = 54.018147811432435
4.5522 	EXP 	rot_line_precue: ori = 54.313588461533314
4.5604 	EXP 	rot_line_precue: ori = 54.63320004481504
4.5691 	EXP 	rot_line_precue: ori = 55.0310690435548
4.5772 	EXP 	rot_line_precue: ori = 55.58993354249917
4.5859 	EXP 	rot_line_precue: ori = 55.94138297667515
4.5940 	EXP 	rot_line_precue: ori = 56.28366103680025
4.6019 	EXP 	rot_line_precue: ori = 56.871869861132545
4.6105 	EXP 	rot_line_precue: ori = 57.17137390352833
4.6185 	EXP 	rot_line_precue: ori = 57.628671353635326
4.6263 	EXP 	rot_line_precue: ori = 58.03493970542224
4.6353 	EXP 	rot_line_precue: ori = 58.61262963836704
4.6436 	EXP 	rot_line_precue: ori = 58.98495732353208
4.6512 	EXP 	rot_line_precue: ori = 59.57865708566344
4.6584 	EXP 	rot_line_precue: ori = 59.912570625344294
4.6665 	EXP 	rot_line_precue: ori = 60.29063635137927
4.6747 	EXP 	rot_line_precue: ori = 60.59539914972705
4.6831 	EXP 	rot_line_precue: ori = 60.99033132619684
4.6917 	EXP 	rot_line_precue: ori = 61.44282724216677
4.7004 	EXP 	rot_line_precue: ori = 61.92503129865234
4.7081 	EXP 	rot_line_precue: ori = 62.31035172458703
4.7177 	EXP 	rot_line_precue: ori = 62.87809946664991
4.7273 	EXP 	rot_line_precue: ori = 63.18540214178429
4.7363 	EXP 	rot_line_precue: ori = 63.608263273851826
4.7443 	EXP 	rot_line_precue: ori = 64.20382620520245
4.7518 	EXP 	rot_line_precue: ori = 64.86932164376819
4.7613 	EXP 	rot_line_precue: ori = 65.34195929998883
4.7695 	EXP 	rot_line_precue: ori = 66.00564552620506
4.7770 	EXP 	rot_line_precue: ori = 66.47731866602777
4.7860 	EXP 	rot_line_precue: ori = 66.77764643690543
4.7940 	EXP 	rot_line_precue: ori = 67.13335973780255
4.8022 	EXP 	rot_line_precue: ori = 67.46685961723348
4.8108 	EXP 	rot_line_precue: ori = 67.78687179076832
4.8191 	EXP 	rot_line_precue: ori = 68.11528197208915
4.8268 	EXP 	rot_line_precue: ori = 68.4130935107551
4.8345 	EXP 	rot_line_precue: ori = 68.8057850289462
4.8428 	EXP 	rot_line_precue: ori = 69.11122377092678
4.8518 	EXP 	rot_line_precue: ori = 69.44779266747877
4.8601 	EXP 	rot_line_precue: ori = 69.76702631737517
4.8673 	EXP 	rot_line_precue: ori = 70.28038232820387
4.8757 	EXP 	rot_line_precue: ori = 70.94179024703547
4.8849 	EXP 	rot_line_precue: ori = 71.3295342568147
4.8926 	EXP 	rot_line_precue: ori = 71.69292580564561
4.9012 	EXP 	rot_line_precue: ori = 72.13743834551546
4.9092 	EXP 	rot_line_precue: ori = 72.44994794650135
4.9184 	EXP 	rot_line_precue: ori = 72.75264143179957
4.9260 	EXP 	rot_line_precue: ori = 73.06365216605411
4.9351 	EXP 	rot_line_precue: ori = 73.53974084051931
4.9429 	EXP 	rot_line_precue: ori = 73.90414238395516
4.9514 	EXP 	rot_line_precue: ori = 74.25542526518383
4.9605 	EXP 	rot_line_precue: ori = 74.80496340079914
4.9688 	EXP 	rot_line_precue: ori = 75.17600970977425
4.9767 	EXP 	rot_line_precue: ori = 75.48492084641643
4.9868 	EXP 	rot_line_precue: ori = 75.78085363761848
4.9955 	EXP 	rot_line_precue: ori = 76.17624146727516
5.0039 	EXP 	rot_line_precue: ori = 76.6786707405685
5.0126 	EXP 	rot_line_precue: ori = 77.06462339911181
5.0211 	EXP 	rot_line_precue: ori = 77.40016176597969
5.0296 	EXP 	rot_line_precue: ori = 77.75970927461461
5.0386 	EXP 	rot_line_precue: ori = 78.08272744208571
5.0532 	EXP 	rot_line_precue: ori = 78.44011475596663
5.0618 	EXP 	rot_line_precue: ori = 78.81287423402377
5.0700 	EXP 	rot_line_precue: ori = 79.16177396248621
5.0789 	EXP 	rot_line_precue: ori = 79.78134107133755
5.0876 	EXP 	rot_line_precue: ori = 80.13042843599469
5.0946 	EXP 	rot_line_precue: ori = 80.46484425134786
5.1039 	EXP 	rot_line_precue: ori = 80.80895370089289
5.1122 	EXP 	rot_line_precue: ori = 81.11488553166139
5.1205 	EXP 	rot_line_precue: ori = 81.41703661764336
5.1292 	EXP 	rot_line_precue: ori = 81.71723765659975
5.1369 	EXP 	rot_line_precue: ori = 82.0724844854102
5.1446 	EXP 	rot_line_precue: ori = 82.44831134695741
5.1531 	EXP 	rot_line_precue: ori = 83.07651089984898
5.1617 	EXP 	rot_line_precue: ori = 83.68494844951157
5.1701 	EXP 	rot_line_precue: ori = 84.11859335598753
5.1782 	EXP 	rot_line_precue: ori = 84.47902715105313
5.1866 	EXP 	rot_line_precue: ori = 84.8809676809567
5.1949 	EXP 	rot_line_precue: ori = 85.20926267531097
5.2026 	EXP 	rot_line_precue: ori = 85.57781614433244
5.2104 	EXP 	rot_line_precue: ori = 86.17971814372537
5.2188 	EXP 	rot_line_precue: ori = 86.52116725646891
5.2270 	EXP 	rot_line_precue: ori = 86.90973248055246
5.2352 	EXP 	rot_line_precue: ori = 87.3558847908935
5.2440 	EXP 	rot_line_precue: ori = 87.65642969871104
5.2522 	EXP 	rot_line_precue: ori = 88.05287725458084
5.2598 	EXP 	rot_line_precue: ori = 88.58074470354875
5.2676 	EXP 	rot_line_precue: ori = 88.9293379970627
5.2758 	EXP 	rot_line_precue: ori = 89.35301344908589
5.2844 	EXP 	rot_line_precue: ori = 89.6616257624137
5.2938 	EXP 	rot_line_precue: ori = 90.04739886307716
5.3023 	EXP 	rot_line_precue: ori = 90.50590746164956
5.3113 	EXP 	rot_line_precue: ori = 90.81390110665411
5.3196 	EXP 	rot_line_precue: ori = 91.53865918870244
5.3279 	EXP 	rot_line_precue: ori = 91.84838530892262
5.3364 	EXP 	rot_line_precue: ori = 92.29105751245936
5.3444 	EXP 	rot_line_precue: ori = 92.87720833615477
5.3522 	EXP 	rot_line_precue: ori = 93.35450064877418
5.3604 	EXP 	rot_line_precue: ori = 93.74030922801482
5.3691 	EXP 	rot_line_precue: ori = 94.29293579550854
5.3771 	EXP 	rot_line_precue: ori = 94.62934264500896
5.3854 	EXP 	rot_line_precue: ori = 94.94670892364286
5.3930 	EXP 	rot_line_precue: ori = 95.29382650853276
5.4018 	EXP 	rot_line_precue: ori = 95.61658268665948
5.4039 	EXP 	New trial (rep=0, index=1): <Trial 1 (1 in rep 0) data={'pic_name': 'pics/none.JPG', 'class_mi': 'rest', 'thisN': 1, 'thisTrialN': 1, 'thisRepN': 0}>
5.4108 	EXP 	hor_line_precue: autoDraw = False
5.4108 	EXP 	ver_line_precue: autoDraw = False
5.4108 	EXP 	rot_line_precue: autoDraw = False
5.4108 	EXP 	rot_line_precue: ori = 95.972649055503
5.4108 	EXP 	point_left: autoDraw = False
5.4108 	EXP 	point_right: autoDraw = False
5.4108 	EXP 	dot_precue: autoDraw = False
5.4108 	EXP 	hor_line_precue: autoDraw = False
5.4108 	EXP 	ver_line_precue: autoDraw = False
5.4108 	EXP 	rot_line_precue: autoDraw = False
5.4108 	EXP 	point_left: autoDraw = False
5.4108 	EXP 	point_right: autoDraw = False
5.4108 	EXP 	dot_precue: autoDraw = False
5.4108 	EXP 	hor_line_precue: autoDraw = True
5.4108 	EXP 	ver_line_precue: autoDraw = True
5.4108 	EXP 	rot_line_precue: autoDraw = True
5.4108 	EXP 	rot_line_precue: ori = 96.28227136232577
5.4108 	EXP 	point_left: autoDraw = True
5.4108 	EXP 	point_right: autoDraw = True
5.4108 	EXP 	dot_precue: autoDraw = True
5.4188 	EXP 	rot_line_precue: ori = 96.60251058689185
5.4268 	EXP 	rot_line_precue: ori = 96.97864227443851
5.4351 	EXP 	rot_line_precue: ori = 97.27532072291574
5.4431 	EXP 	rot_line_precue: ori = 97.67845418659437
5.4519 	EXP 	rot_line_precue: ori = 98.04177934488983
5.4609 	EXP 	rot_line_precue: ori = 98.39309418720651
5.4689 	EXP 	rot_line_precue: ori = 98.71555203870471
5.4766 	EXP 	rot_line_precue: ori = 99.49863322134847
5.4838 	EXP 	rot_line_precue: ori = 99.80385214541126
5.4919 	EXP 	rot_line_precue: ori = 100.12055358978864
5.5001 	EXP 	rot_line_precue: ori = 100.64696803680945
5.5086 	EXP 	rot_line_precue: ori = 101.05562689977674
5.5171 	EXP 	rot_line_precue: ori = 101.40696808618843
5.5253 	EXP 	rot_line_precue: ori = 101.76547238425971
5.5336 	EXP 	rot_line_precue: ori = 102.06826758052144
5.5426 	EXP 	rot_line_precue: ori = 102.52360697986835
5.5518 	EXP 	rot_line_precue: ori = 102.88043918146224
5.5613 	EXP 	rot_line_precue: ori = 103.1863010991002
5.5698 	EXP 	rot_line_precue: ori = 103.50818549866088
5.5789 	EXP 	rot_line_precue: ori = 104.08865739712031
5.5868 	EXP 	rot_line_precue: ori = 104.46114623847392
5.5946 	EXP 	rot_line_precue: ori = 104.7686228259505
5.6029 	EXP 	rot_line_precue: ori = 105.07318269979487
5.6113 	EXP 	rot_line_precue: ori = 105.4688794474667
5.6210 	EXP 	rot_line_precue: ori = 105.83944452736407
5.6279 	EXP 	rot_line_precue: ori = 106.40883270178138
5.6358 	EXP 	rot_line_precue: ori = 106.74836650946538
5.6434 	EXP 	rot_line_precue: ori = 107.28629719817388
5.6527 	EXP 	rot_line_precue: ori = 107.59154609807872
5.6605 	EXP 	rot_line_precue: ori = 107.92967654519056
5.6686 	EXP 	rot_line_precue: ori = 108.26550992841227
5.6769 	EXP 	rot_line_precue: ori = 108.77157392087636
5.6856 	EXP 	rot_line_precue: ori = 109.06833989308589
5.6938 	EXP 	rot_line_precue: ori = 109.43884570204398
5.7021 	EXP 	rot_line_precue: ori = 109.74823536614247
5.7107 	EXP 	rot_line_precue: ori = 110.0561957173473
5.7185 	EXP 	rot_line_precue: ori = 110.36066614359643
5.7272 	EXP 	rot_line_precue: ori = 110.9513529852605
5.7357 	EXP 	rot_line_precue: ori = 111.36033664744537
5.7442 	EXP 	rot_line_precue: ori = 111.75498115685332
5.7523 	EXP 	rot_line_precue: ori = 112.07692554092185
5.7608 	EXP 	rot_line_precue: ori = 112.51596025297184
5.7687 	EXP 	rot_line_precue: ori = 112.8136425744352
5.7773 	EXP 	rot_line_precue: ori = 113.19876388571709
5.7850 	EXP 	rot_line_precue: ori = 113.83261798134087
5.7935 	EXP 	rot_line_precue: ori = 114.1310521916642
5.8029 	EXP 	rot_line_precue: ori = 114.59255121441615
5.8104 	EXP 	rot_line_precue: ori = 114.89339529182394
5.8199 	EXP 	rot_line_precue: ori = 115.22801230998739
5.8285 	EXP 	rot_line_precue: ori = 115.78269909211369
5.8360 	EXP 	rot_line_precue: ori = 116.44046060697947
5.8446 	EXP 	rot_line_precue: ori = 116.74207329495295
5.8527 	EXP 	rot_line_precue: ori = 117.03868370176959
5.8607 	EXP 	rot_line_precue: ori = 117.39622197492199
5.8698 	EXP 	rot_line_precue: ori = 117.71936031360269
5.8774 	EXP 	rot_line_precue: ori = 118.18666131561643
5.8862 	EXP 	rot_line_precue: ori = 118.52434269647244
5.8944 	EXP 	rot_line_precue: ori = 118.85970318396079
5.9026 	EXP 	rot_line_precue: ori = 119.45863887459878
5.9112 	EXP 	rot_line_precue: ori = 119.83796839391907
5.9199 	EXP 	rot_line_precue: ori = 120.23234584687219
5.9298 	EXP 	rot_line_precue: ori = 120.6024825454339
5.9434 	EXP 	rot_line_precue: ori = 121.14721564231581
5.9536 	EXP 	rot_line_precue: ori = 121.55717186603293
5.9625 	EXP 	rot_line_precue: ori = 121.98727823925229
5.9692 	EXP 	rot_line_precue: ori = 122.29901162734147
5.9772 	EXP 	rot_line_precue: ori = 122.60427423170711
5.9863 	EXP 	rot_line_precue: ori = 122.91742962185181
5.9938 	EXP 	rot_line_precue: ori = 123.35584534356425
6.0019 	EXP 	rot_line_precue: ori = 123.81251698785628
6.0105 	EXP 	rot_line_precue: ori = 124.12987674471738
6.0183 	EXP 	rot_line_precue: ori = 124.64426501839687
6.0266 	EXP 	rot_line_precue: ori = 124.96005001554923
6.0350 	EXP 	rot_line_precue: ori = 125.76310448039278
6.0433 	EXP 	rot_line_precue: ori = 126.06062740483742
6.0514 	EXP 	rot_line_precue: ori = 126.40147642856971
6.0590 	EXP 	rot_line_precue: ori = 126.99774729405364
6.0674 	EXP 	rot_line_precue: ori = 127.42953117068832
6.0758 	EXP 	rot_line_precue: ori = 127.85061134933451
6.0849 	EXP 	rot_line_precue: ori = 128.55790785412034
6.0933 	EXP 	rot_line_precue: ori = 128.8763364769653
6.1024 	EXP 	rot_line_precue: ori = 129.2341950311934
6.1112 	EXP 	rot_line_precue: ori = 129.55289003147283
6.1204 	EXP 	rot_line_precue: ori = 129.8749357180069
6.1285 	EXP 	rot_line_precue: ori = 130.29014893149866
6.1366 	EXP 	rot_line_precue: ori = 130.96812227311443
6.1451 	EXP 	rot_line_precue: ori = 131.60405602813674
6.1532 	EXP 	rot_line_precue: ori = 131.9381248378379
6.1612 	EXP 	rot_line_precue: ori = 132.2546981109854
6.1697 	EXP 	rot_line_precue: ori = 132.60526420766323
6.1773 	EXP 	rot_line_precue: ori = 132.9141290967286
6.1857 	EXP 	rot_line_precue: ori = 133.35401791822318
6.1942 	EXP 	rot_line_precue: ori = 133.68013875584424
6.2022 	EXP 	rot_line_precue: ori = 134.169129220541
6.2111 	EXP 	rot_line_precue: ori = 134.5831561235323
6.2202 	EXP 	rot_line_precue: ori = 135.03132242308712
6.2275 	EXP 	rot_line_precue: ori = 135.35100458220725
6.2365 	EXP 	rot_line_precue: ori = 135.6930184604045
6.2446 	EXP 	rot_line_precue: ori = 136.11288117961402
6.2526 	EXP 	rot_line_precue: ori = 136.57808503027408
6.2602 	EXP 	rot_line_precue: ori = 136.87828292385913
6.2678 	EXP 	rot_line_precue: ori = 137.3087298277474
6.2774 	EXP 	rot_line_precue: ori = 137.67702965349744
6.2859 	EXP 	rot_line_precue: ori = 138.0096945499604
6.2945 	EXP 	rot_line_precue: ori = 138.32234106600967
6.3026 	EXP 	rot_line_precue: ori = 138.75153764561477
6.3114 	EXP 	rot_line_precue: ori = 139.0841538572223
6.3197 	EXP 	rot_line_precue: ori = 139.42522108904927
6.3274 	EXP 	rot_line_precue: ori = 139.76653970842378
6.3362 	EXP 	rot_line_precue: ori = 140.13764032827441
6.3442 	EXP 	rot_line_precue: ori = 140.4463255193281
6.3524 	EXP 	rot_line_precue: ori = 140.88717968846646
6.3615 	EXP 	rot_line_precue: ori = 141.21981011766707
6.3701 	EXP 	rot_line_precue: ori = 141.52535303576215
6.3782 	EXP 	rot_line_precue: ori = 141.95853169570935
6.3875 	EXP 	rot_line_precue: ori = 142.28217162799905
6.3953 	EXP 	rot_line_precue: ori = 142.63373412916647
6.4041 	EXP 	rot_line_precue: ori = 143.07979884624018
6.4121 	EXP 	rot_line_precue: ori = 143.4017955979485
6.4194 	EXP 	rot_line_precue: ori = 143.76322308609176
6.4274 	EXP 	rot_line_precue: ori = 144.41025959646484
6.4356 	EXP 	rot_line_precue: ori = 144.73451590465754
6.4444 	EXP 	rot_line_precue: ori = 145.27976894103003
6.4530 	EXP 	rot_line_precue: ori = 145.5756477694372
6.4612 	EXP 	rot_line_precue: ori = 146.0937166841377
6.4687 	EXP 	rot_line_precue: ori = 146.51548615445367
6.4780 	EXP 	rot_line_precue: ori = 146.83470997575492
6.4864 	EXP 	rot_line_precue: ori = 147.17196646710818
6.4941 	EXP 	rot_line_precue: ori = 147.75583811470923
6.5023 	EXP 	rot_line_precue: ori = 148.0576218379017
6.5102 	EXP 	rot_line_precue: ori = 148.36333136604782
6.5192 	EXP 	rot_line_precue: ori = 148.88364699381674
6.5268 	EXP 	rot_line_precue: ori = 149.2042603703212
6.5343 	EXP 	rot_line_precue: ori = 149.51206983095608
6.5434 	EXP 	rot_line_precue: ori = 149.89608742965098
6.5516 	EXP 	rot_line_precue: ori = 150.4871200954319
6.5597 	EXP 	rot_line_precue: ori = 150.80296543737524
6.5670 	EXP 	rot_line_precue: ori = 151.3970680602251
6.5754 	EXP 	rot_line_precue: ori = 151.77212246241467
6.5839 	EXP 	rot_line_precue: ori = 152.18385746100438
6.5922 	EXP 	rot_line_precue: ori = 152.4873933576205
6.6003 	EXP 	rot_line_precue: ori = 153.25085072083917
6.6083 	EXP 	rot_line_precue: ori = 153.5539362555048
6.6168 	EXP 	rot_line_precue: ori = 154.22887570167993
6.6256 	EXP 	rot_line_precue: ori = 154.57934957310903
6.6348 	EXP 	rot_line_precue: ori = 154.90371409549095
6.6437 	EXP 	rot_line_precue: ori = 155.2044543405451
6.6524 	EXP 	rot_line_precue: ori = 156.0070386054994
6.6603 	EXP 	rot_line_precue: ori = 156.31509371655454
6.6682 	EXP 	rot_line_precue: ori = 156.67854729497483
6.6766 	EXP 	rot_line_precue: ori = 156.99308113354135
6.6859 	EXP 	rot_line_precue: ori = 157.32856719517608
6.6939 	EXP 	rot_line_precue: ori = 157.6814898930998
6.7020 	EXP 	rot_line_precue: ori = 157.97996234999917
6.7106 	EXP 	rot_line_precue: ori = 158.47180735368144
6.7192 	EXP 	rot_line_precue: ori = 158.80697976704198
6.7270 	EXP 	rot_line_precue: ori = 159.12576703192022
6.7347 	EXP 	rot_line_precue: ori = 159.80079631822886
6.7429 	EXP 	rot_line_precue: ori = 160.2469552204016
6.7525 	EXP 	rot_line_precue: ori = 160.54314916020172
6.7608 	EXP 	rot_line_precue: ori = 160.87960877137573
6.7689 	EXP 	rot_line_precue: ori = 161.56056138020566
6.7771 	EXP 	rot_line_precue: ori = 161.87399239374767
6.7854 	EXP 	rot_line_precue: ori = 162.17342377496155
6.7935 	EXP 	rot_line_precue: ori = 162.48713421079742
6.8027 	EXP 	rot_line_precue: ori = 162.8358249259718
6.8107 	EXP 	rot_line_precue: ori = 163.15499764148888
6.8184 	EXP 	rot_line_precue: ori = 163.6072987212155
6.8263 	EXP 	rot_line_precue: ori = 164.0608151851264
6.8356 	EXP 	rot_line_precue: ori = 164.4923616889438
6.8438 	EXP 	rot_line_precue: ori = 164.8482311117132
6.8521 	EXP 	rot_line_precue: ori = 165.4007465665516
6.8603 	EXP 	rot_line_precue: ori = 165.81286683868234
6.8682 	EXP 	rot_line_precue: ori = 166.16089821201027
6.8766 	EXP 	rot_line_precue: ori = 166.6264338734583
6.8848 	EXP 	rot_line_precue: ori = 167.17356999829482
6.8925 	EXP 	rot_line_precue: ori = 167.61428251645302
6.9017 	EXP 	rot_line_precue: ori = 167.91066865040105
6.9104 	EXP 	rot_line_precue: ori = 168.21623020079224
6.9188 	EXP 	rot_line_precue: ori = 168.6703136661792
6.9274 	EXP 	rot_line_precue: ori = 169.1899135123966
6.9361 	EXP 	rot_line_precue: ori = 169.49853014963713
6.9444 	EXP 	rot_line_precue: ori = 169.8730918283245
6.9528 	EXP 	rot_line_precue: ori = 170.61270040787974
6.9614 	EXP 	rot_line_precue: ori = 171.25920693404848
6.9701 	EXP 	rot_line_precue: ori = 171.5591575070548
6.9780 	EXP 	rot_line_precue: ori = 171.94390858500557
6.9859 	EXP 	rot_line_precue: ori = 172.27672564553933
6.9946 	EXP 	rot_line_precue: ori = 172.61706652339296
7.0030 	EXP 	rot_line_precue: ori = 172.9130608430823
7.0110 	EXP 	rot_line_precue: ori = 173.36029919058436
7.0194 	EXP 	rot_line_precue: ori = 173.66123152931618
7.0272 	EXP 	rot_line_precue: ori = 173.96372304128377
7.0350 	EXP 	rot_line_precue: ori = 174.31917454768504
7.0440 	EXP 	rot_line_precue: ori = 174.6194287221476
7.0519 	EXP 	rot_line_precue: ori = 174.9168317257316
7.0604 	EXP 	rot_line_precue: ori = 175.5444659814069
7.0684 	EXP 	rot_line_precue: ori = 175.88808607214838
7.0761 	EXP 	rot_line_precue: ori = 176.21627442051022
7.0857 	EXP 	rot_line_precue: ori = 176.69312929400692
7.0943 	EXP 	rot_line_precue: ori = 177.00558147749078
7.1022 	EXP 	rot_line_precue: ori = 177.5007038067943
7.1102 	EXP 	rot_line_precue: ori = 177.92245354962924
7.1184 	EXP 	rot_line_precue: ori = 178.43828629441913
7.1269 	EXP 	rot_line_precue: ori = 178.79190052191035
7.1347 	EXP 	rot_line_precue: ori = 179.1618084227357
7.1431 	EXP 	rot_line_precue: ori = 179.62209931904746
7.1505 	EXP 	rot_line_precue: ori = 180.00822777702146
7.1584 	EXP 	rot_line_precue: ori = 180.30837434781554
7.1664 	EXP 	rot_line_precue: ori = 181.0458276363706
7.1760 	EXP 	rot_line_precue: ori = 181.57135745169288
7.1837 	EXP 	rot_line_precue: ori = 181.93222255310658
7.1924 	EXP 	rot_line_precue: ori = 182.40104597835324
7.2009 	EXP 	rot_line_precue: ori = 182.75229741496966
7.2097 	EXP 	rot_line_precue: ori = 183.07514131337746
7.2189 	EXP 	rot_line_precue: ori = 183.8257143595445
7.2267 	EXP 	rot_line_precue: ori = 184.15895214178948
7.2350 	EXP 	rot_line_precue: ori = 184.53603035743902
7.2438 	EXP 	rot_line_precue: ori = 185.11497720344488
7.2520 	EXP 	rot_line_precue: ori = 185.59419569534077
7.2605 	EXP 	rot_line_precue: ori = 186.28338996981503
7.2687 	EXP 	rot_line_precue: ori = 186.66671590985865
7.2759 	EXP 	rot_line_precue: ori = 187.1313705167049
7.2850 	EXP 	rot_line_precue: ori = 187.43870480943184
7.2930 	EXP 	rot_line_precue: ori = 187.8065855498095
7.3004 	EXP 	rot_line_precue: ori = 188.2779912212214
7.3089 	EXP 	rot_line_precue: ori = 188.58818609015168
7.3173 	EXP 	rot_line_precue: ori = 188.94139655811813
7.3257 	EXP 	rot_line_precue: ori = 189.3493480799075
7.3339 	EXP 	rot_line_precue: ori = 189.71235379796377
7.3432 	EXP 	rot_line_precue: ori = 190.04216194953582
7.3514 	EXP 	rot_line_precue: ori = 190.38690039388163
7.3594 	EXP 	rot_line_precue: ori = 190.68779027325022
7.3666 	EXP 	rot_line_precue: ori = 191.09368437759133
7.3751 	EXP 	rot_line_precue: ori = 191.4465493439521
7.3831 	EXP 	rot_line_precue: ori = 192.06588956413523
7.3912 	EXP 	rot_line_precue: ori = 192.3682235418287
7.3996 	EXP 	rot_line_precue: ori = 192.74859357999026
7.4012 	EXP 	New trial (rep=1, index=2): <Trial 2 (2 in rep 1) data={'pic_name': 'pics/left_hand.JPG', 'class_mi': 'left_hand', 'thisN': 2, 'thisTrialN': 2, 'thisRepN': 1}>
7.4093 	EXP 	hor_line_precue: autoDraw = False
7.4093 	EXP 	ver_line_precue: autoDraw = False
7.4093 	EXP 	rot_line_precue: autoDraw = False
7.4093 	EXP 	rot_line_precue: ori = 193.0986764021637
7.4093 	EXP 	point_left: autoDraw = False
7.4093 	EXP 	point_right: autoDraw = False
7.4093 	EXP 	dot_precue: autoDraw = False
7.4093 	EXP 	hor_line_precue: autoDraw = False
7.4093 	EXP 	ver_line_precue: autoDraw = False
7.4093 	EXP 	rot_line_precue: autoDraw = False
7.4093 	EXP 	point_left: autoDraw = False
7.4093 	EXP 	point_right: autoDraw = False
7.4093 	EXP 	dot_precue: autoDraw = False
7.4093 	EXP 	hor_line_precue: autoDraw = True
7.4093 	EXP 	ver_line_precue: autoDraw = True
7.4093 	EXP 	rot_line_precue: autoDraw = True
7.4093 	EXP 	rot_line_precue: ori = 193.50260895794796
7.4093 	EXP 	point_left: autoDraw = True
7.4093 	EXP 	point_right: autoDraw = True
7.4093 	EXP 	dot_precue: autoDraw = True
7.4176 	EXP 	rot_line_precue: ori = 193.8044931050023
7.4252 	EXP 	rot_line_precue: ori = 194.1956716915559
7.4338 	EXP 	rot_line_precue: ori = 194.55382901721606
7.4425 	EXP 	rot_line_precue: ori = 195.33567490767317
7.4508 	EXP 	rot_line_precue: ori = 195.65363677370237
7.4592 	EXP 	rot_line_precue: ori = 196.02448327971106
7.4686 	EXP 	rot_line_precue: ori = 196.4119479445047
7.4775 	EXP 	rot_line_precue: ori = 196.79636990793134
7.4862 	EXP 	rot_line_precue: ori = 197.15025362322444
7.4943 	EXP 	rot_line_precue: ori = 197.75844918146936
7.5025 	EXP 	rot_line_precue: ori = 198.29574432193348
7.5105 	EXP 	rot_line_precue: ori = 199.0900803885561
7.5185 	EXP 	rot_line_precue: ori = 199.40575106494381
7.5264 	EXP 	rot_line_precue: ori = 199.94708872264945
7.5352 	EXP 	rot_line_precue: ori = 200.28645633563812
7.5423 	EXP 	rot_line_precue: ori = 200.99153889108268
7.5504 	EXP 	rot_line_precue: ori = 201.31205458142412
7.5591 	EXP 	rot_line_precue: ori = 201.78892433835654
7.5680 	EXP 	rot_line_precue: ori = 202.1268474905801
7.5756 	EXP 	rot_line_precue: ori = 202.75999327676016
7.5841 	EXP 	rot_line_precue: ori = 203.06135139968893
7.5921 	EXP 	rot_line_precue: ori = 203.57621700011907
7.6015 	EXP 	rot_line_precue: ori = 204.01546844551197
7.6097 	EXP 	rot_line_precue: ori = 204.35037767195917
7.6181 	EXP 	rot_line_precue: ori = 204.7041143517008
7.6254 	EXP 	rot_line_precue: ori = 205.24394466451002
7.6336 	EXP 	rot_line_precue: ori = 205.73571701765198
7.6418 	EXP 	rot_line_precue: ori = 206.11168417517726
7.6501 	EXP 	rot_line_precue: ori = 206.62509145336713
7.6582 	EXP 	rot_line_precue: ori = 206.9645605911526
7.6675 	EXP 	rot_line_precue: ori = 207.2863135586815
7.6751 	EXP 	rot_line_precue: ori = 207.7111520475069
7.6832 	EXP 	rot_line_precue: ori = 208.0676330011889
7.6920 	EXP 	rot_line_precue: ori = 208.42594437965127
7.7008 	EXP 	rot_line_precue: ori = 208.7280145148146
7.7098 	EXP 	rot_line_precue: ori = 209.12839987828335
7.7189 	EXP 	rot_line_precue: ori = 209.55813398122984
7.7277 	EXP 	rot_line_precue: ori = 209.86447679814657
7.7360 	EXP 	rot_line_precue: ori = 210.5025032821262
7.7439 	EXP 	rot_line_precue: ori = 210.94654289442133
7.7525 	EXP 	rot_line_precue: ori = 211.29855843098963
7.7608 	EXP 	rot_line_precue: ori = 211.6050376537042
7.7688 	EXP 	rot_line_precue: ori = 211.9408614691443
7.7769 	EXP 	rot_line_precue: ori = 212.2722853964558
7.7853 	EXP 	rot_line_precue: ori = 212.78011165724755
7.7938 	EXP 	rot_line_precue: ori = 213.09447028549744
7.8025 	EXP 	rot_line_precue: ori = 213.84332129904726
7.8105 	EXP 	rot_line_precue: ori = 214.20212068332586
7.8185 	EXP 	rot_line_precue: ori = 214.5515905676711
7.8273 	EXP 	rot_line_precue: ori = 214.84808981212367
7.8358 	EXP 	rot_line_precue: ori = 215.18049226495262
7.8435 	EXP 	rot_line_precue: ori = 215.48782164086592
7.8516 	EXP 	rot_line_precue: ori = 215.8589579735868
7.8599 	EXP 	rot_line_precue: ori = 216.22936575363022
7.8678 	EXP 	rot_line_precue: ori = 216.5368826513351
7.8770 	EXP 	rot_line_precue: ori = 216.9010440055498
7.8846 	EXP 	rot_line_precue: ori = 217.3615040017092
7.8930 	EXP 	rot_line_precue: ori = 217.8240488780766
7.9012 	EXP 	rot_line_precue: ori = 218.42133626385782
7.9084 	EXP 	rot_line_precue: ori = 218.7295930771764
7.9163 	EXP 	rot_line_precue: ori = 219.03170040687095
7.9253 	EXP 	rot_line_precue: ori = 219.71137898076722
7.9335 	EXP 	rot_line_precue: ori = 220.120963236496
7.9434 	EXP 	rot_line_precue: ori = 220.4478321350822
7.9526 	EXP 	rot_line_precue: ori = 220.7635893328075
7.9605 	EXP 	rot_line_precue: ori = 221.40962795225653
7.9694 	EXP 	rot_line_precue: ori = 221.74015770329868
7.9777 	EXP 	rot_line_precue: ori = 222.29650336897393
7.9860 	EXP 	rot_line_precue: ori = 222.59390782683568
7.9942 	EXP 	rot_line_precue: ori = 222.89501511137132
8.0021 	EXP 	rot_line_precue: ori = 223.21396516498228
8.0103 	EXP 	rot_line_precue: ori = 223.87015580536175
8.0193 	EXP 	rot_line_precue: ori = 224.41545391100175
8.0272 	EXP 	rot_line_precue: ori = 224.722131550337
8.0363 	EXP 	rot_line_precue: ori = 225.22357111115227
8.0443 	EXP 	rot_line_precue: ori = 225.68832750721052
8.0522 	EXP 	rot_line_precue: ori = 226.2730340677489
8.0607 	EXP 	rot_line_precue: ori = 226.72632985535031
8.0683 	EXP 	rot_line_precue: ori = 227.32691766184897
8.0759 	EXP 	rot_line_precue: ori = 227.7674969934815
8.0852 	EXP 	rot_line_precue: ori = 228.07230143608967
8.0934 	EXP 	rot_line_precue: ori = 228.41410926234013
8.1014 	EXP 	rot_line_precue: ori = 228.7312106156778
8.1095 	EXP 	rot_line_precue: ori = 229.08317990228667
8.1166 	EXP 	rot_line_precue: ori = 229.37877774660825
8.1249 	EXP 	rot_line_precue: ori = 229.74843021629414
8.1341 	EXP 	rot_line_precue: ori = 230.23420868903835
8.1421 	EXP 	rot_line_precue: ori = 230.54686113379182
8.1500 	EXP 	rot_line_precue: ori = 230.87545993755802
8.1585 	EXP 	rot_line_precue: ori = 231.24819866882115
8.1673 	EXP 	rot_line_precue: ori = 231.69339092890004
8.1748 	EXP 	rot_line_precue: ori = 232.2494077460676
8.1839 	EXP 	rot_line_precue: ori = 232.68342301480652
8.1919 	EXP 	rot_line_precue: ori = 233.05512773866963
8.2006 	EXP 	rot_line_precue: ori = 233.49046803356902
8.2101 	EXP 	rot_line_precue: ori = 234.06212183874393
8.2190 	EXP 	rot_line_precue: ori = 234.435650732215
8.2278 	EXP 	rot_line_precue: ori = 234.7585373463721
8.2356 	EXP 	rot_line_precue: ori = 235.26681742532128
8.2449 	EXP 	rot_line_precue: ori = 235.57417683224185
8.2527 	EXP 	rot_line_precue: ori = 235.8705267329522
8.2607 	EXP 	rot_line_precue: ori = 236.3210540829667
8.2684 	EXP 	rot_line_precue: ori = 236.66318755928597
8.2768 	EXP 	rot_line_precue: ori = 236.97549282278513
8.2850 	EXP 	rot_line_precue: ori = 237.27725143611522
8.2924 	EXP 	rot_line_precue: ori = 237.5893771560766
8.3004 	EXP 	rot_line_precue: ori = 238.13343531980118
8.3090 	EXP 	rot_line_precue: ori = 238.45652267882213
8.3174 	EXP 	rot_line_precue: ori = 238.9749915571034
8.3254 	EXP 	rot_line_precue: ori = 239.27248806636362
8.3342 	EXP 	rot_line_precue: ori = 239.64245063539877
8.3423 	EXP 	rot_line_precue: ori = 239.9776039726204
8.3502 	EXP 	rot_line_precue: ori = 240.28098168473258
8.3580 	EXP 	rot_line_precue: ori = 240.6213572773319
8.3669 	EXP 	rot_line_precue: ori = 241.0864094117822
8.3758 	EXP 	rot_line_precue: ori = 241.7745483832751
8.3835 	EXP 	rot_line_precue: ori = 242.0786003783139
8.3920 	EXP 	rot_line_precue: ori = 242.5456560340782
8.4000 	EXP 	rot_line_precue: ori = 242.84236158400284
8.4088 	EXP 	rot_line_precue: ori = 243.26424408920607
8.4167 	EXP 	rot_line_precue: ori = 243.62680556262458
8.4248 	EXP 	rot_line_precue: ori = 243.94881070613823
8.4331 	EXP 	rot_line_precue: ori = 244.2540106745121
8.4421 	EXP 	rot_line_precue: ori = 244.57608970590647
8.4505 	EXP 	rot_line_precue: ori = 244.90374841223198
8.4598 	EXP 	rot_line_precue: ori = 245.3326609148388
8.4690 	EXP 	rot_line_precue: ori = 245.69053455180793
8.4777 	EXP 	rot_line_precue: ori = 246.27820017053
8.4859 	EXP 	rot_line_precue: ori = 246.61268425788936
8.4944 	EXP 	rot_line_precue: ori = 246.99957853324426
8.5027 	EXP 	rot_line_precue: ori = 247.31195463463874
8.5111 	EXP 	rot_line_precue: ori = 247.9290439006477
8.5186 	EXP 	rot_line_precue: ori = 248.25567769050812
8.5266 	EXP 	rot_line_precue: ori = 248.55975833201654
8.5340 	EXP 	rot_line_precue: ori = 248.92742597862122
8.5425 	EXP 	rot_line_precue: ori = 249.22468425320315
8.5515 	EXP 	rot_line_precue: ori = 249.5416351889533
8.5603 	EXP 	rot_line_precue: ori = 250.07676023738418
8.5689 	EXP 	rot_line_precue: ori = 250.5790446784452
8.5769 	EXP 	rot_line_precue: ori = 250.8806503750279
8.5851 	EXP 	rot_line_precue: ori = 251.32100498121378
8.5935 	EXP 	rot_line_precue: ori = 251.70458911575355
8.6008 	EXP 	rot_line_precue: ori = 252.4235242060327
8.6096 	EXP 	rot_line_precue: ori = 252.74002170842934
8.6169 	EXP 	rot_line_precue: ori = 253.1451696564422
8.6257 	EXP 	rot_line_precue: ori = 253.6557768916554
8.6340 	EXP 	rot_line_precue: ori = 254.03223381310042
8.6430 	EXP 	rot_line_precue: ori = 254.33890700409833
8.6501 	EXP 	rot_line_precue: ori = 254.67048338453372
8.6594 	EXP 	rot_line_precue: ori = 254.97099741587436
8.6668 	EXP 	rot_line_precue: ori = 255.30569934529936
8.6752 	EXP 	rot_line_precue: ori = 255.65053525468088
8.6832 	EXP 	rot_line_precue: ori = 256.0698968954583
8.6918 	EXP 	rot_line_precue: ori = 256.38171265051665
8.7001 	EXP 	rot_line_precue: ori = 256.70955138539205
8.7087 	EXP 	rot_line_precue: ori = 257.02031432790693
8.7172 	EXP 	rot_line_precue: ori = 257.3205909001855
8.7260 	EXP 	rot_line_precue: ori = 257.68606402985097
8.7346 	EXP 	rot_line_precue: ori = 258.029649192716
8.7437 	EXP 	rot_line_precue: ori = 258.3783963209334
8.7519 	EXP 	rot_line_precue: ori = 259.13912964680424
8.7611 	EXP 	rot_line_precue: ori = 259.58032115193396
8.7689 	EXP 	rot_line_precue: ori = 259.8890195511999
8.7770 	EXP 	rot_line_precue: ori = 260.2250421366051
8.7855 	EXP 	rot_line_precue: ori = 260.5442258610054
8.7937 	EXP 	rot_line_precue: ori = 260.87048733169365
8.8026 	EXP 	rot_line_precue: ori = 261.2329874938902
8.8101 	EXP 	rot_line_precue: ori = 261.6262229632378
8.8178 	EXP 	rot_line_precue: ori = 261.99927364016054
8.8269 	EXP 	rot_line_precue: ori = 262.31220648922806
8.8343 	EXP 	rot_line_precue: ori = 262.97773989715716
8.8425 	EXP 	rot_line_precue: ori = 263.274613766674
8.8511 	EXP 	rot_line_precue: ori = 263.60863061291906
8.8599 	EXP 	rot_line_precue: ori = 263.9062657284492
8.8683 	EXP 	rot_line_precue: ori = 264.318549265909
8.8757 	EXP 	rot_line_precue: ori = 264.866651625053
8.8842 	EXP 	rot_line_precue: ori = 265.24544529253944
8.8920 	EXP 	rot_line_precue: ori = 265.5588121338183
8.9004 	EXP 	rot_line_precue: ori = 265.85497376998995
8.9083 	EXP 	rot_line_precue: ori = 266.44206774667833
8.9165 	EXP 	rot_line_precue: ori = 266.9554863373193
8.9247 	EXP 	rot_line_precue: ori = 267.3708523525645
8.9342 	EXP 	rot_line_precue: ori = 267.8233335586045
8.9434 	EXP 	rot_line_precue: ori = 268.45004905725
8.9514 	EXP 	rot_line_precue: ori = 268.7573463668637
8.9602 	EXP 	rot_line_precue: ori = 269.09189803441694
8.9694 	EXP 	rot_line_precue: ori = 269.4583644713165
8.9772 	EXP 	rot_line_precue: ori = 269.8471531202856
8.9859 	EXP 	rot_line_precue: ori = 270.1680901882923
8.9938 	EXP 	rot_line_precue: ori = 270.65757355011846
9.0022 	EXP 	rot_line_precue: ori = 271.277394978461
9.0114 	EXP 	rot_line_precue: ori = 271.5753734452148
9.0192 	EXP 	rot_line_precue: ori = 271.8710096174339
9.0270 	EXP 	rot_line_precue: ori = 272.20658305972654
9.0358 	EXP 	rot_line_precue: ori = 272.6232401439274
9.0435 	EXP 	rot_line_precue: ori = 272.9388227528946
9.0516 	EXP 	rot_line_precue: ori = 273.46592377440254
9.0596 	EXP 	rot_line_precue: ori = 273.8467228697549
9.0675 	EXP 	rot_line_precue: ori = 274.16319810500926
9.0760 	EXP 	rot_line_precue: ori = 274.5035894700282
9.0846 	EXP 	rot_line_precue: ori = 274.82878470959497
9.0935 	EXP 	rot_line_precue: ori = 275.1450817867445
9.1014 	EXP 	rot_line_precue: ori = 275.46868411620886
9.1100 	EXP 	rot_line_precue: ori = 275.7967365854293
9.1176 	EXP 	rot_line_precue: ori = 276.095840592694
9.1255 	EXP 	rot_line_precue: ori = 276.41114701447026
9.1339 	EXP 	rot_line_precue: ori = 276.9135577848731
9.1418 	EXP 	rot_line_precue: ori = 277.31721545818885
9.1507 	EXP 	rot_line_precue: ori = 277.72104167594085
9.1589 	EXP 	rot_line_precue: ori = 278.40550593258894
9.1665 	EXP 	rot_line_precue: ori = 278.816052870304
9.1747 	EXP 	rot_line_precue: ori = 279.17677016680017
9.1834 	EXP 	rot_line_precue: ori = 279.62087693488166
9.1922 	EXP 	rot_line_precue: ori = 280.3695147113008
9.2006 	EXP 	rot_line_precue: ori = 280.71732611131466
9.2090 	EXP 	rot_line_precue: ori = 281.11137422132424
9.2178 	EXP 	rot_line_precue: ori = 281.4559058599221
9.2272 	EXP 	rot_line_precue: ori = 281.7831341002925
9.2355 	EXP 	rot_line_precue: ori = 282.57243330533424
9.2437 	EXP 	rot_line_precue: ori = 282.8961689987287
9.2520 	EXP 	rot_line_precue: ori = 283.2109400731699
9.2603 	EXP 	rot_line_precue: ori = 283.64847565600394
9.2686 	EXP 	rot_line_precue: ori = 284.4486131384932
9.2770 	EXP 	rot_line_precue: ori = 285.08301623792033
9.2851 	EXP 	rot_line_precue: ori = 285.401445781425
9.2933 	EXP 	rot_line_precue: ori = 286.02733192832926
9.3025 	EXP 	rot_line_precue: ori = 286.3576171971374
9.3104 	EXP 	rot_line_precue: ori = 286.66572155187947
9.3187 	EXP 	rot_line_precue: ori = 286.9645831983133
9.3265 	EXP 	rot_line_precue: ori = 287.29500932337453
9.3349 	EXP 	rot_line_precue: ori = 287.78441473606443
9.3435 	EXP 	rot_line_precue: ori = 288.08264267282385
9.3512 	EXP 	rot_line_precue: ori = 288.3896007933789
9.3594 	EXP 	rot_line_precue: ori = 288.9803693578628
9.3677 	EXP 	rot_line_precue: ori = 289.31363957233793
9.3756 	EXP 	rot_line_precue: ori = 289.6864236032982
9.3830 	EXP 	rot_line_precue: ori = 290.25911662453314
9.3913 	EXP 	rot_line_precue: ori = 290.55532234035053
9.4000 	EXP 	rot_line_precue: ori = 290.89808702464006
9.4018 	EXP 	New trial (rep=1, index=3): <Trial 3 (3 in rep 1) data={'pic_name': 'pics/none.JPG', 'class_mi': 'rest', 'thisN': 3, 'thisTrialN': 3, 'thisRepN': 1}>
9.4093 	EXP 	hor_line_precue: autoDraw = False
9.4093 	EXP 	ver_line_precue: autoDraw = False
9.4093 	EXP 	rot_line_precue: autoDraw = False
9.4093 	EXP 	rot_line_precue: ori = 291.287304538161
9.4093 	EXP 	point_left: autoDraw = False
9.4093 	EXP 	point_right: autoDraw = False
9.4093 	EXP 	dot_precue: autoDraw = False
9.4093 	EXP 	hor_line_precue: autoDraw = False
9.4093 	EXP 	ver_line_precue: autoDraw = False
9.4093 	EXP 	rot_line_precue: autoDraw = False
9.4093 	EXP 	point_left: autoDraw = False
9.4093 	EXP 	point_right: autoDraw = False
9.4093 	EXP 	dot_precue: autoDraw = False
9.4093 	EXP 	hor_line_precue: autoDraw = True
9.4093 	EXP 	ver_line_precue: autoDraw = True
9.4093 	EXP 	rot_line_precue: autoDraw = True
9.4093 	EXP 	rot_line_precue: ori = 291.6588726551646
9.4093 	EXP 	point_left: autoDraw = True
9.4093 	EXP 	point_right: autoDraw = True
9.4093 	EXP 	dot_precue: autoDraw = True
9.4175 	EXP 	rot_line_precue: ori = 291.95488501813696
9.4255 	EXP 	rot_line_precue: ori = 292.4748447977688
9.4331 	EXP 	rot_line_precue: ori = 292.788101347464
9.4415 	EXP 	rot_line_precue: ori = 293.1740808024419
9.4498 	EXP 	rot_line_precue: ori = 293.49650040557896
9.4584 	EXP 	rot_line_precue: ori = 293.8192578817491
9.4667 	EXP 	rot_line_precue: ori = 294.1199608207125
9.4753 	EXP 	rot_line_precue: ori = 294.5995549005892
9.4854 	EXP 	rot_line_precue: ori = 294.97908988616535
9.4939 	EXP 	rot_line_precue: ori = 295.3506260236104
9.5023 	EXP 	rot_line_precue: ori = 295.6687902642412
9.5104 	EXP 	rot_line_precue: ori = 296.1029741601224
9.5183 	EXP 	rot_line_precue: ori = 296.6842043715809
9.5270 	EXP 	rot_line_precue: ori = 297.0084608898014
9.5347 	EXP 	rot_line_precue: ori = 297.31251225885916
9.5435 	EXP 	rot_line_precue: ori = 297.6232855980252
9.5517 	EXP 	rot_line_precue: ori = 298.0531084264678
9.5599 	EXP 	rot_line_precue: ori = 298.39083440398326
9.5679 	EXP 	rot_line_precue: ori = 299.0572608901814
9.5761 	EXP 	rot_line_precue: ori = 299.7864983471084
9.5836 	EXP 	rot_line_precue: ori = 300.2084362056269
9.5919 	EXP 	rot_line_precue: ori = 300.52073839881996
9.6000 	EXP 	rot_line_precue: ori = 300.9166678951167
9.6085 	EXP 	rot_line_precue: ori = 301.38447347167505
9.6164 	EXP 	rot_line_precue: ori = 302.00393715033954
9.6252 	EXP 	rot_line_precue: ori = 302.43283537996444
9.6330 	EXP 	rot_line_precue: ori = 302.8691506868878
9.6411 	EXP 	rot_line_precue: ori = 303.17002044683153
9.6499 	EXP 	rot_line_precue: ori = 303.5018305577745
9.6579 	EXP 	rot_line_precue: ori = 303.8140345821861
9.6663 	EXP 	rot_line_precue: ori = 304.1143063209106
9.6743 	EXP 	rot_line_precue: ori = 304.4655102655606
9.6827 	EXP 	rot_line_precue: ori = 304.9702036578257
9.6915 	EXP 	rot_line_precue: ori = 305.3119420319613
9.7002 	EXP 	rot_line_precue: ori = 305.87083342925746
9.7086 	EXP 	rot_line_precue: ori = 306.61200568009707
9.7180 	EXP 	rot_line_precue: ori = 307.2131480799935
9.7266 	EXP 	rot_line_precue: ori = 307.5205744590776
9.7353 	EXP 	rot_line_precue: ori = 307.88629258805827
9.7444 	EXP 	rot_line_precue: ori = 308.30166324633234
9.7524 	EXP 	rot_line_precue: ori = 308.6106433454778
9.7605 	EXP 	rot_line_precue: ori = 308.92222692529845
9.7685 	EXP 	rot_line_precue: ori = 309.2236473890533
9.7768 	EXP 	rot_line_precue: ori = 309.61776458986833
9.7858 	EXP 	rot_line_precue: ori = 309.9200429996518
9.7935 	EXP 	rot_line_precue: ori = 310.3597022647165
9.8014 	EXP 	rot_line_precue: ori = 310.74093268587245
9.8088 	EXP 	rot_line_precue: ori = 311.03618863284703
9.8170 	EXP 	rot_line_precue: ori = 311.79615185766556
9.8264 	EXP 	rot_line_precue: ori = 312.3948086942463
9.8339 	EXP 	rot_line_precue: ori = 312.74172843679156
9.8420 	EXP 	rot_line_precue: ori = 313.0630383228504
9.8503 	EXP 	rot_line_precue: ori = 313.6300757373933
9.8584 	EXP 	rot_line_precue: ori = 313.9459963084749
9.8663 	EXP 	rot_line_precue: ori = 314.362041220602
9.8751 	EXP 	rot_line_precue: ori = 314.6797785151414
9.8828 	EXP 	rot_line_precue: ori = 315.21929692983815
9.8910 	EXP 	rot_line_precue: ori = 315.6524681525825
9.8992 	EXP 	rot_line_precue: ori = 316.02455169245314
9.9075 	EXP 	rot_line_precue: ori = 316.39724950956617
9.9164 	EXP 	rot_line_precue: ori = 316.6927171550097
9.9248 	EXP 	rot_line_precue: ori = 317.0786858188707
9.9329 	EXP 	rot_line_precue: ori = 317.3922588207514
9.9411 	EXP 	rot_line_precue: ori = 317.6978563461783
9.9493 	EXP 	rot_line_precue: ori = 318.2929143967096
9.9580 	EXP 	rot_line_precue: ori = 318.6376726436919
9.9666 	EXP 	rot_line_precue: ori = 319.10414468917185
9.9753 	EXP 	rot_line_precue: ori = 319.4762703410079
9.9843 	EXP 	rot_line_precue: ori = 319.7730951097963
9.9922 	EXP 	rot_line_precue: ori = 320.06944677853716
10.0009 	EXP 	rot_line_precue: ori = 320.397847287888
10.0104 	EXP 	rot_line_precue: ori = 320.8393381086049
10.0187 	EXP 	rot_line_precue: ori = 321.295562903232
10.0267 	EXP 	rot_line_precue: ori = 321.73654115116125
10.0352 	EXP 	rot_line_precue: ori = 322.0948274483447
10.0431 	EXP 	rot_line_precue: ori = 322.49049183754744
10.0514 	EXP 	rot_line_precue: ori = 322.8032045223369
10.0599 	EXP 	rot_line_precue: ori = 323.1199372843904
10.0677 	EXP 	rot_line_precue: ori = 323.4251170706487
10.0764 	EXP 	rot_line_precue: ori = 323.7900822265037
10.0849 	EXP 	rot_line_precue: ori = 324.10033475483664
10.0929 	EXP 	rot_line_precue: ori = 324.4410559923281
10.1012 	EXP 	rot_line_precue: ori = 325.0633702594027
10.1096 	EXP 	rot_line_precue: ori = 325.364991966274
10.1181 	EXP 	rot_line_precue: ori = 325.7368202004993
10.1264 	EXP 	rot_line_precue: ori = 326.08338014340427
10.1354 	EXP 	rot_line_precue: ori = 326.57702279773133
10.1430 	EXP 	rot_line_precue: ori = 326.96595783790326
10.1513 	EXP 	rot_line_precue: ori = 327.2969217708629
10.1594 	EXP 	rot_line_precue: ori = 327.6362443028138
10.1667 	EXP 	rot_line_precue: ori = 327.98487484136416
10.1744 	EXP 	rot_line_precue: ori = 328.33996169940923
10.1836 	EXP 	rot_line_precue: ori = 328.694880485799
10.1917 	EXP 	rot_line_precue: ori = 329.0829067936742
10.1993 	EXP 	rot_line_precue: ori = 329.4111877577561
10.2079 	EXP 	rot_line_precue: ori = 329.8055981191471
10.2163 	EXP 	rot_line_precue: ori = 330.5358617257013
10.2249 	EXP 	rot_line_precue: ori = 330.9165620938764
10.2333 	EXP 	rot_line_precue: ori = 331.254388329999
10.2419 	EXP 	rot_line_precue: ori = 331.73540440894914
10.2509 	EXP 	rot_line_precue: ori = 332.095857370393
10.2592 	EXP 	rot_line_precue: ori = 332.45854237427574
10.2682 	EXP 	rot_line_precue: ori = 332.78304441574636
10.2773 	EXP 	rot_line_precue: ori = 333.0845616074901
10.2853 	EXP 	rot_line_precue: ori = 333.74984599990137
10.2933 	EXP 	rot_line_precue: ori = 334.2016811104017
10.3018 	EXP 	rot_line_precue: ori = 334.50046955023856
10.3100 	EXP 	rot_line_precue: ori = 335.0511075049547
10.3185 	EXP 	rot_line_precue: ori = 335.35326996173046
10.3269 	EXP 	rot_line_precue: ori = 335.6613324880299
10.3357 	EXP 	rot_line_precue: ori = 336.0548245449163
10.3433 	EXP 	rot_line_precue: ori = 336.42555707124023
10.3506 	EXP 	rot_line_precue: ori = 336.7383626904607
10.3583 	EXP 	rot_line_precue: ori = 337.1791583526783
10.3665 	EXP 	rot_line_precue: ori = 337.50587094931154
10.3745 	EXP 	rot_line_precue: ori = 337.8339618927553
10.3829 	EXP 	rot_line_precue: ori = 338.28649126128454
10.3913 	EXP 	rot_line_precue: ori = 338.6018979079258
10.3995 	EXP 	rot_line_precue: ori = 339.33534081254794
10.4077 	EXP 	rot_line_precue: ori = 339.63267784894435
10.4158 	EXP 	rot_line_precue: ori = 339.96359061033695
10.4242 	EXP 	rot_line_precue: ori = 340.2632496060496
10.4334 	EXP 	rot_line_precue: ori = 340.60141950308804
10.4411 	EXP 	rot_line_precue: ori = 340.89721364052747
10.4493 	EXP 	rot_line_precue: ori = 341.29955875878665
10.4579 	EXP 	rot_line_precue: ori = 341.65533760243477
10.4665 	EXP 	rot_line_precue: ori = 341.9970272062808
10.4750 	EXP 	rot_line_precue: ori = 342.411068954362
10.4832 	EXP 	rot_line_precue: ori = 342.8024166774177
10.4915 	EXP 	rot_line_precue: ori = 343.0995484059082
10.4999 	EXP 	rot_line_precue: ori = 343.4162244901047
10.5085 	EXP 	rot_line_precue: ori = 343.7672055303267
10.5172 	EXP 	rot_line_precue: ori = 344.14728941798137
10.5257 	EXP 	rot_line_precue: ori = 344.45008109649984
10.5351 	EXP 	rot_line_precue: ori = 344.7503533946501
10.5436 	EXP 	rot_line_precue: ori = 345.13337217559996
10.5522 	EXP 	rot_line_precue: ori = 345.5589306952277
10.5602 	EXP 	rot_line_precue: ori = 345.85999373800104
10.5681 	EXP 	rot_line_precue: ori = 346.2258355727166
10.5759 	EXP 	rot_line_precue: ori = 346.55694586548924
10.5849 	EXP 	rot_line_precue: ori = 346.88405678375693
10.5933 	EXP 	rot_line_precue: ori = 347.32784097762357
10.6014 	EXP 	rot_line_precue: ori = 347.6320938247088
10.6089 	EXP 	rot_line_precue: ori = 348.0157470950436
10.6173 	EXP 	rot_line_precue: ori = 348.33079082584425
10.6264 	EXP 	rot_line_precue: ori = 348.70484792265063
10.6344 	EXP 	rot_line_precue: ori = 349.4244190301835
10.6420 	EXP 	rot_line_precue: ori = 349.7212514062088
10.6510 	EXP 	rot_line_precue: ori = 350.093401035873
10.6592 	EXP 	rot_line_precue: ori = 350.5422558058682
10.6667 	EXP 	rot_line_precue: ori = 350.911962690258
10.6753 	EXP 	rot_line_precue: ori = 351.2838158145239
10.6837 	EXP 	rot_line_precue: ori = 351.6482116785206
10.6919 	EXP 	rot_line_precue: ori = 351.9727390866635
10.7001 	EXP 	rot_line_precue: ori = 352.3481482971114
10.7078 	EXP 	rot_line_precue: ori = 352.69472752511916
10.7161 	EXP 	rot_line_precue: ori = 353.049578228856
10.7246 	EXP 	rot_line_precue: ori = 353.40363419007963
10.7331 	EXP 	rot_line_precue: ori = 353.83919737357604
10.7416 	EXP 	rot_line_precue: ori = 354.19704246149377
10.7505 	EXP 	rot_line_precue: ori = 354.5153122184566
10.7589 	EXP 	rot_line_precue: ori = 354.91236883296995
10.7680 	EXP 	rot_line_precue: ori = 355.2179630777348
10.7773 	EXP 	rot_line_precue: ori = 355.84418586683176
10.7856 	EXP 	rot_line_precue: ori = 356.1795031160403
10.7941 	EXP 	rot_line_precue: ori = 356.67248224955904
10.8021 	EXP 	rot_line_precue: ori = 356.97990301748456
10.8102 	EXP 	rot_line_precue: ori = 357.3773057016722
10.8191 	EXP 	rot_line_precue: ori = 357.7728767954263
10.8274 	EXP 	rot_line_precue: ori = 358.0989851902533
10.8356 	EXP 	rot_line_precue: ori = 358.68253394827894
10.8437 	EXP 	rot_line_precue: ori = 359.0970740361306
10.8517 	EXP 	rot_line_precue: ori = 359.5756529305324
10.8599 	EXP 	rot_line_precue: ori = 359.9318943374878
10.8684 	EXP 	rot_line_precue: ori = 0.30380094995717855
10.8759 	EXP 	rot_line_precue: ori = 0.8823541908858972
10.8852 	EXP 	rot_line_precue: ori = 1.262774594531862
10.8931 	EXP 	rot_line_precue: ori = 1.6128014877381465
10.9004 	EXP 	rot_line_precue: ori = 2.1524767314506055
10.9083 	EXP 	rot_line_precue: ori = 2.7346042434117446
10.9161 	EXP 	rot_line_precue: ori = 3.064666860593988
10.9242 	EXP 	rot_line_precue: ori = 3.5143458321530527
10.9329 	EXP 	rot_line_precue: ori = 3.876967462796517
10.9411 	EXP 	rot_line_precue: ori = 4.1784067838210435
10.9502 	EXP 	rot_line_precue: ori = 4.833932137680573
10.9582 	EXP 	rot_line_precue: ori = 5.4175633610894245
10.9665 	EXP 	rot_line_precue: ori = 5.787647100522358
10.9744 	EXP 	rot_line_precue: ori = 6.162842723843321
10.9834 	EXP 	rot_line_precue: ori = 6.757197772959019
10.9912 	EXP 	rot_line_precue: ori = 7.293154837262431
11.0007 	EXP 	rot_line_precue: ori = 7.610601059173016
11.0102 	EXP 	rot_line_precue: ori = 7.912071292366711
11.0181 	EXP 	rot_line_precue: ori = 8.299328360529495
11.0269 	EXP 	rot_line_precue: ori = 8.697135099799558
11.0350 	EXP 	rot_line_precue: ori = 8.995274563203125
11.0442 	EXP 	rot_line_precue: ori = 9.600368900780158
11.0516 	EXP 	rot_line_precue: ori = 9.930881394810639
11.0599 	EXP 	rot_line_precue: ori = 10.585310630990024
11.0684 	EXP 	rot_line_precue: ori = 11.048286327885037
11.0770 	EXP 	rot_line_precue: ori = 11.435473464082476
11.0850 	EXP 	rot_line_precue: ori = 11.968098487916034
11.0935 	EXP 	rot_line_precue: ori = 12.353377185854674
11.1017 	EXP 	rot_line_precue: ori = 12.919713714928529
11.1101 	EXP 	rot_line_precue: ori = 13.219074412363158
11.1182 	EXP 	rot_line_precue: ori = 13.629929614041735
11.1271 	EXP 	rot_line_precue: ori = 13.930844129272316
11.1354 	EXP 	rot_line_precue: ori = 14.514152652820105
11.1433 	EXP 	rot_line_precue: ori = 14.910200475110786
11.1514 	EXP 	rot_line_precue: ori = 15.616885099893778
11.1604 	EXP 	rot_line_precue: ori = 16.003308450148854
11.1690 	EXP 	rot_line_precue: ori = 16.365649514452873
11.1768 	EXP 	rot_line_precue: ori = 16.708739473058944
11.1850 	EXP 	rot_line_precue: ori = 17.26440835122233
11.1936 	EXP 	rot_line_precue: ori = 17.819182198937998
11.2016 	EXP 	rot_line_precue: ori = 18.26087856322929
11.2091 	EXP 	rot_line_precue: ori = 18.606887688783438
11.2186 	EXP 	rot_line_precue: ori = 18.945050639863346
11.2266 	EXP 	rot_line_precue: ori = 19.394679107243974
11.2350 	EXP 	rot_line_precue: ori = 19.69920550787269
11.2433 	EXP 	rot_line_precue: ori = 20.0201173245141
11.2518 	EXP 	rot_line_precue: ori = 20.392356785742752
11.2592 	EXP 	rot_line_precue: ori = 20.68965806491645
11.2675 	EXP 	rot_line_precue: ori = 21.311423157023103
11.2760 	EXP 	rot_line_precue: ori = 21.95710578724533
11.2855 	EXP 	rot_line_precue: ori = 22.46512240241313
11.2939 	EXP 	rot_line_precue: ori = 22.829836324670456
11.3018 	EXP 	rot_line_precue: ori = 23.21147823974061
11.3104 	EXP 	rot_line_precue: ori = 23.55584983274222
11.3187 	EXP 	rot_line_precue: ori = 23.86029612394675
11.3270 	EXP 	rot_line_precue: ori = 24.204114887784787
11.3351 	EXP 	rot_line_precue: ori = 24.61166041713773
11.3434 	EXP 	rot_line_precue: ori = 24.973482932045016
11.3516 	EXP 	rot_line_precue: ori = 25.46832014409933
11.3589 	EXP 	rot_line_precue: ori = 25.790795101714135
11.3671 	EXP 	rot_line_precue: ori = 26.241738394272872
11.3756 	EXP 	rot_line_precue: ori = 26.556910856866683
11.3841 	EXP 	rot_line_precue: ori = 26.935531806806637
11.3930 	EXP 	rot_line_precue: ori = 27.288639852857678
11.3946 	EXP 	New trial (rep=0, index=4): <Trial 4 (4 in rep 0) data={'pic_name': 'pics/feet.JPG', 'class_mi': 'feet', 'thisN': 4, 'thisTrialN': 4, 'thisRepN': 0}>
11.4012 	EXP 	hor_line_precue: autoDraw = False
11.4012 	EXP 	ver_line_precue: autoDraw = False
11.4012 	EXP 	rot_line_precue: autoDraw = False
11.4012 	EXP 	rot_line_precue: ori = 27.62849636780296
11.4012 	EXP 	point_left: autoDraw = False
11.4012 	EXP 	point_right: autoDraw = False
11.4012 	EXP 	dot_precue: autoDraw = False
11.4012 	EXP 	hor_line_precue: autoDraw = False
11.4012 	EXP 	ver_line_precue: autoDraw = False
11.4012 	EXP 	rot_line_precue: autoDraw = False
11.4012 	EXP 	point_left: autoDraw = False
11.4012 	EXP 	point_right: autoDraw = False
11.4012 	EXP 	dot_precue: autoDraw = False
11.4012 	EXP 	hor_line_precue: autoDraw = True
11.4012 	EXP 	ver_line_precue: autoDraw = True
11.4012 	EXP 	rot_line_precue: autoDraw = True
11.4012 	EXP 	rot_line_precue: ori = 27.931179695140518
11.4012 	EXP 	point_left: autoDraw = True
11.4012 	EXP 	point_right: autoDraw = True
11.4012 	EXP 	dot_precue: autoDraw = True
11.4097 	EXP 	rot_line_precue: ori = 28.27391369342948
11.4178 	EXP 	rot_line_precue: ori = 28.59390137363325
11.4249 	EXP 	rot_line_precue: ori = 28.92364609477087
11.4335 	EXP 	rot_line_precue: ori = 29.253538653505537
11.4417 	EXP 	rot_line_precue: ori = 29.60441485546089
11.4492 	EXP 	rot_line_precue: ori = 29.914004089745767
11.4577 	EXP 	rot_line_precue: ori = 30.211851474539262
11.4659 	EXP 	rot_line_precue: ori = 30.524301003955095
11.4742 	EXP 	rot_line_precue: ori = 30.9169406437206
11.4828 	EXP 	rot_line_precue: ori = 31.51029971089641
11.4911 	EXP 	rot_line_precue: ori = 31.899741249286915
11.4993 	EXP 	rot_line_precue: ori = 32.26880622099285
11.5076 	EXP 	rot_line_precue: ori = 32.824154735937924
11.5163 	EXP 	rot_line_precue: ori = 33.21011961582837
11.5247 	EXP 	rot_line_precue: ori = 33.84000941732838
11.5335 	EXP 	rot_line_precue: ori = 34.280211115411355
11.5426 	EXP 	rot_line_precue: ori = 34.581667973368454
11.5507 	EXP 	rot_line_precue: ori = 34.97336324231034
11.5590 	EXP 	rot_line_precue: ori = 35.374702943056676
11.5688 	EXP 	rot_line_precue: ori = 35.67988731815076
11.5772 	EXP 	rot_line_precue: ori = 35.984121718763355
11.5854 	EXP 	rot_line_precue: ori = 36.31978099852001
11.5933 	EXP 	rot_line_precue: ori = 36.69047394611596
11.6016 	EXP 	rot_line_precue: ori = 37.20568016512084
11.6097 	EXP 	rot_line_precue: ori = 37.746114430563296
11.6180 	EXP 	rot_line_precue: ori = 38.29372639048937
11.6267 	EXP 	rot_line_precue: ori = 38.62019943792857
11.6348 	EXP 	rot_line_precue: ori = 38.96851250947523
11.6429 	EXP 	rot_line_precue: ori = 39.31695219007967
11.6507 	EXP 	rot_line_precue: ori = 39.61482995768069
11.6588 	EXP 	rot_line_precue: ori = 39.92099532829962
11.6668 	EXP 	rot_line_precue: ori = 40.22925690408745
11.6749 	EXP 	rot_line_precue: ori = 40.66267090433492
11.6842 	EXP 	rot_line_precue: ori = 41.24013577442225
11.6919 	EXP 	rot_line_precue: ori = 41.55322477464819
11.6998 	EXP 	rot_line_precue: ori = 41.98613789161055
11.7078 	EXP 	rot_line_precue: ori = 42.4884349962553
11.7162 	EXP 	rot_line_precue: ori = 42.89443386432837
11.7252 	EXP 	rot_line_precue: ori = 43.19839515167971
11.7337 	EXP 	rot_line_precue: ori = 43.5032597752665
11.7418 	EXP 	rot_line_precue: ori = 43.88814384000275
11.7494 	EXP 	rot_line_precue: ori = 44.20362758056139
11.7578 	EXP 	rot_line_precue: ori = 44.507931386457585
11.7669 	EXP 	rot_line_precue: ori = 44.846762807454084
11.7747 	EXP 	rot_line_precue: ori = 45.457342823949745
11.7833 	EXP 	rot_line_precue: ori = 45.812395450608065
11.7923 	EXP 	rot_line_precue: ori = 46.15218828412238
11.8008 	EXP 	rot_line_precue: ori = 46.45670717147409
11.8093 	EXP 	rot_line_precue: ori = 46.78048360417597
11.8185 	EXP 	rot_line_precue: ori = 47.22690202922611
11.8262 	EXP 	rot_line_precue: ori = 47.52822347152548
11.8355 	EXP 	rot_line_precue: ori = 47.87417052156576
11.8434 	EXP 	rot_line_precue: ori = 48.59895928777934
11.8524 	EXP 	rot_line_precue: ori = 48.91747319141422
11.8599 	EXP 	rot_line_precue: ori = 49.26673054955446
11.8684 	EXP 	rot_line_precue: ori = 49.67383585408724
11.8763 	EXP 	rot_line_precue: ori = 49.98104322325429
11.8839 	EXP 	rot_line_precue: ori = 50.340672896833965
11.8920 	EXP 	rot_line_precue: ori = 50.69824372913286
11.8999 	EXP 	rot_line_precue: ori = 51.17568027861567
11.9081 	EXP 	rot_line_precue: ori = 51.48416659409066
11.9171 	EXP 	rot_line_precue: ori = 51.84667124622682
11.9254 	EXP 	rot_line_precue: ori = 52.15179206450473
11.9346 	EXP 	rot_line_precue: ori = 52.512017242436166
11.9429 	EXP 	rot_line_precue: ori = 53.30924833243858
11.9498 	EXP 	rot_line_precue: ori = 53.66538701577631
11.9578 	EXP 	rot_line_precue: ori = 54.07495007034677
11.9664 	EXP 	rot_line_precue: ori = 54.389063937000344
11.9745 	EXP 	rot_line_precue: ori = 54.868033341775366
11.9832 	EXP 	rot_line_precue: ori = 55.439757272599245
11.9915 	EXP 	rot_line_precue: ori = 55.73546000927773
11.9999 	EXP 	rot_line_precue: ori = 56.24132475995122
12.0091 	EXP 	rot_line_precue: ori = 56.58569066287613
12.0162 	EXP 	rot_line_precue: ori = 57.03343323703932
12.0244 	EXP 	rot_line_precue: ori = 57.623606092600134
12.0340 	EXP 	rot_line_precue: ori = 57.944772014656635
12.0418 	EXP 	rot_line_precue: ori = 58.259118471250275
12.0501 	EXP 	rot_line_precue: ori = 58.685748170297245
12.0587 	EXP 	rot_line_precue: ori = 59.006117598915665
12.0671 	EXP 	rot_line_precue: ori = 59.31118487557715
12.0757 	EXP 	rot_line_precue: ori = 59.67908467902677
12.0837 	EXP 	rot_line_precue: ori = 60.062322761199574
12.0919 	EXP 	rot_line_precue: ori = 60.37056493852015
12.1005 	EXP 	rot_line_precue: ori = 60.66830344843301
12.1089 	EXP 	rot_line_precue: ori = 61.16939478542611
12.1177 	EXP 	rot_line_precue: ori = 61.847366849949324
12.1264 	EXP 	rot_line_precue: ori = 62.169605310272466
12.1347 	EXP 	rot_line_precue: ori = 62.73095286965295
12.1428 	EXP 	rot_line_precue: ori = 63.0444179266849
12.1512 	EXP 	rot_line_precue: ori = 63.4235107621517
12.1594 	EXP 	rot_line_precue: ori = 63.72779134464174
12.1672 	EXP 	rot_line_precue: ori = 64.16012763111333
12.1755 	EXP 	rot_line_precue: ori = 64.61796767621799
12.1847 	EXP 	rot_line_precue: ori = 64.97288226572786
12.1927 	EXP 	rot_line_precue: ori = 65.4713097900931
12.2002 	EXP 	rot_line_precue: ori = 65.99664584992105
12.2085 	EXP 	rot_line_precue: ori = 66.30227969206689
12.2173 	EXP 	rot_line_precue: ori = 66.59847976025974
12.2246 	EXP 	rot_line_precue: ori = 66.9013718531807
12.2330 	EXP 	rot_line_precue: ori = 67.20997306481478
12.2412 	EXP 	rot_line_precue: ori = 67.56448301115871
12.2497 	EXP 	rot_line_precue: ori = 67.95766322794285
12.2588 	EXP 	rot_line_precue: ori = 68.26591375253656
12.2660 	EXP 	rot_line_precue: ori = 69.01683066876518
12.2744 	EXP 	rot_line_precue: ori = 69.49495789610846
12.2828 	EXP 	rot_line_precue: ori = 70.18439826818425
12.2914 	EXP 	rot_line_precue: ori = 70.60519632242921
12.2999 	EXP 	rot_line_precue: ori = 70.92597105979883
12.3086 	EXP 	rot_line_precue: ori = 71.35278252923482
12.3173 	EXP 	rot_line_precue: ori = 71.67741999576562
12.3258 	EXP 	rot_line_precue: ori = 72.08396154258946
12.3355 	EXP 	rot_line_precue: ori = 72.77936181906065
12.3433 	EXP 	rot_line_precue: ori = 73.1008827138947
12.3519 	EXP 	rot_line_precue: ori = 73.40407382019896
12.3602 	EXP 	rot_line_precue: ori = 73.85951974312
12.3683 	EXP 	rot_line_precue: ori = 74.18882776355258
12.3768 	EXP 	rot_line_precue: ori = 74.7131931097506
12.3846 	EXP 	rot_line_precue: ori = 75.055704306624
12.3935 	EXP 	rot_line_precue: ori = 75.35296534634473
12.4017 	EXP 	rot_line_precue: ori = 75.70232639036956
12.4099 	EXP 	rot_line_precue: ori = 76.00118093212478
12.4187 	EXP 	rot_line_precue: ori = 76.32450100812277
12.4268 	EXP 	rot_line_precue: ori = 76.70425682159902
12.4347 	EXP 	rot_line_precue: ori = 77.0221421293418
12.4420 	EXP 	rot_line_precue: ori = 77.68496518184845
12.4497 	EXP 	rot_line_precue: ori = 78.06272329062242
12.4577 	EXP 	rot_line_precue: ori = 78.36205097779487
12.4667 	EXP 	rot_line_precue: ori = 79.08755322271475
12.4750 	EXP 	rot_line_precue: ori = 79.57662314768915
12.4827 	EXP 	rot_line_precue: ori = 79.88274253850179
12.4910 	EXP 	rot_line_precue: ori = 80.6092304360079
12.4993 	EXP 	rot_line_precue: ori = 80.9994183419458
12.5079 	EXP 	rot_line_precue: ori = 81.36277948220217
12.5163 	EXP 	rot_line_precue: ori = 81.70370880284138
12.5247 	EXP 	rot_line_precue: ori = 82.14243587665108
12.5328 	EXP 	rot_line_precue: ori = 82.51127076357733
12.5412 	EXP 	rot_line_precue: ori = 82.81230262558286
12.5498 	EXP 	rot_line_precue: ori = 83.26022070575017
12.5581 	EXP 	rot_line_precue: ori = 83.56010580807886
12.5670 	EXP 	rot_line_precue: ori = 83.98730602043248
12.5756 	EXP 	rot_line_precue: ori = 84.31532413852102
12.5854 	EXP 	rot_line_precue: ori = 84.6244585143278
12.5936 	EXP 	rot_line_precue: ori = 84.99878179281714
12.6023 	EXP 	rot_line_precue: ori = 85.66909788624261
12.6104 	EXP 	rot_line_precue: ori = 86.36366974840489
12.6185 	EXP 	rot_line_precue: ori = 86.66458031322516
12.6269 	EXP 	rot_line_precue: ori = 87.0401482951493
12.6351 	EXP 	rot_line_precue: ori = 87.46088376671695
12.6434 	EXP 	rot_line_precue: ori = 87.77159629860368
12.6517 	EXP 	rot_line_precue: ori = 88.09245462803734
12.6601 	EXP 	rot_line_precue: ori = 88.5796283272885
12.6678 	EXP 	rot_line_precue: ori = 88.89159152835936
12.6760 	EXP 	rot_line_precue: ori = 89.47883261651468
12.6846 	EXP 	rot_line_precue: ori = 89.82537509832615
12.6932 	EXP 	rot_line_precue: ori = 90.16302590986632
12.7013 	EXP 	rot_line_precue: ori = 90.53381602371941
12.7094 	EXP 	rot_line_precue: ori = 90.88209007515586
12.7174 	EXP 	rot_line_precue: ori = 91.21618730277805
12.7246 	EXP 	rot_line_precue: ori = 91.70646391064969
12.7328 	EXP 	rot_line_precue: ori = 92.0785343493275
12.7410 	EXP 	rot_line_precue: ori = 92.44865692770165
12.7495 	EXP 	rot_line_precue: ori = 92.76637046217776
12.7579 	EXP 	rot_line_precue: ori = 93.10702323167808
12.7661 	EXP 	rot_line_precue: ori = 93.4070165512096
12.7743 	EXP 	rot_line_precue: ori = 93.71232760283627
12.7827 	EXP 	rot_line_precue: ori = 94.08608404516039
12.7918 	EXP 	rot_line_precue: ori = 94.7840707844019
12.7993 	EXP 	rot_line_precue: ori = 95.14953252158188
12.8079 	EXP 	rot_line_precue: ori = 95.47329882872143
12.8167 	EXP 	rot_line_precue: ori = 95.8888995629071
12.8253 	EXP 	rot_line_precue: ori = 96.50801057940691
12.8345 	EXP 	rot_line_precue: ori = 96.8587285360181
12.8434 	EXP 	rot_line_precue: ori = 97.21842792345721
12.8516 	EXP 	rot_line_precue: ori = 97.53880642980367
12.8598 	EXP 	rot_line_precue: ori = 97.9750718530839
12.8682 	EXP 	rot_line_precue: ori = 98.41017641354831
12.8767 	EXP 	rot_line_precue: ori = 98.74019891795214
12.8849 	EXP 	rot_line_precue: ori = 99.06790859285826
12.8930 	EXP 	rot_line_precue: ori = 99.63408545978547
12.9002 	EXP 	rot_line_precue: ori = 100.11030415882425
12.9079 	EXP 	rot_line_precue: ori = 100.55792405499052
12.9164 	EXP 	rot_line_precue: ori = 101.12353387124668
12.9247 	EXP 	rot_line_precue: ori = 101.47163362518342
12.9331 	EXP 	rot_line_precue: ori = 101.90529037114625
12.9415 	EXP 	rot_line_precue: ori = 102.22991194563174
12.9502 	EXP 	rot_line_precue: ori = 102.60536049934956
12.9585 	EXP 	rot_line_precue: ori = 102.9852764547403
12.9669 	EXP 	rot_line_precue: ori = 103.29379204567024
12.9751 	EXP 	rot_line_precue: ori = 103.7572322949823
12.9838 	EXP 	rot_line_precue: ori = 104.16260265634595
12.9914 	EXP 	rot_line_precue: ori = 104.5274250832015
12.9995 	EXP 	rot_line_precue: ori = 104.92953167636018
13.0078 	EXP 	rot_line_precue: ori = 105.46158865705489
13.0161 	EXP 	rot_line_precue: ori = 105.7961342466757
13.0244 	EXP 	rot_line_precue: ori = 106.13883220595645
13.0329 	EXP 	rot_line_precue: ori = 106.5206641329594
13.0420 	EXP 	rot_line_precue: ori = 106.94187668780046
13.0507 	EXP 	rot_line_precue: ori = 107.6206963214783
13.0604 	EXP 	rot_line_precue: ori = 108.23688834683291
13.0688 	EXP 	rot_line_precue: ori = 108.55078740784305
13.0776 	EXP 	rot_line_precue: ori = 109.0654840385009
13.0864 	EXP 	rot_line_precue: ori = 109.37249059840856
13.0941 	EXP 	rot_line_precue: ori = 109.67267575964418
13.1022 	EXP 	rot_line_precue: ori = 109.97199935071602
13.1103 	EXP 	rot_line_precue: ori = 110.32470600286268
13.1183 	EXP 	rot_line_precue: ori = 110.71920722051313
13.1269 	EXP 	rot_line_precue: ori = 111.12777765296475
13.1351 	EXP 	rot_line_precue: ori = 111.47598507134244
13.1440 	EXP 	rot_line_precue: ori = 111.79926958699959
13.1515 	EXP 	rot_line_precue: ori = 112.25584777934155
13.1599 	EXP 	rot_line_precue: ori = 112.56551055958768
13.1681 	EXP 	rot_line_precue: ori = 112.89944815158957
13.1775 	EXP 	rot_line_precue: ori = 113.26583821886446
13.1848 	EXP 	rot_line_precue: ori = 113.61524187867698
13.1934 	EXP 	rot_line_precue: ori = 113.95030474205022
13.2013 	EXP 	rot_line_precue: ori = 114.44967374667425
13.2087 	EXP 	rot_line_precue: ori = 114.7510022116491
13.2166 	EXP 	rot_line_precue: ori = 115.10476850222382
13.2247 	EXP 	rot_line_precue: ori = 115.44437971244373
13.2329 	EXP 	rot_line_precue: ori = 115.95573494908578
13.2411 	EXP 	rot_line_precue: ori = 116.33674394104025
13.2495 	EXP 	rot_line_precue: ori = 116.63912494763794
13.2578 	EXP 	rot_line_precue: ori = 116.95702349279348
13.2666 	EXP 	rot_line_precue: ori = 117.29216280906718
13.2746 	EXP 	rot_line_precue: ori = 117.63542278636
13.2835 	EXP 	rot_line_precue: ori = 117.96221054340444
13.2910 	EXP 	rot_line_precue: ori = 118.67791602099548
13.2995 	EXP 	rot_line_precue: ori = 118.98757912066817
13.3086 	EXP 	rot_line_precue: ori = 119.32893852744863
13.3169 	EXP 	rot_line_precue: ori = 119.64753306358368
13.3246 	EXP 	rot_line_precue: ori = 119.96273148199232
13.3329 	EXP 	rot_line_precue: ori = 120.66098650346883
13.3415 	EXP 	rot_line_precue: ori = 121.00564867910684
13.3501 	EXP 	rot_line_precue: ori = 121.30784601669885
13.3587 	EXP 	rot_line_precue: ori = 121.64656256728604
13.3670 	EXP 	rot_line_precue: ori = 121.95455942378317
13.3753 	EXP 	rot_line_precue: ori = 122.58832860749337
13.3834 	EXP 	rot_line_precue: ori = 122.90917567682368
13.3924 	EXP 	rot_line_precue: ori = 123.21156022080362
13.3941 	EXP 	New trial (rep=2, index=5): <Trial 5 (5 in rep 2) data={'pic_name': 'pics/left_hand.JPG', 'class_mi': 'left_hand', 'thisN': 5, 'thisTrialN': 5, 'thisRepN': 2}>
13.4018 	EXP 	hor_line_precue: autoDraw = False
13.4018 	EXP 	ver_line_precue: autoDraw = False
13.4018 	EXP 	rot_line_precue: autoDraw = False
13.4018 	EXP 	rot_line_precue: ori = 123.60793336727781
13.4018 	EXP 	point_left: autoDraw = False
13.4018 	EXP 	point_right: autoDraw = False
13.4018 	EXP 	dot_precue: autoDraw = False
13.4018 	EXP 	hor_line_precue: autoDraw = False
13.4018 	EXP 	ver_line_precue: autoDraw = False
13.4018 	EXP 	rot_line_precue: autoDraw = False
13.4018 	EXP 	point_left: autoDraw = False
13.4018 	EXP 	point_right: autoDraw = False
13.4018 	EXP 	dot_precue: autoDraw = False
13.4018 	EXP 	hor_line_precue: autoDraw = True
13.4018 	EXP 	ver_line_precue: autoDraw = True
13.4018 	EXP 	rot_line_precue: autoDraw = True
13.4018 	EXP 	rot_line_precue: ori = 124.12323402152012
13.4018 	EXP 	point_left: autoDraw = True
13.4018 	EXP 	point_right: autoDraw = True
13.4018 	EXP 	dot_precue: autoDraw = True
13.4098 	EXP 	rot_line_precue: ori = 124.49791450832888
13.4173 	EXP 	rot_line_precue: ori = 124.7965112992501
13.4260 	EXP 	rot_line_precue: ori = 125.42196353575257
13.4345 	EXP 	rot_line_precue: ori = 125.76052064557696
13.4432 	EXP 	rot_line_precue: ori = 126.28104387508589
13.4520 	EXP 	rot_line_precue: ori = 126.58186695588192
13.4602 	EXP 	rot_line_precue: ori = 127.3851156519099
13.4687 	EXP 	rot_line_precue: ori = 127.79323747632714
13.4770 	EXP 	rot_line_precue: ori = 128.4234954014295
13.4846 	EXP 	rot_line_precue: ori = 128.7256138835356
13.4928 	EXP 	rot_line_precue: ori = 129.06323115492032
13.5001 	EXP 	rot_line_precue: ori = 129.41153839176687
13.5078 	EXP 	rot_line_precue: ori = 129.82894311362003
13.5161 	EXP 	rot_line_precue: ori = 130.15405908438754
13.5245 	EXP 	rot_line_precue: ori = 130.51493953377863
13.5327 	EXP 	rot_line_precue: ori = 131.13929022518363
13.5411 	EXP 	rot_line_precue: ori = 131.46294507471882
13.5502 	EXP 	rot_line_precue: ori = 131.80943066793196
13.5578 	EXP 	rot_line_precue: ori = 132.11843859666487
13.5662 	EXP 	rot_line_precue: ori = 132.6803743831895
13.5744 	EXP 	rot_line_precue: ori = 133.11258405908566
13.5836 	EXP 	rot_line_precue: ori = 133.44519349438073
13.5913 	EXP 	rot_line_precue: ori = 133.77996884518117
13.5994 	EXP 	rot_line_precue: ori = 134.09792288162834
13.6082 	EXP 	rot_line_precue: ori = 134.40970891095984
13.6171 	EXP 	rot_line_precue: ori = 134.71939220099284
13.6266 	EXP 	rot_line_precue: ori = 135.10998896113963
13.6349 	EXP 	rot_line_precue: ori = 135.60332557685294
13.6432 	EXP 	rot_line_precue: ori = 135.95240244362745
13.6520 	EXP 	rot_line_precue: ori = 136.31065176987033
13.6605 	EXP 	rot_line_precue: ori = 136.6426914352369
13.6689 	EXP 	rot_line_precue: ori = 136.95787756087583
13.6774 	EXP 	rot_line_precue: ori = 137.40089425054092
13.6854 	EXP 	rot_line_precue: ori = 137.85146620040896
13.6934 	EXP 	rot_line_precue: ori = 138.37603542808085
13.7012 	EXP 	rot_line_precue: ori = 138.68876671129155
13.7097 	EXP 	rot_line_precue: ori = 139.01322593721432
13.7183 	EXP 	rot_line_precue: ori = 139.31217563677302
13.7266 	EXP 	rot_line_precue: ori = 139.7531795109825
13.7346 	EXP 	rot_line_precue: ori = 140.07767167601585
13.7436 	EXP 	rot_line_precue: ori = 140.47154206784614
13.7514 	EXP 	rot_line_precue: ori = 140.8353973448267
13.7590 	EXP 	rot_line_precue: ori = 141.28112181793077
13.7669 	EXP 	rot_line_precue: ori = 141.67053375943593
13.7750 	EXP 	rot_line_precue: ori = 142.1785740671098
13.7827 	EXP 	rot_line_precue: ori = 142.48763851733946
13.7913 	EXP 	rot_line_precue: ori = 143.15871789217584
13.8002 	EXP 	rot_line_precue: ori = 143.53994231138427
13.8079 	EXP 	rot_line_precue: ori = 143.8720993233519
13.8162 	EXP 	rot_line_precue: ori = 144.30045002659745
13.8253 	EXP 	rot_line_precue: ori = 144.9104475693565
13.8329 	EXP 	rot_line_precue: ori = 145.2700868031593
13.8411 	EXP 	rot_line_precue: ori = 145.59999007695458
13.8503 	EXP 	rot_line_precue: ori = 145.9198790456815
13.8577 	EXP 	rot_line_precue: ori = 146.23227068838221
13.8663 	EXP 	rot_line_precue: ori = 146.57301893686127
13.8745 	EXP 	rot_line_precue: ori = 146.94394037706522
13.8832 	EXP 	rot_line_precue: ori = 147.31520412994757
13.8916 	EXP 	rot_line_precue: ori = 147.63087645531417
13.8999 	EXP 	rot_line_precue: ori = 148.07517443067192
13.9085 	EXP 	rot_line_precue: ori = 148.50070043116833
13.9172 	EXP 	rot_line_precue: ori = 148.80708993923173
13.9254 	EXP 	rot_line_precue: ori = 149.1342988235629
13.9337 	EXP 	rot_line_precue: ori = 149.4876764447776
13.9421 	EXP 	rot_line_precue: ori = 149.87475307861507
13.9503 	EXP 	rot_line_precue: ori = 150.317942046717
13.9583 	EXP 	rot_line_precue: ori = 150.69232070417115
13.9664 	EXP 	rot_line_precue: ori = 151.0198611010935
13.9749 	EXP 	rot_line_precue: ori = 151.4119997246439
13.9831 	EXP 	rot_line_precue: ori = 151.9780693587425
13.9918 	EXP 	rot_line_precue: ori = 152.2789989572146
13.9999 	EXP 	rot_line_precue: ori = 152.5862585583993
14.0084 	EXP 	rot_line_precue: ori = 152.8878803026613
14.0178 	EXP 	rot_line_precue: ori = 153.3377589248265
14.0251 	EXP 	rot_line_precue: ori = 153.81729314474788
14.0332 	EXP 	rot_line_precue: ori = 154.1251062079831
14.0419 	EXP 	rot_line_precue: ori = 154.67877158370175
14.0501 	EXP 	rot_line_precue: ori = 154.99297227112834
14.0578 	EXP 	rot_line_precue: ori = 155.29956826977576
14.0662 	EXP 	rot_line_precue: ori = 155.89769759584524
14.0749 	EXP 	rot_line_precue: ori = 156.36557368913327
14.0832 	EXP 	rot_line_precue: ori = 157.04067377369427
14.0913 	EXP 	rot_line_precue: ori = 157.36703709739382
14.0995 	EXP 	rot_line_precue: ori = 157.92222030234157
14.1085 	EXP 	rot_line_precue: ori = 158.40758172808097
14.1162 	EXP 	rot_line_precue: ori = 158.82366196946552
14.1245 	EXP 	rot_line_precue: ori = 159.12409194637553
14.1327 	EXP 	rot_line_precue: ori = 159.4472731234119
14.1410 	EXP 	rot_line_precue: ori = 159.89104025152835
14.1497 	EXP 	rot_line_precue: ori = 160.2394294190776
14.1582 	EXP 	rot_line_precue: ori = 160.60839541894322
14.1667 	EXP 	rot_line_precue: ori = 161.08740222099328
14.1752 	EXP 	rot_line_precue: ori = 161.4048368230201
14.1836 	EXP 	rot_line_precue: ori = 162.13730212726824
14.1920 	EXP 	rot_line_precue: ori = 162.77565917642468
14.2001 	EXP 	rot_line_precue: ori = 163.11280348713936
14.2084 	EXP 	rot_line_precue: ori = 163.41951972610312
14.2168 	EXP 	rot_line_precue: ori = 163.89513859219613
14.2248 	EXP 	rot_line_precue: ori = 164.24849536855044
14.2330 	EXP 	rot_line_precue: ori = 164.5621440534697
14.2414 	EXP 	rot_line_precue: ori = 164.90675144241743
14.2504 	EXP 	rot_line_precue: ori = 165.25988983134226
14.2596 	EXP 	rot_line_precue: ori = 166.00652981442687
14.2668 	EXP 	rot_line_precue: ori = 166.47579254243274
14.2754 	EXP 	rot_line_precue: ori = 166.9196962329514
14.2844 	EXP 	rot_line_precue: ori = 167.2361115058181
14.2933 	EXP 	rot_line_precue: ori = 167.5623154737762
14.3013 	EXP 	rot_line_precue: ori = 167.86007767276195
14.3086 	EXP 	rot_line_precue: ori = 168.29039104970303
14.3161 	EXP 	rot_line_precue: ori = 168.5883780717036
14.3247 	EXP 	rot_line_precue: ori = 168.93930556148297
14.3331 	EXP 	rot_line_precue: ori = 169.25587928308252
14.3412 	EXP 	rot_line_precue: ori = 169.61332051485596
14.3494 	EXP 	rot_line_precue: ori = 169.96133979113355
14.3584 	EXP 	rot_line_precue: ori = 170.27898611102742
14.3662 	EXP 	rot_line_precue: ori = 170.58832688596854
14.3745 	EXP 	rot_line_precue: ori = 171.0182996763495
14.3831 	EXP 	rot_line_precue: ori = 171.31876688748113
14.3917 	EXP 	rot_line_precue: ori = 171.62386159053392
14.4003 	EXP 	rot_line_precue: ori = 171.92067050507092
14.4081 	EXP 	rot_line_precue: ori = 172.2976913719849
14.4168 	EXP 	rot_line_precue: ori = 172.95808845725153
14.4252 	EXP 	rot_line_precue: ori = 173.28495191170867
14.4337 	EXP 	rot_line_precue: ori = 173.58449285729102
14.4421 	EXP 	rot_line_precue: ori = 174.15255965471655
14.4513 	EXP 	rot_line_precue: ori = 174.4494143386877
14.4601 	EXP 	rot_line_precue: ori = 175.07362600939163
14.4688 	EXP 	rot_line_precue: ori = 175.37332899171705
14.4768 	EXP 	rot_line_precue: ori = 175.80022808291076
14.4852 	EXP 	rot_line_precue: ori = 176.15390667321134
14.4939 	EXP 	rot_line_precue: ori = 176.64516701535308
14.5015 	EXP 	rot_line_precue: ori = 177.03672586765344
14.5097 	EXP 	rot_line_precue: ori = 177.39038563630066
14.5183 	EXP 	rot_line_precue: ori = 177.68877149270818
14.5266 	EXP 	rot_line_precue: ori = 178.0110760576508
14.5350 	EXP 	rot_line_precue: ori = 178.32022888297627
14.5435 	EXP 	rot_line_precue: ori = 178.95436636624828
14.5517 	EXP 	rot_line_precue: ori = 179.32305987182457
14.5602 	EXP 	rot_line_precue: ori = 179.62483758896477
14.5684 	EXP 	rot_line_precue: ori = 180.1225877718415
14.5762 	EXP 	rot_line_precue: ori = 180.4584824098637
14.5834 	EXP 	rot_line_precue: ori = 180.75869531182656
14.5913 	EXP 	rot_line_precue: ori = 181.28291489803482
14.5993 	EXP 	rot_line_precue: ori = 181.60995428719428
14.6076 	EXP 	rot_line_precue: ori = 182.0195983890266
14.6167 	EXP 	rot_line_precue: ori = 182.44035987133418
14.6244 	EXP 	rot_line_precue: ori = 182.8254092654667
14.6327 	EXP 	rot_line_precue: ori = 183.39206461412107
14.6412 	EXP 	rot_line_precue: ori = 183.7549260570726
14.6502 	EXP 	rot_line_precue: ori = 184.06531178392356
14.6586 	EXP 	rot_line_precue: ori = 184.37650254534836
14.6661 	EXP 	rot_line_precue: ori = 185.09100307339227
14.6751 	EXP 	rot_line_precue: ori = 185.5114852725177
14.6832 	EXP 	rot_line_precue: ori = 186.0347815175301
14.6925 	EXP 	rot_line_precue: ori = 186.3363948125809
14.7005 	EXP 	rot_line_precue: ori = 186.77024885444953
14.7098 	EXP 	rot_line_precue: ori = 187.41111004382913
14.7182 	EXP 	rot_line_precue: ori = 187.76904330803595
14.7267 	EXP 	rot_line_precue: ori = 188.13903171101282
14.7349 	EXP 	rot_line_precue: ori = 188.68227235882512
14.7433 	EXP 	rot_line_precue: ori = 189.00919596410301
14.7516 	EXP 	rot_line_precue: ori = 189.4813870262731
14.7592 	EXP 	rot_line_precue: ori = 189.8137054910037
14.7676 	EXP 	rot_line_precue: ori = 190.28530375501188
14.7768 	EXP 	rot_line_precue: ori = 191.019858055498
14.7852 	EXP 	rot_line_precue: ori = 191.32922742971692
14.7930 	EXP 	rot_line_precue: ori = 191.90707136939142
14.8011 	EXP 	rot_line_precue: ori = 192.22835887097833
14.8094 	EXP 	rot_line_precue: ori = 192.53575906673825
14.8167 	EXP 	rot_line_precue: ori = 192.97333113688507
14.8250 	EXP 	rot_line_precue: ori = 193.2833178686829
14.8334 	EXP 	rot_line_precue: ori = 193.64158268060717
14.8416 	EXP 	rot_line_precue: ori = 194.12346455209823
14.8496 	EXP 	rot_line_precue: ori = 194.45480553979075
14.8580 	EXP 	rot_line_precue: ori = 195.21648420631237
14.8672 	EXP 	rot_line_precue: ori = 195.54797404081256
14.8746 	EXP 	rot_line_precue: ori = 195.85423712685974
14.8831 	EXP 	rot_line_precue: ori = 196.2133573469283
14.8912 	EXP 	rot_line_precue: ori = 196.56149418989898
14.8998 	EXP 	rot_line_precue: ori = 196.8752995218774
14.9079 	EXP 	rot_line_precue: ori = 197.17450607024895
14.9163 	EXP 	rot_line_precue: ori = 197.58495059367277
14.9245 	EXP 	rot_line_precue: ori = 198.10185550997187
14.9337 	EXP 	rot_line_precue: ori = 198.43109314956007
14.9420 	EXP 	rot_line_precue: ori = 198.92609597282024
14.9498 	EXP 	rot_line_precue: ori = 199.2625392375305
14.9582 	EXP 	rot_line_precue: ori = 199.618523936894
14.9668 	EXP 	rot_line_precue: ori = 200.08297858638153
14.9751 	EXP 	rot_line_precue: ori = 200.40276387492523
14.9839 	EXP 	rot_line_precue: ori = 200.8032415049411
14.9927 	EXP 	rot_line_precue: ori = 201.2260192207082
15.0016 	EXP 	rot_line_precue: ori = 201.7144697819471
15.0106 	EXP 	rot_line_precue: ori = 202.13794906017858
15.0186 	EXP 	rot_line_precue: ori = 202.70287392891169
15.0266 	EXP 	rot_line_precue: ori = 203.15413280717226
15.0347 	EXP 	rot_line_precue: ori = 203.45528694859235
15.0429 	EXP 	rot_line_precue: ori = 203.77721846983746
15.0518 	EXP 	rot_line_precue: ori = 204.28259477351725
15.0597 	EXP 	rot_line_precue: ori = 204.63080337827347
15.0680 	EXP 	rot_line_precue: ori = 205.0144909229366
15.0770 	EXP 	rot_line_precue: ori = 205.34471712647618
15.0854 	EXP 	rot_line_precue: ori = 205.6416716586575
15.0929 	EXP 	rot_line_precue: ori = 205.97734009411025
15.1002 	EXP 	rot_line_precue: ori = 206.3640609743816
15.1083 	EXP 	rot_line_precue: ori = 207.06049626397666
15.1166 	EXP 	rot_line_precue: ori = 207.46886201035355
15.1246 	EXP 	rot_line_precue: ori = 207.7876190309839
15.1336 	EXP 	rot_line_precue: ori = 208.12604033820824
15.1420 	EXP 	rot_line_precue: ori = 208.72142820641884
15.1494 	EXP 	rot_line_precue: ori = 209.01758985577078
15.1582 	EXP 	rot_line_precue: ori = 209.35651845061585
15.1662 	EXP 	rot_line_precue: ori = 209.71471465470185
15.1744 	EXP 	rot_line_precue: ori = 210.04068489854978
15.1837 	EXP 	rot_line_precue: ori = 210.36721354541947
15.1919 	EXP 	rot_line_precue: ori = 210.76964658092214
15.1996 	EXP 	rot_line_precue: ori = 211.28256337529024
15.2081 	EXP 	rot_line_precue: ori = 211.59390959634246
15.2166 	EXP 	rot_line_precue: ori = 211.99360924768476
15.2257 	EXP 	rot_line_precue: ori = 212.3081264889725
15.2346 	EXP 	rot_line_precue: ori = 212.65462104862465
15.2439 	EXP 	rot_line_precue: ori = 213.01153139765563
15.2517 	EXP 	rot_line_precue: ori = 213.3083553971329
15.2604 	EXP 	rot_line_precue: ori = 213.7836392384288
15.2683 	EXP 	rot_line_precue: ori = 214.16352537270672
15.2775 	EXP 	rot_line_precue: ori = 214.4801517431893
15.2853 	EXP 	rot_line_precue: ori = 214.78295740499368
15.2938 	EXP 	rot_line_precue: ori = 215.08328402111593
15.3013 	EXP 	rot_line_precue: ori = 215.44867541991138
15.3098 	EXP 	rot_line_precue: ori = 215.88490497794947
15.3173 	EXP 	rot_line_precue: ori = 216.20149545986192
15.3263 	EXP 	rot_line_precue: ori = 216.59803472987488
15.3352 	EXP 	rot_line_precue: ori = 217.01566396978816
15.3435 	EXP 	rot_line_precue: ori = 217.32934397881598
15.3514 	EXP 	rot_line_precue: ori = 217.6772076455626
15.3597 	EXP 	rot_line_precue: ori = 218.27203689727153
15.3683 	EXP 	rot_line_precue: ori = 218.8536845456559
15.3764 	EXP 	rot_line_precue: ori = 219.16291770757235
15.3838 	EXP 	rot_line_precue: ori = 219.4708411715561
15.3919 	EXP 	rot_line_precue: ori = 219.7666270347033
15.3935 	EXP 	New trial (rep=3, index=6): <Trial 6 (6 in rep 3) data={'pic_name': 'pics/left_hand.JPG', 'class_mi': 'left_hand', 'thisN': 6, 'thisTrialN': 6, 'thisRepN': 3}>
15.4010 	EXP 	hor_line_precue: autoDraw = False
15.4010 	EXP 	ver_line_precue: autoDraw = False
15.4010 	EXP 	rot_line_precue: autoDraw = False
15.4010 	EXP 	rot_line_precue: ori = 220.24201493094552
15.4010 	EXP 	point_left: autoDraw = False
15.4010 	EXP 	point_right: autoDraw = False
15.4010 	EXP 	dot_precue: autoDraw = False
15.4010 	EXP 	hor_line_precue: autoDraw = False
15.4010 	EXP 	ver_line_precue: autoDraw = False
15.4010 	EXP 	rot_line_precue: autoDraw = False
15.4010 	EXP 	point_left: autoDraw = False
15.4010 	EXP 	point_right: autoDraw = False
15.4010 	EXP 	dot_precue: autoDraw = False
15.4010 	EXP 	hor_line_precue: autoDraw = True
15.4010 	EXP 	ver_line_precue: autoDraw = True
15.4010 	EXP 	rot_line_precue: autoDraw = True
15.4010 	EXP 	rot_line_precue: ori = 220.56131651330224
15.4010 	EXP 	point_left: autoDraw = True
15.4010 	EXP 	point_right: autoDraw = True
15.4010 	EXP 	dot_precue: autoDraw = True
15.4083 	EXP 	rot_line_precue: ori = 220.97900722846825
15.4165 	EXP 	rot_line_precue: ori = 221.316892393506
15.4252 	EXP 	rot_line_precue: ori = 221.8134967269225
15.4336 	EXP 	rot_line_precue: ori = 222.18431266077462
15.4412 	EXP 	rot_line_precue: ori = 222.52338240394778
15.4497 	EXP 	rot_line_precue: ori = 223.1010949776945
15.4585 	EXP 	rot_line_precue: ori = 223.47455491989754
15.4667 	EXP 	rot_line_precue: ori = 223.77411774362227
15.4750 	EXP 	rot_line_precue: ori = 224.44743726307715
15.4837 	EXP 	rot_line_precue: ori = 224.8586460999726
15.4924 	EXP 	rot_line_precue: ori = 225.62081972653237
15.5025 	EXP 	rot_line_precue: ori = 225.9164186510008
15.5100 	EXP 	rot_line_precue: ori = 226.2684953429521
15.5189 	EXP 	rot_line_precue: ori = 226.8629339666812
15.5268 	EXP 	rot_line_precue: ori = 227.37591677283558
15.5354 	EXP 	rot_line_precue: ori = 227.9576720342826
15.5433 	EXP 	rot_line_precue: ori = 228.26115486633745
15.5519 	EXP 	rot_line_precue: ori = 228.59572426779798
15.5601 	EXP 	rot_line_precue: ori = 229.23006710030313
15.5681 	EXP 	rot_line_precue: ori = 229.60990109661483
15.5768 	EXP 	rot_line_precue: ori = 229.95364566484162
15.5854 	EXP 	rot_line_precue: ori = 230.4195782228358
15.5936 	EXP 	rot_line_precue: ori = 230.90074193918616
15.6012 	EXP 	rot_line_precue: ori = 231.2428092578908
15.6095 	EXP 	rot_line_precue: ori = 231.54660448626115
15.6178 	EXP 	rot_line_precue: ori = 231.90479672936826
15.6258 	EXP 	rot_line_precue: ori = 232.56440901411122
15.6331 	EXP 	rot_line_precue: ori = 232.8666577078416
15.6414 	EXP 	rot_line_precue: ori = 233.3033544683662
15.6501 	EXP 	rot_line_precue: ori = 233.6360703666242
15.6578 	EXP 	rot_line_precue: ori = 233.9472322923996
15.6661 	EXP 	rot_line_precue: ori = 234.31935296669033
15.6743 	EXP 	rot_line_precue: ori = 234.70911826596216
15.6826 	EXP 	rot_line_precue: ori = 235.13962403611194
15.6911 	EXP 	rot_line_precue: ori = 235.774409004526
15.6995 	EXP 	rot_line_precue: ori = 236.08486968308492
15.7089 	EXP 	rot_line_precue: ori = 236.59307652072812
15.7181 	EXP 	rot_line_precue: ori = 236.9217819126215
15.7258 	EXP 	rot_line_precue: ori = 237.25169674830357
15.7343 	EXP 	rot_line_precue: ori = 237.68230361076584
15.7430 	EXP 	rot_line_precue: ori = 238.04824531074487
15.7523 	EXP 	rot_line_precue: ori = 238.36683460705672
15.7603 	EXP 	rot_line_precue: ori = 238.95121178888502
15.7685 	EXP 	rot_line_precue: ori = 239.33771307752357
15.7767 	EXP 	rot_line_precue: ori = 239.67006832940086
15.7851 	EXP 	rot_line_precue: ori = 239.9834832828875
15.7940 	EXP 	rot_line_precue: ori = 240.56280761320454
15.8017 	EXP 	rot_line_precue: ori = 240.90241962452095
15.8104 	EXP 	rot_line_precue: ori = 241.35629161859072
15.8183 	EXP 	rot_line_precue: ori = 241.66006066206734
15.8267 	EXP 	rot_line_precue: ori = 242.29821829320315
15.8350 	EXP 	rot_line_precue: ori = 242.6376237673802
15.8433 	EXP 	rot_line_precue: ori = 243.03131506733138
15.8511 	EXP 	rot_line_precue: ori = 243.335105805657
15.8597 	EXP 	rot_line_precue: ori = 243.96754213491116
15.8678 	EXP 	rot_line_precue: ori = 244.32450745641367
15.8751 	EXP 	rot_line_precue: ori = 244.62797123666724
15.8831 	EXP 	rot_line_precue: ori = 245.12676777892474
15.8913 	EXP 	rot_line_precue: ori = 245.45018762014217
15.8995 	EXP 	rot_line_precue: ori = 245.94495584184176
15.9080 	EXP 	rot_line_precue: ori = 246.38289901384653
15.9162 	EXP 	rot_line_precue: ori = 246.91157441501343
15.9245 	EXP 	rot_line_precue: ori = 247.36226300456843
15.9327 	EXP 	rot_line_precue: ori = 247.79516618747377
15.9413 	EXP 	rot_line_precue: ori = 248.25449065958983
15.9501 	EXP 	rot_line_precue: ori = 248.62176938244534
15.9581 	EXP 	rot_line_precue: ori = 248.92342822286517
15.9662 	EXP 	rot_line_precue: ori = 249.28410922851947
15.9750 	EXP 	rot_line_precue: ori = 249.60551249236923
15.9836 	EXP 	rot_line_precue: ori = 249.93250636823095
15.9919 	EXP 	rot_line_precue: ori = 250.22806296950984
16.0002 	EXP 	rot_line_precue: ori = 250.92361008880988
16.0089 	EXP 	rot_line_precue: ori = 251.28598622912784
16.0178 	EXP 	rot_line_precue: ori = 251.7254739165634
16.0269 	EXP 	rot_line_precue: ori = 252.08158671966265
16.0355 	EXP 	rot_line_precue: ori = 252.3807050277805
16.0438 	EXP 	rot_line_precue: ori = 252.87054730206708
16.0519 	EXP 	rot_line_precue: ori = 253.312914341205
16.0604 	EXP 	rot_line_precue: ori = 253.6516555708564
16.0683 	EXP 	rot_line_precue: ori = 253.98778375533874
16.0756 	EXP 	rot_line_precue: ori = 254.31980784795587
16.0836 	EXP 	rot_line_precue: ori = 254.6411777348326
16.0917 	EXP 	rot_line_precue: ori = 255.27777160630006
16.0996 	EXP 	rot_line_precue: ori = 255.7030991473865
16.1082 	EXP 	rot_line_precue: ori = 256.0360452324849
16.1162 	EXP 	rot_line_precue: ori = 256.371617302515
16.1245 	EXP 	rot_line_precue: ori = 256.7865114232961
16.1330 	EXP 	rot_line_precue: ori = 257.5114681104398
16.1415 	EXP 	rot_line_precue: ori = 257.8093044183162
16.1496 	EXP 	rot_line_precue: ori = 258.12952717730195
16.1583 	EXP 	rot_line_precue: ori = 258.4808161282414
16.1665 	EXP 	rot_line_precue: ori = 258.8782936014676
16.1747 	EXP 	rot_line_precue: ori = 259.2485597040497
16.1835 	EXP 	rot_line_precue: ori = 260.02123758149355
16.1914 	EXP 	rot_line_precue: ori = 260.38598534384283
16.1996 	EXP 	rot_line_precue: ori = 260.68241675139177
16.2080 	EXP 	rot_line_precue: ori = 261.0651739260686
16.2162 	EXP 	rot_line_precue: ori = 261.364687877242
16.2251 	EXP 	rot_line_precue: ori = 261.77812614664515
16.2334 	EXP 	rot_line_precue: ori = 262.0756598074681
16.2415 	EXP 	rot_line_precue: ori = 262.3818891911447
16.2501 	EXP 	rot_line_precue: ori = 262.9277324422554
16.2587 	EXP 	rot_line_precue: ori = 263.5925155480673
16.2670 	EXP 	rot_line_precue: ori = 263.95589942664986
16.2755 	EXP 	rot_line_precue: ori = 264.314488636415
16.2842 	EXP 	rot_line_precue: ori = 264.6151305290062
16.2933 	EXP 	rot_line_precue: ori = 264.9147560568181
16.3018 	EXP 	rot_line_precue: ori = 265.4733915687895
16.3105 	EXP 	rot_line_precue: ori = 265.87005842317194
16.3184 	EXP 	rot_line_precue: ori = 266.1667507064628
16.3265 	EXP 	rot_line_precue: ori = 266.9712897706103
16.3348 	EXP 	rot_line_precue: ori = 267.54175780563656
16.3429 	EXP 	rot_line_precue: ori = 267.8891483005628
16.3504 	EXP 	rot_line_precue: ori = 268.33445344987706
16.3589 	EXP 	rot_line_precue: ori = 268.8568834715132
16.3677 	EXP 	rot_line_precue: ori = 269.3935847472041
16.3766 	EXP 	rot_line_precue: ori = 269.7741765022347
16.3848 	EXP 	rot_line_precue: ori = 270.2039121800262
16.3930 	EXP 	rot_line_precue: ori = 270.50227724775175
16.4007 	EXP 	rot_line_precue: ori = 271.0743940185055
16.4080 	EXP 	rot_line_precue: ori = 271.4182950245702
16.4161 	EXP 	rot_line_precue: ori = 271.86494629380013
16.4246 	EXP 	rot_line_precue: ori = 272.3607908573517
16.4328 	EXP 	rot_line_precue: ori = 272.76536703575755
16.4419 	EXP 	rot_line_precue: ori = 273.08303285245375
16.4501 	EXP 	rot_line_precue: ori = 273.4883872148972
16.4579 	EXP 	rot_line_precue: ori = 273.84727777881704
16.4662 	EXP 	rot_line_precue: ori = 274.16087241234044
16.4748 	EXP 	rot_line_precue: ori = 274.46073281077304
16.4833 	EXP 	rot_line_precue: ori = 274.9313013362828
16.4918 	EXP 	rot_line_precue: ori = 275.28474460869364
16.5002 	EXP 	rot_line_precue: ori = 275.6147043691343
16.5093 	EXP 	rot_line_precue: ori = 275.92593216321643
16.5169 	EXP 	rot_line_precue: ori = 276.31840940507544
16.5253 	EXP 	rot_line_precue: ori = 276.6482105861881
16.5336 	EXP 	rot_line_precue: ori = 276.98063302311715
16.5419 	EXP 	rot_line_precue: ori = 277.301882880899
16.5514 	EXP 	rot_line_precue: ori = 277.61822810403885
16.5598 	EXP 	rot_line_precue: ori = 278.1516197424564
16.5687 	EXP 	rot_line_precue: ori = 278.5014544758426
16.5771 	EXP 	rot_line_precue: ori = 279.12040640060684
16.5853 	EXP 	rot_line_precue: ori = 279.4659809713771
16.5931 	EXP 	rot_line_precue: ori = 279.7938171865985
16.6020 	EXP 	rot_line_precue: ori = 280.3867985641136
16.6100 	EXP 	rot_line_precue: ori = 280.72423580325966
16.6179 	EXP 	rot_line_precue: ori = 281.0733358321673
16.6252 	EXP 	rot_line_precue: ori = 281.7720541794127
16.6334 	EXP 	rot_line_precue: ori = 282.54586564310813
16.6417 	EXP 	rot_line_precue: ori = 282.8921646899682
16.6498 	EXP 	rot_line_precue: ori = 283.244064489187
16.6579 	EXP 	rot_line_precue: ori = 283.6460319830279
16.6668 	EXP 	rot_line_precue: ori = 283.9844026626746
16.6754 	EXP 	rot_line_precue: ori = 284.48351528661425
16.6831 	EXP 	rot_line_precue: ori = 284.9349252897021
16.6913 	EXP 	rot_line_precue: ori = 285.33801030416936
16.6996 	EXP 	rot_line_precue: ori = 285.6677429992943
16.7086 	EXP 	rot_line_precue: ori = 286.1636786371536
16.7165 	EXP 	rot_line_precue: ori = 286.49419441319606
16.7248 	EXP 	rot_line_precue: ori = 286.89014494204235
16.7333 	EXP 	rot_line_precue: ori = 287.40220244712305
16.7417 	EXP 	rot_line_precue: ori = 287.7819538901718
16.7501 	EXP 	rot_line_precue: ori = 288.0975406453343
16.7585 	EXP 	rot_line_precue: ori = 288.40324236984907
16.7671 	EXP 	rot_line_precue: ori = 288.7310580168403
16.7760 	EXP 	rot_line_precue: ori = 289.2261490705792
16.7857 	EXP 	rot_line_precue: ori = 289.686691334873
16.7940 	EXP 	rot_line_precue: ori = 290.1628766781422
16.8022 	EXP 	rot_line_precue: ori = 290.86934261572395
16.8100 	EXP 	rot_line_precue: ori = 291.1799365304451
16.8192 	EXP 	rot_line_precue: ori = 291.51417491209577
16.8271 	EXP 	rot_line_precue: ori = 291.8863722797497
16.8353 	EXP 	rot_line_precue: ori = 292.2860456455126
16.8434 	EXP 	rot_line_precue: ori = 292.6744983038534
16.8521 	EXP 	rot_line_precue: ori = 293.01741147177927
16.8601 	EXP 	rot_line_precue: ori = 293.35698776174445
16.8682 	EXP 	rot_line_precue: ori = 293.69926490820615
16.8763 	EXP 	rot_line_precue: ori = 294.05274474289763
16.8851 	EXP 	rot_line_precue: ori = 294.656500616419
16.8931 	EXP 	rot_line_precue: ori = 295.20702605519807
16.9007 	EXP 	rot_line_precue: ori = 295.51327012160357
16.9096 	EXP 	rot_line_precue: ori = 295.8685802288597
16.9172 	EXP 	rot_line_precue: ori = 296.1868900384502
16.9251 	EXP 	rot_line_precue: ori = 296.6810062821863
16.9329 	EXP 	rot_line_precue: ori = 297.0736901720978
16.9412 	EXP 	rot_line_precue: ori = 297.4085923911902
16.9494 	EXP 	rot_line_precue: ori = 297.79719801364746
16.9584 	EXP 	rot_line_precue: ori = 298.09714245822624
16.9660 	EXP 	rot_line_precue: ori = 298.42359354618213
16.9745 	EXP 	rot_line_precue: ori = 298.76737706096895
16.9840 	EXP 	rot_line_precue: ori = 299.0655373833483
16.9929 	EXP 	rot_line_precue: ori = 299.46637624124617
17.0016 	EXP 	rot_line_precue: ori = 299.84055871674485
17.0106 	EXP 	rot_line_precue: ori = 300.15648460372165
17.0186 	EXP 	rot_line_precue: ori = 300.47284653657397
17.0271 	EXP 	rot_line_precue: ori = 300.9336673090615
17.0359 	EXP 	rot_line_precue: ori = 301.3069007190318
17.0440 	EXP 	rot_line_precue: ori = 301.8145301523991
17.0520 	EXP 	rot_line_precue: ori = 302.20018288109395
17.0601 	EXP 	rot_line_precue: ori = 302.52866343943543
17.0684 	EXP 	rot_line_precue: ori = 302.85247494792634
17.0768 	EXP 	rot_line_precue: ori = 303.2927989967162
17.0856 	EXP 	rot_line_precue: ori = 303.5919428988503
17.0940 	EXP 	rot_line_precue: ori = 304.3118600522455
17.1019 	EXP 	rot_line_precue: ori = 304.6081937097631
17.1103 	EXP 	rot_line_precue: ori = 304.96677285866883
17.1181 	EXP 	rot_line_precue: ori = 305.28156215669685
17.1255 	EXP 	rot_line_precue: ori = 305.59555888493503
17.1347 	EXP 	rot_line_precue: ori = 305.8924234116064
17.1428 	EXP 	rot_line_precue: ori = 306.215081056876
17.1499 	EXP 	rot_line_precue: ori = 306.7464592049535
17.1580 	EXP 	rot_line_precue: ori = 307.09700733038545
17.1664 	EXP 	rot_line_precue: ori = 307.50434968534717
17.1747 	EXP 	rot_line_precue: ori = 307.96740890932466
17.1834 	EXP 	rot_line_precue: ori = 308.44688568890746
17.1913 	EXP 	rot_line_precue: ori = 308.8277789140976
17.1998 	EXP 	rot_line_precue: ori = 309.14830381276755
17.2089 	EXP 	rot_line_precue: ori = 309.5088777172433
17.2163 	EXP 	rot_line_precue: ori = 310.0947950099549
17.2246 	EXP 	rot_line_precue: ori = 310.4268716284722
17.2337 	EXP 	rot_line_precue: ori = 310.74903117105555
17.2417 	EXP 	rot_line_precue: ori = 311.0474743960473
17.2501 	EXP 	rot_line_precue: ori = 311.40618054526163
17.2584 	EXP 	rot_line_precue: ori = 312.062832218929
17.2668 	EXP 	rot_line_precue: ori = 312.4979197815958
17.2750 	EXP 	rot_line_precue: ori = 313.2982332672864
17.2833 	EXP 	rot_line_precue: ori = 313.5972209108931
17.2923 	EXP 	rot_line_precue: ori = 313.9000726151713
17.3010 	EXP 	rot_line_precue: ori = 314.1976418435722
17.3095 	EXP 	rot_line_precue: ori = 314.58477897577774
17.3183 	EXP 	rot_line_precue: ori = 315.19718594043303
17.3266 	EXP 	rot_line_precue: ori = 315.50875756587516
17.3350 	EXP 	rot_line_precue: ori = 316.1341950913913
17.3435 	EXP 	rot_line_precue: ori = 316.49784179613135
17.3520 	EXP 	rot_line_precue: ori = 316.87560680519016
17.3599 	EXP 	rot_line_precue: ori = 317.234940009285
17.3676 	EXP 	rot_line_precue: ori = 317.82277889388234
17.3764 	EXP 	rot_line_precue: ori = 318.12738797813347
17.3846 	EXP 	rot_line_precue: ori = 318.47165686791186
17.3862 	EXP 	New trial (rep=2, index=7): <Trial 7 (7 in rep 2) data={'pic_name': 'pics/none.JPG', 'class_mi': 'rest', 'thisN': 7, 'thisTrialN': 7, 'thisRepN': 2}>
17.3932 	EXP 	hor_line_precue: autoDraw = False
17.3932 	EXP 	ver_line_precue: autoDraw = False
17.3932 	EXP 	rot_line_precue: autoDraw = False
17.3932 	EXP 	rot_line_precue: ori = 318.8137497609314
17.3932 	EXP 	point_left: autoDraw = False
17.3932 	EXP 	point_right: autoDraw = False
17.3932 	EXP 	dot_precue: autoDraw = False
17.3932 	EXP 	hor_line_precue: autoDraw = False
17.3932 	EXP 	ver_line_precue: autoDraw = False
17.3932 	EXP 	rot_line_precue: autoDraw = False
17.3932 	EXP 	point_left: autoDraw = False
17.3932 	EXP 	point_right: autoDraw = False
17.3932 	EXP 	dot_precue: autoDraw = False
17.3932 	EXP 	hor_line_precue: autoDraw = True
17.3932 	EXP 	ver_line_precue: autoDraw = True
17.3932 	EXP 	rot_line_precue: autoDraw = True
17.3932 	EXP 	rot_line_precue: ori = 319.1282905118501
17.3932 	EXP 	point_left: autoDraw = True
17.3932 	EXP 	point_right: autoDraw = True
17.3932 	EXP 	dot_precue: autoDraw = True
17.4017 	EXP 	rot_line_precue: ori = 319.58064661189235
17.4095 	EXP 	rot_line_precue: ori = 319.8836850623361
17.4182 	EXP 	rot_line_precue: ori = 320.20597156936157
17.4264 	EXP 	rot_line_precue: ori = 320.6327989472369
17.4339 	EXP 	rot_line_precue: ori = 321.0940669091921
17.4420 	EXP 	rot_line_precue: ori = 321.5296869234212
17.4498 	EXP 	rot_line_precue: ori = 321.9534999352803
17.4580 	EXP 	rot_line_precue: ori = 322.5391609108795
17.4671 	EXP 	rot_line_precue: ori = 322.8830669519231
17.4747 	EXP 	rot_line_precue: ori = 323.33644562971506
17.4830 	EXP 	rot_line_precue: ori = 323.8641702987044
17.4914 	EXP 	rot_line_precue: ori = 324.16030983784293
17.5001 	EXP 	rot_line_precue: ori = 324.5161694704147
17.5086 	EXP 	rot_line_precue: ori = 324.96829561609894
17.5169 	EXP 	rot_line_precue: ori = 325.36144539822067
17.5256 	EXP 	rot_line_precue: ori = 325.7436276760135
17.5345 	EXP 	rot_line_precue: ori = 326.42236530298595
17.5431 	EXP 	rot_line_precue: ori = 326.7585649202738
17.5511 	EXP 	rot_line_precue: ori = 327.0968961529507
17.5587 	EXP 	rot_line_precue: ori = 327.593500582926
17.5678 	EXP 	rot_line_precue: ori = 327.94849570110495
17.5770 	EXP 	rot_line_precue: ori = 328.35115205891907
17.5854 	EXP 	rot_line_precue: ori = 328.6982397478724
17.5939 	EXP 	rot_line_precue: ori = 329.02839714417684
17.6027 	EXP 	rot_line_precue: ori = 329.37878279799247
17.6108 	EXP 	rot_line_precue: ori = 329.7594687744364
17.6192 	EXP 	rot_line_precue: ori = 330.11194587752175
17.6270 	EXP 	rot_line_precue: ori = 330.60090339557877
17.6349 	EXP 	rot_line_precue: ori = 330.953612132533
17.6430 	EXP 	rot_line_precue: ori = 331.28327213981237
17.6504 	EXP 	rot_line_precue: ori = 331.72529649836184
17.6583 	EXP 	rot_line_precue: ori = 332.5206808487613
17.6662 	EXP 	rot_line_precue: ori = 332.8285338089306
17.6747 	EXP 	rot_line_precue: ori = 333.17280108030235
17.6831 	EXP 	rot_line_precue: ori = 333.55131866059077
17.6922 	EXP 	rot_line_precue: ori = 333.89030657723794
17.7001 	EXP 	rot_line_precue: ori = 334.20351007554393
17.7083 	EXP 	rot_line_precue: ori = 334.95203894306866
17.7171 	EXP 	rot_line_precue: ori = 335.27525736643696
17.7260 	EXP 	rot_line_precue: ori = 335.6905788528498
17.7346 	EXP 	rot_line_precue: ori = 336.2714583322571
17.7433 	EXP 	rot_line_precue: ori = 336.9954574501738
17.7515 	EXP 	rot_line_precue: ori = 337.44180455605147
17.7602 	EXP 	rot_line_precue: ori = 337.853137201304
17.7677 	EXP 	rot_line_precue: ori = 338.1550350861863
17.7768 	EXP 	rot_line_precue: ori = 338.6037009586649
17.7855 	EXP 	rot_line_precue: ori = 338.9646773463109
17.7938 	EXP 	rot_line_precue: ori = 339.30092878511795
17.8017 	EXP 	rot_line_precue: ori = 339.6445718814766
17.8101 	EXP 	rot_line_precue: ori = 339.95544583633307
17.8187 	EXP 	rot_line_precue: ori = 340.4158259458383
17.8277 	EXP 	rot_line_precue: ori = 340.7289535758777
17.8354 	EXP 	rot_line_precue: ori = 341.0612342269615
17.8436 	EXP 	rot_line_precue: ori = 341.3706440176291
17.8519 	EXP 	rot_line_precue: ori = 341.7358367324878
17.8603 	EXP 	rot_line_precue: ori = 342.36541747735885
17.8685 	EXP 	rot_line_precue: ori = 342.7241537421027
17.8765 	EXP 	rot_line_precue: ori = 343.0963671679489
17.8848 	EXP 	rot_line_precue: ori = 343.5055938615482
17.8934 	EXP 	rot_line_precue: ori = 343.8237743421545
17.9012 	EXP 	rot_line_precue: ori = 344.166529487775
17.9088 	EXP 	rot_line_precue: ori = 344.5252887195098
17.9166 	EXP 	rot_line_precue: ori = 344.83041812058946
17.9250 	EXP 	rot_line_precue: ori = 345.17411349134574
17.9333 	EXP 	rot_line_precue: ori = 345.48303378881735
17.9414 	EXP 	rot_line_precue: ori = 345.9991535643445
17.9496 	EXP 	rot_line_precue: ori = 346.5083500515752
17.9579 	EXP 	rot_line_precue: ori = 346.8155340824991
17.9670 	EXP 	rot_line_precue: ori = 347.13883063118743
17.9744 	EXP 	rot_line_precue: ori = 347.58637038924604
17.9828 	EXP 	rot_line_precue: ori = 347.90875909752384
17.9917 	EXP 	rot_line_precue: ori = 348.28755596213006
18.0004 	EXP 	rot_line_precue: ori = 348.63070054391096
18.0078 	EXP 	rot_line_precue: ori = 349.032068474069
18.0166 	EXP 	rot_line_precue: ori = 349.45100513280534
18.0260 	EXP 	rot_line_precue: ori = 349.75064706314714
18.0352 	EXP 	rot_line_precue: ori = 350.09921576324416
18.0450 	EXP 	rot_line_precue: ori = 350.43233520900657
18.0534 	EXP 	rot_line_precue: ori = 350.74505851055557
18.0614 	EXP 	rot_line_precue: ori = 351.1301883340247
18.0690 	EXP 	rot_line_precue: ori = 351.6265130361741
18.0776 	EXP 	rot_line_precue: ori = 352.2789927003087
18.0865 	EXP 	rot_line_precue: ori = 352.7337611335645
18.0950 	EXP 	rot_line_precue: ori = 353.08674934601663
18.1025 	EXP 	rot_line_precue: ori = 353.503120915375
18.1111 	EXP 	rot_line_precue: ori = 353.8485972498785
18.1194 	EXP 	rot_line_precue: ori = 354.2387772971888
18.1275 	EXP 	rot_line_precue: ori = 354.6285374125654
18.1371 	EXP 	rot_line_precue: ori = 354.93869588275237
18.1454 	EXP 	rot_line_precue: ori = 355.3238955623366
18.1533 	EXP 	rot_line_precue: ori = 355.9222992630496
18.1611 	EXP 	rot_line_precue: ori = 356.22249463160216
18.1694 	EXP 	rot_line_precue: ori = 356.53867725109063
18.1773 	EXP 	rot_line_precue: ori = 356.8397080038679
18.1854 	EXP 	rot_line_precue: ori = 357.4630412287062
18.1936 	EXP 	rot_line_precue: ori = 357.7640642297731
18.2013 	EXP 	rot_line_precue: ori = 358.52786814154825
18.2084 	EXP 	rot_line_precue: ori = 358.83885647146917
18.2171 	EXP 	rot_line_precue: ori = 359.1891802740616
18.2246 	EXP 	rot_line_precue: ori = 359.7296546193953
18.2332 	EXP 	rot_line_precue: ori = 0.13816204230886342
18.2414 	EXP 	rot_line_precue: ori = 0.5581991312905954
18.2496 	EXP 	rot_line_precue: ori = 0.9021588707369382
18.2580 	EXP 	rot_line_precue: ori = 1.2315092622514154
18.2668 	EXP 	rot_line_precue: ori = 1.5464474560849737
18.2752 	EXP 	rot_line_precue: ori = 1.945489785215706
18.2831 	EXP 	rot_line_precue: ori = 2.59613842832516
18.2915 	EXP 	rot_line_precue: ori = 2.933998006899772
18.3001 	EXP 	rot_line_precue: ori = 3.4882637095123257
18.3093 	EXP 	rot_line_precue: ori = 3.8075284871385597
18.3183 	EXP 	rot_line_precue: ori = 4.1345436006497795
18.3274 	EXP 	rot_line_precue: ori = 4.693391820478949
18.3357 	EXP 	rot_line_precue: ori = 5.008207616626736
18.3435 	EXP 	rot_line_precue: ori = 5.550467224161291
18.3514 	EXP 	rot_line_precue: ori = 5.992809143355741
18.3607 	EXP 	rot_line_precue: ori = 6.544348295746664
18.3702 	EXP 	rot_line_precue: ori = 6.915244031919104
18.3782 	EXP 	rot_line_precue: ori = 7.258410914007762
18.3857 	EXP 	rot_line_precue: ori = 7.650047056122359
18.3938 	EXP 	rot_line_precue: ori = 8.050750081809788
18.4021 	EXP 	rot_line_precue: ori = 8.35061151994811
18.4101 	EXP 	rot_line_precue: ori = 8.777465519117104
18.4184 	EXP 	rot_line_precue: ori = 9.118124042006174
18.4266 	EXP 	rot_line_precue: ori = 9.477753500083628
18.4350 	EXP 	rot_line_precue: ori = 10.050630107387384
18.4446 	EXP 	rot_line_precue: ori = 10.505354619475547
18.4531 	EXP 	rot_line_precue: ori = 11.085719691795344
18.4611 	EXP 	rot_line_precue: ori = 11.62391762002469
18.4693 	EXP 	rot_line_precue: ori = 12.077938367188738
18.4774 	EXP 	rot_line_precue: ori = 12.435459775447095
18.4856 	EXP 	rot_line_precue: ori = 12.742879695105522
18.4941 	EXP 	rot_line_precue: ori = 13.194639941049063
18.5013 	EXP 	rot_line_precue: ori = 13.54750542788732
18.5106 	EXP 	rot_line_precue: ori = 13.933505991301546
18.5189 	EXP 	rot_line_precue: ori = 14.309428594339469
18.5262 	EXP 	rot_line_precue: ori = 14.613815753883458
18.5350 	EXP 	rot_line_precue: ori = 14.92765572325959
18.5439 	EXP 	rot_line_precue: ori = 15.25978167293669
18.5517 	EXP 	rot_line_precue: ori = 15.618853795616559
18.5600 	EXP 	rot_line_precue: ori = 15.939480715346779
18.5679 	EXP 	rot_line_precue: ori = 16.261833241486134
18.5758 	EXP 	rot_line_precue: ori = 16.570305335394377
18.5841 	EXP 	rot_line_precue: ori = 16.905751998492697
18.5930 	EXP 	rot_line_precue: ori = 17.690059704705153
18.6021 	EXP 	rot_line_precue: ori = 18.180041998553516
18.6111 	EXP 	rot_line_precue: ori = 18.647529143899547
18.6196 	EXP 	rot_line_precue: ori = 19.048957651368543
18.6277 	EXP 	rot_line_precue: ori = 19.462608899679335
18.6365 	EXP 	rot_line_precue: ori = 19.986987451439717
18.6443 	EXP 	rot_line_precue: ori = 20.330735061501866
18.6527 	EXP 	rot_line_precue: ori = 20.793729790022578
18.6611 	EXP 	rot_line_precue: ori = 21.126067008788866
18.6688 	EXP 	rot_line_precue: ori = 21.477808464597874
18.6766 	EXP 	rot_line_precue: ori = 21.836171011627222
18.6855 	EXP 	rot_line_precue: ori = 22.150626038913654
18.6933 	EXP 	rot_line_precue: ori = 22.56604413385826
18.7013 	EXP 	rot_line_precue: ori = 23.061129842195193
18.7096 	EXP 	rot_line_precue: ori = 23.693349051008898
18.7183 	EXP 	rot_line_precue: ori = 24.219329913863195
18.7263 	EXP 	rot_line_precue: ori = 24.775875856101393
18.7340 	EXP 	rot_line_precue: ori = 25.080754196444097
18.7423 	EXP 	rot_line_precue: ori = 25.681933636963326
18.7504 	EXP 	rot_line_precue: ori = 26.031379724486154
18.7596 	EXP 	rot_line_precue: ori = 26.82499467882682
18.7681 	EXP 	rot_line_precue: ori = 27.227545248904864
18.7763 	EXP 	rot_line_precue: ori = 27.611614526403336
18.7845 	EXP 	rot_line_precue: ori = 27.926198523854374
18.7916 	EXP 	rot_line_precue: ori = 28.23788534079196
18.8006 	EXP 	rot_line_precue: ori = 28.537232303576502
18.8087 	EXP 	rot_line_precue: ori = 28.835937229889
18.8166 	EXP 	rot_line_precue: ori = 29.180759220599043
18.8246 	EXP 	rot_line_precue: ori = 29.52442829251678
18.8331 	EXP 	rot_line_precue: ori = 29.87541207969168
18.8414 	EXP 	rot_line_precue: ori = 30.221387677785543
18.8501 	EXP 	rot_line_precue: ori = 30.579347567265973
18.8589 	EXP 	rot_line_precue: ori = 31.06431238452745
18.8682 	EXP 	rot_line_precue: ori = 31.441737496041462
18.8767 	EXP 	rot_line_precue: ori = 31.912108727693933
18.8852 	EXP 	rot_line_precue: ori = 32.307735605559905
18.8937 	EXP 	rot_line_precue: ori = 32.62068399739248
18.9018 	EXP 	rot_line_precue: ori = 32.96001437314376
18.9102 	EXP 	rot_line_precue: ori = 33.255748088507055
18.9176 	EXP 	rot_line_precue: ori = 33.611641628843735
18.9267 	EXP 	rot_line_precue: ori = 33.91530229075059
18.9348 	EXP 	rot_line_precue: ori = 34.45583144386129
18.9432 	EXP 	rot_line_precue: ori = 34.76790445044523
18.9515 	EXP 	rot_line_precue: ori = 35.441824727238064
18.9602 	EXP 	rot_line_precue: ori = 35.87132577043814
18.9683 	EXP 	rot_line_precue: ori = 36.343400758382174
18.9760 	EXP 	rot_line_precue: ori = 36.737093970073325
18.9842 	EXP 	rot_line_precue: ori = 37.034529582286986
18.9932 	EXP 	rot_line_precue: ori = 37.379818328216004
19.0007 	EXP 	rot_line_precue: ori = 37.695446177990355
19.0087 	EXP 	rot_line_precue: ori = 38.22174186071932
19.0167 	EXP 	rot_line_precue: ori = 38.52144859428106
19.0246 	EXP 	rot_line_precue: ori = 38.881958028589914
19.0330 	EXP 	rot_line_precue: ori = 39.2680231181403
19.0414 	EXP 	rot_line_precue: ori = 39.805509536095826
19.0497 	EXP 	rot_line_precue: ori = 40.234866987065594
19.0578 	EXP 	rot_line_precue: ori = 40.678367347608486
19.0668 	EXP 	rot_line_precue: ori = 41.09567671974112
19.0747 	EXP 	rot_line_precue: ori = 41.76084392045765
19.0830 	EXP 	rot_line_precue: ori = 42.23727659542209
19.0913 	EXP 	rot_line_precue: ori = 42.551395762226804
19.0999 	EXP 	rot_line_precue: ori = 43.16212327544505
19.1083 	EXP 	rot_line_precue: ori = 43.48137920061366
19.1172 	EXP 	rot_line_precue: ori = 43.82855408681375
19.1273 	EXP 	rot_line_precue: ori = 44.226216666737706
19.1363 	EXP 	rot_line_precue: ori = 44.564657392861406
19.1448 	EXP 	rot_line_precue: ori = 44.896069236258505
19.1526 	EXP 	rot_line_precue: ori = 45.222080278934534
19.1612 	EXP 	rot_line_precue: ori = 45.54171650496032
19.1701 	EXP 	rot_line_precue: ori = 45.895963911100054
19.1772 	EXP 	rot_line_precue: ori = 46.24411265031579
19.1849 	EXP 	rot_line_precue: ori = 46.547489741817756
19.1943 	EXP 	rot_line_precue: ori = 47.16663176971366
19.2022 	EXP 	rot_line_precue: ori = 47.67319853943683
19.2100 	EXP 	rot_line_precue: ori = 48.05901170690332
19.2183 	EXP 	rot_line_precue: ori = 48.56083770213868
19.2265 	EXP 	rot_line_precue: ori = 48.95070701440426
19.2341 	EXP 	rot_line_precue: ori = 49.30813511945596
19.2433 	EXP 	rot_line_precue: ori = 49.83055547721071
19.2506 	EXP 	rot_line_precue: ori = 50.18015009748275
19.2595 	EXP 	rot_line_precue: ori = 50.74572169284617
19.2671 	EXP 	rot_line_precue: ori = 51.17318674468234
19.2755 	EXP 	rot_line_precue: ori = 51.586638998888034
19.2839 	EXP 	rot_line_precue: ori = 51.90158461720041
19.2925 	EXP 	rot_line_precue: ori = 52.254247364705655
19.3005 	EXP 	rot_line_precue: ori = 52.79067672852017
19.3087 	EXP 	rot_line_precue: ori = 53.28559645677085
19.3176 	EXP 	rot_line_precue: ori = 53.63487335370559
19.3249 	EXP 	rot_line_precue: ori = 53.93452686961547
19.3341 	EXP 	rot_line_precue: ori = 54.66564765561817
19.3417 	EXP 	rot_line_precue: ori = 55.02990802363433
19.3499 	EXP 	rot_line_precue: ori = 55.35624805704142
19.3582 	EXP 	rot_line_precue: ori = 55.6762192509787
19.3666 	EXP 	rot_line_precue: ori = 56.16317641417178
19.3762 	EXP 	rot_line_precue: ori = 56.49017339174632
19.3778 	EXP 	New trial (rep=1, index=8): <Trial 8 (8 in rep 1) data={'pic_name': 'pics/feet.JPG', 'class_mi': 'feet', 'thisN': 8, 'thisTrialN': 8, 'thisRepN': 1}>
19.3854 	EXP 	hor_line_precue: autoDraw = False
19.3854 	EXP 	ver_line_precue: autoDraw = False
19.3854 	EXP 	rot_line_precue: autoDraw = False
19.3854 	EXP 	rot_line_precue: ori = 57.042969687656736
19.3854 	EXP 	point_left: autoDraw = False
19.3854 	EXP 	point_right: autoDraw = False
19.3854 	EXP 	dot_precue: autoDraw = False
19.3854 	EXP 	hor_line_precue: autoDraw = False
19.3854 	EXP 	ver_line_precue: autoDraw = False
19.3854 	EXP 	rot_line_precue: autoDraw = False
19.3854 	EXP 	point_left: autoDraw = False
19.3854 	EXP 	point_right: autoDraw = False
19.3854 	EXP 	dot_precue: autoDraw = False
19.3854 	EXP 	hor_line_precue: autoDraw = True
19.3854 	EXP 	ver_line_precue: autoDraw = True
19.3854 	EXP 	rot_line_precue: autoDraw = True
19.3854 	EXP 	rot_line_precue: ori = 57.36393643200537
19.3854 	EXP 	point_left: autoDraw = True
19.3854 	EXP 	point_right: autoDraw = True
19.3854 	EXP 	dot_precue: autoDraw = True
19.3937 	EXP 	rot_line_precue: ori = 57.67084937513989
19.4016 	EXP 	rot_line_precue: ori = 58.2469874058385
19.4094 	EXP 	rot_line_precue: ori = 59.04633424773253
19.4187 	EXP 	rot_line_precue: ori = 59.36525946557704
19.4274 	EXP 	rot_line_precue: ori = 59.74006838673583
19.4355 	EXP 	rot_line_precue: ori = 60.05001522987674
19.4439 	EXP 	rot_line_precue: ori = 60.485413065113406
19.4517 	EXP 	rot_line_precue: ori = 60.837095938431936
19.4603 	EXP 	rot_line_precue: ori = 61.17237474504696
19.4689 	EXP 	rot_line_precue: ori = 61.6534111137419
19.4771 	EXP 	rot_line_precue: ori = 62.425282589513046
19.4856 	EXP 	rot_line_precue: ori = 62.73267452035004
19.4939 	EXP 	rot_line_precue: ori = 63.12803922256165
19.5017 	EXP 	rot_line_precue: ori = 63.47211097523743
19.5102 	EXP 	rot_line_precue: ori = 64.00580938874717
19.5191 	EXP 	rot_line_precue: ori = 64.3447820340077
19.5274 	EXP 	rot_line_precue: ori = 64.70647388324394
19.5362 	EXP 	rot_line_precue: ori = 65.0780663898068
19.5446 	EXP 	rot_line_precue: ori = 65.4150672179702
19.5524 	EXP 	rot_line_precue: ori = 65.77852067462776
19.5606 	EXP 	rot_line_precue: ori = 66.07382526802998
19.5693 	EXP 	rot_line_precue: ori = 66.58932964882716
19.5784 	EXP 	rot_line_precue: ori = 67.0614349446392
19.5859 	EXP 	rot_line_precue: ori = 67.67414807552277
19.5940 	EXP 	rot_line_precue: ori = 67.9695033270966
19.6019 	EXP 	rot_line_precue: ori = 68.63248305859413
19.6107 	EXP 	rot_line_precue: ori = 68.93323131725678
19.6185 	EXP 	rot_line_precue: ori = 69.22887849594757
19.6266 	EXP 	rot_line_precue: ori = 69.56865729117604
19.6347 	EXP 	rot_line_precue: ori = 70.0737812033555
19.6423 	EXP 	rot_line_precue: ori = 70.4671017630788
19.6506 	EXP 	rot_line_precue: ori = 71.07017125256831
19.6590 	EXP 	rot_line_precue: ori = 71.48167601078558
19.6676 	EXP 	rot_line_precue: ori = 71.89456942785577
19.6755 	EXP 	rot_line_precue: ori = 72.28752965298256
19.6845 	EXP 	rot_line_precue: ori = 72.59633555556924
19.6936 	EXP 	rot_line_precue: ori = 73.23613350438258
19.7032 	EXP 	rot_line_precue: ori = 73.63002269461892
19.7112 	EXP 	rot_line_precue: ori = 73.96351892933046
19.7190 	EXP 	rot_line_precue: ori = 74.73356441042024
19.7271 	EXP 	rot_line_precue: ori = 75.03938778494974
19.7357 	EXP 	rot_line_precue: ori = 75.33658799050644
19.7440 	EXP 	rot_line_precue: ori = 75.67677522734127
19.7524 	EXP 	rot_line_precue: ori = 76.02907951532613
19.7607 	EXP 	rot_line_precue: ori = 76.48722426285379
19.7687 	EXP 	rot_line_precue: ori = 76.84671796597671
19.7771 	EXP 	rot_line_precue: ori = 77.16601030953856
19.7856 	EXP 	rot_line_precue: ori = 77.88516719939813
19.7934 	EXP 	rot_line_precue: ori = 78.23718270618599
19.8017 	EXP 	rot_line_precue: ori = 78.56473138463416
19.8100 	EXP 	rot_line_precue: ori = 78.87308265663758
19.8188 	EXP 	rot_line_precue: ori = 79.2060294480184
19.8278 	EXP 	rot_line_precue: ori = 79.75646458013813
19.8357 	EXP 	rot_line_precue: ori = 80.50379668040989
19.8442 	EXP 	rot_line_precue: ori = 80.83698223409075
19.8516 	EXP 	rot_line_precue: ori = 81.22431523905409
19.8590 	EXP 	rot_line_precue: ori = 81.52251500118723
19.8675 	EXP 	rot_line_precue: ori = 81.91033539798167
19.8770 	EXP 	rot_line_precue: ori = 82.31888230308282
19.8854 	EXP 	rot_line_precue: ori = 82.63990401532955
19.8942 	EXP 	rot_line_precue: ori = 83.0819163373382
19.9027 	EXP 	rot_line_precue: ori = 83.4073560595602
19.9115 	EXP 	rot_line_precue: ori = 83.80406412817281
19.9198 	EXP 	rot_line_precue: ori = 84.23068177046645
19.9276 	EXP 	rot_line_precue: ori = 84.63259870561829
19.9357 	EXP 	rot_line_precue: ori = 84.96518920610758
19.9451 	EXP 	rot_line_precue: ori = 85.39475598186735
19.9531 	EXP 	rot_line_precue: ori = 85.69222192298729
19.9611 	EXP 	rot_line_precue: ori = 85.99467132109724
19.9688 	EXP 	rot_line_precue: ori = 86.45369581826309
19.9769 	EXP 	rot_line_precue: ori = 86.90416062188709
19.9864 	EXP 	rot_line_precue: ori = 87.19949692725093
19.9945 	EXP 	rot_line_precue: ori = 87.53574726986399
20.0029 	EXP 	rot_line_precue: ori = 87.8408001065506
20.0111 	EXP 	rot_line_precue: ori = 88.183669190073
20.0191 	EXP 	rot_line_precue: ori = 88.53370094862387
20.0279 	EXP 	rot_line_precue: ori = 88.91565032502929
20.0363 	EXP 	rot_line_precue: ori = 89.21279833096925
20.0440 	EXP 	rot_line_precue: ori = 89.54430913600434
20.0528 	EXP 	rot_line_precue: ori = 90.0994086560053
20.0608 	EXP 	rot_line_precue: ori = 90.492527713628
20.0684 	EXP 	rot_line_precue: ori = 90.81647370939342
20.0774 	EXP 	rot_line_precue: ori = 91.26483984507898
20.0854 	EXP 	rot_line_precue: ori = 91.99987311164683
20.0947 	EXP 	rot_line_precue: ori = 92.42832593662557
20.1023 	EXP 	rot_line_precue: ori = 92.94908070116422
20.1112 	EXP 	rot_line_precue: ori = 93.24991601360728
20.1198 	EXP 	rot_line_precue: ori = 93.62074043938345
20.1272 	EXP 	rot_line_precue: ori = 93.9576904661507
20.1355 	EXP 	rot_line_precue: ori = 94.33068002068256
20.1432 	EXP 	rot_line_precue: ori = 94.74218622417156
20.1504 	EXP 	rot_line_precue: ori = 95.05516336904576
20.1585 	EXP 	rot_line_precue: ori = 95.3891354172397
20.1669 	EXP 	rot_line_precue: ori = 95.87650251365919
20.1749 	EXP 	rot_line_precue: ori = 96.18565594420076
20.1835 	EXP 	rot_line_precue: ori = 96.48522123194698
20.1924 	EXP 	rot_line_precue: ori = 96.81932403364715
20.2008 	EXP 	rot_line_precue: ori = 97.21135309555568
20.2091 	EXP 	rot_line_precue: ori = 97.9143079347595
20.2175 	EXP 	rot_line_precue: ori = 98.27675003306341
20.2257 	EXP 	rot_line_precue: ori = 98.80592665280699
20.2339 	EXP 	rot_line_precue: ori = 99.10950311445602
20.2431 	EXP 	rot_line_precue: ori = 99.44123916309636
20.2523 	EXP 	rot_line_precue: ori = 99.74281138871868
20.2602 	EXP 	rot_line_precue: ori = 100.25002788333275
20.2687 	EXP 	rot_line_precue: ori = 100.63072542887447
20.2773 	EXP 	rot_line_precue: ori = 100.92599426352899
20.2854 	EXP 	rot_line_precue: ori = 101.27821475768339
20.2942 	EXP 	rot_line_precue: ori = 101.64773572453761
20.3033 	EXP 	rot_line_precue: ori = 102.0757745978205
20.3122 	EXP 	rot_line_precue: ori = 102.59162830487634
20.3210 	EXP 	rot_line_precue: ori = 102.95591934536458
20.3294 	EXP 	rot_line_precue: ori = 103.27134873892355
20.3354 	EXP 	rot_line_precue: ori = 103.60820931961875
20.3433 	EXP 	rot_line_precue: ori = 103.96974662447636
20.3507 	EXP 	rot_line_precue: ori = 104.49930475693625
20.3586 	EXP 	rot_line_precue: ori = 105.08804012414868
20.3667 	EXP 	rot_line_precue: ori = 105.38734599465396
20.3749 	EXP 	rot_line_precue: ori = 105.70410974667332
20.3834 	EXP 	rot_line_precue: ori = 106.06667684668854
20.3919 	EXP 	rot_line_precue: ori = 106.504857417926
20.4004 	EXP 	rot_line_precue: ori = 106.84561563224105
20.4088 	EXP 	rot_line_precue: ori = 107.15404170867907
20.4178 	EXP 	rot_line_precue: ori = 107.54232936835575
20.4285 	EXP 	rot_line_precue: ori = 108.00161642235987
20.4357 	EXP 	rot_line_precue: ori = 108.36971337721205
20.4434 	EXP 	rot_line_precue: ori = 108.73487047959131
20.4508 	EXP 	rot_line_precue: ori = 109.05483564039798
20.4590 	EXP 	rot_line_precue: ori = 109.35486274920642
20.4671 	EXP 	rot_line_precue: ori = 109.80729592401347
20.4751 	EXP 	rot_line_precue: ori = 110.13558886618782
20.4836 	EXP 	rot_line_precue: ori = 110.6243465159562
20.4918 	EXP 	rot_line_precue: ori = 111.01404402146834
20.5014 	EXP 	rot_line_precue: ori = 111.4024877643292
20.5116 	EXP 	rot_line_precue: ori = 111.70493041192795
20.5212 	EXP 	rot_line_precue: ori = 112.04468123587878
20.5285 	EXP 	rot_line_precue: ori = 112.41874630111839
20.5360 	EXP 	rot_line_precue: ori = 112.79149273265904
20.5436 	EXP 	rot_line_precue: ori = 113.17802507445204
20.5523 	EXP 	rot_line_precue: ori = 113.72452907965027
20.5604 	EXP 	rot_line_precue: ori = 114.03912968146061
20.5685 	EXP 	rot_line_precue: ori = 114.42789630809305
20.5757 	EXP 	rot_line_precue: ori = 114.8559975945624
20.5848 	EXP 	rot_line_precue: ori = 115.19840664990755
20.5936 	EXP 	rot_line_precue: ori = 115.51429822748626
20.6018 	EXP 	rot_line_precue: ori = 115.87631441323433
20.6102 	EXP 	rot_line_precue: ori = 116.20215300242701
20.6198 	EXP 	rot_line_precue: ori = 116.50503725337038
20.6287 	EXP 	rot_line_precue: ori = 116.84378844477222
20.6372 	EXP 	rot_line_precue: ori = 117.24870639186965
20.6447 	EXP 	rot_line_precue: ori = 117.54752422211756
20.6521 	EXP 	rot_line_precue: ori = 117.84895509374904
20.6600 	EXP 	rot_line_precue: ori = 118.30666742525412
20.6683 	EXP 	rot_line_precue: ori = 118.61232838240458
20.6762 	EXP 	rot_line_precue: ori = 118.90780439299618
20.6836 	EXP 	rot_line_precue: ori = 119.22274423390934
20.6916 	EXP 	rot_line_precue: ori = 119.53945885226584
20.7000 	EXP 	rot_line_precue: ori = 119.85606897837286
20.7109 	EXP 	rot_line_precue: ori = 120.31789480662563
20.7199 	EXP 	rot_line_precue: ori = 120.73209398836104
20.7283 	EXP 	rot_line_precue: ori = 121.07642475208297
20.7375 	EXP 	rot_line_precue: ori = 121.40511264164572
20.7440 	EXP 	rot_line_precue: ori = 121.74680742041149
20.7517 	EXP 	rot_line_precue: ori = 122.08236515025102
20.7594 	EXP 	rot_line_precue: ori = 122.87105034821863
20.7688 	EXP 	rot_line_precue: ori = 123.20083268814273
20.7778 	EXP 	rot_line_precue: ori = 123.50873728781836
20.7858 	EXP 	rot_line_precue: ori = 124.22352846806564
20.7940 	EXP 	rot_line_precue: ori = 124.5340117592406
20.8019 	EXP 	rot_line_precue: ori = 124.92648504488528
20.8117 	EXP 	rot_line_precue: ori = 125.3102154820997
20.8190 	EXP 	rot_line_precue: ori = 126.03949829816924
20.8292 	EXP 	rot_line_precue: ori = 126.375821978138
20.8375 	EXP 	rot_line_precue: ori = 126.95069229335114
20.8453 	EXP 	rot_line_precue: ori = 127.35278576260164
20.8525 	EXP 	rot_line_precue: ori = 127.66820023287319
20.8598 	EXP 	rot_line_precue: ori = 128.4354019161564
20.8672 	EXP 	rot_line_precue: ori = 128.75215602276063
20.8753 	EXP 	rot_line_precue: ori = 129.04807009053584
20.8835 	EXP 	rot_line_precue: ori = 129.3583324298154
20.8934 	EXP 	rot_line_precue: ori = 129.67692755465063
20.9023 	EXP 	rot_line_precue: ori = 130.02381403744667
20.9102 	EXP 	rot_line_precue: ori = 130.32415831022806
20.9175 	EXP 	rot_line_precue: ori = 130.66884491863485
20.9259 	EXP 	rot_line_precue: ori = 131.17318240938368
20.9352 	EXP 	rot_line_precue: ori = 131.49013212311587
20.9430 	EXP 	rot_line_precue: ori = 131.92140618823126
20.9518 	EXP 	rot_line_precue: ori = 132.25042785418225
20.9593 	EXP 	rot_line_precue: ori = 132.586119054535
20.9683 	EXP 	rot_line_precue: ori = 132.91449751519932
20.9772 	EXP 	rot_line_precue: ori = 133.3656030239559
20.9852 	EXP 	rot_line_precue: ori = 133.93311768375466
20.9932 	EXP 	rot_line_precue: ori = 134.37592237609357
21.0016 	EXP 	rot_line_precue: ori = 134.71544016226076
21.0109 	EXP 	rot_line_precue: ori = 135.36169146126795
21.0185 	EXP 	rot_line_precue: ori = 135.66457373493876
21.0268 	EXP 	rot_line_precue: ori = 135.96619599567356
21.0353 	EXP 	rot_line_precue: ori = 136.5175139141355
21.0434 	EXP 	rot_line_precue: ori = 136.86328631664446
21.0519 	EXP 	rot_line_precue: ori = 137.19354764832005
21.0604 	EXP 	rot_line_precue: ori = 137.6369491585727
21.0686 	EXP 	rot_line_precue: ori = 137.93699382433638
21.0770 	EXP 	rot_line_precue: ori = 138.23392268503287
21.0850 	EXP 	rot_line_precue: ori = 139.03825044946385
21.0934 	EXP 	rot_line_precue: ori = 139.34361515741415
21.1020 	EXP 	rot_line_precue: ori = 140.03378603760459
21.1102 	EXP 	rot_line_precue: ori = 140.4750341104902
21.1190 	EXP 	rot_line_precue: ori = 140.89031925475393
21.1280 	EXP 	rot_line_precue: ori = 141.24937304709036
21.1377 	EXP 	rot_line_precue: ori = 141.58537630007774
21.1463 	EXP 	rot_line_precue: ori = 141.9553800398527
21.1523 	EXP 	rot_line_precue: ori = 142.3600656152856
21.1599 	EXP 	rot_line_precue: ori = 142.8769439185717
21.1678 	EXP 	rot_line_precue: ori = 143.22819127591575
21.1750 	EXP 	rot_line_precue: ori = 143.5293769532206
21.1833 	EXP 	rot_line_precue: ori = 143.85212443033055
21.1915 	EXP 	rot_line_precue: ori = 144.1581329930635
21.2006 	EXP 	rot_line_precue: ori = 144.72141943873007
21.2080 	EXP 	rot_line_precue: ori = 145.4461958358797
21.2168 	EXP 	rot_line_precue: ori = 145.77878448740378
21.2269 	EXP 	rot_line_precue: ori = 146.48530381218032
21.2364 	EXP 	rot_line_precue: ori = 147.04095146171593
21.2448 	EXP 	rot_line_precue: ori = 147.4065292985305
21.2535 	EXP 	rot_line_precue: ori = 147.76677625646855
21.2610 	EXP 	rot_line_precue: ori = 148.18217129946706
21.2684 	EXP 	rot_line_precue: ori = 148.53457206738116
21.2760 	EXP 	rot_line_precue: ori = 148.87981067977927
21.2849 	EXP 	rot_line_precue: ori = 149.25135948207165
21.2932 	EXP 	rot_line_precue: ori = 149.6308650048352
21.3009 	EXP 	rot_line_precue: ori = 149.94229362066915
21.3105 	EXP 	rot_line_precue: ori = 150.2958514909667
21.3190 	EXP 	rot_line_precue: ori = 150.6034845201082
21.3307 	EXP 	rot_line_precue: ori = 150.93522051225798
21.3384 	EXP 	rot_line_precue: ori = 151.26841369048375
21.3506 	EXP 	rot_line_precue: ori = 151.61666473889477
21.3604 	EXP 	rot_line_precue: ori = 152.0604412311105
21.3698 	EXP 	rot_line_precue: ori = 152.51211300164783
21.3716 	EXP 	New trial (rep=4, index=9): <Trial 9 (9 in rep 4) data={'pic_name': 'pics/left_hand.JPG', 'class_mi': 'left_hand', 'thisN': 9, 'thisTrialN': 9, 'thisRepN': 4}>
21.3785 	EXP 	hor_line_precue: autoDraw = False
21.3785 	EXP 	ver_line_precue: autoDraw = False
21.3785 	EXP 	rot_line_precue: autoDraw = False
21.3785 	EXP 	rot_line_precue: ori = 153.05766489660883
21.3785 	EXP 	point_left: autoDraw = False
21.3785 	EXP 	point_right: autoDraw = False
21.3785 	EXP 	dot_precue: autoDraw = False
21.3785 	EXP 	hor_line_precue: autoDraw = False
21.3785 	EXP 	ver_line_precue: autoDraw = False
21.3785 	EXP 	rot_line_precue: autoDraw = False
21.3785 	EXP 	point_left: autoDraw = False
21.3785 	EXP 	point_right: autoDraw = False
21.3785 	EXP 	dot_precue: autoDraw = False
21.3785 	EXP 	hor_line_precue: autoDraw = True
21.3785 	EXP 	ver_line_precue: autoDraw = True
21.3785 	EXP 	rot_line_precue: autoDraw = True
21.3785 	EXP 	rot_line_precue: ori = 153.73218304327122
21.3785 	EXP 	point_left: autoDraw = True
21.3785 	EXP 	point_right: autoDraw = True
21.3785 	EXP 	dot_precue: autoDraw = True
21.3856 	EXP 	rot_line_precue: ori = 154.08203239043567
21.3937 	EXP 	rot_line_precue: ori = 154.5043094593609
21.4023 	EXP 	rot_line_precue: ori = 154.88478924451022
21.4104 	EXP 	rot_line_precue: ori = 155.27274659613366
21.4187 	EXP 	rot_line_precue: ori = 155.70139008353863
21.4269 	EXP 	rot_line_precue: ori = 156.21183881544164
21.4350 	EXP 	rot_line_precue: ori = 156.70000989692846
21.4428 	EXP 	rot_line_precue: ori = 157.05366370512886
21.4519 	EXP 	rot_line_precue: ori = 157.43654866507873
21.4604 	EXP 	rot_line_precue: ori = 157.8370111498659
21.4680 	EXP 	rot_line_precue: ori = 158.56878830789162
21.4763 	EXP 	rot_line_precue: ori = 158.9767423648401
21.4843 	EXP 	rot_line_precue: ori = 159.34398946119174
21.4917 	EXP 	rot_line_precue: ori = 159.67811687339295
21.4996 	EXP 	rot_line_precue: ori = 159.98218330038713
21.5079 	EXP 	rot_line_precue: ori = 160.2934496584647
21.5165 	EXP 	rot_line_precue: ori = 160.62118939408884
21.5250 	EXP 	rot_line_precue: ori = 160.9456747889116
21.5338 	EXP 	rot_line_precue: ori = 161.26238211747875
21.5419 	EXP 	rot_line_precue: ori = 161.65130188615757
21.5500 	EXP 	rot_line_precue: ori = 161.95269540184367
21.5585 	EXP 	rot_line_precue: ori = 162.28395766967043
21.5671 	EXP 	rot_line_precue: ori = 162.6653471934519
21.5753 	EXP 	rot_line_precue: ori = 163.01566149749289
21.5837 	EXP 	rot_line_precue: ori = 163.33414377008208
21.5923 	EXP 	rot_line_precue: ori = 163.75202198127752
21.6016 	EXP 	rot_line_precue: ori = 164.31477224222644
21.6100 	EXP 	rot_line_precue: ori = 164.81060534411975
21.6187 	EXP 	rot_line_precue: ori = 165.14252926054468
21.6271 	EXP 	rot_line_precue: ori = 165.46553386378315
21.6354 	EXP 	rot_line_precue: ori = 165.78785788850922
21.6436 	EXP 	rot_line_precue: ori = 166.15084638675197
21.6520 	EXP 	rot_line_precue: ori = 166.46010491737792
21.6602 	EXP 	rot_line_precue: ori = 166.76395755332135
21.6681 	EXP 	rot_line_precue: ori = 167.51238772668754
21.6754 	EXP 	rot_line_precue: ori = 167.85810523244467
21.6837 	EXP 	rot_line_precue: ori = 168.18320563317326
21.6919 	EXP 	rot_line_precue: ori = 168.93130090133252
21.6998 	EXP 	rot_line_precue: ori = 169.27499007068573
21.7081 	EXP 	rot_line_precue: ori = 169.57271241841607
21.7165 	EXP 	rot_line_precue: ori = 170.17463233354326
21.7248 	EXP 	rot_line_precue: ori = 170.51552744919053
21.7333 	EXP 	rot_line_precue: ori = 170.81959535463696
21.7420 	EXP 	rot_line_precue: ori = 171.21201589978875
21.7494 	EXP 	rot_line_precue: ori = 171.59750109781086
21.7579 	EXP 	rot_line_precue: ori = 171.98580849596001
21.7666 	EXP 	rot_line_precue: ori = 172.2825777251647
21.7757 	EXP 	rot_line_precue: ori = 172.91647858490867
21.7840 	EXP 	rot_line_precue: ori = 173.38357878874487
21.7926 	EXP 	rot_line_precue: ori = 173.72781896416257
21.8017 	EXP 	rot_line_precue: ori = 174.02590203304857
21.8099 	EXP 	rot_line_precue: ori = 174.7899619996837
21.8184 	EXP 	rot_line_precue: ori = 175.38492471749913
21.8267 	EXP 	rot_line_precue: ori = 175.70173287945195
21.8351 	EXP 	rot_line_precue: ori = 176.17124702159478
21.8429 	EXP 	rot_line_precue: ori = 176.61273812443494
21.8526 	EXP 	rot_line_precue: ori = 176.97247179834534
21.8606 	EXP 	rot_line_precue: ori = 177.39842470233322
21.8686 	EXP 	rot_line_precue: ori = 177.79251019920207
21.8772 	EXP 	rot_line_precue: ori = 178.10671504683694
21.8858 	EXP 	rot_line_precue: ori = 178.4055118755691
21.8939 	EXP 	rot_line_precue: ori = 178.7898473703003
21.9021 	EXP 	rot_line_precue: ori = 179.0905475604518
21.9102 	EXP 	rot_line_precue: ori = 179.40101066431043
21.9182 	EXP 	rot_line_precue: ori = 179.69806639777926
21.9268 	EXP 	rot_line_precue: ori = 180.03408571711208
21.9352 	EXP 	rot_line_precue: ori = 180.33361237009794
21.9429 	EXP 	rot_line_precue: ori = 180.70270553063983
21.9503 	EXP 	rot_line_precue: ori = 181.0439609899097
21.9586 	EXP 	rot_line_precue: ori = 181.5363260275826
21.9664 	EXP 	rot_line_precue: ori = 181.87457268740167
21.9755 	EXP 	rot_line_precue: ori = 182.22540245202072
21.9840 	EXP 	rot_line_precue: ori = 182.58462121821628
21.9920 	EXP 	rot_line_precue: ori = 183.35169681415184
21.9999 	EXP 	rot_line_precue: ori = 183.65050367383066
22.0088 	EXP 	rot_line_precue: ori = 183.94850201981473
22.0163 	EXP 	rot_line_precue: ori = 184.3533416874977
22.0245 	EXP 	rot_line_precue: ori = 184.67598592872628
22.0329 	EXP 	rot_line_precue: ori = 184.97745112088063
22.0419 	EXP 	rot_line_precue: ori = 185.31925948580613
22.0502 	EXP 	rot_line_precue: ori = 185.9332833946167
22.0586 	EXP 	rot_line_precue: ori = 186.2638604262677
22.0677 	EXP 	rot_line_precue: ori = 186.59319840886425
22.0767 	EXP 	rot_line_precue: ori = 186.9707850227929
22.0852 	EXP 	rot_line_precue: ori = 187.6161441703493
22.0936 	EXP 	rot_line_precue: ori = 188.0920152845471
22.1018 	EXP 	rot_line_precue: ori = 188.5208103667295
22.1106 	EXP 	rot_line_precue: ori = 188.9713799160315
22.1190 	EXP 	rot_line_precue: ori = 189.34029716386672
22.1269 	EXP 	rot_line_precue: ori = 189.66923095490765
22.1354 	EXP 	rot_line_precue: ori = 190.04415346357942
22.1439 	EXP 	rot_line_precue: ori = 190.3771008012241
22.1515 	EXP 	rot_line_precue: ori = 190.73328744366628
22.1599 	EXP 	rot_line_precue: ori = 191.17422136000326
22.1689 	EXP 	rot_line_precue: ori = 191.8626172576694
22.1768 	EXP 	rot_line_precue: ori = 192.18168069387931
22.1852 	EXP 	rot_line_precue: ori = 192.50785415053437
22.1941 	EXP 	rot_line_precue: ori = 193.0867336290412
22.2021 	EXP 	rot_line_precue: ori = 193.8019601185457
22.2096 	EXP 	rot_line_precue: ori = 194.1112082529905
22.2169 	EXP 	rot_line_precue: ori = 194.44552894380388
22.2247 	EXP 	rot_line_precue: ori = 194.75958755473303
22.2331 	EXP 	rot_line_precue: ori = 195.20339595044663
22.2422 	EXP 	rot_line_precue: ori = 195.5003789148695
22.2496 	EXP 	rot_line_precue: ori = 195.86139927409826
22.2578 	EXP 	rot_line_precue: ori = 196.25525450441788
22.2671 	EXP 	rot_line_precue: ori = 196.6123066129558
22.2746 	EXP 	rot_line_precue: ori = 196.9141623288342
22.2832 	EXP 	rot_line_precue: ori = 197.21190454801388
22.2911 	EXP 	rot_line_precue: ori = 197.93018440997676
22.2996 	EXP 	rot_line_precue: ori = 198.4556099145821
22.3082 	EXP 	rot_line_precue: ori = 198.7827496287008
22.3168 	EXP 	rot_line_precue: ori = 199.12740545040165
22.3250 	EXP 	rot_line_precue: ori = 199.8062044748566
22.3337 	EXP 	rot_line_precue: ori = 200.27775641198326
22.3420 	EXP 	rot_line_precue: ori = 200.59559412114692
22.3507 	EXP 	rot_line_precue: ori = 200.93145154943016
22.3594 	EXP 	rot_line_precue: ori = 201.23157248833118
22.3687 	EXP 	rot_line_precue: ori = 201.72546199974718
22.3772 	EXP 	rot_line_precue: ori = 202.04103509712283
22.3851 	EXP 	rot_line_precue: ori = 202.36605375195117
22.3941 	EXP 	rot_line_precue: ori = 202.7671435772869
22.4022 	EXP 	rot_line_precue: ori = 203.06788606851498
22.4098 	EXP 	rot_line_precue: ori = 203.63427301974352
22.4180 	EXP 	rot_line_precue: ori = 203.9590326550234
22.4262 	EXP 	rot_line_precue: ori = 204.33137600405823
22.4354 	EXP 	rot_line_precue: ori = 204.73554098218554
22.4436 	EXP 	rot_line_precue: ori = 205.0341549310428
22.4516 	EXP 	rot_line_precue: ori = 205.35673501006372
22.4596 	EXP 	rot_line_precue: ori = 205.69128098721225
22.4670 	EXP 	rot_line_precue: ori = 206.0768409073235
22.4748 	EXP 	rot_line_precue: ori = 206.4295688818043
22.4831 	EXP 	rot_line_precue: ori = 206.73236557626586
22.4914 	EXP 	rot_line_precue: ori = 207.2305091626068
22.4997 	EXP 	rot_line_precue: ori = 207.6391932149639
22.5086 	EXP 	rot_line_precue: ori = 208.37450011739335
22.5168 	EXP 	rot_line_precue: ori = 208.6821511242198
22.5255 	EXP 	rot_line_precue: ori = 209.02939059235536
22.5343 	EXP 	rot_line_precue: ori = 209.44656075013904
22.5429 	EXP 	rot_line_precue: ori = 209.748036428511
22.5523 	EXP 	rot_line_precue: ori = 210.17724915450552
22.5608 	EXP 	rot_line_precue: ori = 210.75299873758343
22.5686 	EXP 	rot_line_precue: ori = 211.08818059412928
22.5768 	EXP 	rot_line_precue: ori = 211.42201724683383
22.5854 	EXP 	rot_line_precue: ori = 212.07830737600034
22.5940 	EXP 	rot_line_precue: ori = 212.43123184000538
22.6025 	EXP 	rot_line_precue: ori = 212.77839335916582
22.6112 	EXP 	rot_line_precue: ori = 213.08190159761432
22.6192 	EXP 	rot_line_precue: ori = 213.38296478457275
22.6272 	EXP 	rot_line_precue: ori = 213.6799808173727
22.6355 	EXP 	rot_line_precue: ori = 214.10461820186674
22.6436 	EXP 	rot_line_precue: ori = 214.44946788116334
22.6526 	EXP 	rot_line_precue: ori = 214.76013634412038
22.6603 	EXP 	rot_line_precue: ori = 215.11725005246086
22.6687 	EXP 	rot_line_precue: ori = 215.41591172894405
22.6767 	EXP 	rot_line_precue: ori = 215.71658190420976
22.6848 	EXP 	rot_line_precue: ori = 216.09291892470824
22.6934 	EXP 	rot_line_precue: ori = 216.4875246519716
22.7024 	EXP 	rot_line_precue: ori = 216.85213851436757
22.7103 	EXP 	rot_line_precue: ori = 217.1852220911139
22.7182 	EXP 	rot_line_precue: ori = 217.7285725224096
22.7254 	EXP 	rot_line_precue: ori = 218.0644828263133
22.7343 	EXP 	rot_line_precue: ori = 218.50952224516394
22.7418 	EXP 	rot_line_precue: ori = 218.80842579533066
22.7497 	EXP 	rot_line_precue: ori = 219.12484188792615
22.7587 	EXP 	rot_line_precue: ori = 219.58758689504344
22.7666 	EXP 	rot_line_precue: ori = 219.99657626897513
22.7748 	EXP 	rot_line_precue: ori = 220.64737158174935
22.7832 	EXP 	rot_line_precue: ori = 221.08472724543668
22.7922 	EXP 	rot_line_precue: ori = 221.38927166322986
22.7998 	EXP 	rot_line_precue: ori = 221.7120959572735
22.8087 	EXP 	rot_line_precue: ori = 222.09406597659657
22.8176 	EXP 	rot_line_precue: ori = 222.89054140949432
22.8267 	EXP 	rot_line_precue: ori = 223.27544756521246
22.8359 	EXP 	rot_line_precue: ori = 223.59651530085526
22.8438 	EXP 	rot_line_precue: ori = 223.90145168641033
22.8513 	EXP 	rot_line_precue: ori = 224.61381077031317
22.8608 	EXP 	rot_line_precue: ori = 225.04285301076158
22.8691 	EXP 	rot_line_precue: ori = 225.51254482227006
22.8771 	EXP 	rot_line_precue: ori = 226.1814628254596
22.8859 	EXP 	rot_line_precue: ori = 226.5219648394597
22.8938 	EXP 	rot_line_precue: ori = 226.94641169183137
22.9020 	EXP 	rot_line_precue: ori = 227.31905932834167
22.9107 	EXP 	rot_line_precue: ori = 227.65929046397756
22.9187 	EXP 	rot_line_precue: ori = 228.12016939101488
22.9270 	EXP 	rot_line_precue: ori = 228.50817121628683
22.9356 	EXP 	rot_line_precue: ori = 228.8160190095348
22.9437 	EXP 	rot_line_precue: ori = 229.29999126173567
22.9520 	EXP 	rot_line_precue: ori = 229.6421698996574
22.9602 	EXP 	rot_line_precue: ori = 229.97781181554532
22.9681 	EXP 	rot_line_precue: ori = 230.39367585693128
22.9773 	EXP 	rot_line_precue: ori = 230.70537980203267
22.9851 	EXP 	rot_line_precue: ori = 231.0230033431771
22.9934 	EXP 	rot_line_precue: ori = 231.37531970253005
23.0011 	EXP 	rot_line_precue: ori = 231.6729270892234
23.0100 	EXP 	rot_line_precue: ori = 232.16339797429723
23.0182 	EXP 	rot_line_precue: ori = 232.46023065157627
23.0264 	EXP 	rot_line_precue: ori = 232.79688239221952
23.0354 	EXP 	rot_line_precue: ori = 233.5485706871755
23.0431 	EXP 	rot_line_precue: ori = 234.03019306264318
23.0515 	EXP 	rot_line_precue: ori = 234.56333440153136
23.0604 	EXP 	rot_line_precue: ori = 235.20546436237166
23.0690 	EXP 	rot_line_precue: ori = 235.5163396514452
23.0775 	EXP 	rot_line_precue: ori = 235.82037059105923
23.0861 	EXP 	rot_line_precue: ori = 236.25292879209113
23.0944 	EXP 	rot_line_precue: ori = 236.59805404171485
23.1020 	EXP 	rot_line_precue: ori = 237.04589533767944
23.1108 	EXP 	rot_line_precue: ori = 237.36556346210696
23.1185 	EXP 	rot_line_precue: ori = 237.71807650408996
23.1270 	EXP 	rot_line_precue: ori = 238.17105218220647
23.1360 	EXP 	rot_line_precue: ori = 238.46813904788007
23.1438 	EXP 	rot_line_precue: ori = 238.8532755298452
23.1526 	EXP 	rot_line_precue: ori = 239.15292343790355
23.1607 	EXP 	rot_line_precue: ori = 239.48176216362648
23.1701 	EXP 	rot_line_precue: ori = 239.95522388908475
23.1779 	EXP 	rot_line_precue: ori = 240.2647164161794
23.1862 	EXP 	rot_line_precue: ori = 240.7849882364565
23.1940 	EXP 	rot_line_precue: ori = 241.15805539305745
23.2018 	EXP 	rot_line_precue: ori = 241.64399766454525
23.2098 	EXP 	rot_line_precue: ori = 242.34186980002883
23.2182 	EXP 	rot_line_precue: ori = 242.74402688850614
23.2270 	EXP 	rot_line_precue: ori = 243.11731740139956
23.2348 	EXP 	rot_line_precue: ori = 243.43561975327648
23.2438 	EXP 	rot_line_precue: ori = 243.99285136178418
23.2517 	EXP 	rot_line_precue: ori = 244.29088731953271
23.2601 	EXP 	rot_line_precue: ori = 244.70597745160202
23.2685 	EXP 	rot_line_precue: ori = 245.3305376933574
23.2767 	EXP 	rot_line_precue: ori = 245.6442893975835
23.2845 	EXP 	rot_line_precue: ori = 245.95735032574572
23.2933 	EXP 	rot_line_precue: ori = 246.37769040623039
23.3013 	EXP 	rot_line_precue: ori = 247.14468332818177
23.3101 	EXP 	rot_line_precue: ori = 247.4466386394111
23.3179 	EXP 	rot_line_precue: ori = 248.00262486570804
23.3254 	EXP 	rot_line_precue: ori = 248.7431452670533
23.3339 	EXP 	rot_line_precue: ori = 249.06683627227812
23.3421 	EXP 	rot_line_precue: ori = 249.50554988814852
23.3507 	EXP 	rot_line_precue: ori = 250.2682136147023
23.3596 	EXP 	rot_line_precue: ori = 250.58049013445424
23.3693 	EXP 	rot_line_precue: ori = 251.19304510136584
23.3709 	EXP 	New trial (rep=3, index=10): <Trial 10 (10 in rep 3) data={'pic_name': 'pics/none.JPG', 'class_mi': 'rest', 'thisN': 10, 'thisTrialN': 10, 'thisRepN': 3}>
23.3776 	EXP 	hor_line_precue: autoDraw = False
23.3776 	EXP 	ver_line_precue: autoDraw = False
23.3776 	EXP 	rot_line_precue: autoDraw = False
23.3776 	EXP 	rot_line_precue: ori = 251.52715744219205
23.3776 	EXP 	point_left: autoDraw = False
23.3776 	EXP 	point_right: autoDraw = False
23.3776 	EXP 	dot_precue: autoDraw = False
23.3776 	EXP 	hor_line_precue: autoDraw = False
23.3776 	EXP 	ver_line_precue: autoDraw = False
23.3776 	EXP 	rot_line_precue: autoDraw = False
23.3776 	EXP 	point_left: autoDraw = False
23.3776 	EXP 	point_right: autoDraw = False
23.3776 	EXP 	dot_precue: autoDraw = False
23.3776 	EXP 	hor_line_precue: autoDraw = True
23.3776 	EXP 	ver_line_precue: autoDraw = True
23.3776 	EXP 	rot_line_precue: autoDraw = True
23.3776 	EXP 	rot_line_precue: ori = 251.84028277909363
23.3776 	EXP 	point_left: autoDraw = True
23.3776 	EXP 	point_right: autoDraw = True
23.3776 	EXP 	dot_precue: autoDraw = True
23.3862 	EXP 	rot_line_precue: ori = 252.20160399285203
23.3940 	EXP 	rot_line_precue: ori = 252.5046313543398
23.4025 	EXP 	rot_line_precue: ori = 252.8140987902709
23.4107 	EXP 	rot_line_precue: ori = 253.141042207286
23.4191 	EXP 	rot_line_precue: ori = 253.62226872464967
23.4270 	EXP 	rot_line_precue: ori = 254.2221812784682
23.4354 	EXP 	rot_line_precue: ori = 254.51757017646207
23.4443 	EXP 	rot_line_precue: ori = 255.06060120156846
23.4524 	EXP 	rot_line_precue: ori = 255.37345948132992
23.4609 	EXP 	rot_line_precue: ori = 255.90859901458697
23.4691 	EXP 	rot_line_precue: ori = 256.292791039969
23.4771 	EXP 	rot_line_precue: ori = 256.59910769247057
23.4855 	EXP 	rot_line_precue: ori = 257.1353315741679
23.4936 	EXP 	rot_line_precue: ori = 257.50163583046356
23.5016 	EXP 	rot_line_precue: ori = 257.876788897699
23.5101 	EXP 	rot_line_precue: ori = 258.50241808070587
23.5184 	EXP 	rot_line_precue: ori = 258.93176265434096
23.5265 	EXP 	rot_line_precue: ori = 259.26521624490783
23.5348 	EXP 	rot_line_precue: ori = 259.7835069058059
23.5433 	EXP 	rot_line_precue: ori = 260.12010549503725
23.5509 	EXP 	rot_line_precue: ori = 260.4681606247445
23.5598 	EXP 	rot_line_precue: ori = 260.7680527633508
23.5681 	EXP 	rot_line_precue: ori = 261.1995350186001
23.5754 	EXP 	rot_line_precue: ori = 261.51348062851304
23.5835 	EXP 	rot_line_precue: ori = 261.81213986878765
23.5922 	EXP 	rot_line_precue: ori = 262.25868079740167
23.6005 	EXP 	rot_line_precue: ori = 262.60598572388994
23.6090 	EXP 	rot_line_precue: ori = 262.98144174429365
23.6184 	EXP 	rot_line_precue: ori = 263.73896619390223
23.6268 	EXP 	rot_line_precue: ori = 264.0515595413996
23.6354 	EXP 	rot_line_precue: ori = 264.3638273010854
23.6438 	EXP 	rot_line_precue: ori = 264.92254388266423
23.6527 	EXP 	rot_line_precue: ori = 265.23153853327494
23.6606 	EXP 	rot_line_precue: ori = 265.5437258043969
23.6689 	EXP 	rot_line_precue: ori = 265.9347091841575
23.6772 	EXP 	rot_line_precue: ori = 266.35062302704586
23.6857 	EXP 	rot_line_precue: ori = 266.66695909718834
23.6939 	EXP 	rot_line_precue: ori = 266.9906465370298
23.7019 	EXP 	rot_line_precue: ori = 267.3410184137824
23.7106 	EXP 	rot_line_precue: ori = 268.0028411982353
23.7191 	EXP 	rot_line_precue: ori = 268.48911260225066
23.7275 	EXP 	rot_line_precue: ori = 268.81111520934246
23.7353 	EXP 	rot_line_precue: ori = 269.1289421308661
23.7436 	EXP 	rot_line_precue: ori = 269.43110875071267
23.7520 	EXP 	rot_line_precue: ori = 269.7264224286674
23.7595 	EXP 	rot_line_precue: ori = 270.0301270639766
23.7675 	EXP 	rot_line_precue: ori = 270.60608267853064
23.7758 	EXP 	rot_line_precue: ori = 270.9201782150966
23.7841 	EXP 	rot_line_precue: ori = 271.28193362519175
23.7922 	EXP 	rot_line_precue: ori = 271.58050477569196
23.8002 	EXP 	rot_line_precue: ori = 271.8901010743879
23.8091 	EXP 	rot_line_precue: ori = 272.49434710935844
23.8175 	EXP 	rot_line_precue: ori = 272.8498637134108
23.8263 	EXP 	rot_line_precue: ori = 273.21002196835315
23.8345 	EXP 	rot_line_precue: ori = 273.54758485297606
23.8422 	EXP 	rot_line_precue: ori = 273.88229232758255
23.8514 	EXP 	rot_line_precue: ori = 274.23765394380257
23.8596 	EXP 	rot_line_precue: ori = 274.5386526377635
23.8690 	EXP 	rot_line_precue: ori = 275.05211279288176
23.8768 	EXP 	rot_line_precue: ori = 275.80385804385475
23.8853 	EXP 	rot_line_precue: ori = 276.4503115979187
23.8936 	EXP 	rot_line_precue: ori = 276.80934910115354
23.9019 	EXP 	rot_line_precue: ori = 277.1348567557586
23.9102 	EXP 	rot_line_precue: ori = 277.5183489062276
23.9187 	EXP 	rot_line_precue: ori = 277.87584049632846
23.9276 	EXP 	rot_line_precue: ori = 278.25890157077293
23.9360 	EXP 	rot_line_precue: ori = 278.5693710337097
23.9442 	EXP 	rot_line_precue: ori = 278.902252722653
23.9524 	EXP 	rot_line_precue: ori = 279.29070501339805
23.9611 	EXP 	rot_line_precue: ori = 279.9049485447494
23.9693 	EXP 	rot_line_precue: ori = 280.2242298690733
23.9775 	EXP 	rot_line_precue: ori = 280.6004004751429
23.9858 	EXP 	rot_line_precue: ori = 281.2355925937168
23.9940 	EXP 	rot_line_precue: ori = 281.61455108769417
24.0026 	EXP 	rot_line_precue: ori = 281.9189800288902
24.0103 	EXP 	rot_line_precue: ori = 282.34128686741565
24.0185 	EXP 	rot_line_precue: ori = 283.0882348617897
24.0263 	EXP 	rot_line_precue: ori = 283.7779256013717
24.0355 	EXP 	rot_line_precue: ori = 284.17893313735203
24.0435 	EXP 	rot_line_precue: ori = 284.4963869870598
24.0517 	EXP 	rot_line_precue: ori = 284.8182764108543
24.0598 	EXP 	rot_line_precue: ori = 285.14913298599015
24.0686 	EXP 	rot_line_precue: ori = 285.6817690878214
24.0768 	EXP 	rot_line_precue: ori = 285.98033381426467
24.0851 	EXP 	rot_line_precue: ori = 286.3481291051676
24.0934 	EXP 	rot_line_precue: ori = 286.7007095024105
24.1016 	EXP 	rot_line_precue: ori = 287.07448085486584
24.1100 	EXP 	rot_line_precue: ori = 287.4686420690867
24.1183 	EXP 	rot_line_precue: ori = 287.84301707675485
24.1263 	EXP 	rot_line_precue: ori = 288.1434253101468
24.1339 	EXP 	rot_line_precue: ori = 288.4465528373037
24.1420 	EXP 	rot_line_precue: ori = 288.9656906012788
24.1505 	EXP 	rot_line_precue: ori = 289.7090652796068
24.1586 	EXP 	rot_line_precue: ori = 290.063302176594
24.1674 	EXP 	rot_line_precue: ori = 290.4812983370677
24.1757 	EXP 	rot_line_precue: ori = 290.78583969093654
24.1843 	EXP 	rot_line_precue: ori = 291.10059113858756
24.1935 	EXP 	rot_line_precue: ori = 291.45508158580583
24.2020 	EXP 	rot_line_precue: ori = 291.77461799241706
24.2101 	EXP 	rot_line_precue: ori = 292.07280524252224
24.2193 	EXP 	rot_line_precue: ori = 292.5896824093598
24.2276 	EXP 	rot_line_precue: ori = 292.9115706348269
24.2356 	EXP 	rot_line_precue: ori = 293.2236880955744
24.2435 	EXP 	rot_line_precue: ori = 293.62161383021584
24.2513 	EXP 	rot_line_precue: ori = 294.018730596443
24.2608 	EXP 	rot_line_precue: ori = 294.31444160834917
24.2687 	EXP 	rot_line_precue: ori = 294.8366354016551
24.2769 	EXP 	rot_line_precue: ori = 295.1412388792941
24.2855 	EXP 	rot_line_precue: ori = 295.4518926895056
24.2935 	EXP 	rot_line_precue: ori = 295.76321141940053
24.3014 	EXP 	rot_line_precue: ori = 296.06729038887704
24.3089 	EXP 	rot_line_precue: ori = 296.3682716175059
24.3171 	EXP 	rot_line_precue: ori = 296.78990991084675
24.3248 	EXP 	rot_line_precue: ori = 297.09142190328697
24.3332 	EXP 	rot_line_precue: ori = 297.41099493946535
24.3416 	EXP 	rot_line_precue: ori = 297.9014856732635
24.3497 	EXP 	rot_line_precue: ori = 298.30289601281186
24.3587 	EXP 	rot_line_precue: ori = 298.6136066968611
24.3663 	EXP 	rot_line_precue: ori = 298.9539125087669
24.3746 	EXP 	rot_line_precue: ori = 299.24989519260805
24.3837 	EXP 	rot_line_precue: ori = 299.6574133720951
24.3923 	EXP 	rot_line_precue: ori = 299.9718356356138
24.3998 	EXP 	rot_line_precue: ori = 300.74510718622275
24.4087 	EXP 	rot_line_precue: ori = 301.092328983011
24.4167 	EXP 	rot_line_precue: ori = 301.4959230856931
24.4262 	EXP 	rot_line_precue: ori = 301.945125769719
24.4338 	EXP 	rot_line_precue: ori = 302.24660151225646
24.4420 	EXP 	rot_line_precue: ori = 302.56611111983636
24.4505 	EXP 	rot_line_precue: ori = 302.89092457296965
24.4589 	EXP 	rot_line_precue: ori = 303.3571731145233
24.4677 	EXP 	rot_line_precue: ori = 303.8212626700019
24.4759 	EXP 	rot_line_precue: ori = 304.116717314861
24.4855 	EXP 	rot_line_precue: ori = 304.41387309300023
24.4940 	EXP 	rot_line_precue: ori = 304.7702758904526
24.5019 	EXP 	rot_line_precue: ori = 305.07234618999036
24.5101 	EXP 	rot_line_precue: ori = 305.3937662829682
24.5183 	EXP 	rot_line_precue: ori = 305.6974853088867
24.5258 	EXP 	rot_line_precue: ori = 306.1442869679784
24.5340 	EXP 	rot_line_precue: ori = 306.5888809456238
24.5420 	EXP 	rot_line_precue: ori = 306.95694301193396
24.5503 	EXP 	rot_line_precue: ori = 307.25302235810665
24.5586 	EXP 	rot_line_precue: ori = 307.63405736322625
24.5668 	EXP 	rot_line_precue: ori = 307.94410077451874
24.5755 	EXP 	rot_line_precue: ori = 308.55075140061274
24.5833 	EXP 	rot_line_precue: ori = 308.87680604452675
24.5916 	EXP 	rot_line_precue: ori = 309.18066340432193
24.6005 	EXP 	rot_line_precue: ori = 309.4827249772093
24.6080 	EXP 	rot_line_precue: ori = 309.8306982975071
24.6166 	EXP 	rot_line_precue: ori = 310.15216164009416
24.6247 	EXP 	rot_line_precue: ori = 310.4675580252858
24.6339 	EXP 	rot_line_precue: ori = 310.76394856065417
24.6414 	EXP 	rot_line_precue: ori = 311.175860906386
24.6495 	EXP 	rot_line_precue: ori = 311.8990256703552
24.6582 	EXP 	rot_line_precue: ori = 312.22664055063785
24.6668 	EXP 	rot_line_precue: ori = 312.653864070075
24.6753 	EXP 	rot_line_precue: ori = 313.22690471376205
24.6836 	EXP 	rot_line_precue: ori = 313.5631861946631
24.6926 	EXP 	rot_line_precue: ori = 313.9337030369612
24.7023 	EXP 	rot_line_precue: ori = 314.25251300737756
24.7103 	EXP 	rot_line_precue: ori = 314.5845729706671
24.7189 	EXP 	rot_line_precue: ori = 314.98921237466084
24.7270 	EXP 	rot_line_precue: ori = 315.47110741492
24.7358 	EXP 	rot_line_precue: ori = 315.7803729992179
24.7438 	EXP 	rot_line_precue: ori = 316.19856702256203
24.7517 	EXP 	rot_line_precue: ori = 316.5296807221589
24.7601 	EXP 	rot_line_precue: ori = 316.99211582533997
24.7683 	EXP 	rot_line_precue: ori = 317.4383518837092
24.7758 	EXP 	rot_line_precue: ori = 317.8438701935026
24.7836 	EXP 	rot_line_precue: ori = 318.17058914913997
24.7919 	EXP 	rot_line_precue: ori = 318.4881596129792
24.8006 	EXP 	rot_line_precue: ori = 318.8535689916937
24.8082 	EXP 	rot_line_precue: ori = 319.21955624062514
24.8165 	EXP 	rot_line_precue: ori = 319.69296297093484
24.8247 	EXP 	rot_line_precue: ori = 320.0770757254136
24.8332 	EXP 	rot_line_precue: ori = 320.43027599365485
24.8416 	EXP 	rot_line_precue: ori = 320.7514984610433
24.8497 	EXP 	rot_line_precue: ori = 321.34306660637696
24.8581 	EXP 	rot_line_precue: ori = 321.6816934107843
24.8662 	EXP 	rot_line_precue: ori = 322.0547077446574
24.8745 	EXP 	rot_line_precue: ori = 322.5759645688174
24.8829 	EXP 	rot_line_precue: ori = 322.9696297176222
24.8920 	EXP 	rot_line_precue: ori = 323.3621562408129
24.9005 	EXP 	rot_line_precue: ori = 323.6603359867138
24.9092 	EXP 	rot_line_precue: ori = 324.04519623013414
24.9185 	EXP 	rot_line_precue: ori = 324.6103736128919
24.9266 	EXP 	rot_line_precue: ori = 325.16925669103665
24.9354 	EXP 	rot_line_precue: ori = 325.4891288225394
24.9439 	EXP 	rot_line_precue: ori = 326.07607577291594
24.9522 	EXP 	rot_line_precue: ori = 326.62525075827585
24.9606 	EXP 	rot_line_precue: ori = 327.1661020159701
24.9686 	EXP 	rot_line_precue: ori = 327.65300629380823
24.9762 	EXP 	rot_line_precue: ori = 327.95313793694123
24.9847 	EXP 	rot_line_precue: ori = 328.30416287087877
24.9935 	EXP 	rot_line_precue: ori = 328.62878503223675
25.0023 	EXP 	rot_line_precue: ori = 329.27693888430235
25.0103 	EXP 	rot_line_precue: ori = 329.67193902117384
25.0183 	EXP 	rot_line_precue: ori = 330.0926153744472
25.0272 	EXP 	rot_line_precue: ori = 330.4018379333081
25.0352 	EXP 	rot_line_precue: ori = 330.7670959025928
25.0434 	EXP 	rot_line_precue: ori = 331.0632580047735
25.0518 	EXP 	rot_line_precue: ori = 331.36765438101276
25.0596 	EXP 	rot_line_precue: ori = 331.933457925783
25.0679 	EXP 	rot_line_precue: ori = 332.40487990338335
25.0752 	EXP 	rot_line_precue: ori = 333.0632096418823
25.0832 	EXP 	rot_line_precue: ori = 333.4763693899834
25.0915 	EXP 	rot_line_precue: ori = 334.0278483918373
25.1006 	EXP 	rot_line_precue: ori = 334.42970123999237
25.1085 	EXP 	rot_line_precue: ori = 334.7658770325751
25.1164 	EXP 	rot_line_precue: ori = 335.4027240655204
25.1252 	EXP 	rot_line_precue: ori = 336.09862342590924
25.1332 	EXP 	rot_line_precue: ori = 336.39949398039636
25.1414 	EXP 	rot_line_precue: ori = 336.72208237107276
25.1497 	EXP 	rot_line_precue: ori = 337.15130983876975
25.1578 	EXP 	rot_line_precue: ori = 337.45234384319696
25.1668 	EXP 	rot_line_precue: ori = 337.84445753184235
25.1757 	EXP 	rot_line_precue: ori = 338.1596414500169
25.1835 	EXP 	rot_line_precue: ori = 338.7963120707773
25.1921 	EXP 	rot_line_precue: ori = 339.16393868741307
25.2013 	EXP 	rot_line_precue: ori = 339.4674327046014
25.2105 	EXP 	rot_line_precue: ori = 339.7641704205177
25.2186 	EXP 	rot_line_precue: ori = 340.15715293011465
25.2270 	EXP 	rot_line_precue: ori = 340.63856204188636
25.2357 	EXP 	rot_line_precue: ori = 340.9964172109724
25.2438 	EXP 	rot_line_precue: ori = 341.33240837320955
25.2521 	EXP 	rot_line_precue: ori = 341.6435407865914
25.2603 	EXP 	rot_line_precue: ori = 341.95884039117647
25.2684 	EXP 	rot_line_precue: ori = 342.4252972946869
25.2759 	EXP 	rot_line_precue: ori = 342.8921544426326
25.2843 	EXP 	rot_line_precue: ori = 343.19419077479864
25.2935 	EXP 	rot_line_precue: ori = 343.9668898692504
25.3018 	EXP 	rot_line_precue: ori = 344.29184639658547
25.3107 	EXP 	rot_line_precue: ori = 344.5958360834336
25.3192 	EXP 	rot_line_precue: ori = 345.0923238412719
25.3274 	EXP 	rot_line_precue: ori = 345.4784427178119
25.3356 	EXP 	rot_line_precue: ori = 345.84819241262784
25.3431 	EXP 	rot_line_precue: ori = 346.4250796996605
25.3504 	EXP 	rot_line_precue: ori = 346.9132275171511
25.3590 	EXP 	rot_line_precue: ori = 347.3620782385428
25.3676 	EXP 	rot_line_precue: ori = 347.6625456067358
25.3693 	EXP 	New trial (rep=4, index=11): <Trial 11 (11 in rep 4) data={'pic_name': 'pics/none.JPG', 'class_mi': 'rest', 'thisN': 11, 'thisTrialN': 11, 'thisRepN': 4}>
25.3765 	EXP 	hor_line_precue: autoDraw = False
25.3765 	EXP 	ver_line_precue: autoDraw = False
25.3765 	EXP 	rot_line_precue: autoDraw = False
25.3765 	EXP 	rot_line_precue: ori = 348.01497793480655
25.3765 	EXP 	point_left: autoDraw = False
25.3765 	EXP 	point_right: autoDraw = False
25.3765 	EXP 	dot_precue: autoDraw = False
25.3765 	EXP 	hor_line_precue: autoDraw = False
25.3765 	EXP 	ver_line_precue: autoDraw = False
25.3765 	EXP 	rot_line_precue: autoDraw = False
25.3765 	EXP 	point_left: autoDraw = False
25.3765 	EXP 	point_right: autoDraw = False
25.3765 	EXP 	dot_precue: autoDraw = False
25.3765 	EXP 	hor_line_precue: autoDraw = True
25.3765 	EXP 	ver_line_precue: autoDraw = True
25.3765 	EXP 	rot_line_precue: autoDraw = True
25.3765 	EXP 	rot_line_precue: ori = 348.3243202301268
25.3765 	EXP 	point_left: autoDraw = True
25.3765 	EXP 	point_right: autoDraw = True
25.3765 	EXP 	dot_precue: autoDraw = True
25.3848 	EXP 	rot_line_precue: ori = 348.6853147280856
25.3928 	EXP 	rot_line_precue: ori = 349.1175010278272
25.4000 	EXP 	rot_line_precue: ori = 349.7716863095577
25.4080 	EXP 	rot_line_precue: ori = 350.14482497369636
25.4177 	EXP 	rot_line_precue: ori = 350.8555856894167
25.4252 	EXP 	rot_line_precue: ori = 351.18641476791254
25.4340 	EXP 	rot_line_precue: ori = 351.4883231968397
25.4422 	EXP 	rot_line_precue: ori = 351.9503906119207
25.4509 	EXP 	rot_line_precue: ori = 352.4080876601197
25.4594 	EXP 	rot_line_precue: ori = 352.7315355541515
25.4688 	EXP 	rot_line_precue: ori = 353.2188685164008
25.4774 	EXP 	rot_line_precue: ori = 353.6066623357701
25.4858 	EXP 	rot_line_precue: ori = 354.01761298159266
25.4942 	EXP 	rot_line_precue: ori = 354.31501018703153
25.5024 	EXP 	rot_line_precue: ori = 354.6322861124608
25.5106 	EXP 	rot_line_precue: ori = 354.95294512084865
25.5186 	EXP 	rot_line_precue: ori = 355.6870389068818
25.5265 	EXP 	rot_line_precue: ori = 356.46625031281445
25.5352 	EXP 	rot_line_precue: ori = 356.7677312484254
25.5435 	EXP 	rot_line_precue: ori = 357.1062108427665
25.5518 	EXP 	rot_line_precue: ori = 357.45047615886807
25.5597 	EXP 	rot_line_precue: ori = 357.8783582190486
25.5683 	EXP 	rot_line_precue: ori = 358.3800185634332
25.5771 	EXP 	rot_line_precue: ori = 358.76388135580237
25.5849 	EXP 	rot_line_precue: ori = 359.1169285118514
25.5931 	EXP 	rot_line_precue: ori = 359.4845312810481
25.6013 	EXP 	rot_line_precue: ori = 359.83487778676306
25.6099 	EXP 	rot_line_precue: ori = 0.5108970314348085
25.6182 	EXP 	rot_line_precue: ori = 0.9517313394900331
25.6256 	EXP 	rot_line_precue: ori = 1.2551865869737322
25.6342 	EXP 	rot_line_precue: ori = 1.7098814376430544
25.6418 	EXP 	rot_line_precue: ori = 2.0591687713721516
25.6494 	EXP 	rot_line_precue: ori = 2.5007870791909297
25.6579 	EXP 	rot_line_precue: ori = 2.8069906957408586
25.6668 	EXP 	rot_line_precue: ori = 3.1893117459109352
25.6751 	EXP 	rot_line_precue: ori = 3.5168454155355486
25.6836 	EXP 	rot_line_precue: ori = 4.028662379371976
25.6920 	EXP 	rot_line_precue: ori = 4.392063434238163
25.7005 	EXP 	rot_line_precue: ori = 4.855058782592398
25.7092 	EXP 	rot_line_precue: ori = 5.173513345174636
25.7176 	EXP 	rot_line_precue: ori = 5.478372481552287
25.7261 	EXP 	rot_line_precue: ori = 5.776414784493768
25.7358 	EXP 	rot_line_precue: ori = 6.371658787668897
25.7439 	EXP 	rot_line_precue: ori = 6.975061274231868
25.7522 	EXP 	rot_line_precue: ori = 7.68359346512602
25.7605 	EXP 	rot_line_precue: ori = 8.02884832751649
25.7685 	EXP 	rot_line_precue: ori = 8.393141983383508
25.7765 	EXP 	rot_line_precue: ori = 8.832333943880649
25.7843 	EXP 	rot_line_precue: ori = 9.168862698375873
25.7924 	EXP 	rot_line_precue: ori = 9.471730383807333
25.8006 	EXP 	rot_line_precue: ori = 9.963383783141175
25.8096 	EXP 	rot_line_precue: ori = 10.29442257627697
25.8181 	EXP 	rot_line_precue: ori = 10.624598777593155
25.8265 	EXP 	rot_line_precue: ori = 10.988975808524843
25.8341 	EXP 	rot_line_precue: ori = 11.389084558205496
25.8420 	EXP 	rot_line_precue: ori = 11.755385842671622
25.8507 	EXP 	rot_line_precue: ori = 12.11827377327472
25.8582 	EXP 	rot_line_precue: ori = 12.540506802659387
25.8663 	EXP 	rot_line_precue: ori = 12.89590067657801
25.8753 	EXP 	rot_line_precue: ori = 13.299484937440049
25.8833 	EXP 	rot_line_precue: ori = 13.605684176341226
25.8917 	EXP 	rot_line_precue: ori = 13.904321679898057
25.8998 	EXP 	rot_line_precue: ori = 14.201189469051425
25.9082 	EXP 	rot_line_precue: ori = 14.52793010685778
25.9178 	EXP 	rot_line_precue: ori = 14.897125657778199
25.9254 	EXP 	rot_line_precue: ori = 15.243638621605658
25.9337 	EXP 	rot_line_precue: ori = 15.692048000203952
25.9423 	EXP 	rot_line_precue: ori = 16.198279084347202
25.9507 	EXP 	rot_line_precue: ori = 16.696263881241705
25.9592 	EXP 	rot_line_precue: ori = 17.024351915632526
25.9682 	EXP 	rot_line_precue: ori = 17.34396653932023
25.9775 	EXP 	rot_line_precue: ori = 17.74415607573855
25.9860 	EXP 	rot_line_precue: ori = 18.358421673200812
25.9943 	EXP 	rot_line_precue: ori = 18.666630172118605
26.0024 	EXP 	rot_line_precue: ori = 19.10692353473841
26.0101 	EXP 	rot_line_precue: ori = 19.49380553438254
26.0179 	EXP 	rot_line_precue: ori = 19.87921034029712
26.0267 	EXP 	rot_line_precue: ori = 20.212087870060998
26.0346 	EXP 	rot_line_precue: ori = 20.550073336924484
26.0435 	EXP 	rot_line_precue: ori = 20.935236207394748
26.0509 	EXP 	rot_line_precue: ori = 21.26684237962221
26.0600 	EXP 	rot_line_precue: ori = 21.624924782498695
26.0682 	EXP 	rot_line_precue: ori = 22.327578998487155
26.0760 	EXP 	rot_line_precue: ori = 22.731398775268403
26.0840 	EXP 	rot_line_precue: ori = 23.033944055554635
26.0917 	EXP 	rot_line_precue: ori = 23.549951109266804
26.0999 	EXP 	rot_line_precue: ori = 23.89549204679543
26.1081 	EXP 	rot_line_precue: ori = 24.67221314988615
26.1165 	EXP 	rot_line_precue: ori = 25.171798139328487
26.1247 	EXP 	rot_line_precue: ori = 25.582308738022505
26.1329 	EXP 	rot_line_precue: ori = 25.883535619289116
26.1413 	EXP 	rot_line_precue: ori = 26.189384259513574
26.1502 	EXP 	rot_line_precue: ori = 26.503305339069858
26.1583 	EXP 	rot_line_precue: ori = 26.799927839378675
26.1668 	EXP 	rot_line_precue: ori = 27.13155402174847
26.1756 	EXP 	rot_line_precue: ori = 27.49820046189242
26.1837 	EXP 	rot_line_precue: ori = 27.842351492701283
26.1928 	EXP 	rot_line_precue: ori = 28.13765316230096
26.2008 	EXP 	rot_line_precue: ori = 28.53038277881299
26.2103 	EXP 	rot_line_precue: ori = 28.854845763719233
26.2196 	EXP 	rot_line_precue: ori = 29.18310103989666
26.2273 	EXP 	rot_line_precue: ori = 29.728535622731712
26.2355 	EXP 	rot_line_precue: ori = 30.17334390842179
26.2437 	EXP 	rot_line_precue: ori = 30.525763449733493
26.2520 	EXP 	rot_line_precue: ori = 30.83774726855383
26.2602 	EXP 	rot_line_precue: ori = 31.356147548760163
26.2687 	EXP 	rot_line_precue: ori = 31.651789313630395
26.2765 	EXP 	rot_line_precue: ori = 32.213458727197605
26.2851 	EXP 	rot_line_precue: ori = 32.51250514412017
26.2935 	EXP 	rot_line_precue: ori = 32.88373701153237
26.3013 	EXP 	rot_line_precue: ori = 33.182225429261095
26.3105 	EXP 	rot_line_precue: ori = 33.52439438314148
26.3184 	EXP 	rot_line_precue: ori = 33.82012070321386
26.3254 	EXP 	rot_line_precue: ori = 34.212844340324345
26.3332 	EXP 	rot_line_precue: ori = 34.6230225179917
26.3419 	EXP 	rot_line_precue: ori = 35.03394144706402
26.3499 	EXP 	rot_line_precue: ori = 35.353168173788106
26.3586 	EXP 	rot_line_precue: ori = 35.68969534724094
26.3668 	EXP 	rot_line_precue: ori = 36.08936177343029
26.3755 	EXP 	rot_line_precue: ori = 36.39414053184095
26.3840 	EXP 	rot_line_precue: ori = 36.709880691744615
26.3915 	EXP 	rot_line_precue: ori = 37.01287269840917
26.3998 	EXP 	rot_line_precue: ori = 37.37667175409783
26.4080 	EXP 	rot_line_precue: ori = 38.172828869702236
26.4166 	EXP 	rot_line_precue: ori = 38.47755788516628
26.4248 	EXP 	rot_line_precue: ori = 38.886800322600706
26.4344 	EXP 	rot_line_precue: ori = 39.31152730837463
26.4418 	EXP 	rot_line_precue: ori = 39.70782722488647
26.4503 	EXP 	rot_line_precue: ori = 40.02507391173295
26.4590 	EXP 	rot_line_precue: ori = 40.350815830380434
26.4672 	EXP 	rot_line_precue: ori = 40.924856602423354
26.4756 	EXP 	rot_line_precue: ori = 41.39179967068807
26.4840 	EXP 	rot_line_precue: ori = 41.727836219262976
26.4925 	EXP 	rot_line_precue: ori = 42.38510546517887
26.5008 	EXP 	rot_line_precue: ori = 43.12371486334229
26.5093 	EXP 	rot_line_precue: ori = 43.459609464979984
26.5177 	EXP 	rot_line_precue: ori = 43.81037254160525
26.5255 	EXP 	rot_line_precue: ori = 44.24040842256074
26.5337 	EXP 	rot_line_precue: ori = 44.59176959003723
26.5420 	EXP 	rot_line_precue: ori = 45.02545737564409
26.5505 	EXP 	rot_line_precue: ori = 45.33541048749088
26.5589 	EXP 	rot_line_precue: ori = 45.643052277821695
26.5679 	EXP 	rot_line_precue: ori = 46.2096979509525
26.5769 	EXP 	rot_line_precue: ori = 46.59092605843507
26.5850 	EXP 	rot_line_precue: ori = 47.04172355836928
26.5930 	EXP 	rot_line_precue: ori = 47.420304448191004
26.6014 	EXP 	rot_line_precue: ori = 47.91175873512101
26.6095 	EXP 	rot_line_precue: ori = 48.38871282415802
26.6170 	EXP 	rot_line_precue: ori = 48.79211250936663
26.6246 	EXP 	rot_line_precue: ori = 49.39859512962583
26.6330 	EXP 	rot_line_precue: ori = 49.717055142097614
26.6415 	EXP 	rot_line_precue: ori = 50.014293074441845
26.6497 	EXP 	rot_line_precue: ori = 50.40458483954442
26.6581 	EXP 	rot_line_precue: ori = 50.86339540376631
26.6674 	EXP 	rot_line_precue: ori = 51.27069407155774
26.6746 	EXP 	rot_line_precue: ori = 51.80200787498465
26.6835 	EXP 	rot_line_precue: ori = 52.15289467210553
26.6919 	EXP 	rot_line_precue: ori = 52.5253152301595
26.7006 	EXP 	rot_line_precue: ori = 52.86749937217871
26.7089 	EXP 	rot_line_precue: ori = 53.23718946719476
26.7178 	EXP 	rot_line_precue: ori = 53.559449590559396
26.7260 	EXP 	rot_line_precue: ori = 53.88303129323139
26.7354 	EXP 	rot_line_precue: ori = 54.226646933131725
26.7437 	EXP 	rot_line_precue: ori = 54.5464793451889
26.7521 	EXP 	rot_line_precue: ori = 55.06330525592972
26.7607 	EXP 	rot_line_precue: ori = 55.86153698836006
26.7689 	EXP 	rot_line_precue: ori = 56.168291849203186
26.7776 	EXP 	rot_line_precue: ori = 56.6963490381327
26.7856 	EXP 	rot_line_precue: ori = 57.00070993998737
26.7938 	EXP 	rot_line_precue: ori = 57.48003495428986
26.8024 	EXP 	rot_line_precue: ori = 57.834816096518075
26.8100 	EXP 	rot_line_precue: ori = 58.142985989552734
26.8186 	EXP 	rot_line_precue: ori = 58.49959292090976
26.8264 	EXP 	rot_line_precue: ori = 58.83861180009876
26.8349 	EXP 	rot_line_precue: ori = 59.29262403143171
26.8424 	EXP 	rot_line_precue: ori = 59.690502761463534
26.8503 	EXP 	rot_line_precue: ori = 60.01669603405947
26.8584 	EXP 	rot_line_precue: ori = 60.322025752112914
26.8665 	EXP 	rot_line_precue: ori = 60.651199565314435
26.8749 	EXP 	rot_line_precue: ori = 61.062266082923095
26.8831 	EXP 	rot_line_precue: ori = 61.37140939260621
26.8914 	EXP 	rot_line_precue: ori = 61.692166469930875
26.9006 	EXP 	rot_line_precue: ori = 62.14800461262713
26.9081 	EXP 	rot_line_precue: ori = 62.926639490445694
26.9165 	EXP 	rot_line_precue: ori = 63.22781192631682
26.9248 	EXP 	rot_line_precue: ori = 63.53695710857609
26.9336 	EXP 	rot_line_precue: ori = 63.83712102175795
26.9421 	EXP 	rot_line_precue: ori = 64.1328596124884
26.9503 	EXP 	rot_line_precue: ori = 64.47504140567617
26.9592 	EXP 	rot_line_precue: ori = 64.81000279511149
26.9678 	EXP 	rot_line_precue: ori = 65.27560941803127
26.9770 	EXP 	rot_line_precue: ori = 65.59368340383412
26.9852 	EXP 	rot_line_precue: ori = 66.03912976722434
26.9942 	EXP 	rot_line_precue: ori = 66.35238949535471
27.0025 	EXP 	rot_line_precue: ori = 66.72183251814246
27.0105 	EXP 	rot_line_precue: ori = 67.13181514364268
27.0191 	EXP 	rot_line_precue: ori = 67.68159155031792
27.0269 	EXP 	rot_line_precue: ori = 67.9933457035666
27.0343 	EXP 	rot_line_precue: ori = 68.41585732603149
27.0423 	EXP 	rot_line_precue: ori = 68.71449679151752
27.0510 	EXP 	rot_line_precue: ori = 69.20019431723921
27.0605 	EXP 	rot_line_precue: ori = 69.50216233249354
27.0686 	EXP 	rot_line_precue: ori = 69.87146021673902
27.0765 	EXP 	rot_line_precue: ori = 70.1854296241195
27.0849 	EXP 	rot_line_precue: ori = 70.51105448735737
27.0945 	EXP 	rot_line_precue: ori = 70.82451992620315
27.1025 	EXP 	rot_line_precue: ori = 71.12014657690602
27.1098 	EXP 	rot_line_precue: ori = 71.9229494436166
27.1171 	EXP 	rot_line_precue: ori = 72.33331680969394
27.1248 	EXP 	rot_line_precue: ori = 72.72101014187689
27.1330 	EXP 	rot_line_precue: ori = 73.1062332906533
27.1416 	EXP 	rot_line_precue: ori = 73.43726148209728
27.1506 	EXP 	rot_line_precue: ori = 73.74392073636714
27.1580 	EXP 	rot_line_precue: ori = 74.27819506849998
27.1673 	EXP 	rot_line_precue: ori = 74.73213397430794
27.1748 	EXP 	rot_line_precue: ori = 75.21026186407506
27.1835 	EXP 	rot_line_precue: ori = 75.60171450956422
27.1938 	EXP 	rot_line_precue: ori = 75.92269512478417
27.2027 	EXP 	rot_line_precue: ori = 76.2742549211594
27.2105 	EXP 	rot_line_precue: ori = 76.97007019900694
27.2187 	EXP 	rot_line_precue: ori = 77.43351474276805
27.2272 	EXP 	rot_line_precue: ori = 77.78298312809711
27.2360 	EXP 	rot_line_precue: ori = 78.16511366881183
27.2443 	EXP 	rot_line_precue: ori = 78.53875500799771
27.2534 	EXP 	rot_line_precue: ori = 79.02266164835815
27.2612 	EXP 	rot_line_precue: ori = 79.32452805618442
27.2687 	EXP 	rot_line_precue: ori = 79.72020989412515
27.2768 	EXP 	rot_line_precue: ori = 80.16557282811878
27.2842 	EXP 	rot_line_precue: ori = 80.50867429406225
27.2934 	EXP 	rot_line_precue: ori = 81.01485891164742
27.3016 	EXP 	rot_line_precue: ori = 81.57695769881842
27.3093 	EXP 	rot_line_precue: ori = 81.90987875982013
27.3185 	EXP 	rot_line_precue: ori = 82.38079818280227
27.3267 	EXP 	rot_line_precue: ori = 82.69424520738264
27.3351 	EXP 	rot_line_precue: ori = 83.02339058603971
27.3434 	EXP 	rot_line_precue: ori = 83.67555993706148
27.3518 	EXP 	rot_line_precue: ori = 84.00417365690815
27.3602 	EXP 	rot_line_precue: ori = 84.71405942746057
27.3618 	EXP 	New trial (rep=2, index=12): <Trial 12 (12 in rep 2) data={'pic_name': 'pics/feet.JPG', 'class_mi': 'feet', 'thisN': 12, 'thisTrialN': 12, 'thisRepN': 2}>
27.3685 	EXP 	hor_line_precue: autoDraw = False
27.3685 	EXP 	ver_line_precue: autoDraw = False
27.3685 	EXP 	rot_line_precue: autoDraw = False
27.3685 	EXP 	rot_line_precue: ori = 85.07457793361965
27.3685 	EXP 	point_left: autoDraw = False
27.3685 	EXP 	point_right: autoDraw = False
27.3685 	EXP 	dot_precue: autoDraw = False
27.3685 	EXP 	hor_line_precue: autoDraw = False
27.3685 	EXP 	ver_line_precue: autoDraw = False
27.3685 	EXP 	rot_line_precue: autoDraw = False
27.3685 	EXP 	point_left: autoDraw = False
27.3685 	EXP 	point_right: autoDraw = False
27.3685 	EXP 	dot_precue: autoDraw = False
27.3685 	EXP 	hor_line_precue: autoDraw = True
27.3685 	EXP 	ver_line_precue: autoDraw = True
27.3685 	EXP 	rot_line_precue: autoDraw = True
27.3685 	EXP 	rot_line_precue: ori = 85.64508149764355
27.3685 	EXP 	point_left: autoDraw = True
27.3685 	EXP 	point_right: autoDraw = True
27.3685 	EXP 	dot_precue: autoDraw = True
27.3768 	EXP 	rot_line_precue: ori = 85.98499162137779
27.3848 	EXP 	rot_line_precue: ori = 86.2918290218882
27.3931 	EXP 	rot_line_precue: ori = 86.67140681395217
27.4007 	EXP 	rot_line_precue: ori = 86.97757635336725
27.4090 	EXP 	rot_line_precue: ori = 87.28232816036206
27.4173 	EXP 	rot_line_precue: ori = 87.9824966918087
27.4256 	EXP 	rot_line_precue: ori = 88.32190056200227
27.4339 	EXP 	rot_line_precue: ori = 88.70969527916556
27.4422 	EXP 	rot_line_precue: ori = 89.29028688727294
27.4515 	EXP 	rot_line_precue: ori = 89.99262602203201
27.4594 	EXP 	rot_line_precue: ori = 90.43596280015969
27.4687 	EXP 	rot_line_precue: ori = 91.20846221328429
27.4775 	EXP 	rot_line_precue: ori = 91.53052849920006
27.4855 	EXP 	rot_line_precue: ori = 91.82782029947575
27.4937 	EXP 	rot_line_precue: ori = 92.25559680553974
27.5016 	EXP 	rot_line_precue: ori = 92.56039645466905
27.5108 	EXP 	rot_line_precue: ori = 92.93382538627243
27.5191 	EXP 	rot_line_precue: ori = 93.60487631987233
27.5264 	EXP 	rot_line_precue: ori = 93.98077706356759
27.5353 	EXP 	rot_line_precue: ori = 94.29557301762269
27.5435 	EXP 	rot_line_precue: ori = 94.62285148368021
27.5519 	EXP 	rot_line_precue: ori = 95.0865792692965
27.5599 	EXP 	rot_line_precue: ori = 95.39229657034683
27.5689 	EXP 	rot_line_precue: ori = 95.77361426687743
27.5771 	EXP 	rot_line_precue: ori = 96.12666937154675
27.5849 	EXP 	rot_line_precue: ori = 96.42842834201277
27.5938 	EXP 	rot_line_precue: ori = 97.06668349932276
27.6026 	EXP 	rot_line_precue: ori = 97.4900043705061
27.6109 	EXP 	rot_line_precue: ori = 97.92761106653394
27.6186 	EXP 	rot_line_precue: ori = 98.27794897586502
27.6263 	EXP 	rot_line_precue: ori = 98.62183965895547
27.6342 	EXP 	rot_line_precue: ori = 98.96041913688298
27.6428 	EXP 	rot_line_precue: ori = 99.3055258918308
27.6498 	EXP 	rot_line_precue: ori = 99.81854602391701
27.6579 	EXP 	rot_line_precue: ori = 100.22812161394792
27.6666 	EXP 	rot_line_precue: ori = 100.64899222418295
27.6749 	EXP 	rot_line_precue: ori = 100.99945830363819
27.6840 	EXP 	rot_line_precue: ori = 101.43443425332491
27.6916 	EXP 	rot_line_precue: ori = 101.75834909414714
27.7002 	EXP 	rot_line_precue: ori = 102.40066178051265
27.7086 	EXP 	rot_line_precue: ori = 102.71758683949517
27.7170 	EXP 	rot_line_precue: ori = 103.30752027867177
27.7253 	EXP 	rot_line_precue: ori = 103.67034730068083
27.7340 	EXP 	rot_line_precue: ori = 104.03408003462086
27.7427 	EXP 	rot_line_precue: ori = 104.43561392924713
27.7525 	EXP 	rot_line_precue: ori = 104.88471263333328
27.7608 	EXP 	rot_line_precue: ori = 105.49400287315783
27.7687 	EXP 	rot_line_precue: ori = 105.81368095897884
27.7762 	EXP 	rot_line_precue: ori = 106.17228171843982
27.7841 	EXP 	rot_line_precue: ori = 106.95949534759703
27.7934 	EXP 	rot_line_precue: ori = 107.27489744267427
27.8018 	EXP 	rot_line_precue: ori = 107.59279008389147
27.8099 	EXP 	rot_line_precue: ori = 107.95738048877767
27.8180 	EXP 	rot_line_precue: ori = 108.45681481947355
27.8260 	EXP 	rot_line_precue: ori = 108.78422794535159
27.8342 	EXP 	rot_line_precue: ori = 109.11828027969194
27.8422 	EXP 	rot_line_precue: ori = 109.42685062313522
27.8510 	EXP 	rot_line_precue: ori = 109.97996801447032
27.8599 	EXP 	rot_line_precue: ori = 110.44621841611803
27.8688 	EXP 	rot_line_precue: ori = 110.79602145922178
27.8764 	EXP 	rot_line_precue: ori = 111.09936990882247
27.8849 	EXP 	rot_line_precue: ori = 111.4137740564852
27.8929 	EXP 	rot_line_precue: ori = 111.78648869154995
27.9010 	EXP 	rot_line_precue: ori = 112.26069786131103
27.9096 	EXP 	rot_line_precue: ori = 112.60044966060224
27.9181 	EXP 	rot_line_precue: ori = 112.97209160550877
27.9262 	EXP 	rot_line_precue: ori = 113.27549610734025
27.9333 	EXP 	rot_line_precue: ori = 113.59952086937334
27.9414 	EXP 	rot_line_precue: ori = 113.95128070352362
27.9501 	EXP 	rot_line_precue: ori = 114.38549138500723
27.9585 	EXP 	rot_line_precue: ori = 114.6877213289633
27.9669 	EXP 	rot_line_precue: ori = 115.02535379045622
27.9757 	EXP 	rot_line_precue: ori = 115.50007281389021
27.9843 	EXP 	rot_line_precue: ori = 115.80831973758595
27.9939 	EXP 	rot_line_precue: ori = 116.56520249198107
28.0024 	EXP 	rot_line_precue: ori = 116.94615100423934
28.0107 	EXP 	rot_line_precue: ori = 117.28973192373627
28.0192 	EXP 	rot_line_precue: ori = 117.65726418429158
28.0276 	EXP 	rot_line_precue: ori = 117.96710968293999
28.0354 	EXP 	rot_line_precue: ori = 118.30672625690048
28.0436 	EXP 	rot_line_precue: ori = 118.74748535745599
28.0516 	EXP 	rot_line_precue: ori = 119.0666188742048
28.0602 	EXP 	rot_line_precue: ori = 119.38046849487414
28.0685 	EXP 	rot_line_precue: ori = 120.025874248148
28.0768 	EXP 	rot_line_precue: ori = 120.443705274057
28.0851 	EXP 	rot_line_precue: ori = 120.75043369749477
28.0933 	EXP 	rot_line_precue: ori = 121.0893157822042
28.1001 	EXP 	rot_line_precue: ori = 121.46740131835834
28.1085 	EXP 	rot_line_precue: ori = 121.8545178037843
28.1166 	EXP 	rot_line_precue: ori = 122.31769102258689
28.1250 	EXP 	rot_line_precue: ori = 122.92221645235118
28.1330 	EXP 	rot_line_precue: ori = 123.22318370559064
28.1414 	EXP 	rot_line_precue: ori = 123.58363977028019
28.1497 	EXP 	rot_line_precue: ori = 123.92269703682558
28.1581 	EXP 	rot_line_precue: ori = 124.34559576293705
28.1665 	EXP 	rot_line_precue: ori = 124.957637247182
28.1746 	EXP 	rot_line_precue: ori = 125.4428331257617
28.1831 	EXP 	rot_line_precue: ori = 125.83319747022608
28.1913 	EXP 	rot_line_precue: ori = 126.27144358346571
28.1998 	EXP 	rot_line_precue: ori = 126.61022144711811
28.2086 	EXP 	rot_line_precue: ori = 126.93981394737985
28.2168 	EXP 	rot_line_precue: ori = 127.43238397743123
28.2253 	EXP 	rot_line_precue: ori = 128.14886600698887
28.2340 	EXP 	rot_line_precue: ori = 128.59600427762985
28.2423 	EXP 	rot_line_precue: ori = 128.89732920156987
28.2505 	EXP 	rot_line_precue: ori = 129.66768710181387
28.2593 	EXP 	rot_line_precue: ori = 129.9828759268571
28.2689 	EXP 	rot_line_precue: ori = 130.40746761637368
28.2775 	EXP 	rot_line_precue: ori = 130.73628312534183
28.2854 	EXP 	rot_line_precue: ori = 131.10267511846658
28.2935 	EXP 	rot_line_precue: ori = 131.40917451853977
28.3016 	EXP 	rot_line_precue: ori = 131.74286823846634
28.3098 	EXP 	rot_line_precue: ori = 132.22165401571297
28.3172 	EXP 	rot_line_precue: ori = 132.56776700505614
28.3251 	EXP 	rot_line_precue: ori = 132.94458521712883
28.3339 	EXP 	rot_line_precue: ori = 133.58640403807522
28.3419 	EXP 	rot_line_precue: ori = 134.02516256836802
28.3499 	EXP 	rot_line_precue: ori = 134.35583946983095
28.3584 	EXP 	rot_line_precue: ori = 134.74133272634802
28.3674 	EXP 	rot_line_precue: ori = 135.1198656884776
28.3750 	EXP 	rot_line_precue: ori = 135.4238852070785
28.3830 	EXP 	rot_line_precue: ori = 135.73902537139594
28.3914 	EXP 	rot_line_precue: ori = 136.07141595126484
28.3998 	EXP 	rot_line_precue: ori = 136.51042206060455
28.4080 	EXP 	rot_line_precue: ori = 136.81976934432188
28.4166 	EXP 	rot_line_precue: ori = 137.54850280603762
28.4254 	EXP 	rot_line_precue: ori = 137.84612678774226
28.4331 	EXP 	rot_line_precue: ori = 138.16898342837843
28.4420 	EXP 	rot_line_precue: ori = 138.57375907117262
28.4511 	EXP 	rot_line_precue: ori = 139.0499128785473
28.4586 	EXP 	rot_line_precue: ori = 139.36478614879488
28.4675 	EXP 	rot_line_precue: ori = 139.78449796519305
28.4756 	EXP 	rot_line_precue: ori = 140.17255143626434
28.4842 	EXP 	rot_line_precue: ori = 140.65297759926702
28.4930 	EXP 	rot_line_precue: ori = 140.97395926401143
28.5023 	EXP 	rot_line_precue: ori = 141.28830856609198
28.5105 	EXP 	rot_line_precue: ori = 141.74928025751228
28.5189 	EXP 	rot_line_precue: ori = 142.08941333800752
28.5266 	EXP 	rot_line_precue: ori = 142.41286937366212
28.5357 	EXP 	rot_line_precue: ori = 142.73131938439295
28.5437 	EXP 	rot_line_precue: ori = 143.0533493141109
28.5519 	EXP 	rot_line_precue: ori = 143.35423855545628
28.5603 	EXP 	rot_line_precue: ori = 143.6766658304955
28.5686 	EXP 	rot_line_precue: ori = 144.42479170527017
28.5768 	EXP 	rot_line_precue: ori = 144.82942191394793
28.5854 	EXP 	rot_line_precue: ori = 145.30379539383983
28.5937 	EXP 	rot_line_precue: ori = 145.60233824133167
28.6018 	EXP 	rot_line_precue: ori = 146.11779597833106
28.6099 	EXP 	rot_line_precue: ori = 146.41942635452432
28.6184 	EXP 	rot_line_precue: ori = 146.73134299193748
28.6263 	EXP 	rot_line_precue: ori = 147.23857454963166
28.6339 	EXP 	rot_line_precue: ori = 147.554021230378
28.6419 	EXP 	rot_line_precue: ori = 148.23077337161325
28.6505 	EXP 	rot_line_precue: ori = 148.73717100561782
28.6587 	EXP 	rot_line_precue: ori = 149.07942364260595
28.6670 	EXP 	rot_line_precue: ori = 149.433441542423
28.6750 	EXP 	rot_line_precue: ori = 149.81469969907084
28.6838 	EXP 	rot_line_precue: ori = 150.27531366125925
28.6919 	EXP 	rot_line_precue: ori = 150.65129726348607
28.7001 	EXP 	rot_line_precue: ori = 151.11892199517848
28.7083 	EXP 	rot_line_precue: ori = 151.44335910375446
28.7164 	EXP 	rot_line_precue: ori = 151.82134909803295
28.7254 	EXP 	rot_line_precue: ori = 152.42809153088282
28.7338 	EXP 	rot_line_precue: ori = 152.7503094748232
28.7422 	EXP 	rot_line_precue: ori = 153.32667583042527
28.7510 	EXP 	rot_line_precue: ori = 153.62960248687912
28.7593 	EXP 	rot_line_precue: ori = 153.938610587369
28.7676 	EXP 	rot_line_precue: ori = 154.2670990601502
28.7770 	EXP 	rot_line_precue: ori = 154.5677727505901
28.7855 	EXP 	rot_line_precue: ori = 154.96962891861486
28.7947 	EXP 	rot_line_precue: ori = 155.35660532267337
28.8019 	EXP 	rot_line_precue: ori = 155.88015215409402
28.8102 	EXP 	rot_line_precue: ori = 156.269922099542
28.8185 	EXP 	rot_line_precue: ori = 156.99293769504413
28.8266 	EXP 	rot_line_precue: ori = 157.28910238809632
28.8355 	EXP 	rot_line_precue: ori = 157.59970754587093
28.8433 	EXP 	rot_line_precue: ori = 157.90653534838182
28.8517 	EXP 	rot_line_precue: ori = 158.66721625682948
28.8605 	EXP 	rot_line_precue: ori = 158.9661788288715
28.8684 	EXP 	rot_line_precue: ori = 159.31350173705871
28.8767 	EXP 	rot_line_precue: ori = 159.68013791479683
28.8846 	EXP 	rot_line_precue: ori = 160.13425169610724
28.8922 	EXP 	rot_line_precue: ori = 160.51418995267113
28.9000 	EXP 	rot_line_precue: ori = 160.84060708190066
28.9082 	EXP 	rot_line_precue: ori = 161.15845777401972
28.9165 	EXP 	rot_line_precue: ori = 161.53560903244664
28.9247 	EXP 	rot_line_precue: ori = 161.83626597264603
28.9331 	EXP 	rot_line_precue: ori = 162.17719344491405
28.9415 	EXP 	rot_line_precue: ori = 162.52195311884137
28.9498 	EXP 	rot_line_precue: ori = 162.85157592904875
28.9582 	EXP 	rot_line_precue: ori = 163.16082601742426
28.9667 	EXP 	rot_line_precue: ori = 163.49060488938775
28.9751 	EXP 	rot_line_precue: ori = 163.92568611760328
28.9839 	EXP 	rot_line_precue: ori = 164.23973728140152
28.9922 	EXP 	rot_line_precue: ori = 164.59336259458556
29.0011 	EXP 	rot_line_precue: ori = 164.9264597262294
29.0095 	EXP 	rot_line_precue: ori = 165.26807084766298
29.0178 	EXP 	rot_line_precue: ori = 165.58890627069408
29.0262 	EXP 	rot_line_precue: ori = 165.98015037480505
29.0354 	EXP 	rot_line_precue: ori = 166.2847230662135
29.0437 	EXP 	rot_line_precue: ori = 166.65838783249617
29.0518 	EXP 	rot_line_precue: ori = 167.07000291928202
29.0602 	EXP 	rot_line_precue: ori = 167.5723042356083
29.0691 	EXP 	rot_line_precue: ori = 167.9337984944178
29.0768 	EXP 	rot_line_precue: ori = 168.29895976721838
29.0858 	EXP 	rot_line_precue: ori = 168.60222718400036
29.0938 	EXP 	rot_line_precue: ori = 168.92354053316086
29.1018 	EXP 	rot_line_precue: ori = 169.24502951261897
29.1106 	EXP 	rot_line_precue: ori = 169.66240960758643
29.1182 	EXP 	rot_line_precue: ori = 169.99256525066275
29.1264 	EXP 	rot_line_precue: ori = 170.34127450199463
29.1336 	EXP 	rot_line_precue: ori = 170.71726178421474
29.1418 	EXP 	rot_line_precue: ori = 171.04985953945516
29.1504 	EXP 	rot_line_precue: ori = 171.35826900206663
29.1580 	EXP 	rot_line_precue: ori = 171.72173192340676
29.1666 	EXP 	rot_line_precue: ori = 172.1533407291186
29.1756 	EXP 	rot_line_precue: ori = 172.70915042935925
29.1832 	EXP 	rot_line_precue: ori = 173.1312995305915
29.1926 	EXP 	rot_line_precue: ori = 173.4328442442499
29.2000 	EXP 	rot_line_precue: ori = 173.75594234801622
29.2095 	EXP 	rot_line_precue: ori = 174.0683750260164
29.2169 	EXP 	rot_line_precue: ori = 174.3702096674076
29.2251 	EXP 	rot_line_precue: ori = 174.7158722014955
29.2338 	EXP 	rot_line_precue: ori = 175.02579747402456
29.2421 	EXP 	rot_line_precue: ori = 175.37014938384857
29.2504 	EXP 	rot_line_precue: ori = 175.6713187793424
29.2587 	EXP 	rot_line_precue: ori = 176.2302897246223
29.2681 	EXP 	rot_line_precue: ori = 176.61041865936517
29.2769 	EXP 	rot_line_precue: ori = 177.18940515232248
29.2862 	EXP 	rot_line_precue: ori = 177.55944717215914
29.2936 	EXP 	rot_line_precue: ori = 177.90830537332198
29.3019 	EXP 	rot_line_precue: ori = 178.26478404069726
29.3107 	EXP 	rot_line_precue: ori = 178.73780892383064
29.3187 	EXP 	rot_line_precue: ori = 179.07571154557658
29.3268 	EXP 	rot_line_precue: ori = 179.7014732215613
29.3348 	EXP 	rot_line_precue: ori = 180.02331280473956
29.3430 	EXP 	rot_line_precue: ori = 180.32207640017847
29.3500 	EXP 	rot_line_precue: ori = 180.6833033231173
29.3585 	EXP 	rot_line_precue: ori = 180.9967227304738
29.3607 	EXP 	New trial (rep=5, index=13): <Trial 13 (13 in rep 5) data={'pic_name': 'pics/left_hand.JPG', 'class_mi': 'left_hand', 'thisN': 13, 'thisTrialN': 13, 'thisRepN': 5}>
29.3684 	EXP 	hor_line_precue: autoDraw = False
29.3684 	EXP 	ver_line_precue: autoDraw = False
29.3684 	EXP 	rot_line_precue: autoDraw = False
29.3684 	EXP 	rot_line_precue: ori = 181.32580147604926
29.3684 	EXP 	point_left: autoDraw = False
29.3684 	EXP 	point_right: autoDraw = False
29.3684 	EXP 	dot_precue: autoDraw = False
29.3684 	EXP 	hor_line_precue: autoDraw = False
29.3684 	EXP 	ver_line_precue: autoDraw = False
29.3684 	EXP 	rot_line_precue: autoDraw = False
29.3684 	EXP 	point_left: autoDraw = False
29.3684 	EXP 	point_right: autoDraw = False
29.3684 	EXP 	dot_precue: autoDraw = False
29.3684 	EXP 	hor_line_precue: autoDraw = True
29.3684 	EXP 	ver_line_precue: autoDraw = True
29.3684 	EXP 	rot_line_precue: autoDraw = True
29.3684 	EXP 	rot_line_precue: ori = 181.7678390010145
29.3684 	EXP 	point_left: autoDraw = True
29.3684 	EXP 	point_right: autoDraw = True
29.3684 	EXP 	dot_precue: autoDraw = True
29.3764 	EXP 	rot_line_precue: ori = 182.4514511862062
29.3835 	EXP 	rot_line_precue: ori = 182.75336582255235
29.3914 	EXP 	rot_line_precue: ori = 183.29646868786804
29.3997 	EXP 	rot_line_precue: ori = 183.81839459827282
29.4078 	EXP 	rot_line_precue: ori = 184.1592539523343
29.4164 	EXP 	rot_line_precue: ori = 184.7238353871158
29.4248 	EXP 	rot_line_precue: ori = 185.0479897862702
29.4333 	EXP 	rot_line_precue: ori = 185.3719850058092
29.4415 	EXP 	rot_line_precue: ori = 185.85187268249518
29.4498 	EXP 	rot_line_precue: ori = 186.6292325979612
29.4587 	EXP 	rot_line_precue: ori = 187.1994558006041
29.4664 	EXP 	rot_line_precue: ori = 187.4950736892516
29.4753 	EXP 	rot_line_precue: ori = 187.92959147895385
29.4843 	EXP 	rot_line_precue: ori = 188.23265685326692
29.4928 	EXP 	rot_line_precue: ori = 188.60235222587622
29.5012 	EXP 	rot_line_precue: ori = 188.90435782045498
29.5099 	EXP 	rot_line_precue: ori = 189.27738296529694
29.5197 	EXP 	rot_line_precue: ori = 189.6287161952822
29.5275 	EXP 	rot_line_precue: ori = 190.22929094882392
29.5362 	EXP 	rot_line_precue: ori = 190.53171004239442
29.5442 	EXP 	rot_line_precue: ori = 191.04221531720313
29.5520 	EXP 	rot_line_precue: ori = 191.3496027619645
29.5608 	EXP 	rot_line_precue: ori = 191.71100576326157
29.5690 	EXP 	rot_line_precue: ori = 192.3769061559052
29.5768 	EXP 	rot_line_precue: ori = 192.78186017362705
29.5854 	EXP 	rot_line_precue: ori = 193.36195297966225
29.5936 	EXP 	rot_line_precue: ori = 193.69312211142207
29.6019 	EXP 	rot_line_precue: ori = 194.01512285882828
29.6101 	EXP 	rot_line_precue: ori = 194.37550356122424
29.6187 	EXP 	rot_line_precue: ori = 194.70573702416016
29.6261 	EXP 	rot_line_precue: ori = 195.45919864048034
29.6349 	EXP 	rot_line_precue: ori = 195.7816544866435
29.6430 	EXP 	rot_line_precue: ori = 196.12554019716808
29.6503 	EXP 	rot_line_precue: ori = 196.48921968461434
29.6581 	EXP 	rot_line_precue: ori = 196.83591422837003
29.6664 	EXP 	rot_line_precue: ori = 197.1798785872944
29.6755 	EXP 	rot_line_precue: ori = 197.49266399329127
29.6832 	EXP 	rot_line_precue: ori = 197.83839670558976
29.6927 	EXP 	rot_line_precue: ori = 198.15581484802544
29.7002 	EXP 	rot_line_precue: ori = 198.5072499907663
29.7082 	EXP 	rot_line_precue: ori = 198.97082618986371
29.7165 	EXP 	rot_line_precue: ori = 199.47744794124785
29.7252 	EXP 	rot_line_precue: ori = 200.2646951665679
29.7337 	EXP 	rot_line_precue: ori = 200.76785190655016
29.7424 	EXP 	rot_line_precue: ori = 201.12364339687986
29.7522 	EXP 	rot_line_precue: ori = 201.47581559462753
29.7610 	EXP 	rot_line_precue: ori = 201.8323105085079
29.7692 	EXP 	rot_line_precue: ori = 202.29879685930106
29.7769 	EXP 	rot_line_precue: ori = 202.60299088870943
29.7847 	EXP 	rot_line_precue: ori = 202.92767120583335
29.7937 	EXP 	rot_line_precue: ori = 203.28225519982934
29.8020 	EXP 	rot_line_precue: ori = 203.72853465645437
29.8099 	EXP 	rot_line_precue: ori = 204.1402674969156
29.8183 	EXP 	rot_line_precue: ori = 204.60644132338675
29.8266 	EXP 	rot_line_precue: ori = 205.01780563541865
29.8350 	EXP 	rot_line_precue: ori = 205.72966976868287
29.8422 	EXP 	rot_line_precue: ori = 206.13575318482137
29.8502 	EXP 	rot_line_precue: ori = 206.4982558399196
29.8584 	EXP 	rot_line_precue: ori = 206.8375519121226
29.8666 	EXP 	rot_line_precue: ori = 207.17992924324005
29.8750 	EXP 	rot_line_precue: ori = 207.55649646276987
29.8834 	EXP 	rot_line_precue: ori = 207.93135417531153
29.8923 	EXP 	rot_line_precue: ori = 208.36947562007722
29.9001 	EXP 	rot_line_precue: ori = 208.66875856523833
29.9084 	EXP 	rot_line_precue: ori = 209.03696812793135
29.9170 	EXP 	rot_line_precue: ori = 209.4009417210097
29.9252 	EXP 	rot_line_precue: ori = 209.73396461009352
29.9332 	EXP 	rot_line_precue: ori = 210.3205759531847
29.9414 	EXP 	rot_line_precue: ori = 211.0079190942954
29.9499 	EXP 	rot_line_precue: ori = 211.32759843432152
29.9585 	EXP 	rot_line_precue: ori = 211.63361981197178
29.9680 	EXP 	rot_line_precue: ori = 211.97063872669506
29.9759 	EXP 	rot_line_precue: ori = 212.3926859698677
29.9841 	EXP 	rot_line_precue: ori = 212.88451043131474
29.9924 	EXP 	rot_line_precue: ori = 213.42557580269676
30.0008 	EXP 	rot_line_precue: ori = 213.7251843454671
30.0094 	EXP 	rot_line_precue: ori = 214.03027019496542
30.0189 	EXP 	rot_line_precue: ori = 214.37239636239715
30.0268 	EXP 	rot_line_precue: ori = 214.72400852975844
30.0361 	EXP 	rot_line_precue: ori = 215.18828463361513
30.0436 	EXP 	rot_line_precue: ori = 215.53978922061182
30.0519 	EXP 	rot_line_precue: ori = 216.0942773808763
30.0601 	EXP 	rot_line_precue: ori = 216.42953059421177
30.0683 	EXP 	rot_line_precue: ori = 216.7394022152671
30.0770 	EXP 	rot_line_precue: ori = 217.2370089788714
30.0859 	EXP 	rot_line_precue: ori = 217.54802434378874
30.0936 	EXP 	rot_line_precue: ori = 218.10963215302067
30.1022 	EXP 	rot_line_precue: ori = 218.44264514974432
30.1110 	EXP 	rot_line_precue: ori = 218.93689240024682
30.1189 	EXP 	rot_line_precue: ori = 219.42111980230942
30.1268 	EXP 	rot_line_precue: ori = 219.7392674960809
30.1348 	EXP 	rot_line_precue: ori = 220.39293450943228
30.1418 	EXP 	rot_line_precue: ori = 220.74318208667697
30.1497 	EXP 	rot_line_precue: ori = 221.38897132368749
30.1580 	EXP 	rot_line_precue: ori = 221.73752839778035
30.1663 	EXP 	rot_line_precue: ori = 222.26118840118554
30.1754 	EXP 	rot_line_precue: ori = 222.6951917838306
30.1832 	EXP 	rot_line_precue: ori = 223.08076450235393
30.1916 	EXP 	rot_line_precue: ori = 223.40060572437562
30.2007 	EXP 	rot_line_precue: ori = 223.77829016864487
30.2090 	EXP 	rot_line_precue: ori = 224.16233006380892
30.2165 	EXP 	rot_line_precue: ori = 224.47813600142808
30.2248 	EXP 	rot_line_precue: ori = 224.80388213413735
30.2336 	EXP 	rot_line_precue: ori = 225.25534178185418
30.2422 	EXP 	rot_line_precue: ori = 225.72817950380485
30.2504 	EXP 	rot_line_precue: ori = 226.20907890218587
30.2594 	EXP 	rot_line_precue: ori = 226.58352813337032
30.2684 	EXP 	rot_line_precue: ori = 226.93182022994242
30.2773 	EXP 	rot_line_precue: ori = 227.23737509538185
30.2859 	EXP 	rot_line_precue: ori = 227.62165311057694
30.2940 	EXP 	rot_line_precue: ori = 228.01645268971856
30.3019 	EXP 	rot_line_precue: ori = 228.4470569929437
30.3095 	EXP 	rot_line_precue: ori = 228.7772287282016
30.3178 	EXP 	rot_line_precue: ori = 229.08430309966016
30.3261 	EXP 	rot_line_precue: ori = 229.4666874929142
30.3341 	EXP 	rot_line_precue: ori = 230.12791532198824
30.3425 	EXP 	rot_line_precue: ori = 230.68259512198455
30.3504 	EXP 	rot_line_precue: ori = 231.2222921309323
30.3584 	EXP 	rot_line_precue: ori = 231.63232233331246
30.3670 	EXP 	rot_line_precue: ori = 231.93125260719677
30.3752 	EXP 	rot_line_precue: ori = 232.32427250490835
30.3840 	EXP 	rot_line_precue: ori = 232.69534317063722
30.3916 	EXP 	rot_line_precue: ori = 233.3334166981572
30.4005 	EXP 	rot_line_precue: ori = 233.6915494282597
30.4081 	EXP 	rot_line_precue: ori = 234.12229851557487
30.4164 	EXP 	rot_line_precue: ori = 234.44717912075302
30.4248 	EXP 	rot_line_precue: ori = 234.7945798420196
30.4330 	EXP 	rot_line_precue: ori = 235.13206194153577
30.4415 	EXP 	rot_line_precue: ori = 235.5629356730752
30.4496 	EXP 	rot_line_precue: ori = 236.3431850810219
30.4587 	EXP 	rot_line_precue: ori = 236.69293101739626
30.4664 	EXP 	rot_line_precue: ori = 237.07566597391394
30.4755 	EXP 	rot_line_precue: ori = 237.569765677188
30.4832 	EXP 	rot_line_precue: ori = 238.2740004766102
30.4919 	EXP 	rot_line_precue: ori = 238.69757714726794
30.5005 	EXP 	rot_line_precue: ori = 239.0033811321766
30.5089 	EXP 	rot_line_precue: ori = 239.3899318285217
30.5177 	EXP 	rot_line_precue: ori = 239.88890631934245
30.5277 	EXP 	rot_line_precue: ori = 240.35526693771163
30.5356 	EXP 	rot_line_precue: ori = 240.67617431494944
30.5439 	EXP 	rot_line_precue: ori = 241.00471841024705
30.5520 	EXP 	rot_line_precue: ori = 241.67273021755585
30.5601 	EXP 	rot_line_precue: ori = 242.12371558701864
30.5687 	EXP 	rot_line_precue: ori = 242.5313792058629
30.5766 	EXP 	rot_line_precue: ori = 243.07114310678156
30.5837 	EXP 	rot_line_precue: ori = 243.47765767660582
30.5918 	EXP 	rot_line_precue: ori = 243.77775837430644
30.6001 	EXP 	rot_line_precue: ori = 244.11798875810138
30.6085 	EXP 	rot_line_precue: ori = 244.44534317106002
30.6169 	EXP 	rot_line_precue: ori = 244.78813776231232
30.6253 	EXP 	rot_line_precue: ori = 245.21362652703928
30.6338 	EXP 	rot_line_precue: ori = 245.65004439639887
30.6427 	EXP 	rot_line_precue: ori = 246.0024709865876
30.6501 	EXP 	rot_line_precue: ori = 246.3370537607535
30.6582 	EXP 	rot_line_precue: ori = 246.9001786088757
30.6664 	EXP 	rot_line_precue: ori = 247.2167109938251
30.6748 	EXP 	rot_line_precue: ori = 247.54601992687287
30.6838 	EXP 	rot_line_precue: ori = 247.85300522193293
30.6915 	EXP 	rot_line_precue: ori = 248.16626803891376
30.6998 	EXP 	rot_line_precue: ori = 248.49001622479503
30.7082 	EXP 	rot_line_precue: ori = 248.92601236695555
30.7163 	EXP 	rot_line_precue: ori = 249.24442092410155
30.7245 	EXP 	rot_line_precue: ori = 249.5509509639138
30.7335 	EXP 	rot_line_precue: ori = 250.0034648197895
30.7416 	EXP 	rot_line_precue: ori = 250.37768730679042
30.7504 	EXP 	rot_line_precue: ori = 250.71068015816124
30.7582 	EXP 	rot_line_precue: ori = 251.04239722060544
30.7669 	EXP 	rot_line_precue: ori = 251.47387423692848
30.7757 	EXP 	rot_line_precue: ori = 251.95095104769203
30.7840 	EXP 	rot_line_precue: ori = 252.2637916620002
30.7922 	EXP 	rot_line_precue: ori = 252.61721488872885
30.8005 	EXP 	rot_line_precue: ori = 252.9187026715488
30.8092 	EXP 	rot_line_precue: ori = 253.2968570441062
30.8114 	EXP 	Device response: <KeyPress from None: t=30.805297399994743, value=escape, duration=None>
30.8137 	DATA 	Keypress: escape
30.8189 	EXP 	rot_line_precue: ori = 253.6198623016141
30.8277 	EXP 	rot_line_precue: ori = 254.32409730227582
30.8355 	EXP 	rot_line_precue: ori = 254.6565791255271
30.8435 	EXP 	rot_line_precue: ori = 255.2824334566405
30.8515 	EXP 	rot_line_precue: ori = 255.59061781836078
30.8604 	EXP 	rot_line_precue: ori = 256.108303394814
30.8694 	EXP 	rot_line_precue: ori = 256.4417588711828
30.8771 	EXP 	rot_line_precue: ori = 256.7961881107887
30.8851 	EXP 	rot_line_precue: ori = 257.1551799348724
30.8934 	EXP 	rot_line_precue: ori = 257.65882584677104
30.9018 	EXP 	rot_line_precue: ori = 257.9765195905366
30.9090 	EXP 	rot_line_precue: ori = 258.5790882171563
30.9171 	EXP 	rot_line_precue: ori = 258.88557701060154
30.9250 	EXP 	rot_line_precue: ori = 259.63344571886
30.9333 	EXP 	rot_line_precue: ori = 260.15117426859996
30.9419 	EXP 	rot_line_precue: ori = 260.8624741325589
30.9504 	EXP 	rot_line_precue: ori = 261.2595087513336
30.9582 	EXP 	rot_line_precue: ori = 261.5763529556921
30.9668 	EXP 	rot_line_precue: ori = 261.9353263252423
30.9748 	EXP 	rot_line_precue: ori = 262.2329772404337
30.9835 	EXP 	rot_line_precue: ori = 262.8060049539562
30.9919 	EXP 	rot_line_precue: ori = 263.436817822081
31.0002 	EXP 	rot_line_precue: ori = 263.7866414740624
31.0084 	EXP 	rot_line_precue: ori = 264.1534813814318
31.0167 	EXP 	rot_line_precue: ori = 264.46343996848657
31.0249 	EXP 	rot_line_precue: ori = 265.0461220419044
31.0344 	EXP 	rot_line_precue: ori = 265.6117288359618
31.0424 	EXP 	rot_line_precue: ori = 266.1304716551893
31.0529 	EXP 	rot_line_precue: ori = 266.8576608355831
31.0606 	EXP 	rot_line_precue: ori = 267.1611718896815
31.0687 	EXP 	rot_line_precue: ori = 267.48322903614815
31.0769 	EXP 	rot_line_precue: ori = 267.8527965019224
31.0855 	EXP 	rot_line_precue: ori = 268.3610779350577
31.0940 	EXP 	rot_line_precue: ori = 268.7798878798668
31.1020 	EXP 	rot_line_precue: ori = 269.092633359528
31.1100 	EXP 	rot_line_precue: ori = 269.42053825409647
31.1171 	EXP 	rot_line_precue: ori = 269.7294621619028
31.1253 	EXP 	rot_line_precue: ori = 270.42360703520393
31.1344 	EXP 	rot_line_precue: ori = 270.76068401978824
31.1427 	EXP 	rot_line_precue: ori = 271.05626183557825
31.1512 	EXP 	rot_line_precue: ori = 271.4334889779217
31.1603 	EXP 	rot_line_precue: ori = 271.83859439177314
31.1685 	EXP 	rot_line_precue: ori = 272.18217323659684
31.1768 	EXP 	rot_line_precue: ori = 272.6400762041313
31.1855 	EXP 	rot_line_precue: ori = 273.0452498106031
31.1932 	EXP 	rot_line_precue: ori = 273.3806118430669
31.2005 	EXP 	rot_line_precue: ori = 273.79073247812306
31.2083 	EXP 	rot_line_precue: ori = 274.0983401205794
31.2165 	EXP 	rot_line_precue: ori = 274.459040003508
31.2249 	EXP 	rot_line_precue: ori = 275.0874753557995
31.2334 	EXP 	rot_line_precue: ori = 275.4876401705245
31.2415 	EXP 	rot_line_precue: ori = 275.9564553520573
31.2506 	EXP 	rot_line_precue: ori = 276.2772242405839
31.2583 	EXP 	rot_line_precue: ori = 276.6228272175772
31.2667 	EXP 	rot_line_precue: ori = 276.9421906974238
31.2750 	EXP 	rot_line_precue: ori = 277.43394798600303
31.2841 	EXP 	rot_line_precue: ori = 277.73218337800046
31.2925 	EXP 	rot_line_precue: ori = 278.4258996179156
31.3004 	EXP 	rot_line_precue: ori = 278.8116763814462
31.3093 	EXP 	rot_line_precue: ori = 279.12710534783787
31.3188 	EXP 	rot_line_precue: ori = 279.4542995711162
31.3270 	EXP 	rot_line_precue: ori = 279.7574840842489
31.3344 	EXP 	rot_line_precue: ori = 280.1903886857225
31.3427 	EXP 	rot_line_precue: ori = 280.50470904920587
31.3507 	EXP 	rot_line_precue: ori = 280.83840536899055
31.3593 	EXP 	rot_line_precue: ori = 281.1691901649934
31.3612 	EXP 	New trial (rep=6, index=14): <Trial 14 (14 in rep 6) data={'pic_name': 'pics/left_hand.JPG', 'class_mi': 'left_hand', 'thisN': 14, 'thisTrialN': 14, 'thisRepN': 6}>
31.3687 	EXP 	hor_line_precue: autoDraw = False
31.3687 	EXP 	ver_line_precue: autoDraw = False
31.3687 	EXP 	rot_line_precue: autoDraw = False
31.3687 	EXP 	rot_line_precue: ori = 281.88644850047734
31.3687 	EXP 	point_left: autoDraw = False
31.3687 	EXP 	point_right: autoDraw = False
31.3687 	EXP 	dot_precue: autoDraw = False
31.3687 	EXP 	hor_line_precue: autoDraw = False
31.3687 	EXP 	ver_line_precue: autoDraw = False
31.3687 	EXP 	rot_line_precue: autoDraw = False
31.3687 	EXP 	point_left: autoDraw = False
31.3687 	EXP 	point_right: autoDraw = False
31.3687 	EXP 	dot_precue: autoDraw = False
31.3687 	EXP 	hor_line_precue: autoDraw = True
31.3687 	EXP 	ver_line_precue: autoDraw = True
31.3687 	EXP 	rot_line_precue: autoDraw = True
31.3687 	EXP 	rot_line_precue: ori = 282.30720586531663
31.3687 	EXP 	point_left: autoDraw = True
31.3687 	EXP 	point_right: autoDraw = True
31.3687 	EXP 	dot_precue: autoDraw = True
31.3769 	EXP 	rot_line_precue: ori = 282.8219326452747
31.3856 	EXP 	rot_line_precue: ori = 283.3642702391812
31.3945 	EXP 	rot_line_precue: ori = 283.67496988982856
31.4023 	EXP 	rot_line_precue: ori = 283.9794785042568
31.4107 	EXP 	rot_line_precue: ori = 284.335340350161
31.4189 	EXP 	rot_line_precue: ori = 284.6740500029838
31.4275 	EXP 	rot_line_precue: ori = 285.0207226081335
31.4352 	EXP 	rot_line_precue: ori = 285.41446715147043
31.4436 	EXP 	rot_line_precue: ori = 285.8057480134533
31.4527 	EXP 	rot_line_precue: ori = 286.2675258093513
31.4604 	EXP 	rot_line_precue: ori = 286.68402251436896
31.4683 	EXP 	rot_line_precue: ori = 287.20874157162103
31.4767 	EXP 	rot_line_precue: ori = 287.6646610577091
31.4851 	EXP 	rot_line_precue: ori = 287.98639901417016
31.4925 	EXP 	rot_line_precue: ori = 288.46963678380007
31.5009 	EXP 	rot_line_precue: ori = 288.91684992849474
31.5106 	EXP 	rot_line_precue: ori = 289.2879042769307
31.5190 	EXP 	rot_line_precue: ori = 289.6218487842444
31.5274 	EXP 	rot_line_precue: ori = 290.10385420364963
31.5353 	EXP 	rot_line_precue: ori = 290.49829516413064
31.5439 	EXP 	rot_line_precue: ori = 290.8559750366634
31.5529 	EXP 	rot_line_precue: ori = 291.26953459420463
31.5617 	EXP 	rot_line_precue: ori = 291.65727230377485
31.5695 	EXP 	rot_line_precue: ori = 291.9721085141196
31.5779 	EXP 	rot_line_precue: ori = 292.36445442473797
31.5861 	EXP 	rot_line_precue: ori = 292.7621691936494
31.5940 	EXP 	rot_line_precue: ori = 293.0723441339868
31.6023 	EXP 	rot_line_precue: ori = 293.4641772264636
31.6108 	EXP 	rot_line_precue: ori = 293.9139098252987
31.6191 	EXP 	rot_line_precue: ori = 294.22503227995475
31.6274 	EXP 	rot_line_precue: ori = 294.52957733469253
31.6360 	EXP 	rot_line_precue: ori = 294.86227356853374
31.6439 	EXP 	rot_line_precue: ori = 295.2349382643414
31.6522 	EXP 	rot_line_precue: ori = 295.6531990584924
31.6606 	EXP 	rot_line_precue: ori = 295.98926508466855
31.6688 	EXP 	rot_line_precue: ori = 296.3585275053928
31.6767 	EXP 	rot_line_precue: ori = 296.749844520853
31.6850 	EXP 	rot_line_precue: ori = 297.1317862291506
31.6928 	EXP 	rot_line_precue: ori = 297.432568126099
31.7018 	EXP 	rot_line_precue: ori = 297.7447003618568
31.7099 	EXP 	rot_line_precue: ori = 298.0772809144421
31.7182 	EXP 	rot_line_precue: ori = 298.6902055449719
31.7255 	EXP 	rot_line_precue: ori = 299.12518767270376
31.7335 	EXP 	rot_line_precue: ori = 299.4221305193977
31.7415 	EXP 	rot_line_precue: ori = 299.7717165339508
31.7504 	EXP 	rot_line_precue: ori = 300.1724285713821
31.7579 	EXP 	rot_line_precue: ori = 300.60750371935586
31.7664 	EXP 	rot_line_precue: ori = 301.01920290005893
31.7751 	EXP 	rot_line_precue: ori = 301.8127345143465
31.7833 	EXP 	rot_line_precue: ori = 302.1299516322857
31.7922 	EXP 	rot_line_precue: ori = 302.4729388429712
31.8000 	EXP 	rot_line_precue: ori = 302.8164971965429
31.8089 	EXP 	rot_line_precue: ori = 303.1354671707373
31.8166 	EXP 	rot_line_precue: ori = 303.4412639846415
31.8249 	EXP 	rot_line_precue: ori = 303.738775637405
31.8334 	EXP 	rot_line_precue: ori = 304.0563132893985
31.8421 	EXP 	rot_line_precue: ori = 304.3740558157819
31.8504 	EXP 	rot_line_precue: ori = 304.76088457598536
31.8590 	EXP 	rot_line_precue: ori = 305.37442926637357
31.8674 	EXP 	rot_line_precue: ori = 305.7187067216353
31.8757 	EXP 	rot_line_precue: ori = 306.30939205797154
31.8840 	EXP 	rot_line_precue: ori = 306.7185320631975
31.8925 	EXP 	rot_line_precue: ori = 307.01394415353985
31.9007 	EXP 	rot_line_precue: ori = 307.6507364003618
31.9092 	EXP 	rot_line_precue: ori = 307.95303642554273
31.9180 	EXP 	rot_line_precue: ori = 308.47886691592095
31.9264 	EXP 	rot_line_precue: ori = 308.8166215066513
31.9341 	EXP 	rot_line_precue: ori = 309.1829406173027
31.9425 	EXP 	rot_line_precue: ori = 309.7512416232234
31.9509 	EXP 	rot_line_precue: ori = 310.25540062978786
31.9595 	EXP 	rot_line_precue: ori = 310.77804872308644
31.9685 	EXP 	rot_line_precue: ori = 311.15120852834576
31.9768 	EXP 	rot_line_precue: ori = 311.4626463289148
31.9856 	EXP 	rot_line_precue: ori = 311.7869562698657
31.9938 	EXP 	rot_line_precue: ori = 312.5800002640409
32.0017 	EXP 	rot_line_precue: ori = 312.8780468760053
32.0096 	EXP 	rot_line_precue: ori = 313.52950059928804
32.0170 	EXP 	rot_line_precue: ori = 313.883353821595
32.0248 	EXP 	rot_line_precue: ori = 314.3135590760912
32.0333 	EXP 	rot_line_precue: ori = 314.6765085576959
32.0416 	EXP 	rot_line_precue: ori = 314.98667005979144
32.0499 	EXP 	rot_line_precue: ori = 315.2961138460847
32.0584 	EXP 	rot_line_precue: ori = 315.7355331087549
32.0674 	EXP 	rot_line_precue: ori = 316.4448876950628
32.0752 	EXP 	rot_line_precue: ori = 316.76057637862164
32.0841 	EXP 	rot_line_precue: ori = 317.0841806335458
32.0917 	EXP 	rot_line_precue: ori = 317.53902330237486
32.1004 	EXP 	rot_line_precue: ori = 317.83852512991893
32.1084 	EXP 	rot_line_precue: ori = 318.1692143501791
32.1169 	EXP 	rot_line_precue: ori = 318.52317960349023
32.1255 	EXP 	rot_line_precue: ori = 318.85031980955665
32.1341 	EXP 	rot_line_precue: ori = 319.4700976695107
32.1423 	EXP 	rot_line_precue: ori = 319.8404056370372
32.1512 	EXP 	rot_line_precue: ori = 320.3484005777068
32.1587 	EXP 	rot_line_precue: ori = 320.67130110888723
32.1669 	EXP 	rot_line_precue: ori = 320.99131223331057
32.1751 	EXP 	rot_line_precue: ori = 321.4184056907469
32.1845 	EXP 	rot_line_precue: ori = 321.7958408973175
32.1940 	EXP 	rot_line_precue: ori = 322.1524882641093
32.2021 	EXP 	rot_line_precue: ori = 322.4523374722747
32.2105 	EXP 	rot_line_precue: ori = 322.9273139246304
32.2187 	EXP 	rot_line_precue: ori = 323.2448063761588
32.2271 	EXP 	rot_line_precue: ori = 323.5738574901326
32.2351 	EXP 	rot_line_precue: ori = 324.263033552338
32.2439 	EXP 	rot_line_precue: ori = 324.73427217391946
32.2523 	EXP 	rot_line_precue: ori = 325.07304906062745
32.2605 	EXP 	rot_line_precue: ori = 325.4209866606385
32.2685 	EXP 	rot_line_precue: ori = 325.77277803319424
32.2716 	DATA 	Keypress: escape
32.2764 	EXP 	rot_line_precue: ori = 326.22104100042134
32.2854 	EXP 	rot_line_precue: ori = 326.66427696933596
32.2931 	EXP 	rot_line_precue: ori = 326.9938459033729
32.3004 	EXP 	rot_line_precue: ori = 327.3043578456918
32.3089 	EXP 	rot_line_precue: ori = 327.9651322881695
32.3164 	EXP 	rot_line_precue: ori = 328.34205811166584
32.3246 	EXP 	rot_line_precue: ori = 328.7747176089221
32.3332 	EXP 	rot_line_precue: ori = 329.0935079416809
32.3422 	EXP 	rot_line_precue: ori = 329.4005500316328
32.3507 	EXP 	rot_line_precue: ori = 329.70686927404125
32.3583 	EXP 	rot_line_precue: ori = 330.0073144049013
32.3668 	EXP 	rot_line_precue: ori = 330.5642668485179
32.3749 	EXP 	rot_line_precue: ori = 330.88140733664983
32.3765 	EXP 	Device response: <KeyPress from None: t=30.805297399994743, value=escape, duration=1.5672326000058092>
32.3766 	EXP 	bci_racingteam: status = STOPPED
32.3841 	EXP 	rot_line_precue: ori = 331.3588441607245
32.3841 	EXP 	hor_line_precue: autoDraw = False
32.3841 	EXP 	ver_line_precue: autoDraw = False
32.3841 	EXP 	rot_line_precue: autoDraw = False
32.3841 	EXP 	point_left: autoDraw = False
32.3841 	EXP 	point_right: autoDraw = False
32.3841 	EXP 	dot_precue: autoDraw = False
32.3844 	EXP 	bci_racingteam: status = STOPPED
