3.4453 	WARNING 	Requested an unavailable screen number - using first available.
3.4473 	WARNING 	User requested fullscreen with size [1920 1080], but screen is actually [1707, 1067]. Using actual size
3.7142 	EXP 	Created window1 = Window(allowGUI=False, allowStencil=False, autoLog=True, backendConf=UNKNOWN, backgroundFit=<method-wrapper '__getattribute__' of attributeSetter object at 0x000002D9EF4875B0>, backgroundImage=<method-wrapper '__getattribute__' of attributeSetter object at 0x000002D9EF487550>, bitsMode=UNKNOWN, blendMode='avg', bpc=(8, 8, 8), color=array([0, 0, 0]), colorSpace='rgb', depthBits=8, fullscr=True, gamma=None, gammaErrorPolicy='raise', infoMsg=UNKNOWN, lms=UNKNOWN, monitor=<psychopy.monitors.calibTools.Monitor object at 0x000002D9EF6FC340>, multiSample=False, name='window1', numSamples=2, pos=[np.float64(0.0), np.float64(0.0)], screen=1, size=array([1707, 1067]), stencilBits=0, stereo=False, title='PsychoPy', units='height', useFBO=True, useRetina=False, viewOri=0.0, viewPos=None, viewScale=None, waitBlanking=True, winType='pyglet')
3.7142 	EXP 	window1: backgroundImage = ''
3.7143 	EXP 	window1: backgroundFit = 'none'
4.1786 	EXP 	window1: Attempting to measure frame rate of screen (1) ...
4.1786 	EXP 	window1: recordFrameIntervals = False
4.2758 	EXP 	window1: recordFrameIntervals = True
5.1093 	EXP 	window1: recordFrameIntervals = False
5.1093 	EXP 	Screen (1) actual frame rate measured at 119.54Hz
8.1629 	EXP 	bci_racingteam: status = STARTED
8.2696 	EXP 	Created text_pre_block = TextStim(__class__=<class 'psychopy.visual.text.TextStim'>, alignHoriz=method-wrapper(...), alignText='center', alignVert=method-wrapper(...), anchorHoriz='center', anchorVert='center', antialias=True, autoDraw=False, autoLog=True, bold=False, color=array([1., 1., 1.]), colorSpace='rgb', contrast=1.0, depth=0.0, draggable=False, flipHoriz=False, flipVert=False, font='Open Sans', fontFiles=[], height=np.float64(0.05), italic=False, languageStyle='LTR', name='text_pre_block', opacity=1, ori=0.0, pos=array([0., 0.]), rgb=UNKNOWN, text='Press any key to start ...', units='height', win=Window(...), wrapWidth=1)
8.2716 	EXP 	Created text_2 = TextStim(__class__=<class 'psychopy.visual.text.TextStim'>, alignHoriz=method-wrapper(...), alignText='center', alignVert=method-wrapper(...), anchorHoriz='center', anchorVert='center', antialias=True, autoDraw=False, autoLog=True, bold=False, color=array([1., 1., 1.]), colorSpace='rgb', contrast=1.0, depth=0.0, draggable=False, flipHoriz=False, flipVert=False, font='Arial', fontFiles=[], height=np.float64(0.05), italic=False, languageStyle='LTR', name='text_2', opacity=1, ori=0.0, pos=array([0., 0.]), rgb=UNKNOWN, text='', units='height', win=Window(...), wrapWidth=1)
8.2757 	EXP 	Created hor_line_precue = Line(__class__=<class 'psychopy.visual.line.Line'>, anchor=('center', 'center'), autoDraw=False, autoLog=True, closeShape=False, color=array([1., 1., 1.]), colorSpace='rgb', contrast=None, depth=0.0, draggable=False, fillColor=array([1, 1, 1]), fillColorSpace='rgb', fillRGB=array([1, 1, 1]), interpolate=True, lineColor=array([1., 1., 1.]), lineColorSpace='rgb', lineRGB=array([1, 1, 1]), lineWidth=5.0, name='hor_line_precue', opacity=1, ori=-45.0, pos=array([0., 0.]), size=array([0.35, 0.35]), units='height', vertices=array([[-0.5, -0.5],
       [ 0.5,  0.5]]), win=Window(...), windingRule=None)
8.2775 	EXP 	Created ver_line_precue = Line(__class__=<class 'psychopy.visual.line.Line'>, anchor=('center', 'center'), autoDraw=False, autoLog=True, closeShape=False, color=array([1., 1., 1.]), colorSpace='rgb', contrast=None, depth=-1.0, draggable=False, fillColor=array([1, 1, 1]), fillColorSpace='rgb', fillRGB=array([1, 1, 1]), interpolate=True, lineColor=array([1., 1., 1.]), lineColorSpace='rgb', lineRGB=array([1, 1, 1]), lineWidth=5.0, name='ver_line_precue', opacity=1, ori=45.0, pos=array([0., 0.]), size=array([0.35, 0.35]), units='height', vertices=array([[-0.5, -0.5],
       [ 0.5,  0.5]]), win=Window(...), windingRule=None)
8.2791 	EXP 	Created rot_line_precue = Line(__class__=<class 'psychopy.visual.line.Line'>, anchor=('center', 'center'), autoDraw=False, autoLog=True, closeShape=False, color=array([1., 1., 1.]), colorSpace='rgb', contrast=None, depth=-2.0, draggable=False, fillColor=array([1, 1, 1]), fillColorSpace='rgb', fillRGB=array([1, 1, 1]), interpolate=True, lineColor=array([1., 1., 1.]), lineColorSpace='rgb', lineRGB=array([1, 1, 1]), lineWidth=5.0, name='rot_line_precue', opacity=1, ori=1.0, pos=array([0., 0.]), size=array([0.35, 0.35]), units='height', vertices=array([[-0.5, -0.5],
       [ 0.5,  0.5]]), win=Window(...), windingRule=None)
8.2827 	EXP 	Created point_left = ShapeStim(__class__=<class 'psychopy.visual.shape.ShapeStim'>, anchor=('center', 'center'), autoDraw=False, autoLog=True, closeShape=True, color=method-wrapper(...), colorSpace='rgb', contrast=None, depth=-4.0, draggable=False, fillColor=array([-1.    , -1.    ,  0.0902]), fillColorSpace='rgb', fillRGB=array([-1.    , -1.    ,  0.0902]), interpolate=True, lineColor=array([-1.    , -1.    ,  0.0902]), lineColorSpace='rgb', lineRGB=array([-1.    , -1.    ,  0.0902]), lineWidth=1.0, name='point_left', opacity=1, ori=0.0, pos=array([-0.25,  0.  ]), size=array([0.02, 0.02]), units='height', vertices=ndarray(...), win=Window(...), windingRule=None)
8.2862 	EXP 	Created point_right = ShapeStim(__class__=<class 'psychopy.visual.shape.ShapeStim'>, anchor=('center', 'center'), autoDraw=False, autoLog=True, closeShape=True, color=method-wrapper(...), colorSpace='rgb', contrast=None, depth=-5.0, draggable=False, fillColor=array([-1.    , -1.    ,  0.0902]), fillColorSpace='rgb', fillRGB=array([-1.    , -1.    ,  0.0902]), interpolate=True, lineColor=array([-1.    , -1.    ,  0.0902]), lineColorSpace='rgb', lineRGB=array([-1.    , -1.    ,  0.0902]), lineWidth=1.0, name='point_right', opacity=1, ori=0.0, pos=array([0.25, 0.  ]), size=array([0.02, 0.02]), units='height', vertices=ndarray(...), win=Window(...), windingRule=None)
8.2936 	EXP 	Created text = TextStim(__class__=<class 'psychopy.visual.text.TextStim'>, alignHoriz=method-wrapper(...), alignText='center', alignVert=method-wrapper(...), anchorHoriz='center', anchorVert='center', antialias=True, autoDraw=False, autoLog=True, bold=False, color=array([1., 1., 1.]), colorSpace='rgb', contrast=1.0, depth=0.0, draggable=False, flipHoriz=False, flipVert=False, font='Arial', fontFiles=[], height=np.float64(0.05), italic=False, languageStyle='LTR', name='text', opacity=1, ori=0.0, pos=array([0., 0.]), rgb=UNKNOWN, text='Run Finished', units='height', win=Window(...), wrapWidth=1)
8.2993 	EXP 	Created text_post_run = TextStim(__class__=<class 'psychopy.visual.text.TextStim'>, alignHoriz=method-wrapper(...), alignText='center', alignVert=method-wrapper(...), anchorHoriz='center', anchorVert='center', antialias=True, autoDraw=False, autoLog=True, bold=False, color=array([1., 1., 1.]), colorSpace='rgb', contrast=1.0, depth=0.0, draggable=False, flipHoriz=False, flipVert=False, font='Open Sans', fontFiles=[], height=np.float64(0.05), italic=False, languageStyle='LTR', name='text_post_run', opacity=1, ori=0.0, pos=array([0., 0.]), rgb=UNKNOWN, text='Block Finished. Yuhu!', units='height', win=Window(...), wrapWidth=1)
0.0031 	EXP 	rot_line_precue: ori = 0
0.0084 	EXP 	text_pre_block: autoDraw = True
0.2471 	EXP 	Device response: <KeyPress from None: t=0.24261500000284286, value=space, duration=None>
0.2479 	EXP 	New trial (rep=0, index=0): <Trial 0 (0 in rep 0) data={'thisN': 0, 'thisTrialN': 0, 'thisRepN': 0}>
0.2500 	DATA 	Keypress: space
0.2529 	EXP 	text_pre_block: autoDraw = False
0.2529 	EXP 	text_2: autoDraw = True
0.2935 	EXP 	Device response: <KeyPress from None: t=0.24261500000284286, value=space, duration=0.0445287999973516>
3.2497 	EXP 	Imported classes.csv as conditions, 3 conditions, 2 params
3.2501 	EXP 	New trial (rep=0, index=0): <Trial 0 (0 in rep 0) data={'pic_name': 'pics/left_hand.JPG', 'class_mi': 'left_hand', 'thisN': 0, 'thisTrialN': 0, 'thisRepN': 0}>
3.2558 	EXP 	text_2: autoDraw = False
3.2558 	EXP 	text_2: autoDraw = False
3.2558 	EXP 	hor_line_precue: autoDraw = True
3.2558 	EXP 	ver_line_precue: autoDraw = True
3.2558 	EXP 	rot_line_precue: autoDraw = True
3.2558 	EXP 	rot_line_precue: ori = np.float64(0.3319700829278325)
3.2558 	EXP 	point_left: autoDraw = True
3.2558 	EXP 	point_right: autoDraw = True
3.2609 	EXP 	rot_line_precue: ori = np.float64(0.6841810149351885)
3.2684 	EXP 	rot_line_precue: ori = np.float64(1.4292878186480578)
3.2766 	EXP 	rot_line_precue: ori = np.float64(1.8114527410912793)
3.2854 	EXP 	rot_line_precue: ori = np.float64(2.299260925112601)
3.2932 	EXP 	rot_line_precue: ori = np.float64(3.054438436794247)
3.3018 	EXP 	rot_line_precue: ori = np.float64(3.3996461576592742)
3.3099 	EXP 	rot_line_precue: ori = np.float64(4.1333024502016045)
3.3184 	EXP 	rot_line_precue: ori = np.float64(4.428978960240617)
3.3265 	EXP 	rot_line_precue: ori = np.float64(5.039896100120524)
3.3347 	EXP 	rot_line_precue: ori = np.float64(5.3819982390545755)
3.3430 	EXP 	rot_line_precue: ori = np.float64(5.678707865446978)
3.3517 	EXP 	rot_line_precue: ori = np.float64(6.020218075068358)
3.3596 	EXP 	rot_line_precue: ori = np.float64(6.322530887817862)
3.3679 	EXP 	rot_line_precue: ori = np.float64(6.623056736230945)
3.3767 	EXP 	rot_line_precue: ori = np.float64(6.9196357859409865)
3.3847 	EXP 	rot_line_precue: ori = np.float64(7.295135225981192)
3.3929 	EXP 	rot_line_precue: ori = np.float64(7.867523410094335)
3.4012 	EXP 	rot_line_precue: ori = np.float64(8.188399739384872)
3.4105 	EXP 	rot_line_precue: ori = np.float64(8.492118927460275)
3.4179 	EXP 	rot_line_precue: ori = np.float64(8.811095052014403)
3.4266 	EXP 	rot_line_precue: ori = np.float64(9.250621086333547)
3.4349 	EXP 	rot_line_precue: ori = np.float64(9.700031708818907)
3.4433 	EXP 	rot_line_precue: ori = np.float64(10.127225597173187)
3.4524 	EXP 	rot_line_precue: ori = np.float64(10.428800422154149)
3.4603 	EXP 	rot_line_precue: ori = np.float64(10.74719269676996)
3.4686 	EXP 	rot_line_precue: ori = np.float64(11.237291286556196)
3.4776 	EXP 	rot_line_precue: ori = np.float64(11.855510710741504)
3.4850 	EXP 	rot_line_precue: ori = np.float64(12.21563311679927)
3.4934 	EXP 	rot_line_precue: ori = np.float64(12.894229534033546)
3.5019 	EXP 	rot_line_precue: ori = np.float64(13.215888698315087)
3.5101 	EXP 	rot_line_precue: ori = np.float64(13.521967282953604)
3.5180 	EXP 	rot_line_precue: ori = np.float64(13.894823633699408)
3.5264 	EXP 	rot_line_precue: ori = np.float64(14.282606740149546)
3.5348 	EXP 	rot_line_precue: ori = np.float64(14.661036556928705)
3.5430 	EXP 	rot_line_precue: ori = np.float64(15.23724647788899)
3.5512 	EXP 	rot_line_precue: ori = np.float64(15.538004923960568)
3.5594 	EXP 	rot_line_precue: ori = np.float64(15.843346731481793)
3.5680 	EXP 	rot_line_precue: ori = np.float64(16.334813556257465)
3.5762 	EXP 	rot_line_precue: ori = np.float64(16.71208830839897)
3.5845 	EXP 	rot_line_precue: ori = np.float64(17.33962829717468)
3.5930 	EXP 	rot_line_precue: ori = np.float64(17.6429077740465)
3.6012 	EXP 	rot_line_precue: ori = np.float64(18.17212353471295)
3.6095 	EXP 	rot_line_precue: ori = np.float64(18.51556452999928)
3.6180 	EXP 	rot_line_precue: ori = np.float64(19.173437076252682)
3.6263 	EXP 	rot_line_precue: ori = np.float64(19.609882412572208)
3.6350 	EXP 	rot_line_precue: ori = np.float64(19.92612840974394)
3.6433 	EXP 	rot_line_precue: ori = np.float64(20.242244807355558)
3.6515 	EXP 	rot_line_precue: ori = np.float64(20.84230594998218)
3.6601 	EXP 	rot_line_precue: ori = np.float64(21.154865763319062)
3.6684 	EXP 	rot_line_precue: ori = np.float64(21.689793358738623)
3.6766 	EXP 	rot_line_precue: ori = np.float64(22.012621492961262)
3.6852 	EXP 	rot_line_precue: ori = np.float64(22.695394267674853)
3.6933 	EXP 	rot_line_precue: ori = np.float64(23.106117573016725)
3.7014 	EXP 	rot_line_precue: ori = np.float64(23.905528602724495)
3.7097 	EXP 	rot_line_precue: ori = np.float64(24.49089768584024)
3.7181 	EXP 	rot_line_precue: ori = np.float64(24.86588683944797)
3.7266 	EXP 	rot_line_precue: ori = np.float64(25.330134578436848)
3.7347 	EXP 	rot_line_precue: ori = np.float64(25.674705355662915)
3.7428 	EXP 	rot_line_precue: ori = np.float64(26.288827723537487)
3.7514 	EXP 	rot_line_precue: ori = np.float64(26.77367420679623)
3.7596 	EXP 	rot_line_precue: ori = np.float64(27.14637131417619)
3.7678 	EXP 	rot_line_precue: ori = np.float64(27.446148584580992)
3.7764 	EXP 	rot_line_precue: ori = np.float64(28.026273914056542)
3.7845 	EXP 	rot_line_precue: ori = np.float64(28.495397027149757)
3.7929 	EXP 	rot_line_precue: ori = np.float64(28.811199361696175)
3.8015 	EXP 	rot_line_precue: ori = np.float64(29.124064253216936)
3.8099 	EXP 	rot_line_precue: ori = np.float64(29.444110172108598)
3.8184 	EXP 	rot_line_precue: ori = np.float64(29.74173187239823)
3.8267 	EXP 	rot_line_precue: ori = np.float64(30.483681942377956)
3.8348 	EXP 	rot_line_precue: ori = np.float64(30.805508358081553)
3.8436 	EXP 	rot_line_precue: ori = np.float64(31.140226489981387)
3.8523 	EXP 	rot_line_precue: ori = np.float64(31.508567320389048)
3.8599 	EXP 	rot_line_precue: ori = np.float64(31.919444788717264)
3.8679 	EXP 	rot_line_precue: ori = np.float64(32.291860195680485)
3.8766 	EXP 	rot_line_precue: ori = np.float64(32.60056295716808)
3.8847 	EXP 	rot_line_precue: ori = np.float64(32.90410063076637)
3.8930 	EXP 	rot_line_precue: ori = np.float64(33.201876593684275)
3.9016 	EXP 	rot_line_precue: ori = np.float64(33.68631615003092)
3.9099 	EXP 	rot_line_precue: ori = np.float64(33.99153626264985)
3.9180 	EXP 	rot_line_precue: ori = np.float64(34.68894719904063)
3.9262 	EXP 	rot_line_precue: ori = np.float64(35.03485490380252)
3.9347 	EXP 	rot_line_precue: ori = np.float64(35.39626792692004)
3.9429 	EXP 	rot_line_precue: ori = np.float64(35.71167365429473)
3.9513 	EXP 	rot_line_precue: ori = np.float64(36.007606786560245)
3.9597 	EXP 	rot_line_precue: ori = np.float64(36.37315178519019)
3.9679 	EXP 	rot_line_precue: ori = np.float64(36.679748072537045)
3.9767 	EXP 	rot_line_precue: ori = np.float64(37.050173376640394)
3.9851 	EXP 	rot_line_precue: ori = np.float64(37.38605581161345)
3.9932 	EXP 	rot_line_precue: ori = np.float64(38.05385024554076)
4.0018 	EXP 	rot_line_precue: ori = np.float64(38.57709901217031)
4.0101 	EXP 	rot_line_precue: ori = np.float64(39.24033323549357)
4.0183 	EXP 	rot_line_precue: ori = np.float64(39.576980671186845)
4.0269 	EXP 	rot_line_precue: ori = np.float64(40.27674322242217)
4.0350 	EXP 	rot_line_precue: ori = np.float64(40.58433722172152)
4.0431 	EXP 	rot_line_precue: ori = np.float64(41.165872336769404)
4.0513 	EXP 	rot_line_precue: ori = np.float64(41.464810190859644)
4.0599 	EXP 	rot_line_precue: ori = np.float64(41.764748089848126)
4.0683 	EXP 	rot_line_precue: ori = np.float64(42.09020813838732)
4.0765 	EXP 	rot_line_precue: ori = np.float64(42.39429907250212)
4.0849 	EXP 	rot_line_precue: ori = np.float64(42.789121981504145)
4.0929 	EXP 	rot_line_precue: ori = np.float64(43.24094014576562)
4.1013 	EXP 	rot_line_precue: ori = np.float64(43.55656212051193)
4.1096 	EXP 	rot_line_precue: ori = np.float64(43.992575389446486)
4.1180 	EXP 	rot_line_precue: ori = np.float64(44.31747777719437)
4.1263 	EXP 	rot_line_precue: ori = np.float64(44.75819288135069)
4.1345 	EXP 	rot_line_precue: ori = np.float64(45.08195690638337)
4.1436 	EXP 	rot_line_precue: ori = np.float64(45.39537912454096)
4.1515 	EXP 	rot_line_precue: ori = np.float64(45.73865433882607)
4.1601 	EXP 	rot_line_precue: ori = np.float64(46.16632570011082)
4.1683 	EXP 	rot_line_precue: ori = np.float64(46.52304743121183)
4.1767 	EXP 	rot_line_precue: ori = np.float64(46.88145768376602)
4.1852 	EXP 	rot_line_precue: ori = np.float64(47.31570582689863)
4.1935 	EXP 	rot_line_precue: ori = np.float64(47.738967983928774)
4.2018 	EXP 	rot_line_precue: ori = np.float64(48.05027691838607)
4.2103 	EXP 	rot_line_precue: ori = np.float64(48.35091691175173)
4.2189 	EXP 	rot_line_precue: ori = np.float64(48.65068943891336)
4.2264 	EXP 	rot_line_precue: ori = np.float64(48.956194456425564)
4.2346 	EXP 	rot_line_precue: ori = np.float64(49.34600566401296)
4.2428 	EXP 	rot_line_precue: ori = np.float64(49.654829595242205)
4.2514 	EXP 	rot_line_precue: ori = np.float64(49.98977842220966)
4.2596 	EXP 	rot_line_precue: ori = np.float64(50.48141821166231)
4.2688 	EXP 	rot_line_precue: ori = np.float64(50.794171922646065)
4.2764 	EXP 	rot_line_precue: ori = np.float64(51.22521204814177)
4.2846 	EXP 	rot_line_precue: ori = np.float64(51.84914720769227)
4.2928 	EXP 	rot_line_precue: ori = np.float64(52.59275503199425)
4.3014 	EXP 	rot_line_precue: ori = np.float64(53.207354568485385)
4.3096 	EXP 	rot_line_precue: ori = np.float64(53.68934343890703)
4.3178 	EXP 	rot_line_precue: ori = np.float64(54.086531366673896)
4.3262 	EXP 	rot_line_precue: ori = np.float64(54.468471892642135)
4.3348 	EXP 	rot_line_precue: ori = np.float64(54.856678949895915)
4.3434 	EXP 	rot_line_precue: ori = np.float64(55.168859151904975)
4.3516 	EXP 	rot_line_precue: ori = np.float64(55.47674210845512)
4.3599 	EXP 	rot_line_precue: ori = np.float64(56.23242537993278)
4.3684 	EXP 	rot_line_precue: ori = np.float64(56.53301862059848)
4.3766 	EXP 	rot_line_precue: ori = np.float64(56.85661944213169)
4.3850 	EXP 	rot_line_precue: ori = np.float64(57.15869418968005)
4.3936 	EXP 	rot_line_precue: ori = np.float64(57.54209912402863)
4.4015 	EXP 	rot_line_precue: ori = np.float64(57.905851380685924)
4.4097 	EXP 	rot_line_precue: ori = np.float64(58.37297634101137)
4.4181 	EXP 	rot_line_precue: ori = np.float64(58.70517858996287)
4.4262 	EXP 	rot_line_precue: ori = np.float64(59.04059629806297)
4.4347 	EXP 	rot_line_precue: ori = np.float64(59.356367685197256)
4.4429 	EXP 	rot_line_precue: ori = np.float64(59.831885201817144)
4.4512 	EXP 	rot_line_precue: ori = np.float64(60.448375517988254)
4.4597 	EXP 	rot_line_precue: ori = np.float64(60.87960458154399)
4.4680 	EXP 	rot_line_precue: ori = np.float64(61.56634709127971)
4.4762 	EXP 	rot_line_precue: ori = np.float64(61.86798299434779)
4.4846 	EXP 	rot_line_precue: ori = np.float64(62.18413535839798)
4.4930 	EXP 	rot_line_precue: ori = np.float64(62.48935663876834)
4.5012 	EXP 	rot_line_precue: ori = np.float64(62.81251663433368)
4.5101 	EXP 	rot_line_precue: ori = np.float64(63.14048101708646)
4.5182 	EXP 	rot_line_precue: ori = np.float64(63.462429336503554)
4.5269 	EXP 	rot_line_precue: ori = np.float64(63.78356359731948)
4.5352 	EXP 	rot_line_precue: ori = np.float64(64.13493761521455)
4.5434 	EXP 	rot_line_precue: ori = np.float64(64.47038995998722)
4.5520 	EXP 	rot_line_precue: ori = np.float64(64.9389101863302)
4.5602 	EXP 	rot_line_precue: ori = np.float64(65.2391344572425)
4.5684 	EXP 	rot_line_precue: ori = np.float64(65.64384579569554)
4.5765 	EXP 	rot_line_precue: ori = np.float64(65.95474556129835)
4.5850 	EXP 	rot_line_precue: ori = np.float64(66.26584605919182)
4.5932 	EXP 	rot_line_precue: ori = np.float64(66.72048610437064)
4.6013 	EXP 	rot_line_precue: ori = np.float64(67.13901948949696)
4.6095 	EXP 	rot_line_precue: ori = np.float64(67.52526750958755)
4.6180 	EXP 	rot_line_precue: ori = np.float64(67.8510664896189)
4.6262 	EXP 	rot_line_precue: ori = np.float64(68.16434720462128)
4.6346 	EXP 	rot_line_precue: ori = np.float64(68.6066507326155)
4.6430 	EXP 	rot_line_precue: ori = np.float64(68.92692420690217)
4.6512 	EXP 	rot_line_precue: ori = np.float64(69.22503201407714)
4.6595 	EXP 	rot_line_precue: ori = np.float64(69.68805610166557)
4.6680 	EXP 	rot_line_precue: ori = np.float64(70.0381161065655)
4.6763 	EXP 	rot_line_precue: ori = np.float64(70.34880962061564)
4.6845 	EXP 	rot_line_precue: ori = np.float64(70.81985067448981)
4.6931 	EXP 	rot_line_precue: ori = np.float64(71.28608969276561)
4.7016 	EXP 	rot_line_precue: ori = np.float64(71.76832884879552)
4.7101 	EXP 	rot_line_precue: ori = np.float64(72.26483945992952)
4.7183 	EXP 	rot_line_precue: ori = np.float64(72.59276350031239)
4.7266 	EXP 	rot_line_precue: ori = np.float64(73.30365216551742)
4.7353 	EXP 	rot_line_precue: ori = np.float64(73.6851182040166)
4.7433 	EXP 	rot_line_precue: ori = np.float64(74.26395065110466)
4.7516 	EXP 	rot_line_precue: ori = np.float64(74.56762542647066)
4.7597 	EXP 	rot_line_precue: ori = np.float64(74.89802683303692)
4.7682 	EXP 	rot_line_precue: ori = np.float64(75.2112864170588)
4.7765 	EXP 	rot_line_precue: ori = np.float64(75.5117744348807)
4.7847 	EXP 	rot_line_precue: ori = np.float64(75.9267732921602)
4.7930 	EXP 	rot_line_precue: ori = np.float64(76.6743355225862)
4.8013 	EXP 	rot_line_precue: ori = np.float64(77.00586105171895)
4.8096 	EXP 	rot_line_precue: ori = np.float64(77.4407638010881)
4.8179 	EXP 	rot_line_precue: ori = np.float64(77.80010037492285)
4.8264 	EXP 	rot_line_precue: ori = np.float64(78.21434071752182)
4.8346 	EXP 	rot_line_precue: ori = np.float64(78.60293394578237)
4.8428 	EXP 	rot_line_precue: ori = np.float64(78.95492748876144)
4.8514 	EXP 	rot_line_precue: ori = np.float64(79.55153547713678)
4.8596 	EXP 	rot_line_precue: ori = np.float64(80.03538447656723)
4.8687 	EXP 	rot_line_precue: ori = np.float64(80.39759208602473)
4.8765 	EXP 	rot_line_precue: ori = np.float64(80.92908862852407)
4.8849 	EXP 	rot_line_precue: ori = np.float64(81.33039929894078)
4.8934 	EXP 	rot_line_precue: ori = np.float64(81.7004077438771)
4.9017 	EXP 	rot_line_precue: ori = np.float64(82.00649746622233)
4.9101 	EXP 	rot_line_precue: ori = np.float64(82.520151249052)
4.9186 	EXP 	rot_line_precue: ori = np.float64(82.85397873824448)
4.9267 	EXP 	rot_line_precue: ori = np.float64(83.15889284015533)
4.9350 	EXP 	rot_line_precue: ori = np.float64(83.77023787308008)
4.9430 	EXP 	rot_line_precue: ori = np.float64(84.2735971711662)
4.9516 	EXP 	rot_line_precue: ori = np.float64(84.61155922718996)
4.9598 	EXP 	rot_line_precue: ori = np.float64(85.04404316260599)
4.9681 	EXP 	rot_line_precue: ori = np.float64(85.46488720913409)
4.9766 	EXP 	rot_line_precue: ori = np.float64(85.88254655431729)
4.9847 	EXP 	rot_line_precue: ori = np.float64(86.27817387255854)
4.9929 	EXP 	rot_line_precue: ori = np.float64(86.6286132867147)
5.0012 	EXP 	rot_line_precue: ori = np.float64(87.01595432713772)
5.0096 	EXP 	rot_line_precue: ori = np.float64(87.31472629167794)
5.0179 	EXP 	rot_line_precue: ori = np.float64(87.69142353949891)
5.0263 	EXP 	rot_line_precue: ori = np.float64(88.00648444773525)
5.0346 	EXP 	rot_line_precue: ori = np.float64(88.33178591955058)
5.0430 	EXP 	rot_line_precue: ori = np.float64(88.86468272871177)
5.0514 	EXP 	rot_line_precue: ori = np.float64(89.30416808883)
5.0600 	EXP 	rot_line_precue: ori = np.float64(90.07336733289279)
5.0682 	EXP 	rot_line_precue: ori = np.float64(90.62533426735402)
5.0764 	EXP 	rot_line_precue: ori = np.float64(91.02343634475413)
5.0850 	EXP 	rot_line_precue: ori = np.float64(91.47825867691239)
5.0938 	EXP 	rot_line_precue: ori = np.float64(91.77739445172644)
5.1027 	EXP 	rot_line_precue: ori = np.float64(92.13106228291682)
5.1100 	EXP 	rot_line_precue: ori = np.float64(92.44414923308571)
5.1188 	EXP 	rot_line_precue: ori = np.float64(92.8110649689323)
5.1265 	EXP 	rot_line_precue: ori = np.float64(93.19191333489646)
5.1346 	EXP 	rot_line_precue: ori = np.float64(93.62382086412205)
5.1431 	EXP 	rot_line_precue: ori = np.float64(93.94070819799045)
5.1514 	EXP 	rot_line_precue: ori = np.float64(94.24721736645422)
5.1595 	EXP 	rot_line_precue: ori = np.float64(94.58429286860583)
5.1680 	EXP 	rot_line_precue: ori = np.float64(94.9194080971752)
5.1764 	EXP 	rot_line_precue: ori = np.float64(95.26329116617416)
5.1845 	EXP 	rot_line_precue: ori = np.float64(95.57101066652655)
5.1930 	EXP 	rot_line_precue: ori = np.float64(95.93287751629829)
5.2015 	EXP 	rot_line_precue: ori = np.float64(96.25391172380199)
5.2095 	EXP 	rot_line_precue: ori = np.float64(96.90082117334154)
5.2181 	EXP 	rot_line_precue: ori = np.float64(97.50331712697688)
5.2265 	EXP 	rot_line_precue: ori = np.float64(97.82177015939057)
5.2348 	EXP 	rot_line_precue: ori = np.float64(98.48899114959322)
5.2434 	EXP 	rot_line_precue: ori = np.float64(98.84745379129424)
5.2444 	EXP 	New trial (rep=0, index=1): <Trial 1 (1 in rep 0) data={'pic_name': 'pics/none.JPG', 'class_mi': 'rest', 'thisN': 1, 'thisTrialN': 1, 'thisRepN': 0}>
5.2518 	EXP 	hor_line_precue: autoDraw = False
5.2518 	EXP 	ver_line_precue: autoDraw = False
5.2518 	EXP 	rot_line_precue: autoDraw = False
5.2518 	EXP 	rot_line_precue: ori = np.float64(99.55019605205429)
5.2518 	EXP 	point_left: autoDraw = False
5.2518 	EXP 	point_right: autoDraw = False
5.2518 	EXP 	hor_line_precue: autoDraw = False
5.2518 	EXP 	ver_line_precue: autoDraw = False
5.2518 	EXP 	rot_line_precue: autoDraw = False
5.2518 	EXP 	point_left: autoDraw = False
5.2518 	EXP 	point_right: autoDraw = False
5.2518 	EXP 	hor_line_precue: autoDraw = True
5.2518 	EXP 	ver_line_precue: autoDraw = True
5.2518 	EXP 	rot_line_precue: autoDraw = True
5.2518 	EXP 	rot_line_precue: ori = np.float64(99.9457536322981)
5.2518 	EXP 	point_left: autoDraw = True
5.2518 	EXP 	point_right: autoDraw = True
5.2602 	EXP 	rot_line_precue: ori = np.float64(100.50043101540209)
5.2685 	EXP 	rot_line_precue: ori = np.float64(100.80351830124775)
5.2768 	EXP 	rot_line_precue: ori = np.float64(101.18742694238398)
5.2853 	EXP 	rot_line_precue: ori = np.float64(101.54481419145263)
5.2932 	EXP 	rot_line_precue: ori = np.float64(101.85603755694095)
5.3016 	EXP 	rot_line_precue: ori = np.float64(102.41621932815542)
5.3097 	EXP 	rot_line_precue: ori = np.float64(102.71612226545732)
5.3178 	EXP 	rot_line_precue: ori = np.float64(103.15085902667285)
5.3264 	EXP 	rot_line_precue: ori = np.float64(103.50165217477442)
5.3346 	EXP 	rot_line_precue: ori = np.float64(104.21337272574307)
5.3428 	EXP 	rot_line_precue: ori = np.float64(104.98912372982596)
5.3513 	EXP 	rot_line_precue: ori = np.float64(105.38431210738725)
5.3596 	EXP 	rot_line_precue: ori = np.float64(105.76329217805767)
5.3678 	EXP 	rot_line_precue: ori = np.float64(106.46049318296203)
5.3764 	EXP 	rot_line_precue: ori = np.float64(106.88865159372664)
5.3846 	EXP 	rot_line_precue: ori = np.float64(107.20916861613719)
5.3929 	EXP 	rot_line_precue: ori = np.float64(107.51380860042951)
5.4012 	EXP 	rot_line_precue: ori = np.float64(108.04523417624809)
5.4099 	EXP 	rot_line_precue: ori = np.float64(108.49456636048991)
5.4180 	EXP 	rot_line_precue: ori = np.float64(108.80800320508526)
5.4267 	EXP 	rot_line_precue: ori = np.float64(109.11398912813094)
5.4349 	EXP 	rot_line_precue: ori = np.float64(109.51893307623708)
5.4436 	EXP 	rot_line_precue: ori = np.float64(109.86381203644311)
5.4520 	EXP 	rot_line_precue: ori = np.float64(110.26017256936537)
5.4601 	EXP 	rot_line_precue: ori = np.float64(110.61541806666445)
5.4686 	EXP 	rot_line_precue: ori = np.float64(110.93505616991341)
5.4768 	EXP 	rot_line_precue: ori = np.float64(111.42036923076849)
5.4849 	EXP 	rot_line_precue: ori = np.float64(112.18651049607844)
5.4930 	EXP 	rot_line_precue: ori = np.float64(112.5847044134946)
5.5018 	EXP 	rot_line_precue: ori = np.float64(113.1161664765007)
5.5098 	EXP 	rot_line_precue: ori = np.float64(113.54764496866626)
5.5179 	EXP 	rot_line_precue: ori = np.float64(113.84895823344354)
5.5263 	EXP 	rot_line_precue: ori = np.float64(114.35263479975663)
5.5353 	EXP 	rot_line_precue: ori = np.float64(114.72092147608699)
5.5429 	EXP 	rot_line_precue: ori = np.float64(115.05098607652212)
5.5520 	EXP 	rot_line_precue: ori = np.float64(115.35428276007804)
5.5595 	EXP 	rot_line_precue: ori = np.float64(115.65009111745859)
5.5680 	EXP 	rot_line_precue: ori = np.float64(116.16915672242881)
5.5763 	EXP 	rot_line_precue: ori = np.float64(116.5567180083179)
5.5850 	EXP 	rot_line_precue: ori = np.float64(116.95159057427705)
5.5934 	EXP 	rot_line_precue: ori = np.float64(117.53951348731732)
5.6019 	EXP 	rot_line_precue: ori = np.float64(117.9289803288799)
5.6101 	EXP 	rot_line_precue: ori = np.float64(118.67865202439)
5.6184 	EXP 	rot_line_precue: ori = np.float64(118.9791726074368)
5.6274 	EXP 	rot_line_precue: ori = np.float64(119.51734031215865)
5.6352 	EXP 	rot_line_precue: ori = np.float64(120.14196060734044)
5.6434 	EXP 	rot_line_precue: ori = np.float64(120.47780636586478)
5.6515 	EXP 	rot_line_precue: ori = np.float64(120.79807410104642)
5.6600 	EXP 	rot_line_precue: ori = np.float64(121.14339559449748)
5.6683 	EXP 	rot_line_precue: ori = np.float64(121.4477424734986)
5.6765 	EXP 	rot_line_precue: ori = np.float64(121.88193667775681)
5.6846 	EXP 	rot_line_precue: ori = np.float64(122.18435521622114)
5.6931 	EXP 	rot_line_precue: ori = np.float64(122.61788226314603)
5.7019 	EXP 	rot_line_precue: ori = np.float64(122.9509424705959)
5.7110 	EXP 	rot_line_precue: ori = np.float64(123.28698893052696)
5.7191 	EXP 	rot_line_precue: ori = np.float64(123.58356117475547)
5.7262 	EXP 	rot_line_precue: ori = np.float64(123.98564646963237)
5.7347 	EXP 	rot_line_precue: ori = np.float64(124.62296906859615)
5.7431 	EXP 	rot_line_precue: ori = np.float64(125.16939656971375)
5.7513 	EXP 	rot_line_precue: ori = np.float64(125.52039900130063)
5.7596 	EXP 	rot_line_precue: ori = np.float64(125.8517093902623)
5.7682 	EXP 	rot_line_precue: ori = np.float64(126.27627792463892)
5.7766 	EXP 	rot_line_precue: ori = np.float64(126.87710620288529)
5.7848 	EXP 	rot_line_precue: ori = np.float64(127.18438249640391)
5.7933 	EXP 	rot_line_precue: ori = np.float64(127.55421556303943)
5.8016 	EXP 	rot_line_precue: ori = np.float64(127.86433551647731)
5.8104 	EXP 	rot_line_precue: ori = np.float64(128.1651504681306)
5.8186 	EXP 	rot_line_precue: ori = np.float64(128.46315124394025)
5.8266 	EXP 	rot_line_precue: ori = np.float64(128.82031654205565)
5.8355 	EXP 	rot_line_precue: ori = np.float64(129.14527469293986)
5.8432 	EXP 	rot_line_precue: ori = np.float64(129.4477194768833)
5.8515 	EXP 	rot_line_precue: ori = np.float64(129.80075381726297)
5.8597 	EXP 	rot_line_precue: ori = np.float64(130.12831146496387)
5.8680 	EXP 	rot_line_precue: ori = np.float64(130.4328862486422)
5.8764 	EXP 	rot_line_precue: ori = np.float64(130.78252785377248)
5.8846 	EXP 	rot_line_precue: ori = np.float64(131.16461169151964)
5.8937 	EXP 	rot_line_precue: ori = np.float64(131.63633610720507)
5.9013 	EXP 	rot_line_precue: ori = np.float64(132.14004319452806)
5.9097 	EXP 	rot_line_precue: ori = np.float64(132.64259132460356)
5.9180 	EXP 	rot_line_precue: ori = np.float64(133.24991479386958)
5.9266 	EXP 	rot_line_precue: ori = np.float64(133.5682070492087)
5.9350 	EXP 	rot_line_precue: ori = np.float64(133.91909768252705)
5.9435 	EXP 	rot_line_precue: ori = np.float64(134.22191314453235)
5.9517 	EXP 	rot_line_precue: ori = np.float64(134.6168166027206)
5.9599 	EXP 	rot_line_precue: ori = np.float64(135.0362326948496)
5.9682 	EXP 	rot_line_precue: ori = np.float64(135.35560615050218)
5.9768 	EXP 	rot_line_precue: ori = np.float64(135.66418704849139)
5.9851 	EXP 	rot_line_precue: ori = np.float64(135.9644490944881)
5.9932 	EXP 	rot_line_precue: ori = np.float64(136.64459519760834)
6.0017 	EXP 	rot_line_precue: ori = np.float64(136.94519633656662)
6.0098 	EXP 	rot_line_precue: ori = np.float64(137.28779752757882)
6.0180 	EXP 	rot_line_precue: ori = np.float64(137.65910059988306)
6.0262 	EXP 	rot_line_precue: ori = np.float64(137.99362987863435)
6.0348 	EXP 	rot_line_precue: ori = np.float64(138.3367872198527)
6.0432 	EXP 	rot_line_precue: ori = np.float64(138.67669294982863)
6.0513 	EXP 	rot_line_precue: ori = np.float64(139.01064877267294)
6.0597 	EXP 	rot_line_precue: ori = np.float64(139.35743804853686)
6.0680 	EXP 	rot_line_precue: ori = np.float64(139.86617083687392)
6.0763 	EXP 	rot_line_precue: ori = np.float64(140.2247770885689)
6.0853 	EXP 	rot_line_precue: ori = np.float64(140.55013310878982)
6.0931 	EXP 	rot_line_precue: ori = np.float64(140.84846317971585)
6.1014 	EXP 	rot_line_precue: ori = np.float64(141.20350096147723)
6.1098 	EXP 	rot_line_precue: ori = np.float64(141.52525215171352)
6.1180 	EXP 	rot_line_precue: ori = np.float64(141.90326507373135)
6.1268 	EXP 	rot_line_precue: ori = np.float64(142.2183467633625)
6.1351 	EXP 	rot_line_precue: ori = np.float64(142.63189460366854)
6.1433 	EXP 	rot_line_precue: ori = np.float64(143.03622106076338)
6.1520 	EXP 	rot_line_precue: ori = np.float64(143.37497299877745)
6.1600 	EXP 	rot_line_precue: ori = np.float64(143.76800580745433)
6.1684 	EXP 	rot_line_precue: ori = np.float64(144.5262061633899)
6.1771 	EXP 	rot_line_precue: ori = np.float64(145.00731277718742)
6.1858 	EXP 	rot_line_precue: ori = np.float64(145.30844840761344)
6.1937 	EXP 	rot_line_precue: ori = np.float64(145.89575345494887)
6.2015 	EXP 	rot_line_precue: ori = np.float64(146.20951027501033)
6.2101 	EXP 	rot_line_precue: ori = np.float64(146.54613189248604)
6.2181 	EXP 	rot_line_precue: ori = np.float64(146.90307822278584)
6.2265 	EXP 	rot_line_precue: ori = np.float64(147.51718232496097)
6.2346 	EXP 	rot_line_precue: ori = np.float64(148.08396280774744)
6.2432 	EXP 	rot_line_precue: ori = np.float64(148.6529661387365)
6.2514 	EXP 	rot_line_precue: ori = np.float64(148.95710472064104)
6.2596 	EXP 	rot_line_precue: ori = np.float64(149.30006595486714)
6.2679 	EXP 	rot_line_precue: ori = np.float64(149.84162455901165)
6.2764 	EXP 	rot_line_precue: ori = np.float64(150.19679764352287)
6.2846 	EXP 	rot_line_precue: ori = np.float64(150.51438621350053)
6.2928 	EXP 	rot_line_precue: ori = np.float64(150.81091369769197)
6.3015 	EXP 	rot_line_precue: ori = np.float64(151.1692125266982)
6.3102 	EXP 	rot_line_precue: ori = np.float64(151.51551922304174)
6.3184 	EXP 	rot_line_precue: ori = np.float64(151.99060015347771)
6.3276 	EXP 	rot_line_precue: ori = np.float64(152.3164517462141)
6.3355 	EXP 	rot_line_precue: ori = np.float64(152.88600367984702)
6.3440 	EXP 	rot_line_precue: ori = np.float64(153.18655979186812)
6.3514 	EXP 	rot_line_precue: ori = np.float64(153.68212147811428)
6.3603 	EXP 	rot_line_precue: ori = np.float64(154.24014987019734)
6.3684 	EXP 	rot_line_precue: ori = np.float64(154.5561909270914)
6.3771 	EXP 	rot_line_precue: ori = np.float64(154.90280990797942)
6.3848 	EXP 	rot_line_precue: ori = np.float64(155.21769378568428)
6.3929 	EXP 	rot_line_precue: ori = np.float64(155.5222274273731)
6.4014 	EXP 	rot_line_precue: ori = np.float64(155.86499734644272)
6.4097 	EXP 	rot_line_precue: ori = np.float64(156.43206120030092)
6.4179 	EXP 	rot_line_precue: ori = np.float64(156.92833488696252)
6.4264 	EXP 	rot_line_precue: ori = np.float64(157.25624849876843)
6.4347 	EXP 	rot_line_precue: ori = np.float64(157.5629172337023)
6.4429 	EXP 	rot_line_precue: ori = np.float64(158.26817029197926)
6.4511 	EXP 	rot_line_precue: ori = np.float64(158.60688789297024)
6.4596 	EXP 	rot_line_precue: ori = np.float64(158.92965811123477)
6.4679 	EXP 	rot_line_precue: ori = np.float64(159.29837150963337)
6.4762 	EXP 	rot_line_precue: ori = np.float64(159.59870360248857)
6.4854 	EXP 	rot_line_precue: ori = np.float64(160.13398574498817)
6.4931 	EXP 	rot_line_precue: ori = np.float64(160.46025397857653)
6.5018 	EXP 	rot_line_precue: ori = np.float64(160.77400677025045)
6.5100 	EXP 	rot_line_precue: ori = np.float64(161.25422170136474)
6.5181 	EXP 	rot_line_precue: ori = np.float64(161.57617844013618)
6.5267 	EXP 	rot_line_precue: ori = np.float64(161.9319152777366)
6.5351 	EXP 	rot_line_precue: ori = np.float64(162.27349152065148)
6.5433 	EXP 	rot_line_precue: ori = np.float64(162.5943579421032)
6.5518 	EXP 	rot_line_precue: ori = np.float64(162.94211511461668)
6.5598 	EXP 	rot_line_precue: ori = np.float64(163.3289793859175)
6.5681 	EXP 	rot_line_precue: ori = np.float64(163.66462471010038)
6.5763 	EXP 	rot_line_precue: ori = np.float64(164.03478786863053)
6.5849 	EXP 	rot_line_precue: ori = np.float64(164.36897380390323)
6.5936 	EXP 	rot_line_precue: ori = np.float64(164.74845514329488)
6.6013 	EXP 	rot_line_precue: ori = np.float64(165.0653133386585)
6.6098 	EXP 	rot_line_precue: ori = np.float64(165.69507572181675)
6.6179 	EXP 	rot_line_precue: ori = np.float64(165.9963539627364)
6.6264 	EXP 	rot_line_precue: ori = np.float64(166.55063105842072)
6.6346 	EXP 	rot_line_precue: ori = np.float64(166.88007591453024)
6.6431 	EXP 	rot_line_precue: ori = np.float64(167.178477309817)
6.6513 	EXP 	rot_line_precue: ori = np.float64(167.4967997719896)
6.6600 	EXP 	rot_line_precue: ori = np.float64(167.8422530453335)
6.6683 	EXP 	rot_line_precue: ori = np.float64(168.14076016332092)
6.6765 	EXP 	rot_line_precue: ori = np.float64(168.62321705185664)
6.6851 	EXP 	rot_line_precue: ori = np.float64(168.974554942997)
6.6933 	EXP 	rot_line_precue: ori = np.float64(169.66078434404997)
6.7021 	EXP 	rot_line_precue: ori = np.float64(169.9617934372242)
6.7103 	EXP 	rot_line_precue: ori = np.float64(170.35394019847737)
6.7185 	EXP 	rot_line_precue: ori = np.float64(171.04336569490064)
6.7270 	EXP 	rot_line_precue: ori = np.float64(171.37693371711913)
6.7350 	EXP 	rot_line_precue: ori = np.float64(171.7670278530185)
6.7432 	EXP 	rot_line_precue: ori = np.float64(172.1163113696335)
6.7514 	EXP 	rot_line_precue: ori = np.float64(172.66243675712516)
6.7609 	EXP 	rot_line_precue: ori = np.float64(173.15159914046328)
6.7681 	EXP 	rot_line_precue: ori = np.float64(173.47248920152484)
6.7763 	EXP 	rot_line_precue: ori = np.float64(173.8580593455846)
6.7845 	EXP 	rot_line_precue: ori = np.float64(174.1736656521689)
6.7927 	EXP 	rot_line_precue: ori = np.float64(174.4874255599986)
6.8014 	EXP 	rot_line_precue: ori = np.float64(174.80506478657506)
6.8097 	EXP 	rot_line_precue: ori = np.float64(175.3426434193749)
6.8178 	EXP 	rot_line_precue: ori = np.float64(175.96492453459237)
6.8264 	EXP 	rot_line_precue: ori = np.float64(176.34596415350964)
6.8346 	EXP 	rot_line_precue: ori = np.float64(176.64152335268517)
6.8429 	EXP 	rot_line_precue: ori = np.float64(176.95550844518826)
6.8516 	EXP 	rot_line_precue: ori = np.float64(177.34607920394015)
6.8599 	EXP 	rot_line_precue: ori = np.float64(177.64215839827986)
6.8684 	EXP 	rot_line_precue: ori = np.float64(178.06179286208513)
6.8774 	EXP 	rot_line_precue: ori = np.float64(178.37304804804972)
6.8855 	EXP 	rot_line_precue: ori = np.float64(178.76494199539096)
6.8934 	EXP 	rot_line_precue: ori = np.float64(179.1135131629951)
6.9017 	EXP 	rot_line_precue: ori = np.float64(179.43447373978074)
6.9099 	EXP 	rot_line_precue: ori = np.float64(179.82285048907488)
6.9179 	EXP 	rot_line_precue: ori = np.float64(180.17047017111602)
6.9268 	EXP 	rot_line_precue: ori = np.float64(180.55629467761852)
6.9347 	EXP 	rot_line_precue: ori = np.float64(180.87046677065237)
6.9430 	EXP 	rot_line_precue: ori = np.float64(181.59201515273642)
6.9515 	EXP 	rot_line_precue: ori = np.float64(181.99700615681684)
6.9598 	EXP 	rot_line_precue: ori = np.float64(182.31909379526792)
6.9680 	EXP 	rot_line_precue: ori = np.float64(182.82468116406255)
6.9762 	EXP 	rot_line_precue: ori = np.float64(183.1664623850732)
6.9847 	EXP 	rot_line_precue: ori = np.float64(183.50051385536693)
6.9931 	EXP 	rot_line_precue: ori = np.float64(183.80179959166466)
7.0012 	EXP 	rot_line_precue: ori = np.float64(184.13339762494425)
7.0097 	EXP 	rot_line_precue: ori = np.float64(184.54400882358064)
7.0181 	EXP 	rot_line_precue: ori = np.float64(184.88869403562325)
7.0266 	EXP 	rot_line_precue: ori = np.float64(185.25283695877147)
7.0350 	EXP 	rot_line_precue: ori = np.float64(185.54863011919642)
7.0431 	EXP 	rot_line_precue: ori = np.float64(186.03187791544997)
7.0517 	EXP 	rot_line_precue: ori = np.float64(186.40602433782328)
7.0604 	EXP 	rot_line_precue: ori = np.float64(187.20597743860273)
7.0679 	EXP 	rot_line_precue: ori = np.float64(187.83349511338713)
7.0776 	EXP 	rot_line_precue: ori = np.float64(188.19273683311962)
7.0848 	EXP 	rot_line_precue: ori = np.float64(188.51241789123964)
7.0930 	EXP 	rot_line_precue: ori = np.float64(189.06012416291097)
7.1013 	EXP 	rot_line_precue: ori = np.float64(189.53543954423554)
7.1099 	EXP 	rot_line_precue: ori = np.float64(189.8619236012202)
7.1181 	EXP 	rot_line_precue: ori = np.float64(190.24505595895178)
7.1264 	EXP 	rot_line_precue: ori = np.float64(190.6687289047288)
7.1348 	EXP 	rot_line_precue: ori = np.float64(191.1230750661464)
7.1434 	EXP 	rot_line_precue: ori = np.float64(191.4220309482803)
7.1513 	EXP 	rot_line_precue: ori = np.float64(191.89372896075747)
7.1603 	EXP 	rot_line_precue: ori = np.float64(192.21527650718753)
7.1680 	EXP 	rot_line_precue: ori = np.float64(192.53194772413352)
7.1765 	EXP 	rot_line_precue: ori = np.float64(192.89534142339858)
7.1847 	EXP 	rot_line_precue: ori = np.float64(193.36903622690258)
7.1933 	EXP 	rot_line_precue: ori = np.float64(193.8075698486807)
7.2021 	EXP 	rot_line_precue: ori = np.float64(194.15605504900265)
7.2101 	EXP 	rot_line_precue: ori = np.float64(194.45766169274216)
7.2183 	EXP 	rot_line_precue: ori = np.float64(194.76354774792128)
7.2270 	EXP 	rot_line_precue: ori = np.float64(195.16200848461284)
7.2359 	EXP 	rot_line_precue: ori = np.float64(195.8506005914759)
7.2371 	EXP 	New trial (rep=1, index=2): <Trial 2 (2 in rep 1) data={'pic_name': 'pics/left_hand.JPG', 'class_mi': 'left_hand', 'thisN': 2, 'thisTrialN': 2, 'thisRepN': 1}>
7.2434 	EXP 	hor_line_precue: autoDraw = False
7.2434 	EXP 	ver_line_precue: autoDraw = False
7.2434 	EXP 	rot_line_precue: autoDraw = False
7.2434 	EXP 	rot_line_precue: ori = np.float64(196.22332839653612)
7.2434 	EXP 	point_left: autoDraw = False
7.2434 	EXP 	point_right: autoDraw = False
7.2434 	EXP 	hor_line_precue: autoDraw = False
7.2434 	EXP 	ver_line_precue: autoDraw = False
7.2434 	EXP 	rot_line_precue: autoDraw = False
7.2434 	EXP 	point_left: autoDraw = False
7.2434 	EXP 	point_right: autoDraw = False
7.2434 	EXP 	hor_line_precue: autoDraw = True
7.2434 	EXP 	ver_line_precue: autoDraw = True
7.2434 	EXP 	rot_line_precue: autoDraw = True
7.2434 	EXP 	rot_line_precue: ori = np.float64(196.54640910465918)
7.2434 	EXP 	point_left: autoDraw = True
7.2434 	EXP 	point_right: autoDraw = True
7.2516 	EXP 	rot_line_precue: ori = np.float64(196.89011595787983)
7.2596 	EXP 	rot_line_precue: ori = np.float64(197.2395119358427)
7.2681 	EXP 	rot_line_precue: ori = np.float64(197.63703142922176)
7.2765 	EXP 	rot_line_precue: ori = np.float64(197.9366684478578)
7.2846 	EXP 	rot_line_precue: ori = np.float64(198.39402752354664)
7.2932 	EXP 	rot_line_precue: ori = np.float64(198.72450960783618)
7.3014 	EXP 	rot_line_precue: ori = np.float64(199.02157848419418)
7.3096 	EXP 	rot_line_precue: ori = np.float64(199.40279150548713)
7.3182 	EXP 	rot_line_precue: ori = np.float64(200.06783934972933)
7.3264 	EXP 	rot_line_precue: ori = np.float64(200.43527049452672)
7.3347 	EXP 	rot_line_precue: ori = np.float64(200.945979366931)
7.3431 	EXP 	rot_line_precue: ori = np.float64(201.25426909027888)
7.3514 	EXP 	rot_line_precue: ori = np.float64(201.8594309694092)
7.3597 	EXP 	rot_line_precue: ori = np.float64(202.38399939782366)
7.3683 	EXP 	rot_line_precue: ori = np.float64(202.74679848674876)
7.3767 	EXP 	rot_line_precue: ori = np.float64(203.18597494336885)
7.3849 	EXP 	rot_line_precue: ori = np.float64(203.48204045917015)
7.3936 	EXP 	rot_line_precue: ori = np.float64(204.00659143017586)
7.4018 	EXP 	rot_line_precue: ori = np.float64(204.32284905508024)
7.4101 	EXP 	rot_line_precue: ori = np.float64(204.6843852607923)
7.4186 	EXP 	rot_line_precue: ori = np.float64(205.033041217859)
7.4268 	EXP 	rot_line_precue: ori = np.float64(205.3506637328405)
7.4349 	EXP 	rot_line_precue: ori = np.float64(205.71518835633785)
7.4434 	EXP 	rot_line_precue: ori = np.float64(206.03398605248515)
7.4515 	EXP 	rot_line_precue: ori = np.float64(206.3885415868322)
7.4597 	EXP 	rot_line_precue: ori = np.float64(206.7355897441664)
7.4680 	EXP 	rot_line_precue: ori = np.float64(207.0578727947815)
7.4765 	EXP 	rot_line_precue: ori = np.float64(207.36408914955078)
7.4847 	EXP 	rot_line_precue: ori = np.float64(207.80471318661282)
7.4929 	EXP 	rot_line_precue: ori = np.float64(208.12022517131328)
7.5012 	EXP 	rot_line_precue: ori = np.float64(208.55769650500633)
7.5096 	EXP 	rot_line_precue: ori = np.float64(209.16919437965245)
7.5179 	EXP 	rot_line_precue: ori = np.float64(209.8071333784936)
7.5262 	EXP 	rot_line_precue: ori = np.float64(210.18467587697955)
7.5347 	EXP 	rot_line_precue: ori = np.float64(210.58935082784194)
7.5429 	EXP 	rot_line_precue: ori = np.float64(210.9835918070642)
7.5517 	EXP 	rot_line_precue: ori = np.float64(211.27895984455785)
7.5600 	EXP 	rot_line_precue: ori = np.float64(211.690946545367)
7.5682 	EXP 	rot_line_precue: ori = np.float64(212.0113715366165)
7.5767 	EXP 	rot_line_precue: ori = np.float64(212.3087908106995)
7.5855 	EXP 	rot_line_precue: ori = np.float64(212.63163096976137)
7.5932 	EXP 	rot_line_precue: ori = np.float64(212.9283510340785)
7.6018 	EXP 	rot_line_precue: ori = np.float64(213.2983133403336)
7.6100 	EXP 	rot_line_precue: ori = np.float64(213.60454999633535)
7.6181 	EXP 	rot_line_precue: ori = np.float64(214.000159287097)
7.6263 	EXP 	rot_line_precue: ori = np.float64(214.30208454214022)
7.6348 	EXP 	rot_line_precue: ori = np.float64(214.60276993947036)
7.6431 	EXP 	rot_line_precue: ori = np.float64(214.9098472632174)
7.6514 	EXP 	rot_line_precue: ori = np.float64(215.33906552791524)
7.6596 	EXP 	rot_line_precue: ori = np.float64(215.96577616405492)
7.6680 	EXP 	rot_line_precue: ori = np.float64(216.3314346055226)
7.6764 	EXP 	rot_line_precue: ori = np.float64(216.67519883945286)
7.6846 	EXP 	rot_line_precue: ori = np.float64(217.3737742123544)
7.6931 	EXP 	rot_line_precue: ori = np.float64(217.68740071630552)
7.7013 	EXP 	rot_line_precue: ori = np.float64(218.0322326112968)
7.7097 	EXP 	rot_line_precue: ori = np.float64(218.357875703174)
7.7183 	EXP 	rot_line_precue: ori = np.float64(218.73190957916768)
7.7265 	EXP 	rot_line_precue: ori = np.float64(219.0703583312902)
7.7350 	EXP 	rot_line_precue: ori = np.float64(219.39481133343068)
7.7433 	EXP 	rot_line_precue: ori = np.float64(219.69081151045694)
7.7519 	EXP 	rot_line_precue: ori = np.float64(220.27938211212026)
7.7602 	EXP 	rot_line_precue: ori = np.float64(220.646423656016)
7.7684 	EXP 	rot_line_precue: ori = np.float64(221.00278785314816)
7.7766 	EXP 	rot_line_precue: ori = np.float64(221.3585476430146)
7.7850 	EXP 	rot_line_precue: ori = np.float64(221.6892006484202)
7.7931 	EXP 	rot_line_precue: ori = np.float64(222.21963157311117)
7.8016 	EXP 	rot_line_precue: ori = np.float64(222.52098857695745)
7.8097 	EXP 	rot_line_precue: ori = np.float64(222.82184970667083)
7.8182 	EXP 	rot_line_precue: ori = np.float64(223.22711396011942)
7.8264 	EXP 	rot_line_precue: ori = np.float64(223.61600222736953)
7.8347 	EXP 	rot_line_precue: ori = np.float64(224.10727694114723)
7.8432 	EXP 	rot_line_precue: ori = np.float64(224.63417315741935)
7.8515 	EXP 	rot_line_precue: ori = np.float64(224.96444549808686)
7.8597 	EXP 	rot_line_precue: ori = np.float64(225.27702788287297)
7.8679 	EXP 	rot_line_precue: ori = np.float64(225.636143117181)
7.8765 	EXP 	rot_line_precue: ori = np.float64(226.073644056602)
7.8848 	EXP 	rot_line_precue: ori = np.float64(226.42438279331273)
7.8933 	EXP 	rot_line_precue: ori = np.float64(226.75656906811955)
7.9016 	EXP 	rot_line_precue: ori = np.float64(227.08057686468652)
7.9099 	EXP 	rot_line_precue: ori = np.float64(227.544562467784)
7.9184 	EXP 	rot_line_precue: ori = np.float64(228.15299521389232)
7.9275 	EXP 	rot_line_precue: ori = np.float64(228.48136537200318)
7.9354 	EXP 	rot_line_precue: ori = np.float64(228.90937429623557)
7.9435 	EXP 	rot_line_precue: ori = np.float64(229.3208921156108)
7.9516 	EXP 	rot_line_precue: ori = np.float64(229.6976200658904)
7.9598 	EXP 	rot_line_precue: ori = np.float64(230.0242276364887)
7.9684 	EXP 	rot_line_precue: ori = np.float64(230.40869479146056)
7.9765 	EXP 	rot_line_precue: ori = np.float64(230.70635612889274)
7.9847 	EXP 	rot_line_precue: ori = np.float64(231.04314533341247)
7.9931 	EXP 	rot_line_precue: ori = np.float64(231.38341122726226)
8.0015 	EXP 	rot_line_precue: ori = np.float64(231.86424403499953)
8.0099 	EXP 	rot_line_precue: ori = np.float64(232.34756330700978)
8.0180 	EXP 	rot_line_precue: ori = np.float64(232.67064449969953)
8.0265 	EXP 	rot_line_precue: ori = np.float64(233.0511484382605)
8.0347 	EXP 	rot_line_precue: ori = np.float64(233.40763280617597)
8.0429 	EXP 	rot_line_precue: ori = np.float64(234.1481937810662)
8.0520 	EXP 	rot_line_precue: ori = np.float64(234.44886722519053)
8.0600 	EXP 	rot_line_precue: ori = np.float64(234.75749125993866)
8.0681 	EXP 	rot_line_precue: ori = np.float64(235.1823553773052)
8.0768 	EXP 	rot_line_precue: ori = np.float64(235.55602620801957)
8.0850 	EXP 	rot_line_precue: ori = np.float64(236.05250739844902)
8.0931 	EXP 	rot_line_precue: ori = np.float64(236.35345169638148)
8.1019 	EXP 	rot_line_precue: ori = np.float64(236.95322431451268)
8.1101 	EXP 	rot_line_precue: ori = np.float64(237.59275299360456)
8.1182 	EXP 	rot_line_precue: ori = np.float64(238.07933911391072)
8.1268 	EXP 	rot_line_precue: ori = np.float64(238.55633709325676)
8.1349 	EXP 	rot_line_precue: ori = np.float64(238.86513308617552)
8.1431 	EXP 	rot_line_precue: ori = np.float64(239.18392403440492)
8.1514 	EXP 	rot_line_precue: ori = np.float64(239.50171981239728)
8.1600 	EXP 	rot_line_precue: ori = np.float64(240.1352638030845)
8.1681 	EXP 	rot_line_precue: ori = np.float64(240.43765506421704)
8.1763 	EXP 	rot_line_precue: ori = np.float64(240.8208231479115)
8.1844 	EXP 	rot_line_precue: ori = np.float64(241.1245344508199)
8.1930 	EXP 	rot_line_precue: ori = np.float64(241.43146292838824)
8.2014 	EXP 	rot_line_precue: ori = np.float64(241.76563388998204)
8.2098 	EXP 	rot_line_precue: ori = np.float64(242.128431231659)
8.2180 	EXP 	rot_line_precue: ori = np.float64(242.44152032930907)
8.2263 	EXP 	rot_line_precue: ori = np.float64(242.77592058576155)
8.2350 	EXP 	rot_line_precue: ori = np.float64(243.07765799978273)
8.2433 	EXP 	rot_line_precue: ori = np.float64(243.52778903037512)
8.2515 	EXP 	rot_line_precue: ori = np.float64(243.8863596650981)
8.2603 	EXP 	rot_line_precue: ori = np.float64(244.62994256421297)
8.2684 	EXP 	rot_line_precue: ori = np.float64(244.95936255837395)
8.2768 	EXP 	rot_line_precue: ori = np.float64(245.26890692801814)
8.2852 	EXP 	rot_line_precue: ori = np.float64(245.64989022421605)
8.2941 	EXP 	rot_line_precue: ori = np.float64(246.0621226957975)
8.3013 	EXP 	rot_line_precue: ori = np.float64(246.35769707375255)
8.3097 	EXP 	rot_line_precue: ori = np.float64(246.69736159520804)
8.3182 	EXP 	rot_line_precue: ori = np.float64(247.14108242203034)
8.3265 	EXP 	rot_line_precue: ori = np.float64(247.51754040541132)
8.3347 	EXP 	rot_line_precue: ori = np.float64(248.23839764940044)
8.3431 	EXP 	rot_line_precue: ori = np.float64(248.55105294351625)
8.3514 	EXP 	rot_line_precue: ori = np.float64(249.06508993930098)
8.3597 	EXP 	rot_line_precue: ori = np.float64(249.49279758434258)
8.3679 	EXP 	rot_line_precue: ori = np.float64(249.99049378640746)
8.3765 	EXP 	rot_line_precue: ori = np.float64(250.33554017660614)
8.3846 	EXP 	rot_line_precue: ori = np.float64(250.85577561212662)
8.3936 	EXP 	rot_line_precue: ori = np.float64(251.15710397968897)
8.4021 	EXP 	rot_line_precue: ori = np.float64(251.6107976791888)
8.4097 	EXP 	rot_line_precue: ori = np.float64(251.94478065363327)
8.4179 	EXP 	rot_line_precue: ori = np.float64(252.56619728825422)
8.4267 	EXP 	rot_line_precue: ori = np.float64(252.92899046394922)
8.4354 	EXP 	rot_line_precue: ori = np.float64(253.25340994520224)
8.4434 	EXP 	rot_line_precue: ori = np.float64(253.56673854862402)
8.4517 	EXP 	rot_line_precue: ori = np.float64(253.8808590095363)
8.4599 	EXP 	rot_line_precue: ori = np.float64(254.2031461550115)
8.4683 	EXP 	rot_line_precue: ori = np.float64(254.52630450752707)
8.4768 	EXP 	rot_line_precue: ori = np.float64(254.94708668760444)
8.4849 	EXP 	rot_line_precue: ori = np.float64(255.54006392352852)
8.4934 	EXP 	rot_line_precue: ori = np.float64(255.84316197849233)
8.5018 	EXP 	rot_line_precue: ori = np.float64(256.1410953888574)
8.5098 	EXP 	rot_line_precue: ori = np.float64(256.44768187445396)
8.5181 	EXP 	rot_line_precue: ori = np.float64(256.7707482548733)
8.5265 	EXP 	rot_line_precue: ori = np.float64(257.3113547121534)
8.5348 	EXP 	rot_line_precue: ori = np.float64(257.6778395520526)
8.5430 	EXP 	rot_line_precue: ori = np.float64(258.3664941960379)
8.5519 	EXP 	rot_line_precue: ori = np.float64(258.978049637944)
8.5598 	EXP 	rot_line_precue: ori = np.float64(259.3661553301983)
8.5680 	EXP 	rot_line_precue: ori = np.float64(259.66569118554173)
8.5764 	EXP 	rot_line_precue: ori = np.float64(260.1157153881802)
8.5848 	EXP 	rot_line_precue: ori = np.float64(260.72701107399007)
8.5930 	EXP 	rot_line_precue: ori = np.float64(261.417691043164)
8.6018 	EXP 	rot_line_precue: ori = np.float64(261.83059864974297)
8.6102 	EXP 	rot_line_precue: ori = np.float64(262.2669701093712)
8.6183 	EXP 	rot_line_precue: ori = np.float64(262.5800569406333)
8.6268 	EXP 	rot_line_precue: ori = np.float64(262.96771180129974)
8.6352 	EXP 	rot_line_precue: ori = np.float64(263.26890847909965)
8.6435 	EXP 	rot_line_precue: ori = np.float64(263.76022316147464)
8.6526 	EXP 	rot_line_precue: ori = np.float64(264.05952185398075)
8.6600 	EXP 	rot_line_precue: ori = np.float64(264.55005275164774)
8.6681 	EXP 	rot_line_precue: ori = np.float64(264.9712387841616)
8.6764 	EXP 	rot_line_precue: ori = np.float64(265.2774954296685)
8.6848 	EXP 	rot_line_precue: ori = np.float64(265.5892341703903)
8.6931 	EXP 	rot_line_precue: ori = np.float64(265.93047410178775)
8.7019 	EXP 	rot_line_precue: ori = np.float64(266.4398256377541)
8.7098 	EXP 	rot_line_precue: ori = np.float64(266.80197883881857)
8.7180 	EXP 	rot_line_precue: ori = np.float64(267.1174517734039)
8.7264 	EXP 	rot_line_precue: ori = np.float64(267.57582771892515)
8.7346 	EXP 	rot_line_precue: ori = np.float64(267.87756476536475)
8.7430 	EXP 	rot_line_precue: ori = np.float64(268.61167857172484)
8.7515 	EXP 	rot_line_precue: ori = np.float64(269.3035214672385)
8.7608 	EXP 	rot_line_precue: ori = np.float64(269.65885268626016)
8.7682 	EXP 	rot_line_precue: ori = np.float64(269.97302329226375)
8.7765 	EXP 	rot_line_precue: ori = np.float64(270.33749859216977)
8.7850 	EXP 	rot_line_precue: ori = np.float64(271.081589363712)
8.7934 	EXP 	rot_line_precue: ori = np.float64(271.38771129728457)
8.8016 	EXP 	rot_line_precue: ori = np.float64(271.88288780097025)
8.8102 	EXP 	rot_line_precue: ori = np.float64(272.23656999694776)
8.8185 	EXP 	rot_line_precue: ori = np.float64(272.5829862368853)
8.8271 	EXP 	rot_line_precue: ori = np.float64(272.9064205156908)
8.8352 	EXP 	rot_line_precue: ori = np.float64(273.38131251055404)
8.8433 	EXP 	rot_line_precue: ori = np.float64(273.8668052164701)
8.8515 	EXP 	rot_line_precue: ori = np.float64(274.22272843200864)
8.8597 	EXP 	rot_line_precue: ori = np.float64(274.5875193977666)
8.8683 	EXP 	rot_line_precue: ori = np.float64(274.8920705668728)
8.8765 	EXP 	rot_line_precue: ori = np.float64(275.2119606338479)
8.8847 	EXP 	rot_line_precue: ori = np.float64(275.7801999379479)
8.8934 	EXP 	rot_line_precue: ori = np.float64(276.2998937249649)
8.9018 	EXP 	rot_line_precue: ori = np.float64(276.6484530748057)
8.9102 	EXP 	rot_line_precue: ori = np.float64(277.0422151871477)
8.9183 	EXP 	rot_line_precue: ori = np.float64(277.70233318273296)
8.9274 	EXP 	rot_line_precue: ori = np.float64(278.2275448277568)
8.9354 	EXP 	rot_line_precue: ori = np.float64(278.52519104374664)
8.9435 	EXP 	rot_line_precue: ori = np.float64(278.84023494796435)
8.9516 	EXP 	rot_line_precue: ori = np.float64(279.29581046559974)
8.9598 	EXP 	rot_line_precue: ori = np.float64(279.72250460472503)
8.9685 	EXP 	rot_line_precue: ori = np.float64(280.33283633327926)
8.9775 	EXP 	rot_line_precue: ori = np.float64(280.7098632067769)
8.9854 	EXP 	rot_line_precue: ori = np.float64(281.00585940129235)
8.9938 	EXP 	rot_line_precue: ori = np.float64(281.33956225012554)
9.0017 	EXP 	rot_line_precue: ori = np.float64(281.9401804434242)
9.0099 	EXP 	rot_line_precue: ori = np.float64(282.3280392051123)
9.0180 	EXP 	rot_line_precue: ori = np.float64(282.9256993255355)
9.0266 	EXP 	rot_line_precue: ori = np.float64(283.3111906956149)
9.0350 	EXP 	rot_line_precue: ori = np.float64(283.6772009814122)
9.0431 	EXP 	rot_line_precue: ori = np.float64(284.0527034861874)
9.0517 	EXP 	rot_line_precue: ori = np.float64(284.4892860064756)
9.0599 	EXP 	rot_line_precue: ori = np.float64(284.8002400387978)
9.0680 	EXP 	rot_line_precue: ori = np.float64(285.46407452478195)
9.0762 	EXP 	rot_line_precue: ori = np.float64(285.78644036885413)
9.0847 	EXP 	rot_line_precue: ori = np.float64(286.09086981126524)
9.0930 	EXP 	rot_line_precue: ori = np.float64(286.59024741643174)
9.1012 	EXP 	rot_line_precue: ori = np.float64(287.0178135976205)
9.1098 	EXP 	rot_line_precue: ori = np.float64(287.4290395554386)
9.1180 	EXP 	rot_line_precue: ori = np.float64(287.78101637531955)
9.1263 	EXP 	rot_line_precue: ori = np.float64(288.1107744852075)
9.1348 	EXP 	rot_line_precue: ori = np.float64(288.5233122695223)
9.1429 	EXP 	rot_line_precue: ori = np.float64(288.8783084644247)
9.1514 	EXP 	rot_line_precue: ori = np.float64(289.20059960366603)
9.1600 	EXP 	rot_line_precue: ori = np.float64(289.51405196692826)
9.1683 	EXP 	rot_line_precue: ori = np.float64(289.85201122099704)
9.1770 	EXP 	rot_line_precue: ori = np.float64(290.24828760705765)
9.1852 	EXP 	rot_line_precue: ori = np.float64(290.839587594239)
9.1932 	EXP 	rot_line_precue: ori = np.float64(291.57033524584324)
9.2013 	EXP 	rot_line_precue: ori = np.float64(291.97784018241913)
9.2102 	EXP 	rot_line_precue: ori = np.float64(292.35787922127946)
9.2183 	EXP 	rot_line_precue: ori = np.float64(292.69238324586786)
9.2264 	EXP 	rot_line_precue: ori = np.float64(293.00664847523484)
9.2272 	EXP 	New trial (rep=2, index=3): <Trial 3 (3 in rep 2) data={'pic_name': 'pics/left_hand.JPG', 'class_mi': 'left_hand', 'thisN': 3, 'thisTrialN': 3, 'thisRepN': 2}>
9.2350 	EXP 	hor_line_precue: autoDraw = False
9.2350 	EXP 	ver_line_precue: autoDraw = False
9.2350 	EXP 	rot_line_precue: autoDraw = False
9.2350 	EXP 	rot_line_precue: ori = np.float64(293.3232514476592)
9.2350 	EXP 	point_left: autoDraw = False
9.2350 	EXP 	point_right: autoDraw = False
9.2350 	EXP 	hor_line_precue: autoDraw = False
9.2350 	EXP 	ver_line_precue: autoDraw = False
9.2350 	EXP 	rot_line_precue: autoDraw = False
9.2350 	EXP 	point_left: autoDraw = False
9.2350 	EXP 	point_right: autoDraw = False
9.2350 	EXP 	hor_line_precue: autoDraw = True
9.2350 	EXP 	ver_line_precue: autoDraw = True
9.2350 	EXP 	rot_line_precue: autoDraw = True
9.2350 	EXP 	rot_line_precue: ori = np.float64(293.63700732816324)
9.2350 	EXP 	point_left: autoDraw = True
9.2350 	EXP 	point_right: autoDraw = True
9.2431 	EXP 	rot_line_precue: ori = np.float64(293.9664907223679)
9.2515 	EXP 	rot_line_precue: ori = np.float64(294.26248517416724)
9.2597 	EXP 	rot_line_precue: ori = np.float64(294.55778864382245)
9.2685 	EXP 	rot_line_precue: ori = np.float64(294.9100578406797)
9.2765 	EXP 	rot_line_precue: ori = np.float64(295.419660464786)
9.2852 	EXP 	rot_line_precue: ori = np.float64(295.764131343281)
9.2938 	EXP 	rot_line_precue: ori = np.float64(296.102400047287)
9.3014 	EXP 	rot_line_precue: ori = np.float64(296.5070537785701)
9.3097 	EXP 	rot_line_precue: ori = np.float64(296.81420208454847)
9.3186 	EXP 	rot_line_precue: ori = np.float64(297.3546552104112)
9.3266 	EXP 	rot_line_precue: ori = np.float64(297.85208196143145)
9.3360 	EXP 	rot_line_precue: ori = np.float64(298.21080984888266)
9.3435 	EXP 	rot_line_precue: ori = np.float64(298.6712329768889)
9.3516 	EXP 	rot_line_precue: ori = np.float64(298.97047294109205)
9.3603 	EXP 	rot_line_precue: ori = np.float64(299.3729477960961)
9.3686 	EXP 	rot_line_precue: ori = np.float64(299.6694670545798)
9.3766 	EXP 	rot_line_precue: ori = np.float64(300.0079583133713)
9.3853 	EXP 	rot_line_precue: ori = np.float64(300.5257164285485)
9.3932 	EXP 	rot_line_precue: ori = np.float64(300.8556712334122)
9.4015 	EXP 	rot_line_precue: ori = np.float64(301.5853460740142)
9.4098 	EXP 	rot_line_precue: ori = np.float64(302.01875015589104)
9.4188 	EXP 	rot_line_precue: ori = np.float64(302.3476424369981)
9.4265 	EXP 	rot_line_precue: ori = np.float64(302.685819446446)
9.4347 	EXP 	rot_line_precue: ori = np.float64(303.2299577926144)
9.4429 	EXP 	rot_line_precue: ori = np.float64(303.92570172068787)
9.4519 	EXP 	rot_line_precue: ori = np.float64(304.3846068188604)
9.4598 	EXP 	rot_line_precue: ori = np.float64(304.7060213356651)
9.4680 	EXP 	rot_line_precue: ori = np.float64(305.25618560382276)
9.4765 	EXP 	rot_line_precue: ori = np.float64(305.6392958193603)
9.4848 	EXP 	rot_line_precue: ori = np.float64(305.93872730082677)
9.4934 	EXP 	rot_line_precue: ori = np.float64(306.3121799573904)
9.5019 	EXP 	rot_line_precue: ori = np.float64(306.95868233018496)
9.5100 	EXP 	rot_line_precue: ori = np.float64(307.28452164118363)
9.5186 	EXP 	rot_line_precue: ori = np.float64(307.90005952805734)
9.5269 	EXP 	rot_line_precue: ori = np.float64(308.2491703231484)
9.5350 	EXP 	rot_line_precue: ori = np.float64(308.5556543809558)
9.5435 	EXP 	rot_line_precue: ori = np.float64(309.2277465426486)
9.5517 	EXP 	rot_line_precue: ori = np.float64(309.75637022478793)
9.5600 	EXP 	rot_line_precue: ori = np.float64(310.0700617917186)
9.5685 	EXP 	rot_line_precue: ori = np.float64(310.5674227950145)
9.5767 	EXP 	rot_line_precue: ori = np.float64(311.0212634237792)
9.5848 	EXP 	rot_line_precue: ori = np.float64(311.5085023187427)
9.5930 	EXP 	rot_line_precue: ori = np.float64(311.8921714378059)
9.6012 	EXP 	rot_line_precue: ori = np.float64(312.54434957326663)
9.6098 	EXP 	rot_line_precue: ori = np.float64(312.9545915834641)
9.6180 	EXP 	rot_line_precue: ori = np.float64(313.7300243835339)
9.6264 	EXP 	rot_line_precue: ori = np.float64(314.063155384433)
9.6347 	EXP 	rot_line_precue: ori = np.float64(314.3931218042153)
9.6429 	EXP 	rot_line_precue: ori = np.float64(314.7623215798534)
9.6513 	EXP 	rot_line_precue: ori = np.float64(315.34030453296157)
9.6607 	EXP 	rot_line_precue: ori = np.float64(315.65458425946764)
9.6681 	EXP 	rot_line_precue: ori = np.float64(315.9665918968782)
9.6776 	EXP 	rot_line_precue: ori = np.float64(316.2802282394229)
9.6850 	EXP 	rot_line_precue: ori = np.float64(316.83171126443125)
9.6933 	EXP 	rot_line_precue: ori = np.float64(317.1769951906935)
9.7020 	EXP 	rot_line_precue: ori = np.float64(317.5113577078877)
9.7101 	EXP 	rot_line_precue: ori = np.float64(317.9161752445568)
9.7183 	EXP 	rot_line_precue: ori = np.float64(318.55878463131114)
9.7271 	EXP 	rot_line_precue: ori = np.float64(318.97819091949225)
9.7357 	EXP 	rot_line_precue: ori = np.float64(319.5623463840824)
9.7432 	EXP 	rot_line_precue: ori = np.float64(319.8938113450494)
9.7519 	EXP 	rot_line_precue: ori = np.float64(320.2067916533057)
9.7599 	EXP 	rot_line_precue: ori = np.float64(320.6337930014767)
9.7682 	EXP 	rot_line_precue: ori = np.float64(320.9412746714837)
9.7765 	EXP 	rot_line_precue: ori = np.float64(321.68583669634677)
9.7846 	EXP 	rot_line_precue: ori = np.float64(322.1016144475248)
9.7931 	EXP 	rot_line_precue: ori = np.float64(322.41693420033954)
9.8015 	EXP 	rot_line_precue: ori = np.float64(323.04202783066137)
9.8097 	EXP 	rot_line_precue: ori = np.float64(323.3489036679003)
9.8181 	EXP 	rot_line_precue: ori = np.float64(323.73290099055515)
9.8263 	EXP 	rot_line_precue: ori = np.float64(324.2913445737776)
9.8354 	EXP 	rot_line_precue: ori = np.float64(324.5897861905268)
9.8432 	EXP 	rot_line_precue: ori = np.float64(324.99745301930983)
9.8516 	EXP 	rot_line_precue: ori = np.float64(325.3787341106917)
9.8602 	EXP 	rot_line_precue: ori = np.float64(325.6943625102738)
9.8684 	EXP 	rot_line_precue: ori = np.float64(326.0644948352722)
9.8768 	EXP 	rot_line_precue: ori = np.float64(326.64076948848236)
9.8853 	EXP 	rot_line_precue: ori = np.float64(327.2245219472935)
9.8936 	EXP 	rot_line_precue: ori = np.float64(327.5721844191913)
9.9016 	EXP 	rot_line_precue: ori = np.float64(327.918244666073)
9.9097 	EXP 	rot_line_precue: ori = np.float64(328.37762915181304)
9.9183 	EXP 	rot_line_precue: ori = np.float64(328.69202942291616)
9.9269 	EXP 	rot_line_precue: ori = np.float64(329.2456199370642)
9.9349 	EXP 	rot_line_precue: ori = np.float64(329.7623282164987)
9.9432 	EXP 	rot_line_precue: ori = np.float64(330.0852281055789)
9.9515 	EXP 	rot_line_precue: ori = np.float64(330.45581204085664)
9.9598 	EXP 	rot_line_precue: ori = np.float64(330.8753918423211)
9.9680 	EXP 	rot_line_precue: ori = np.float64(331.67388267416794)
9.9765 	EXP 	rot_line_precue: ori = np.float64(331.9970484357412)
9.9847 	EXP 	rot_line_precue: ori = np.float64(332.4647673695632)
9.9931 	EXP 	rot_line_precue: ori = np.float64(332.90989040925643)
10.0015 	EXP 	rot_line_precue: ori = np.float64(333.25242032414604)
10.0098 	EXP 	rot_line_precue: ori = np.float64(333.55011683619784)
10.0179 	EXP 	rot_line_precue: ori = np.float64(334.01414325761203)
10.0266 	EXP 	rot_line_precue: ori = np.float64(334.3188044957276)
10.0354 	EXP 	rot_line_precue: ori = np.float64(334.6308500351721)
10.0441 	EXP 	rot_line_precue: ori = np.float64(335.0211707384294)
10.0522 	EXP 	rot_line_precue: ori = np.float64(335.35565482180067)
10.0600 	EXP 	rot_line_precue: ori = np.float64(335.8724177377249)
10.0692 	EXP 	rot_line_precue: ori = np.float64(336.31540772971397)
10.0767 	EXP 	rot_line_precue: ori = np.float64(336.6410641924737)
10.0856 	EXP 	rot_line_precue: ori = np.float64(337.06845493606875)
10.0928 	EXP 	rot_line_precue: ori = np.float64(337.4089228850187)
10.1016 	EXP 	rot_line_precue: ori = np.float64(337.7526302774056)
10.1099 	EXP 	rot_line_precue: ori = np.float64(338.1586517056202)
10.1180 	EXP 	rot_line_precue: ori = np.float64(338.46398050344476)
10.1262 	EXP 	rot_line_precue: ori = np.float64(339.19085369609644)
10.1352 	EXP 	rot_line_precue: ori = np.float64(339.90105849524633)
10.1430 	EXP 	rot_line_precue: ori = np.float64(340.4116340866022)
10.1514 	EXP 	rot_line_precue: ori = np.float64(340.7637410363179)
10.1597 	EXP 	rot_line_precue: ori = np.float64(341.2645514012116)
10.1680 	EXP 	rot_line_precue: ori = np.float64(341.5621482336876)
10.1764 	EXP 	rot_line_precue: ori = np.float64(341.91307299400296)
10.1854 	EXP 	rot_line_precue: ori = np.float64(342.2186781408023)
10.1931 	EXP 	rot_line_precue: ori = np.float64(342.5953636793213)
10.2019 	EXP 	rot_line_precue: ori = np.float64(343.0356550025075)
10.2102 	EXP 	rot_line_precue: ori = np.float64(343.41568374387276)
10.2190 	EXP 	rot_line_precue: ori = np.float64(343.7779209387637)
10.2275 	EXP 	rot_line_precue: ori = np.float64(344.47634138478764)
10.2353 	EXP 	rot_line_precue: ori = np.float64(344.8464393712562)
10.2434 	EXP 	rot_line_precue: ori = np.float64(345.28408201447957)
10.2515 	EXP 	rot_line_precue: ori = np.float64(345.93899681131313)
10.2606 	EXP 	rot_line_precue: ori = np.float64(346.4134219501613)
10.2681 	EXP 	rot_line_precue: ori = np.float64(346.77406814802157)
10.2765 	EXP 	rot_line_precue: ori = np.float64(347.18499054329453)
10.2848 	EXP 	rot_line_precue: ori = np.float64(347.72755861289136)
10.2931 	EXP 	rot_line_precue: ori = np.float64(348.02355986215497)
10.3013 	EXP 	rot_line_precue: ori = np.float64(348.3646286936994)
10.3096 	EXP 	rot_line_precue: ori = np.float64(348.7680792930094)
10.3181 	EXP 	rot_line_precue: ori = np.float64(349.0655102442543)
10.3264 	EXP 	rot_line_precue: ori = np.float64(349.41239201047904)
10.3353 	EXP 	rot_line_precue: ori = np.float64(349.8397802356163)
10.3430 	EXP 	rot_line_precue: ori = np.float64(350.1554022415141)
10.3515 	EXP 	rot_line_precue: ori = np.float64(350.4676466458284)
10.3597 	EXP 	rot_line_precue: ori = np.float64(350.79765130438824)
10.3681 	EXP 	rot_line_precue: ori = np.float64(351.4253667316495)
10.3766 	EXP 	rot_line_precue: ori = np.float64(351.8554218403165)
10.3855 	EXP 	rot_line_precue: ori = np.float64(352.16232134107946)
10.3935 	EXP 	rot_line_precue: ori = np.float64(352.474220578005)
10.4019 	EXP 	rot_line_precue: ori = np.float64(352.8394072686202)
10.4102 	EXP 	rot_line_precue: ori = np.float64(353.15338416187916)
10.4185 	EXP 	rot_line_precue: ori = np.float64(353.47192008596505)
10.4266 	EXP 	rot_line_precue: ori = np.float64(353.8304737014562)
10.4352 	EXP 	rot_line_precue: ori = np.float64(354.13285112477047)
10.4434 	EXP 	rot_line_precue: ori = np.float64(354.7731919258222)
10.4515 	EXP 	rot_line_precue: ori = np.float64(355.1380446953561)
10.4597 	EXP 	rot_line_precue: ori = np.float64(355.4345880983187)
10.4678 	EXP 	rot_line_precue: ori = np.float64(355.92622584029124)
10.4765 	EXP 	rot_line_precue: ori = np.float64(356.22425064554625)
10.4847 	EXP 	rot_line_precue: ori = np.float64(356.53205305054087)
10.4929 	EXP 	rot_line_precue: ori = np.float64(356.85150033795213)
10.5015 	EXP 	rot_line_precue: ori = np.float64(357.58264802558847)
10.5097 	EXP 	rot_line_precue: ori = np.float64(357.9256878754382)
10.5180 	EXP 	rot_line_precue: ori = np.float64(358.27828000171826)
10.5265 	EXP 	rot_line_precue: ori = np.float64(358.5823789151675)
10.5348 	EXP 	rot_line_precue: ori = np.float64(358.904417907548)
10.5430 	EXP 	rot_line_precue: ori = np.float64(359.27918428600645)
10.5516 	EXP 	rot_line_precue: ori = np.float64(359.5834745572725)
10.5599 	EXP 	rot_line_precue: ori = np.float64(359.9141787373907)
10.5685 	EXP 	rot_line_precue: ori = np.float64(0.28523689119771234)
10.5775 	EXP 	rot_line_precue: ori = np.float64(0.7347670888632142)
10.5854 	EXP 	rot_line_precue: ori = np.float64(1.0982840257584918)
10.5934 	EXP 	rot_line_precue: ori = np.float64(1.4739077711333262)
10.6024 	EXP 	rot_line_precue: ori = np.float64(1.7979396207017266)
10.6098 	EXP 	rot_line_precue: ori = np.float64(2.14308708717588)
10.6181 	EXP 	rot_line_precue: ori = np.float64(2.445645335152353)
10.6267 	EXP 	rot_line_precue: ori = np.float64(2.850543019898972)
10.6351 	EXP 	rot_line_precue: ori = np.float64(3.20305770229416)
10.6431 	EXP 	rot_line_precue: ori = np.float64(3.577816741926824)
10.6517 	EXP 	rot_line_precue: ori = np.float64(3.952764717408022)
10.6598 	EXP 	rot_line_precue: ori = np.float64(4.629695551607789)
10.6681 	EXP 	rot_line_precue: ori = np.float64(4.943356952386958)
10.6770 	EXP 	rot_line_precue: ori = np.float64(5.268164761399957)
10.6848 	EXP 	rot_line_precue: ori = np.float64(5.57804423478167)
10.6930 	EXP 	rot_line_precue: ori = np.float64(5.998465389094605)
10.7024 	EXP 	rot_line_precue: ori = np.float64(6.506178218688781)
10.7097 	EXP 	rot_line_precue: ori = np.float64(6.808918832591795)
10.7181 	EXP 	rot_line_precue: ori = np.float64(7.459463295619127)
10.7264 	EXP 	rot_line_precue: ori = np.float64(7.767015781565337)
10.7351 	EXP 	rot_line_precue: ori = np.float64(8.111567364866705)
10.7434 	EXP 	rot_line_precue: ori = np.float64(8.459372020313136)
10.7520 	EXP 	rot_line_precue: ori = np.float64(8.97311348938279)
10.7602 	EXP 	rot_line_precue: ori = np.float64(9.271113494693271)
10.7683 	EXP 	rot_line_precue: ori = np.float64(9.592926362050974)
10.7770 	EXP 	rot_line_precue: ori = np.float64(10.002964370511734)
10.7858 	EXP 	rot_line_precue: ori = np.float64(10.493319265307145)
10.7939 	EXP 	rot_line_precue: ori = np.float64(10.878175486175552)
10.8015 	EXP 	rot_line_precue: ori = np.float64(11.18724041639005)
10.8100 	EXP 	rot_line_precue: ori = np.float64(11.511797954382356)
10.8182 	EXP 	rot_line_precue: ori = np.float64(11.848159450935244)
10.8263 	EXP 	rot_line_precue: ori = np.float64(12.16363622563629)
10.8350 	EXP 	rot_line_precue: ori = np.float64(12.65180576057583)
10.8431 	EXP 	rot_line_precue: ori = np.float64(13.003226350739842)
10.8515 	EXP 	rot_line_precue: ori = np.float64(13.353459879059313)
10.8607 	EXP 	rot_line_precue: ori = np.float64(13.926249527086755)
10.8688 	EXP 	rot_line_precue: ori = np.float64(14.303073516601888)
10.8766 	EXP 	rot_line_precue: ori = np.float64(14.661843344267828)
10.8848 	EXP 	rot_line_precue: ori = np.float64(14.991597709265816)
10.8932 	EXP 	rot_line_precue: ori = np.float64(15.406683876413839)
10.9017 	EXP 	rot_line_precue: ori = np.float64(15.710010294872626)
10.9103 	EXP 	rot_line_precue: ori = np.float64(16.209018997255857)
10.9190 	EXP 	rot_line_precue: ori = np.float64(16.551892588540582)
10.9267 	EXP 	rot_line_precue: ori = np.float64(16.889220310253332)
10.9355 	EXP 	rot_line_precue: ori = np.float64(17.244798599707682)
10.9442 	EXP 	rot_line_precue: ori = np.float64(17.62698745512094)
10.9516 	EXP 	rot_line_precue: ori = np.float64(18.28904153542739)
10.9597 	EXP 	rot_line_precue: ori = np.float64(18.597503526970286)
10.9684 	EXP 	rot_line_precue: ori = np.float64(18.95430014572053)
10.9766 	EXP 	rot_line_precue: ori = np.float64(19.26091711161991)
10.9848 	EXP 	rot_line_precue: ori = np.float64(19.792746234782314)
10.9931 	EXP 	rot_line_precue: ori = np.float64(20.290066143796462)
11.0016 	EXP 	rot_line_precue: ori = np.float64(20.913013522216463)
11.0097 	EXP 	rot_line_precue: ori = np.float64(21.25479757065346)
11.0180 	EXP 	rot_line_precue: ori = np.float64(21.671665951862852)
11.0266 	EXP 	rot_line_precue: ori = np.float64(21.999943729919668)
11.0348 	EXP 	rot_line_precue: ori = np.float64(22.39296209377848)
11.0430 	EXP 	rot_line_precue: ori = np.float64(23.022470102102904)
11.0521 	EXP 	rot_line_precue: ori = np.float64(23.370368156284197)
11.0598 	EXP 	rot_line_precue: ori = np.float64(23.748799417800004)
11.0680 	EXP 	rot_line_precue: ori = np.float64(24.15299219532946)
11.0767 	EXP 	rot_line_precue: ori = np.float64(24.651400812336615)
11.0854 	EXP 	rot_line_precue: ori = np.float64(24.97281725865909)
11.0943 	EXP 	rot_line_precue: ori = np.float64(25.318125145034227)
11.1017 	EXP 	rot_line_precue: ori = np.float64(25.670266409884615)
11.1102 	EXP 	rot_line_precue: ori = np.float64(25.972169575837004)
11.1187 	EXP 	rot_line_precue: ori = np.float64(26.357063966340988)
11.1268 	EXP 	rot_line_precue: ori = np.float64(26.6665589781956)
11.1350 	EXP 	rot_line_precue: ori = np.float64(27.046268586602192)
11.1435 	EXP 	rot_line_precue: ori = np.float64(27.747058882931647)
11.1517 	EXP 	rot_line_precue: ori = np.float64(28.338265251699447)
11.1598 	EXP 	rot_line_precue: ori = np.float64(29.076570770260552)
11.1680 	EXP 	rot_line_precue: ori = np.float64(29.4561805179435)
11.1764 	EXP 	rot_line_precue: ori = np.float64(29.78452914831911)
11.1848 	EXP 	rot_line_precue: ori = np.float64(30.534843867020506)
11.1930 	EXP 	rot_line_precue: ori = np.float64(30.838715288424105)
11.2013 	EXP 	rot_line_precue: ori = np.float64(31.144485517942407)
11.2098 	EXP 	rot_line_precue: ori = np.float64(31.473854451064902)
11.2180 	EXP 	rot_line_precue: ori = np.float64(32.05106627619018)
11.2188 	EXP 	New trial (rep=0, index=4): <Trial 4 (4 in rep 0) data={'pic_name': 'pics/feet.JPG', 'class_mi': 'feet', 'thisN': 4, 'thisTrialN': 4, 'thisRepN': 0}>
11.2263 	EXP 	hor_line_precue: autoDraw = False
11.2263 	EXP 	ver_line_precue: autoDraw = False
11.2263 	EXP 	rot_line_precue: autoDraw = False
11.2263 	EXP 	rot_line_precue: ori = np.float64(32.39950511982597)
11.2263 	EXP 	point_left: autoDraw = False
11.2263 	EXP 	point_right: autoDraw = False
11.2263 	EXP 	hor_line_precue: autoDraw = False
11.2263 	EXP 	ver_line_precue: autoDraw = False
11.2263 	EXP 	rot_line_precue: autoDraw = False
11.2263 	EXP 	point_left: autoDraw = False
11.2263 	EXP 	point_right: autoDraw = False
11.2263 	EXP 	hor_line_precue: autoDraw = True
11.2263 	EXP 	ver_line_precue: autoDraw = True
11.2263 	EXP 	rot_line_precue: autoDraw = True
11.2263 	EXP 	rot_line_precue: ori = np.float64(32.709345574397545)
11.2263 	EXP 	point_left: autoDraw = True
11.2263 	EXP 	point_right: autoDraw = True
11.2348 	EXP 	rot_line_precue: ori = np.float64(33.28316270164314)
11.2431 	EXP 	rot_line_precue: ori = np.float64(33.602476460847924)
11.2521 	EXP 	rot_line_precue: ori = np.float64(33.93807595242573)
11.2602 	EXP 	rot_line_precue: ori = np.float64(34.50073617965367)
11.2684 	EXP 	rot_line_precue: ori = np.float64(34.79888959372861)
11.2769 	EXP 	rot_line_precue: ori = np.float64(35.55636748755556)
11.2851 	EXP 	rot_line_precue: ori = np.float64(35.91933256877313)
11.2933 	EXP 	rot_line_precue: ori = np.float64(36.23855678147224)
11.3019 	EXP 	rot_line_precue: ori = np.float64(36.54834876236064)
11.3102 	EXP 	rot_line_precue: ori = np.float64(36.91232268017219)
11.3183 	EXP 	rot_line_precue: ori = np.float64(37.21636674460235)
11.3265 	EXP 	rot_line_precue: ori = np.float64(37.54375339391785)
11.3351 	EXP 	rot_line_precue: ori = np.float64(38.07262334040183)
11.3432 	EXP 	rot_line_precue: ori = np.float64(38.36825200310547)
11.3524 	EXP 	rot_line_precue: ori = np.float64(38.8760072305642)
11.3598 	EXP 	rot_line_precue: ori = np.float64(39.41102041866565)
11.3681 	EXP 	rot_line_precue: ori = np.float64(39.92574472187946)
11.3763 	EXP 	rot_line_precue: ori = np.float64(40.236634495849174)
11.3847 	EXP 	rot_line_precue: ori = np.float64(40.6834989424079)
11.3931 	EXP 	rot_line_precue: ori = np.float64(41.27136540984941)
11.4015 	EXP 	rot_line_precue: ori = np.float64(41.59368210790363)
11.4098 	EXP 	rot_line_precue: ori = np.float64(41.90921759321699)
11.4183 	EXP 	rot_line_precue: ori = np.float64(42.20944916422623)
11.4265 	EXP 	rot_line_precue: ori = np.float64(42.66571667187445)
11.4351 	EXP 	rot_line_precue: ori = np.float64(43.07884839412488)
11.4435 	EXP 	rot_line_precue: ori = np.float64(43.56646137915736)
11.4518 	EXP 	rot_line_precue: ori = np.float64(43.9464147602224)
11.4603 	EXP 	rot_line_precue: ori = np.float64(44.24232276706576)
11.4685 	EXP 	rot_line_precue: ori = np.float64(44.62079981294924)
11.4772 	EXP 	rot_line_precue: ori = np.float64(44.99778827839703)
11.4852 	EXP 	rot_line_precue: ori = np.float64(45.385359313103834)
11.4934 	EXP 	rot_line_precue: ori = np.float64(45.797261786226755)
11.5017 	EXP 	rot_line_precue: ori = np.float64(46.13044315642339)
11.5098 	EXP 	rot_line_precue: ori = np.float64(46.478610605949655)
11.5183 	EXP 	rot_line_precue: ori = np.float64(46.86247071017234)
11.5265 	EXP 	rot_line_precue: ori = np.float64(47.53746177350043)
11.5347 	EXP 	rot_line_precue: ori = np.float64(48.0607784735984)
11.5428 	EXP 	rot_line_precue: ori = np.float64(48.44678734837196)
11.5514 	EXP 	rot_line_precue: ori = np.float64(48.77637730673298)
11.5598 	EXP 	rot_line_precue: ori = np.float64(49.112035642727506)
11.5679 	EXP 	rot_line_precue: ori = np.float64(49.73654159450938)
11.5765 	EXP 	rot_line_precue: ori = np.float64(50.082820387602716)
11.5847 	EXP 	rot_line_precue: ori = np.float64(50.46996040498174)
11.5938 	EXP 	rot_line_precue: ori = np.float64(50.808062554376875)
11.6015 	EXP 	rot_line_precue: ori = np.float64(51.14917970654867)
11.6098 	EXP 	rot_line_precue: ori = np.float64(51.54681774990054)
11.6185 	EXP 	rot_line_precue: ori = np.float64(51.877194316748735)
11.6268 	EXP 	rot_line_precue: ori = np.float64(52.29411927376752)
11.6351 	EXP 	rot_line_precue: ori = np.float64(52.6035716393092)
11.6436 	EXP 	rot_line_precue: ori = np.float64(53.09697133601851)
11.6518 	EXP 	rot_line_precue: ori = np.float64(53.69868398656117)
11.6601 	EXP 	rot_line_precue: ori = np.float64(54.050621989154806)
11.6687 	EXP 	rot_line_precue: ori = np.float64(54.37664906397827)
11.6768 	EXP 	rot_line_precue: ori = np.float64(54.701303835565334)
11.6851 	EXP 	rot_line_precue: ori = np.float64(55.38468818337161)
11.6932 	EXP 	rot_line_precue: ori = np.float64(55.896774343187)
11.7017 	EXP 	rot_line_precue: ori = np.float64(56.451949378144576)
11.7099 	EXP 	rot_line_precue: ori = np.float64(56.81149399943243)
11.7181 	EXP 	rot_line_precue: ori = np.float64(57.13116240118472)
11.7264 	EXP 	rot_line_precue: ori = np.float64(57.80401770925109)
11.7349 	EXP 	rot_line_precue: ori = np.float64(58.3999033382434)
11.7431 	EXP 	rot_line_precue: ori = np.float64(58.728563658716354)
11.7515 	EXP 	rot_line_precue: ori = np.float64(59.20595350454689)
11.7598 	EXP 	rot_line_precue: ori = np.float64(59.56062727566886)
11.7680 	EXP 	rot_line_precue: ori = np.float64(60.26844612323015)
11.7765 	EXP 	rot_line_precue: ori = np.float64(60.65335103315476)
11.7849 	EXP 	rot_line_precue: ori = np.float64(60.97361492806253)
11.7932 	EXP 	rot_line_precue: ori = np.float64(61.69236323926535)
11.8020 	EXP 	rot_line_precue: ori = np.float64(62.375925947623884)
11.8101 	EXP 	rot_line_precue: ori = np.float64(62.7360589717977)
11.8184 	EXP 	rot_line_precue: ori = np.float64(63.037494308843655)
11.8270 	EXP 	rot_line_precue: ori = np.float64(63.3436451074853)
11.8359 	EXP 	rot_line_precue: ori = np.float64(63.804696885967175)
11.8432 	EXP 	rot_line_precue: ori = np.float64(64.18095675984021)
11.8515 	EXP 	rot_line_precue: ori = np.float64(64.80016657061061)
11.8600 	EXP 	rot_line_precue: ori = np.float64(65.19807044338629)
11.8683 	EXP 	rot_line_precue: ori = np.float64(65.5270989955087)
11.8765 	EXP 	rot_line_precue: ori = np.float64(65.85826224372343)
11.8848 	EXP 	rot_line_precue: ori = np.float64(66.3720623060058)
11.8931 	EXP 	rot_line_precue: ori = np.float64(67.01412614974433)
11.9015 	EXP 	rot_line_precue: ori = np.float64(67.31211958988682)
11.9105 	EXP 	rot_line_precue: ori = np.float64(67.82546433771938)
11.9181 	EXP 	rot_line_precue: ori = np.float64(68.12323619516005)
11.9264 	EXP 	rot_line_precue: ori = np.float64(68.45370973076362)
11.9347 	EXP 	rot_line_precue: ori = np.float64(68.82610059497624)
11.9433 	EXP 	rot_line_precue: ori = np.float64(69.21321344583964)
11.9515 	EXP 	rot_line_precue: ori = np.float64(69.61510378051226)
11.9596 	EXP 	rot_line_precue: ori = np.float64(69.9346337319835)
11.9682 	EXP 	rot_line_precue: ori = np.float64(70.52164435914871)
11.9767 	EXP 	rot_line_precue: ori = np.float64(71.22296205168017)
11.9853 	EXP 	rot_line_precue: ori = np.float64(71.62698565277341)
11.9937 	EXP 	rot_line_precue: ori = np.float64(71.95397173247088)
12.0024 	EXP 	rot_line_precue: ori = np.float64(72.29731726978783)
12.0103 	EXP 	rot_line_precue: ori = np.float64(72.74578330018217)
12.0185 	EXP 	rot_line_precue: ori = np.float64(73.0512848159447)
12.0266 	EXP 	rot_line_precue: ori = np.float64(73.36876180367881)
12.0348 	EXP 	rot_line_precue: ori = np.float64(73.85330139033947)
12.0434 	EXP 	rot_line_precue: ori = np.float64(74.17654631459351)
12.0517 	EXP 	rot_line_precue: ori = np.float64(74.58554299637267)
12.0599 	EXP 	rot_line_precue: ori = np.float64(74.96800347235563)
12.0680 	EXP 	rot_line_precue: ori = np.float64(75.56965910186581)
12.0765 	EXP 	rot_line_precue: ori = np.float64(75.93832546729686)
12.0848 	EXP 	rot_line_precue: ori = np.float64(76.25543094362571)
12.0930 	EXP 	rot_line_precue: ori = np.float64(76.99098736868262)
12.1015 	EXP 	rot_line_precue: ori = np.float64(77.56009270637176)
12.1097 	EXP 	rot_line_precue: ori = np.float64(78.2059261067433)
12.1181 	EXP 	rot_line_precue: ori = np.float64(78.52440957102061)
12.1265 	EXP 	rot_line_precue: ori = np.float64(78.92111056682545)
12.1348 	EXP 	rot_line_precue: ori = np.float64(79.41624581063604)
12.1431 	EXP 	rot_line_precue: ori = np.float64(79.78548624647074)
12.1517 	EXP 	rot_line_precue: ori = np.float64(80.10943287118539)
12.1602 	EXP 	rot_line_precue: ori = np.float64(80.69443433237112)
12.1687 	EXP 	rot_line_precue: ori = np.float64(81.05914081960503)
12.1771 	EXP 	rot_line_precue: ori = np.float64(81.40747288381368)
12.1851 	EXP 	rot_line_precue: ori = np.float64(82.06857479969632)
12.1937 	EXP 	rot_line_precue: ori = np.float64(82.36537196092866)
12.2017 	EXP 	rot_line_precue: ori = np.float64(82.6976578514869)
12.2100 	EXP 	rot_line_precue: ori = np.float64(83.07845238320614)
12.2181 	EXP 	rot_line_precue: ori = np.float64(83.48192968366725)
12.2267 	EXP 	rot_line_precue: ori = np.float64(83.81090582344737)
12.2350 	EXP 	rot_line_precue: ori = np.float64(84.18173724769423)
12.2431 	EXP 	rot_line_precue: ori = np.float64(84.63758579549409)
12.2513 	EXP 	rot_line_precue: ori = np.float64(84.98247527597553)
12.2598 	EXP 	rot_line_precue: ori = np.float64(85.60086421588251)
12.2681 	EXP 	rot_line_precue: ori = np.float64(86.30858583893333)
12.2763 	EXP 	rot_line_precue: ori = np.float64(87.07306947287684)
12.2849 	EXP 	rot_line_precue: ori = np.float64(87.49705946329044)
12.2931 	EXP 	rot_line_precue: ori = np.float64(88.11415152369973)
12.3014 	EXP 	rot_line_precue: ori = np.float64(88.45600069049527)
12.3099 	EXP 	rot_line_precue: ori = np.float64(88.82957661208462)
12.3181 	EXP 	rot_line_precue: ori = np.float64(89.42199643624171)
12.3269 	EXP 	rot_line_precue: ori = np.float64(90.0665210247096)
12.3354 	EXP 	rot_line_precue: ori = np.float64(90.3944497822913)
12.3435 	EXP 	rot_line_precue: ori = np.float64(90.70732053589683)
12.3521 	EXP 	rot_line_precue: ori = np.float64(91.46739859613625)
12.3603 	EXP 	rot_line_precue: ori = np.float64(91.78300397114324)
12.3686 	EXP 	rot_line_precue: ori = np.float64(92.31251990595095)
12.3773 	EXP 	rot_line_precue: ori = np.float64(92.68189521781039)
12.3851 	EXP 	rot_line_precue: ori = np.float64(93.03645297114579)
12.3934 	EXP 	rot_line_precue: ori = np.float64(93.3602730761742)
12.4020 	EXP 	rot_line_precue: ori = np.float64(93.66502823198464)
12.4100 	EXP 	rot_line_precue: ori = np.float64(94.06393946234424)
12.4182 	EXP 	rot_line_precue: ori = np.float64(94.42512494691836)
12.4265 	EXP 	rot_line_precue: ori = np.float64(94.75380863425806)
12.4347 	EXP 	rot_line_precue: ori = np.float64(95.0762313248197)
12.4432 	EXP 	rot_line_precue: ori = np.float64(95.39532173473502)
12.4515 	EXP 	rot_line_precue: ori = np.float64(95.70527341891066)
12.4598 	EXP 	rot_line_precue: ori = np.float64(96.06162389041441)
12.4683 	EXP 	rot_line_precue: ori = np.float64(96.46159680459971)
12.4767 	EXP 	rot_line_precue: ori = np.float64(96.80718591687143)
12.4849 	EXP 	rot_line_precue: ori = np.float64(97.37591919137947)
12.4933 	EXP 	rot_line_precue: ori = np.float64(97.70042890480093)
12.5018 	EXP 	rot_line_precue: ori = np.float64(98.06800097958842)
12.5102 	EXP 	rot_line_precue: ori = np.float64(98.48031358143437)
12.5185 	EXP 	rot_line_precue: ori = np.float64(98.82828006253588)
12.5267 	EXP 	rot_line_precue: ori = np.float64(99.15613238578922)
12.5353 	EXP 	rot_line_precue: ori = np.float64(99.46592577314964)
12.5435 	EXP 	rot_line_precue: ori = np.float64(99.80524325337892)
12.5525 	EXP 	rot_line_precue: ori = np.float64(100.16488494223572)
12.5596 	EXP 	rot_line_precue: ori = np.float64(100.48848913589352)
12.5692 	EXP 	rot_line_precue: ori = np.float64(101.03366635039073)
12.5767 	EXP 	rot_line_precue: ori = np.float64(101.71034030533185)
12.5849 	EXP 	rot_line_precue: ori = np.float64(102.01307895940101)
12.5934 	EXP 	rot_line_precue: ori = np.float64(102.40030346803748)
12.6015 	EXP 	rot_line_precue: ori = np.float64(102.95145412201533)
12.6098 	EXP 	rot_line_precue: ori = np.float64(103.24746799710367)
12.6180 	EXP 	rot_line_precue: ori = np.float64(103.9313685299259)
12.6266 	EXP 	rot_line_precue: ori = np.float64(104.27811932057035)
12.6349 	EXP 	rot_line_precue: ori = np.float64(104.57581003456046)
12.6431 	EXP 	rot_line_precue: ori = np.float64(104.92738985461547)
12.6522 	EXP 	rot_line_precue: ori = np.float64(105.24384688859003)
12.6599 	EXP 	rot_line_precue: ori = np.float64(105.62040200628093)
12.6687 	EXP 	rot_line_precue: ori = np.float64(105.99263084985527)
12.6768 	EXP 	rot_line_precue: ori = np.float64(106.41133075708575)
12.6850 	EXP 	rot_line_precue: ori = np.float64(106.78873988191789)
12.6937 	EXP 	rot_line_precue: ori = np.float64(107.57444259888408)
12.7020 	EXP 	rot_line_precue: ori = np.float64(107.93814469167721)
12.7102 	EXP 	rot_line_precue: ori = np.float64(108.4100382504298)
12.7187 	EXP 	rot_line_precue: ori = np.float64(109.11858460188292)
12.7268 	EXP 	rot_line_precue: ori = np.float64(109.57499228892016)
12.7351 	EXP 	rot_line_precue: ori = np.float64(109.92159730807508)
12.7433 	EXP 	rot_line_precue: ori = np.float64(110.2351621554148)
12.7518 	EXP 	rot_line_precue: ori = np.float64(110.59393582093557)
12.7598 	EXP 	rot_line_precue: ori = np.float64(110.90828803375908)
12.7681 	EXP 	rot_line_precue: ori = np.float64(111.41641723467842)
12.7764 	EXP 	rot_line_precue: ori = np.float64(111.76332122034698)
12.7848 	EXP 	rot_line_precue: ori = np.float64(112.17515142163253)
12.7930 	EXP 	rot_line_precue: ori = np.float64(112.82498682357867)
12.8013 	EXP 	rot_line_precue: ori = np.float64(113.54397071282489)
12.8098 	EXP 	rot_line_precue: ori = np.float64(114.09666502846521)
12.8181 	EXP 	rot_line_precue: ori = np.float64(114.45727578929184)
12.8264 	EXP 	rot_line_precue: ori = np.float64(114.75549434046945)
12.8348 	EXP 	rot_line_precue: ori = np.float64(115.13051700744913)
12.8430 	EXP 	rot_line_precue: ori = np.float64(115.42896191928148)
12.8514 	EXP 	rot_line_precue: ori = np.float64(115.77915603980591)
12.8596 	EXP 	rot_line_precue: ori = np.float64(116.23144660126798)
12.8683 	EXP 	rot_line_precue: ori = np.float64(116.70093397873296)
12.8769 	EXP 	rot_line_precue: ori = np.float64(116.99749485661984)
12.8852 	EXP 	rot_line_precue: ori = np.float64(117.3013616386186)
12.8936 	EXP 	rot_line_precue: ori = np.float64(117.7494049127296)
12.9020 	EXP 	rot_line_precue: ori = np.float64(118.43128932959411)
12.9103 	EXP 	rot_line_precue: ori = np.float64(119.19441473396591)
12.9183 	EXP 	rot_line_precue: ori = np.float64(119.50354723818342)
12.9265 	EXP 	rot_line_precue: ori = np.float64(120.21685783722161)
12.9351 	EXP 	rot_line_precue: ori = np.float64(120.52090921257859)
12.9433 	EXP 	rot_line_precue: ori = np.float64(120.86689144913773)
12.9517 	EXP 	rot_line_precue: ori = np.float64(121.54353479237746)
12.9597 	EXP 	rot_line_precue: ori = np.float64(122.07800941580774)
12.9683 	EXP 	rot_line_precue: ori = np.float64(122.38680765070136)
12.9765 	EXP 	rot_line_precue: ori = np.float64(122.6924633017821)
12.9848 	EXP 	rot_line_precue: ori = np.float64(122.98868752234264)
12.9932 	EXP 	rot_line_precue: ori = np.float64(123.34733284619395)
13.0014 	EXP 	rot_line_precue: ori = np.float64(124.11244760669896)
13.0098 	EXP 	rot_line_precue: ori = np.float64(124.40857476628274)
13.0182 	EXP 	rot_line_precue: ori = np.float64(124.7577274909179)
13.0265 	EXP 	rot_line_precue: ori = np.float64(125.05453984650393)
13.0353 	EXP 	rot_line_precue: ori = np.float64(125.38378974160605)
13.0434 	EXP 	rot_line_precue: ori = np.float64(126.08377261194917)
13.0518 	EXP 	rot_line_precue: ori = np.float64(126.42757237299722)
13.0604 	EXP 	rot_line_precue: ori = np.float64(126.8530869732512)
13.0691 	EXP 	rot_line_precue: ori = np.float64(127.18739620967301)
13.0769 	EXP 	rot_line_precue: ori = np.float64(127.51764603386513)
13.0854 	EXP 	rot_line_precue: ori = np.float64(128.04922519111943)
13.0934 	EXP 	rot_line_precue: ori = np.float64(128.34707693329514)
13.1029 	EXP 	rot_line_precue: ori = np.float64(128.92692062753065)
13.1097 	EXP 	rot_line_precue: ori = np.float64(129.2924624597789)
13.1184 	EXP 	rot_line_precue: ori = np.float64(129.7181793154973)
13.1266 	EXP 	rot_line_precue: ori = np.float64(130.14539684561365)
13.1348 	EXP 	rot_line_precue: ori = np.float64(130.67021437732345)
13.1431 	EXP 	rot_line_precue: ori = np.float64(131.12774001749466)
13.1516 	EXP 	rot_line_precue: ori = np.float64(131.44560037826957)
13.1601 	EXP 	rot_line_precue: ori = np.float64(131.7724324524967)
13.1681 	EXP 	rot_line_precue: ori = np.float64(132.07961031009845)
13.1766 	EXP 	rot_line_precue: ori = np.float64(132.38517878395413)
13.1849 	EXP 	rot_line_precue: ori = np.float64(132.92252066834257)
13.1931 	EXP 	rot_line_precue: ori = np.float64(133.4903701618166)
13.2013 	EXP 	rot_line_precue: ori = np.float64(134.06648063422762)
13.2102 	EXP 	rot_line_precue: ori = np.float64(134.39756300831863)
13.2112 	EXP 	New trial (rep=1, index=5): <Trial 5 (5 in rep 1) data={'pic_name': 'pics/none.JPG', 'class_mi': 'rest', 'thisN': 5, 'thisTrialN': 5, 'thisRepN': 1}>
13.2181 	EXP 	hor_line_precue: autoDraw = False
13.2181 	EXP 	ver_line_precue: autoDraw = False
13.2181 	EXP 	rot_line_precue: autoDraw = False
13.2181 	EXP 	rot_line_precue: ori = np.float64(134.69454083974756)
13.2181 	EXP 	point_left: autoDraw = False
13.2181 	EXP 	point_right: autoDraw = False
13.2181 	EXP 	hor_line_precue: autoDraw = False
13.2181 	EXP 	ver_line_precue: autoDraw = False
13.2181 	EXP 	rot_line_precue: autoDraw = False
13.2181 	EXP 	point_left: autoDraw = False
13.2181 	EXP 	point_right: autoDraw = False
13.2181 	EXP 	hor_line_precue: autoDraw = True
13.2181 	EXP 	ver_line_precue: autoDraw = True
13.2181 	EXP 	rot_line_precue: autoDraw = True
13.2181 	EXP 	rot_line_precue: ori = np.float64(135.08063597170178)
13.2181 	EXP 	point_left: autoDraw = True
13.2181 	EXP 	point_right: autoDraw = True
13.2269 	EXP 	rot_line_precue: ori = np.float64(135.40632155694348)
13.2351 	EXP 	rot_line_precue: ori = np.float64(135.85091714866408)
13.2436 	EXP 	rot_line_precue: ori = np.float64(136.14747070362418)
13.2519 	EXP 	rot_line_precue: ori = np.float64(136.46615059448513)
13.2602 	EXP 	rot_line_precue: ori = np.float64(136.80761486715724)
13.2682 	EXP 	rot_line_precue: ori = np.float64(137.36008501369906)
13.2768 	EXP 	rot_line_precue: ori = np.float64(137.88352775183873)
13.2850 	EXP 	rot_line_precue: ori = np.float64(138.2135601398334)
13.2932 	EXP 	rot_line_precue: ori = np.float64(138.52539419924219)
13.3014 	EXP 	rot_line_precue: ori = np.float64(138.88643113596567)
13.3099 	EXP 	rot_line_precue: ori = np.float64(139.23328020031497)
13.3181 	EXP 	rot_line_precue: ori = np.float64(139.55051639142093)
13.3265 	EXP 	rot_line_precue: ori = np.float64(139.89510814580936)
13.3354 	EXP 	rot_line_precue: ori = np.float64(140.19805411181548)
13.3432 	EXP 	rot_line_precue: ori = np.float64(140.56568741456897)
13.3515 	EXP 	rot_line_precue: ori = np.float64(141.30691482480893)
13.3597 	EXP 	rot_line_precue: ori = np.float64(141.6815877426844)
13.3681 	EXP 	rot_line_precue: ori = np.float64(142.0780875836369)
13.3764 	EXP 	rot_line_precue: ori = np.float64(142.39979462753288)
13.3851 	EXP 	rot_line_precue: ori = np.float64(142.88521756033023)
13.3933 	EXP 	rot_line_precue: ori = np.float64(143.64141310134403)
13.4021 	EXP 	rot_line_precue: ori = np.float64(144.03373753073942)
13.4104 	EXP 	rot_line_precue: ori = np.float64(144.42896863033292)
13.4185 	EXP 	rot_line_precue: ori = np.float64(144.73255349578594)
13.4271 	EXP 	rot_line_precue: ori = np.float64(145.11555949570143)
13.4353 	EXP 	rot_line_precue: ori = np.float64(145.43762571206062)
13.4434 	EXP 	rot_line_precue: ori = np.float64(145.77949893421865)
13.4516 	EXP 	rot_line_precue: ori = np.float64(146.15422856585988)
13.4600 	EXP 	rot_line_precue: ori = np.float64(146.5285354367627)
13.4689 	EXP 	rot_line_precue: ori = np.float64(146.86428559313063)
13.4765 	EXP 	rot_line_precue: ori = np.float64(147.2651976062662)
13.4848 	EXP 	rot_line_precue: ori = np.float64(147.63899565207294)
13.4932 	EXP 	rot_line_precue: ori = np.float64(147.94457789791153)
13.5014 	EXP 	rot_line_precue: ori = np.float64(148.25420198978586)
13.5097 	EXP 	rot_line_precue: ori = np.float64(148.54951255057102)
13.5182 	EXP 	rot_line_precue: ori = np.float64(148.88863140816224)
13.5265 	EXP 	rot_line_precue: ori = np.float64(149.2733482201704)
13.5348 	EXP 	rot_line_precue: ori = np.float64(149.5884816021868)
13.5432 	EXP 	rot_line_precue: ori = np.float64(149.88671928596665)
13.5523 	EXP 	rot_line_precue: ori = np.float64(150.35894358842512)
13.5598 	EXP 	rot_line_precue: ori = np.float64(150.72572310660547)
13.5688 	EXP 	rot_line_precue: ori = np.float64(151.41566139298186)
13.5768 	EXP 	rot_line_precue: ori = np.float64(151.77931188700444)
13.5849 	EXP 	rot_line_precue: ori = np.float64(152.41661202368505)
13.5936 	EXP 	rot_line_precue: ori = np.float64(153.1960697726015)
13.6018 	EXP 	rot_line_precue: ori = np.float64(153.50899437160462)
13.6100 	EXP 	rot_line_precue: ori = np.float64(153.8290477970183)
13.6191 	EXP 	rot_line_precue: ori = np.float64(154.14814569094796)
13.6267 	EXP 	rot_line_precue: ori = np.float64(154.61261851709853)
13.6350 	EXP 	rot_line_precue: ori = np.float64(154.928420961618)
13.6434 	EXP 	rot_line_precue: ori = np.float64(155.3576763669911)
13.6517 	EXP 	rot_line_precue: ori = np.float64(155.6672199133692)
13.6600 	EXP 	rot_line_precue: ori = np.float64(156.11629568224134)
13.6681 	EXP 	rot_line_precue: ori = np.float64(156.68937730295508)
13.6766 	EXP 	rot_line_precue: ori = np.float64(157.179568934263)
13.6849 	EXP 	rot_line_precue: ori = np.float64(157.57318338551852)
13.6931 	EXP 	rot_line_precue: ori = np.float64(157.87864090589864)
13.7016 	EXP 	rot_line_precue: ori = np.float64(158.1897028724684)
13.7098 	EXP 	rot_line_precue: ori = np.float64(158.64090154373037)
13.7181 	EXP 	rot_line_precue: ori = np.float64(158.9643996724969)
13.7264 	EXP 	rot_line_precue: ori = np.float64(159.40644085366026)
13.7356 	EXP 	rot_line_precue: ori = np.float64(159.7324703939385)
13.7431 	EXP 	rot_line_precue: ori = np.float64(160.0789863521243)
13.7518 	EXP 	rot_line_precue: ori = np.float64(160.43118168577806)
13.7603 	EXP 	rot_line_precue: ori = np.float64(160.9906210812799)
13.7687 	EXP 	rot_line_precue: ori = np.float64(161.307403840448)
13.7769 	EXP 	rot_line_precue: ori = np.float64(161.6117675171482)
13.7853 	EXP 	rot_line_precue: ori = np.float64(162.32076998628983)
13.7938 	EXP 	rot_line_precue: ori = np.float64(162.64957053497264)
13.8021 	EXP 	rot_line_precue: ori = np.float64(162.95418425422088)
13.8103 	EXP 	rot_line_precue: ori = np.float64(163.25425694176283)
13.8190 	EXP 	rot_line_precue: ori = np.float64(163.55668076974374)
13.8268 	EXP 	rot_line_precue: ori = np.float64(163.91752120529318)
13.8350 	EXP 	rot_line_precue: ori = np.float64(164.24564027137063)
13.8432 	EXP 	rot_line_precue: ori = np.float64(164.5702391828229)
13.8515 	EXP 	rot_line_precue: ori = np.float64(165.2486344250179)
13.8599 	EXP 	rot_line_precue: ori = np.float64(165.5552453883943)
13.8682 	EXP 	rot_line_precue: ori = np.float64(165.90727093128683)
13.8764 	EXP 	rot_line_precue: ori = np.float64(166.21450517712648)
13.8849 	EXP 	rot_line_precue: ori = np.float64(166.53314342534995)
13.8931 	EXP 	rot_line_precue: ori = np.float64(166.83598290018816)
13.9015 	EXP 	rot_line_precue: ori = np.float64(167.14683189614726)
13.9097 	EXP 	rot_line_precue: ori = np.float64(167.46419092142347)
13.9181 	EXP 	rot_line_precue: ori = np.float64(167.8466388284073)
13.9265 	EXP 	rot_line_precue: ori = np.float64(168.19113109509405)
13.9351 	EXP 	rot_line_precue: ori = np.float64(168.61953391610112)
13.9435 	EXP 	rot_line_precue: ori = np.float64(168.9416685097708)
13.9520 	EXP 	rot_line_precue: ori = np.float64(169.27965766447213)
13.9602 	EXP 	rot_line_precue: ori = np.float64(169.8441590449244)
13.9685 	EXP 	rot_line_precue: ori = np.float64(170.1617338328836)
13.9811 	EXP 	rot_line_precue: ori = np.float64(170.52510876147917)
13.9860 	EXP 	rot_line_precue: ori = np.float64(170.83512486450715)
13.9941 	EXP 	rot_line_precue: ori = np.float64(171.15438587730927)
14.0023 	EXP 	rot_line_precue: ori = np.float64(171.601453608582)
14.0105 	EXP 	rot_line_precue: ori = np.float64(171.90574557628477)
14.0189 	EXP 	rot_line_precue: ori = np.float64(172.20127124022665)
14.0266 	EXP 	rot_line_precue: ori = np.float64(172.51915565519857)
14.0348 	EXP 	rot_line_precue: ori = np.float64(172.85960776455374)
14.0433 	EXP 	rot_line_precue: ori = np.float64(173.37181394681596)
14.0516 	EXP 	rot_line_precue: ori = np.float64(173.97477190341212)
14.0598 	EXP 	rot_line_precue: ori = np.float64(174.29655541100112)
14.0680 	EXP 	rot_line_precue: ori = np.float64(174.61199699790023)
14.0772 	EXP 	rot_line_precue: ori = np.float64(174.9460299576134)
14.0848 	EXP 	rot_line_precue: ori = np.float64(175.2573079485765)
14.0932 	EXP 	rot_line_precue: ori = np.float64(175.60262894510367)
14.1016 	EXP 	rot_line_precue: ori = np.float64(175.9140785157093)
14.1098 	EXP 	rot_line_precue: ori = np.float64(176.36930177695908)
14.1185 	EXP 	rot_line_precue: ori = np.float64(176.87260531385894)
14.1268 	EXP 	rot_line_precue: ori = np.float64(177.46006470149317)
14.1354 	EXP 	rot_line_precue: ori = np.float64(177.7569497173758)
14.1436 	EXP 	rot_line_precue: ori = np.float64(178.12806409409225)
14.1519 	EXP 	rot_line_precue: ori = np.float64(178.49865694058067)
14.1606 	EXP 	rot_line_precue: ori = np.float64(178.83887207080312)
14.1683 	EXP 	rot_line_precue: ori = np.float64(179.1393446992387)
14.1769 	EXP 	rot_line_precue: ori = np.float64(179.54176362346996)
14.1849 	EXP 	rot_line_precue: ori = np.float64(179.84360018175454)
14.1934 	EXP 	rot_line_precue: ori = np.float64(180.15769153218005)
14.2017 	EXP 	rot_line_precue: ori = np.float64(180.49161381545136)
14.2099 	EXP 	rot_line_precue: ori = np.float64(180.83268784470505)
14.2182 	EXP 	rot_line_precue: ori = np.float64(181.18426331818574)
14.2266 	EXP 	rot_line_precue: ori = np.float64(181.51224361625287)
14.2349 	EXP 	rot_line_precue: ori = np.float64(181.85351730037652)
14.2431 	EXP 	rot_line_precue: ori = np.float64(182.35981778215773)
14.2516 	EXP 	rot_line_precue: ori = np.float64(182.740984149696)
14.2598 	EXP 	rot_line_precue: ori = np.float64(183.40955259303263)
14.2681 	EXP 	rot_line_precue: ori = np.float64(183.7185474122617)
14.2763 	EXP 	rot_line_precue: ori = np.float64(184.05804901354864)
14.2849 	EXP 	rot_line_precue: ori = np.float64(184.3742609341608)
14.2932 	EXP 	rot_line_precue: ori = np.float64(184.92008552858445)
14.3028 	EXP 	rot_line_precue: ori = np.float64(185.2808344680826)
14.3104 	EXP 	rot_line_precue: ori = np.float64(185.9327455805743)
14.3188 	EXP 	rot_line_precue: ori = np.float64(186.57479424070897)
14.3271 	EXP 	rot_line_precue: ori = np.float64(186.87678845230178)
14.3353 	EXP 	rot_line_precue: ori = np.float64(187.22809005907823)
14.3432 	EXP 	rot_line_precue: ori = np.float64(187.54945837878665)
14.3520 	EXP 	rot_line_precue: ori = np.float64(187.94063299292478)
14.3599 	EXP 	rot_line_precue: ori = np.float64(188.72380140552605)
14.3682 	EXP 	rot_line_precue: ori = np.float64(189.0613856619268)
14.3765 	EXP 	rot_line_precue: ori = np.float64(189.43650396314786)
14.3850 	EXP 	rot_line_precue: ori = np.float64(189.80516766212463)
14.3931 	EXP 	rot_line_precue: ori = np.float64(190.1221780934171)
14.4014 	EXP 	rot_line_precue: ori = np.float64(190.60677869814128)
14.4100 	EXP 	rot_line_precue: ori = np.float64(190.9321385977121)
14.4187 	EXP 	rot_line_precue: ori = np.float64(191.40990733598503)
14.4265 	EXP 	rot_line_precue: ori = np.float64(191.7191393941464)
14.4350 	EXP 	rot_line_precue: ori = np.float64(192.03878122572203)
14.4431 	EXP 	rot_line_precue: ori = np.float64(192.35197660045776)
14.4514 	EXP 	rot_line_precue: ori = np.float64(192.64872820218287)
14.4608 	EXP 	rot_line_precue: ori = np.float64(193.20062439034132)
14.4682 	EXP 	rot_line_precue: ori = np.float64(193.4971342345622)
14.4766 	EXP 	rot_line_precue: ori = np.float64(194.16940162736955)
14.4853 	EXP 	rot_line_precue: ori = np.float64(194.51432601766368)
14.4935 	EXP 	rot_line_precue: ori = np.float64(194.8189818554241)
14.5018 	EXP 	rot_line_precue: ori = np.float64(195.1948220536367)
14.5103 	EXP 	rot_line_precue: ori = np.float64(195.5181373248637)
14.5186 	EXP 	rot_line_precue: ori = np.float64(195.86412552677365)
14.5266 	EXP 	rot_line_precue: ori = np.float64(196.16229345653483)
14.5359 	EXP 	rot_line_precue: ori = np.float64(196.48965742826087)
14.5433 	EXP 	rot_line_precue: ori = np.float64(196.94042322868546)
14.5516 	EXP 	rot_line_precue: ori = np.float64(197.24953100631888)
14.5599 	EXP 	rot_line_precue: ori = np.float64(197.7385222184819)
14.5682 	EXP 	rot_line_precue: ori = np.float64(198.07616306770916)
14.5764 	EXP 	rot_line_precue: ori = np.float64(198.61626898573627)
14.5848 	EXP 	rot_line_precue: ori = np.float64(198.96658705402675)
14.5930 	EXP 	rot_line_precue: ori = np.float64(199.30662065716507)
14.6015 	EXP 	rot_line_precue: ori = np.float64(199.63354034400064)
14.6098 	EXP 	rot_line_precue: ori = np.float64(199.99919419640554)
14.6180 	EXP 	rot_line_precue: ori = np.float64(200.33282429500713)
14.6265 	EXP 	rot_line_precue: ori = np.float64(200.63521197458448)
14.6347 	EXP 	rot_line_precue: ori = np.float64(200.996367127355)
14.6433 	EXP 	rot_line_precue: ori = np.float64(201.31744609197625)
14.6519 	EXP 	rot_line_precue: ori = np.float64(201.64367005349584)
14.6604 	EXP 	rot_line_precue: ori = np.float64(202.07116793904487)
14.6686 	EXP 	rot_line_precue: ori = np.float64(202.48573806965524)
14.6769 	EXP 	rot_line_precue: ori = np.float64(202.79217469917361)
14.6855 	EXP 	rot_line_precue: ori = np.float64(203.246667979581)
14.6937 	EXP 	rot_line_precue: ori = np.float64(203.5560144964367)
14.7019 	EXP 	rot_line_precue: ori = np.float64(203.8835750212189)
14.7101 	EXP 	rot_line_precue: ori = np.float64(204.1826751549137)
14.7187 	EXP 	rot_line_precue: ori = np.float64(204.5583760565378)
14.7267 	EXP 	rot_line_precue: ori = np.float64(204.87167864071986)
14.7350 	EXP 	rot_line_precue: ori = np.float64(205.18615423376664)
14.7431 	EXP 	rot_line_precue: ori = np.float64(205.50670849944171)
14.7517 	EXP 	rot_line_precue: ori = np.float64(205.81171751701459)
14.7598 	EXP 	rot_line_precue: ori = np.float64(206.3426978569284)
14.7680 	EXP 	rot_line_precue: ori = np.float64(206.80524016920612)
14.7764 	EXP 	rot_line_precue: ori = np.float64(207.129696238127)
14.7848 	EXP 	rot_line_precue: ori = np.float64(207.66269451300292)
14.7930 	EXP 	rot_line_precue: ori = np.float64(207.97134019754745)
14.8013 	EXP 	rot_line_precue: ori = np.float64(208.2718858151151)
14.8099 	EXP 	rot_line_precue: ori = np.float64(208.59165919919153)
14.8182 	EXP 	rot_line_precue: ori = np.float64(208.8903200799859)
14.8263 	EXP 	rot_line_precue: ori = np.float64(209.32451224308784)
14.8352 	EXP 	rot_line_precue: ori = np.float64(209.6352967084238)
14.8438 	EXP 	rot_line_precue: ori = np.float64(210.08754270297806)
14.8520 	EXP 	rot_line_precue: ori = np.float64(210.48007310617402)
14.8601 	EXP 	rot_line_precue: ori = np.float64(210.7891042654945)
14.8688 	EXP 	rot_line_precue: ori = np.float64(211.1240143428678)
14.8772 	EXP 	rot_line_precue: ori = np.float64(211.474540333481)
14.8852 	EXP 	rot_line_precue: ori = np.float64(211.78937870353158)
14.8933 	EXP 	rot_line_precue: ori = np.float64(212.13701147056702)
14.9019 	EXP 	rot_line_precue: ori = np.float64(212.49527220603426)
14.9107 	EXP 	rot_line_precue: ori = np.float64(212.81036716023755)
14.9183 	EXP 	rot_line_precue: ori = np.float64(213.15757268008971)
14.9266 	EXP 	rot_line_precue: ori = np.float64(213.51630712545474)
14.9350 	EXP 	rot_line_precue: ori = np.float64(213.81348352689764)
14.9433 	EXP 	rot_line_precue: ori = np.float64(214.53505920454452)
14.9526 	EXP 	rot_line_precue: ori = np.float64(214.94111070959946)
14.9599 	EXP 	rot_line_precue: ori = np.float64(215.25453022391798)
14.9681 	EXP 	rot_line_precue: ori = np.float64(215.87950129849975)
14.9765 	EXP 	rot_line_precue: ori = np.float64(216.17588011385513)
14.9847 	EXP 	rot_line_precue: ori = np.float64(216.61990699804443)
14.9931 	EXP 	rot_line_precue: ori = np.float64(216.91744864255895)
15.0015 	EXP 	rot_line_precue: ori = np.float64(217.5363939785442)
15.0102 	EXP 	rot_line_precue: ori = np.float64(218.18692494552334)
15.0185 	EXP 	rot_line_precue: ori = np.float64(218.49216292552322)
15.0271 	EXP 	rot_line_precue: ori = np.float64(219.181038128275)
15.0352 	EXP 	rot_line_precue: ori = np.float64(219.48033251597127)
15.0436 	EXP 	rot_line_precue: ori = np.float64(219.8255420619651)
15.0518 	EXP 	rot_line_precue: ori = np.float64(220.12231894211905)
15.0609 	EXP 	rot_line_precue: ori = np.float64(220.68588546492194)
15.0684 	EXP 	rot_line_precue: ori = np.float64(220.98126600950732)
15.0766 	EXP 	rot_line_precue: ori = np.float64(221.28692365359268)
15.0847 	EXP 	rot_line_precue: ori = np.float64(221.78999056914805)
15.0935 	EXP 	rot_line_precue: ori = np.float64(222.0873521215454)
15.1016 	EXP 	rot_line_precue: ori = np.float64(222.38696659975793)
15.1099 	EXP 	rot_line_precue: ori = np.float64(222.7372960091292)
15.1182 	EXP 	rot_line_precue: ori = np.float64(223.28931511522475)
15.1272 	EXP 	rot_line_precue: ori = np.float64(223.82137613155277)
15.1348 	EXP 	rot_line_precue: ori = np.float64(224.15393717201775)
15.1431 	EXP 	rot_line_precue: ori = np.float64(224.61698741693567)
15.1515 	EXP 	rot_line_precue: ori = np.float64(224.99834988542605)
15.1598 	EXP 	rot_line_precue: ori = np.float64(225.29584941992425)
15.1681 	EXP 	rot_line_precue: ori = np.float64(225.8497629289535)
15.1774 	EXP 	rot_line_precue: ori = np.float64(226.31455771239973)
15.1849 	EXP 	rot_line_precue: ori = np.float64(226.62697515902693)
15.1936 	EXP 	rot_line_precue: ori = np.float64(226.94011925155596)
15.2019 	EXP 	rot_line_precue: ori = np.float64(227.26280955745855)
15.2027 	EXP 	New trial (rep=1, index=6): <Trial 6 (6 in rep 1) data={'pic_name': 'pics/feet.JPG', 'class_mi': 'feet', 'thisN': 6, 'thisTrialN': 6, 'thisRepN': 1}>
15.2101 	EXP 	hor_line_precue: autoDraw = False
15.2101 	EXP 	ver_line_precue: autoDraw = False
15.2101 	EXP 	rot_line_precue: autoDraw = False
15.2101 	EXP 	rot_line_precue: ori = np.float64(227.57188583552966)
15.2101 	EXP 	point_left: autoDraw = False
15.2101 	EXP 	point_right: autoDraw = False
15.2101 	EXP 	hor_line_precue: autoDraw = False
15.2101 	EXP 	ver_line_precue: autoDraw = False
15.2101 	EXP 	rot_line_precue: autoDraw = False
15.2101 	EXP 	point_left: autoDraw = False
15.2101 	EXP 	point_right: autoDraw = False
15.2101 	EXP 	hor_line_precue: autoDraw = True
15.2101 	EXP 	ver_line_precue: autoDraw = True
15.2101 	EXP 	rot_line_precue: autoDraw = True
15.2101 	EXP 	rot_line_precue: ori = np.float64(228.356284311776)
15.2101 	EXP 	point_left: autoDraw = True
15.2101 	EXP 	point_right: autoDraw = True
15.2186 	EXP 	rot_line_precue: ori = np.float64(228.66684882159186)
15.2267 	EXP 	rot_line_precue: ori = np.float64(229.0008582554559)
15.2355 	EXP 	rot_line_precue: ori = np.float64(229.3819611061998)
15.2436 	EXP 	rot_line_precue: ori = np.float64(229.73150820900943)
15.2520 	EXP 	rot_line_precue: ori = np.float64(230.1013411157617)
15.2600 	EXP 	rot_line_precue: ori = np.float64(230.43140610133335)
15.2681 	EXP 	rot_line_precue: ori = np.float64(230.73552636543425)
15.2768 	EXP 	rot_line_precue: ori = np.float64(231.06349165163286)
15.2850 	EXP 	rot_line_precue: ori = np.float64(231.520894935738)
15.2932 	EXP 	rot_line_precue: ori = np.float64(231.8689517708347)
15.3017 	EXP 	rot_line_precue: ori = np.float64(232.35830680864623)
15.3098 	EXP 	rot_line_precue: ori = np.float64(232.65511772788193)
15.3182 	EXP 	rot_line_precue: ori = np.float64(233.1767363535289)
15.3265 	EXP 	rot_line_precue: ori = np.float64(233.665029479112)
15.3354 	EXP 	rot_line_precue: ori = np.float64(234.03385050675777)
15.3433 	EXP 	rot_line_precue: ori = np.float64(234.79719492303707)
15.3520 	EXP 	rot_line_precue: ori = np.float64(235.102721080893)
15.3599 	EXP 	rot_line_precue: ori = np.float64(235.4248733049672)
15.3683 	EXP 	rot_line_precue: ori = np.float64(235.78327888122715)
15.3769 	EXP 	rot_line_precue: ori = np.float64(236.26631540781446)
15.3852 	EXP 	rot_line_precue: ori = np.float64(236.5842513699502)
15.3933 	EXP 	rot_line_precue: ori = np.float64(236.90137876735463)
15.4020 	EXP 	rot_line_precue: ori = np.float64(237.33654719861897)
15.4102 	EXP 	rot_line_precue: ori = np.float64(237.7918158004754)
15.4184 	EXP 	rot_line_precue: ori = np.float64(238.1778843577973)
15.4269 	EXP 	rot_line_precue: ori = np.float64(238.5406576297549)
15.4350 	EXP 	rot_line_precue: ori = np.float64(238.85295344583025)
15.4433 	EXP 	rot_line_precue: ori = np.float64(239.2975920646099)
15.4515 	EXP 	rot_line_precue: ori = np.float64(239.78628025135436)
15.4608 	EXP 	rot_line_precue: ori = np.float64(240.18057908293702)
15.4683 	EXP 	rot_line_precue: ori = np.float64(240.5543513294392)
15.4766 	EXP 	rot_line_precue: ori = np.float64(241.1133911615005)
15.4848 	EXP 	rot_line_precue: ori = np.float64(241.5531849195104)
15.4939 	EXP 	rot_line_precue: ori = np.float64(242.03640970948126)
15.5016 	EXP 	rot_line_precue: ori = np.float64(242.41003872850334)
15.5098 	EXP 	rot_line_precue: ori = np.float64(242.71815686518565)
15.5182 	EXP 	rot_line_precue: ori = np.float64(243.47621861347045)
15.5265 	EXP 	rot_line_precue: ori = np.float64(243.88812972707484)
15.5351 	EXP 	rot_line_precue: ori = np.float64(244.26875179802144)
15.5435 	EXP 	rot_line_precue: ori = np.float64(244.81856797193623)
15.5522 	EXP 	rot_line_precue: ori = np.float64(245.1172387222646)
15.5602 	EXP 	rot_line_precue: ori = np.float64(245.53339754418943)
15.5685 	EXP 	rot_line_precue: ori = np.float64(245.90332246271842)
15.5772 	EXP 	rot_line_precue: ori = np.float64(246.22919876905468)
15.5855 	EXP 	rot_line_precue: ori = np.float64(246.87575848172344)
15.5935 	EXP 	rot_line_precue: ori = np.float64(247.26704898909887)
15.6017 	EXP 	rot_line_precue: ori = np.float64(247.77886703245937)
15.6098 	EXP 	rot_line_precue: ori = np.float64(248.22385798409664)
15.6183 	EXP 	rot_line_precue: ori = np.float64(248.77796838548693)
15.6267 	EXP 	rot_line_precue: ori = np.float64(249.0802670506805)
15.6349 	EXP 	rot_line_precue: ori = np.float64(249.63730654350354)
15.6434 	EXP 	rot_line_precue: ori = np.float64(250.18192108087845)
15.6516 	EXP 	rot_line_precue: ori = np.float64(250.48558899050636)
15.6599 	EXP 	rot_line_precue: ori = np.float64(250.92428210522561)
15.6685 	EXP 	rot_line_precue: ori = np.float64(251.30985006599767)
15.6766 	EXP 	rot_line_precue: ori = np.float64(251.7174951009103)
15.6848 	EXP 	rot_line_precue: ori = np.float64(252.18445593541713)
15.6931 	EXP 	rot_line_precue: ori = np.float64(252.57332282766288)
15.7024 	EXP 	rot_line_precue: ori = np.float64(252.91074771124806)
15.7100 	EXP 	rot_line_precue: ori = np.float64(253.30147127513155)
15.7186 	EXP 	rot_line_precue: ori = np.float64(253.73735891932984)
15.7270 	EXP 	rot_line_precue: ori = np.float64(254.0410271421926)
15.7352 	EXP 	rot_line_precue: ori = np.float64(254.4724155405388)
15.7436 	EXP 	rot_line_precue: ori = np.float64(254.80508888843906)
15.7521 	EXP 	rot_line_precue: ori = np.float64(255.37088428129292)
15.7603 	EXP 	rot_line_precue: ori = np.float64(255.73384445556644)
15.7696 	EXP 	rot_line_precue: ori = np.float64(256.5013438866226)
15.7767 	EXP 	rot_line_precue: ori = np.float64(256.79666003165255)
15.7850 	EXP 	rot_line_precue: ori = np.float64(257.16192347347186)
15.7932 	EXP 	rot_line_precue: ori = np.float64(257.46568099183867)
15.8017 	EXP 	rot_line_precue: ori = np.float64(257.9217242895322)
15.8105 	EXP 	rot_line_precue: ori = np.float64(258.21808256722124)
15.8182 	EXP 	rot_line_precue: ori = np.float64(258.77328869728285)
15.8265 	EXP 	rot_line_precue: ori = np.float64(259.1701762072793)
15.8348 	EXP 	rot_line_precue: ori = np.float64(259.55635135463484)
15.8431 	EXP 	rot_line_precue: ori = np.float64(260.167139263919)
15.8515 	EXP 	rot_line_precue: ori = np.float64(260.5194204776003)
15.8599 	EXP 	rot_line_precue: ori = np.float64(260.8204897348472)
15.8686 	EXP 	rot_line_precue: ori = np.float64(261.12324126021286)
15.8764 	EXP 	rot_line_precue: ori = np.float64(261.426683675588)
15.8850 	EXP 	rot_line_precue: ori = np.float64(261.75143952575013)
15.8932 	EXP 	rot_line_precue: ori = np.float64(262.4347233307678)
15.9019 	EXP 	rot_line_precue: ori = np.float64(262.7873133743367)
15.9102 	EXP 	rot_line_precue: ori = np.float64(263.29638299126543)
15.9184 	EXP 	rot_line_precue: ori = np.float64(263.9239565501373)
15.9269 	EXP 	rot_line_precue: ori = np.float64(264.49929818026413)
15.9353 	EXP 	rot_line_precue: ori = np.float64(264.8000693217238)
15.9435 	EXP 	rot_line_precue: ori = np.float64(265.1011960806311)
15.9522 	EXP 	rot_line_precue: ori = np.float64(265.51187310863355)
15.9601 	EXP 	rot_line_precue: ori = np.float64(265.80713463990185)
15.9686 	EXP 	rot_line_precue: ori = np.float64(266.2629083244685)
15.9766 	EXP 	rot_line_precue: ori = np.float64(266.6747189566066)
15.9850 	EXP 	rot_line_precue: ori = np.float64(266.9833349883792)
15.9934 	EXP 	rot_line_precue: ori = np.float64(267.5962090298492)
16.0016 	EXP 	rot_line_precue: ori = np.float64(268.0777345090595)
16.0101 	EXP 	rot_line_precue: ori = np.float64(268.4913705684619)
16.0189 	EXP 	rot_line_precue: ori = np.float64(268.94147457123904)
16.0266 	EXP 	rot_line_precue: ori = np.float64(269.59332945223264)
16.0347 	EXP 	rot_line_precue: ori = np.float64(269.95699819603806)
16.0432 	EXP 	rot_line_precue: ori = np.float64(270.2677463768753)
16.0515 	EXP 	rot_line_precue: ori = np.float64(270.57912399626105)
16.0598 	EXP 	rot_line_precue: ori = np.float64(270.94780904470525)
16.0690 	EXP 	rot_line_precue: ori = np.float64(271.2550188817842)
16.0765 	EXP 	rot_line_precue: ori = np.float64(271.58181674294264)
16.0853 	EXP 	rot_line_precue: ori = np.float64(271.92649629832243)
16.0935 	EXP 	rot_line_precue: ori = np.float64(272.4992090165605)
16.1017 	EXP 	rot_line_precue: ori = np.float64(272.81148654117493)
16.1103 	EXP 	rot_line_precue: ori = np.float64(273.140422047586)
16.1186 	EXP 	rot_line_precue: ori = np.float64(273.590246287416)
16.1273 	EXP 	rot_line_precue: ori = np.float64(274.374207481792)
16.1348 	EXP 	rot_line_precue: ori = np.float64(274.7497742646772)
16.1433 	EXP 	rot_line_precue: ori = np.float64(275.066351551398)
16.1517 	EXP 	rot_line_precue: ori = np.float64(275.58881099797986)
16.1598 	EXP 	rot_line_precue: ori = np.float64(275.9268612908552)
16.1684 	EXP 	rot_line_precue: ori = np.float64(276.2251553431634)
16.1775 	EXP 	rot_line_precue: ori = np.float64(276.839165243854)
16.1849 	EXP 	rot_line_precue: ori = np.float64(277.3501347098792)
16.1930 	EXP 	rot_line_precue: ori = np.float64(277.70662681853617)
16.2016 	EXP 	rot_line_precue: ori = np.float64(278.0079207344421)
16.2100 	EXP 	rot_line_precue: ori = np.float64(278.3081276288463)
16.2180 	EXP 	rot_line_precue: ori = np.float64(278.6497958980489)
16.2266 	EXP 	rot_line_precue: ori = np.float64(278.9732438251469)
16.2349 	EXP 	rot_line_precue: ori = np.float64(279.28288361958545)
16.2435 	EXP 	rot_line_precue: ori = np.float64(279.6632895325703)
16.2520 	EXP 	rot_line_precue: ori = np.float64(280.1257030728424)
16.2601 	EXP 	rot_line_precue: ori = np.float64(280.703335360113)
16.2687 	EXP 	rot_line_precue: ori = np.float64(281.0109894985207)
16.2770 	EXP 	rot_line_precue: ori = np.float64(281.8121596262958)
16.2851 	EXP 	rot_line_precue: ori = np.float64(282.1576935511322)
16.2937 	EXP 	rot_line_precue: ori = np.float64(282.5021976750524)
16.3019 	EXP 	rot_line_precue: ori = np.float64(282.80154835548984)
16.3099 	EXP 	rot_line_precue: ori = np.float64(283.10653763565927)
16.3181 	EXP 	rot_line_precue: ori = np.float64(283.6388363856584)
16.3268 	EXP 	rot_line_precue: ori = np.float64(283.94821271435046)
16.3351 	EXP 	rot_line_precue: ori = np.float64(284.2623653367342)
16.3432 	EXP 	rot_line_precue: ori = np.float64(284.57487195568825)
16.3517 	EXP 	rot_line_precue: ori = np.float64(285.13729176482093)
16.3600 	EXP 	rot_line_precue: ori = np.float64(285.6468684565842)
16.3689 	EXP 	rot_line_precue: ori = np.float64(286.01100096739185)
16.3767 	EXP 	rot_line_precue: ori = np.float64(286.59469249733877)
16.3853 	EXP 	rot_line_precue: ori = np.float64(286.96214519294546)
16.3932 	EXP 	rot_line_precue: ori = np.float64(287.31666006208053)
16.4014 	EXP 	rot_line_precue: ori = np.float64(287.614703346207)
16.4100 	EXP 	rot_line_precue: ori = np.float64(287.97171425190527)
16.4184 	EXP 	rot_line_precue: ori = np.float64(288.6877354881815)
16.4270 	EXP 	rot_line_precue: ori = np.float64(288.9865877911313)
16.4353 	EXP 	rot_line_precue: ori = np.float64(289.379795737748)
16.4435 	EXP 	rot_line_precue: ori = np.float64(289.7785846137145)
16.4522 	EXP 	rot_line_precue: ori = np.float64(290.21874438168965)
16.4604 	EXP 	rot_line_precue: ori = np.float64(290.9899078359319)
16.4689 	EXP 	rot_line_precue: ori = np.float64(291.39375285212867)
16.4771 	EXP 	rot_line_precue: ori = np.float64(291.69504292068075)
16.4858 	EXP 	rot_line_precue: ori = np.float64(292.0198482719425)
16.4940 	EXP 	rot_line_precue: ori = np.float64(292.3301267309568)
16.5016 	EXP 	rot_line_precue: ori = np.float64(292.64110165719904)
16.5101 	EXP 	rot_line_precue: ori = np.float64(292.9496705660994)
16.5183 	EXP 	rot_line_precue: ori = np.float64(293.7408278779062)
16.5264 	EXP 	rot_line_precue: ori = np.float64(294.0917375992839)
16.5350 	EXP 	rot_line_precue: ori = np.float64(294.5094047536829)
16.5432 	EXP 	rot_line_precue: ori = np.float64(294.90594182075165)
16.5516 	EXP 	rot_line_precue: ori = np.float64(295.600917183861)
16.5598 	EXP 	rot_line_precue: ori = np.float64(295.9559185602954)
16.5682 	EXP 	rot_line_precue: ori = np.float64(296.549720156909)
16.5765 	EXP 	rot_line_precue: ori = np.float64(296.8514622915587)
16.5855 	EXP 	rot_line_precue: ori = np.float64(297.3664384699873)
16.5933 	EXP 	rot_line_precue: ori = np.float64(297.69130176633143)
16.6017 	EXP 	rot_line_precue: ori = np.float64(297.98941659768053)
16.6104 	EXP 	rot_line_precue: ori = np.float64(298.72336103362767)
16.6185 	EXP 	rot_line_precue: ori = np.float64(299.1229863081777)
16.6267 	EXP 	rot_line_precue: ori = np.float64(299.5040651209237)
16.6353 	EXP 	rot_line_precue: ori = np.float64(299.9953500186153)
16.6436 	EXP 	rot_line_precue: ori = np.float64(300.35569932247205)
16.6518 	EXP 	rot_line_precue: ori = np.float64(300.7999069856281)
16.6603 	EXP 	rot_line_precue: ori = np.float64(301.0999747253661)
16.6683 	EXP 	rot_line_precue: ori = np.float64(301.8072214048676)
16.6772 	EXP 	rot_line_precue: ori = np.float64(302.1295115026088)
16.6849 	EXP 	rot_line_precue: ori = np.float64(302.5031746353722)
16.6934 	EXP 	rot_line_precue: ori = np.float64(302.9719780379068)
16.7017 	EXP 	rot_line_precue: ori = np.float64(303.75982969684975)
16.7100 	EXP 	rot_line_precue: ori = np.float64(304.05889960865716)
16.7181 	EXP 	rot_line_precue: ori = np.float64(304.40641603390554)
16.7267 	EXP 	rot_line_precue: ori = np.float64(304.74103269754977)
16.7349 	EXP 	rot_line_precue: ori = np.float64(305.05488287776114)
16.7431 	EXP 	rot_line_precue: ori = np.float64(305.38980339015814)
16.7525 	EXP 	rot_line_precue: ori = np.float64(305.6975399580502)
16.7599 	EXP 	rot_line_precue: ori = np.float64(306.14620697215497)
16.7681 	EXP 	rot_line_precue: ori = np.float64(306.58171888838405)
16.7769 	EXP 	rot_line_precue: ori = np.float64(306.9174732680121)
16.7855 	EXP 	rot_line_precue: ori = np.float64(307.3323518730514)
16.7936 	EXP 	rot_line_precue: ori = np.float64(307.9633647907806)
16.8020 	EXP 	rot_line_precue: ori = np.float64(308.5246781634246)
16.8105 	EXP 	rot_line_precue: ori = np.float64(308.8541124534928)
16.8194 	EXP 	rot_line_precue: ori = np.float64(309.2277617685081)
16.8270 	EXP 	rot_line_precue: ori = np.float64(309.55615543556286)
16.8353 	EXP 	rot_line_precue: ori = np.float64(309.8572005316236)
16.8437 	EXP 	rot_line_precue: ori = np.float64(310.29358824672124)
16.8518 	EXP 	rot_line_precue: ori = np.float64(310.7253174727822)
16.8600 	EXP 	rot_line_precue: ori = np.float64(311.05199776779534)
16.8683 	EXP 	rot_line_precue: ori = np.float64(311.36375189984557)
16.8768 	EXP 	rot_line_precue: ori = np.float64(311.6795723434479)
16.8848 	EXP 	rot_line_precue: ori = np.float64(312.040475083746)
16.8946 	EXP 	rot_line_precue: ori = np.float64(312.675065337081)
16.9016 	EXP 	rot_line_precue: ori = np.float64(312.98580029097815)
16.9098 	EXP 	rot_line_precue: ori = np.float64(313.57686904699904)
16.9181 	EXP 	rot_line_precue: ori = np.float64(313.8905488056636)
16.9265 	EXP 	rot_line_precue: ori = np.float64(314.5340791925426)
16.9349 	EXP 	rot_line_precue: ori = np.float64(314.8514513182254)
16.9431 	EXP 	rot_line_precue: ori = np.float64(315.17572534017893)
16.9515 	EXP 	rot_line_precue: ori = np.float64(315.4857461976591)
16.9603 	EXP 	rot_line_precue: ori = np.float64(315.8887244142653)
16.9689 	EXP 	rot_line_precue: ori = np.float64(316.2327535670511)
16.9771 	EXP 	rot_line_precue: ori = np.float64(316.6387275322409)
16.9853 	EXP 	rot_line_precue: ori = np.float64(317.0881999173588)
16.9934 	EXP 	rot_line_precue: ori = np.float64(317.53823266076165)
17.0021 	EXP 	rot_line_precue: ori = np.float64(317.83944824915733)
17.0103 	EXP 	rot_line_precue: ori = np.float64(318.40340843859815)
17.0184 	EXP 	rot_line_precue: ori = np.float64(318.79583487972496)
17.0266 	EXP 	rot_line_precue: ori = np.float64(319.3364067732367)
17.0351 	EXP 	rot_line_precue: ori = np.float64(319.7440743881426)
17.0433 	EXP 	rot_line_precue: ori = np.float64(320.17995564477604)
17.0516 	EXP 	rot_line_precue: ori = np.float64(320.58981761979965)
17.0602 	EXP 	rot_line_precue: ori = np.float64(321.0471686887019)
17.0682 	EXP 	rot_line_precue: ori = np.float64(321.70491647161236)
17.0765 	EXP 	rot_line_precue: ori = np.float64(322.36866583890554)
17.0855 	EXP 	rot_line_precue: ori = np.float64(322.67892173283826)
17.0931 	EXP 	rot_line_precue: ori = np.float64(323.0066196320463)
17.1015 	EXP 	rot_line_precue: ori = np.float64(323.46885532141755)
17.1099 	EXP 	rot_line_precue: ori = np.float64(323.77849335055316)
17.1183 	EXP 	rot_line_precue: ori = np.float64(324.10080535432326)
17.1266 	EXP 	rot_line_precue: ori = np.float64(324.4435921496858)
17.1353 	EXP 	rot_line_precue: ori = np.float64(324.7996519017198)
17.1436 	EXP 	rot_line_precue: ori = np.float64(325.15764255696104)
17.1518 	EXP 	rot_line_precue: ori = np.float64(325.4888173416343)
17.1611 	EXP 	rot_line_precue: ori = np.float64(325.79152929747704)
17.1685 	EXP 	rot_line_precue: ori = np.float64(326.18467634708855)
17.1775 	EXP 	rot_line_precue: ori = np.float64(326.58280318532013)
17.1854 	EXP 	rot_line_precue: ori = np.float64(326.93946977283053)
17.1935 	EXP 	rot_line_precue: ori = np.float64(327.25445578547476)
17.1944 	EXP 	New trial (rep=2, index=7): <Trial 7 (7 in rep 2) data={'pic_name': 'pics/none.JPG', 'class_mi': 'rest', 'thisN': 7, 'thisTrialN': 7, 'thisRepN': 2}>
17.2018 	EXP 	hor_line_precue: autoDraw = False
17.2018 	EXP 	ver_line_precue: autoDraw = False
17.2018 	EXP 	rot_line_precue: autoDraw = False
17.2018 	EXP 	rot_line_precue: ori = np.float64(327.5497073916041)
17.2018 	EXP 	point_left: autoDraw = False
17.2018 	EXP 	point_right: autoDraw = False
17.2018 	EXP 	hor_line_precue: autoDraw = False
17.2018 	EXP 	ver_line_precue: autoDraw = False
17.2018 	EXP 	rot_line_precue: autoDraw = False
17.2018 	EXP 	point_left: autoDraw = False
17.2018 	EXP 	point_right: autoDraw = False
17.2018 	EXP 	hor_line_precue: autoDraw = True
17.2018 	EXP 	ver_line_precue: autoDraw = True
17.2018 	EXP 	rot_line_precue: autoDraw = True
17.2018 	EXP 	rot_line_precue: ori = np.float64(327.86403401436286)
17.2018 	EXP 	point_left: autoDraw = True
17.2018 	EXP 	point_right: autoDraw = True
17.2105 	EXP 	rot_line_precue: ori = np.float64(328.17726503788066)
17.2185 	EXP 	rot_line_precue: ori = np.float64(328.47621226266426)
17.2268 	EXP 	rot_line_precue: ori = np.float64(328.85379426209005)
17.2349 	EXP 	rot_line_precue: ori = np.float64(329.1506588949874)
17.2432 	EXP 	rot_line_precue: ori = np.float64(329.4545282090837)
17.2517 	EXP 	rot_line_precue: ori = np.float64(329.75767939857144)
17.2600 	EXP 	rot_line_precue: ori = np.float64(330.05380360943053)
17.2682 	EXP 	rot_line_precue: ori = np.float64(330.41302964282943)
17.2767 	EXP 	rot_line_precue: ori = np.float64(330.7405121433852)
17.2857 	EXP 	rot_line_precue: ori = np.float64(331.0469727174545)
17.2929 	EXP 	rot_line_precue: ori = np.float64(331.41381335625226)
17.3017 	EXP 	rot_line_precue: ori = np.float64(331.8155235522761)
17.3101 	EXP 	rot_line_precue: ori = np.float64(332.1120350980623)
17.3187 	EXP 	rot_line_precue: ori = np.float64(332.72786863543894)
17.3270 	EXP 	rot_line_precue: ori = np.float64(333.30500927207106)
17.3355 	EXP 	rot_line_precue: ori = np.float64(333.7005025423429)
17.3444 	EXP 	rot_line_precue: ori = np.float64(334.31304455847544)
17.3520 	EXP 	rot_line_precue: ori = np.float64(334.6771428356794)
17.3602 	EXP 	rot_line_precue: ori = np.float64(335.18666803231986)
17.3686 	EXP 	rot_line_precue: ori = np.float64(335.5171266766279)
17.3767 	EXP 	rot_line_precue: ori = np.float64(335.8681059909776)
17.3850 	EXP 	rot_line_precue: ori = np.float64(336.2764006568255)
17.3932 	EXP 	rot_line_precue: ori = np.float64(336.62601260715974)
17.4018 	EXP 	rot_line_precue: ori = np.float64(336.93838924247984)
17.4101 	EXP 	rot_line_precue: ori = np.float64(337.30212886959515)
17.4181 	EXP 	rot_line_precue: ori = np.float64(337.6041512277488)
17.4264 	EXP 	rot_line_precue: ori = np.float64(338.3174621512529)
17.4350 	EXP 	rot_line_precue: ori = np.float64(339.0742378241422)
17.4432 	EXP 	rot_line_precue: ori = np.float64(339.70695809373626)
17.4515 	EXP 	rot_line_precue: ori = np.float64(340.03520382250525)
17.4605 	EXP 	rot_line_precue: ori = np.float64(340.6482381121183)
17.4682 	EXP 	rot_line_precue: ori = np.float64(340.99730262033796)
17.4770 	EXP 	rot_line_precue: ori = np.float64(341.58333883496795)
17.4851 	EXP 	rot_line_precue: ori = np.float64(342.1604074696366)
17.4939 	EXP 	rot_line_precue: ori = np.float64(342.54763851657145)
17.5022 	EXP 	rot_line_precue: ori = np.float64(342.933335761951)
17.5104 	EXP 	rot_line_precue: ori = np.float64(343.27393447299636)
17.5188 	EXP 	rot_line_precue: ori = np.float64(344.0720881824525)
17.5273 	EXP 	rot_line_precue: ori = np.float64(344.3846527896831)
17.5353 	EXP 	rot_line_precue: ori = np.float64(344.89093251586763)
17.5435 	EXP 	rot_line_precue: ori = np.float64(345.24261955108176)
17.5516 	EXP 	rot_line_precue: ori = np.float64(345.54318964149905)
17.5609 	EXP 	rot_line_precue: ori = np.float64(346.0614871250685)
17.5685 	EXP 	rot_line_precue: ori = np.float64(346.41424447142793)
17.5771 	EXP 	rot_line_precue: ori = np.float64(346.7840901097141)
17.5849 	EXP 	rot_line_precue: ori = np.float64(347.11816494207704)
17.5932 	EXP 	rot_line_precue: ori = np.float64(347.5820869897707)
17.6015 	EXP 	rot_line_precue: ori = np.float64(348.13579420636535)
17.6098 	EXP 	rot_line_precue: ori = np.float64(348.66467595296007)
17.6182 	EXP 	rot_line_precue: ori = np.float64(349.02306571256344)
17.6265 	EXP 	rot_line_precue: ori = np.float64(349.3525034244728)
17.6348 	EXP 	rot_line_precue: ori = np.float64(349.7766623573439)
17.6432 	EXP 	rot_line_precue: ori = np.float64(350.1774998349439)
17.6516 	EXP 	rot_line_precue: ori = np.float64(350.6511588576177)
17.6598 	EXP 	rot_line_precue: ori = np.float64(350.96281676999746)
17.6691 	EXP 	rot_line_precue: ori = np.float64(351.31490399732814)
17.6768 	EXP 	rot_line_precue: ori = np.float64(351.7206499799342)
17.6853 	EXP 	rot_line_precue: ori = np.float64(352.02216467190664)
17.6940 	EXP 	rot_line_precue: ori = np.float64(352.40419646115265)
17.7019 	EXP 	rot_line_precue: ori = np.float64(352.922191503512)
17.7113 	EXP 	rot_line_precue: ori = np.float64(353.25055656927464)
17.7185 	EXP 	rot_line_precue: ori = np.float64(353.5573743669102)
17.7267 	EXP 	rot_line_precue: ori = np.float64(353.8729434198938)
17.7349 	EXP 	rot_line_precue: ori = np.float64(354.52698380520786)
17.7435 	EXP 	rot_line_precue: ori = np.float64(354.83696097560005)
17.7518 	EXP 	rot_line_precue: ori = np.float64(355.2260383687154)
17.7600 	EXP 	rot_line_precue: ori = np.float64(355.52166303770184)
17.7684 	EXP 	rot_line_precue: ori = np.float64(355.98490516465887)
17.7768 	EXP 	rot_line_precue: ori = np.float64(356.31686249975775)
17.7849 	EXP 	rot_line_precue: ori = np.float64(356.619268902988)
17.7931 	EXP 	rot_line_precue: ori = np.float64(356.923115603999)
17.8017 	EXP 	rot_line_precue: ori = np.float64(357.34136505137536)
17.8100 	EXP 	rot_line_precue: ori = np.float64(357.66367424777826)
17.8181 	EXP 	rot_line_precue: ori = np.float64(357.98767906139534)
17.8266 	EXP 	rot_line_precue: ori = np.float64(358.4548102287678)
17.8350 	EXP 	rot_line_precue: ori = np.float64(359.0689493524104)
17.8436 	EXP 	rot_line_precue: ori = np.float64(359.43717281235485)
17.8520 	EXP 	rot_line_precue: ori = np.float64(359.9715300518778)
17.8601 	EXP 	rot_line_precue: ori = np.float64(0.31188652122176563)
17.8687 	EXP 	rot_line_precue: ori = np.float64(0.6098467469325525)
17.8772 	EXP 	rot_line_precue: ori = np.float64(1.0412020972815454)
17.8857 	EXP 	rot_line_precue: ori = np.float64(1.4843415000601636)
17.8937 	EXP 	rot_line_precue: ori = np.float64(1.7807953672967527)
17.9018 	EXP 	rot_line_precue: ori = np.float64(2.1524856366869676)
17.9100 	EXP 	rot_line_precue: ori = np.float64(2.7646040441556057)
17.9183 	EXP 	rot_line_precue: ori = np.float64(3.2470131928376613)
17.9268 	EXP 	rot_line_precue: ori = np.float64(3.6916155370881594)
17.9351 	EXP 	rot_line_precue: ori = np.float64(4.469478037435464)
17.9433 	EXP 	rot_line_precue: ori = np.float64(4.823282655857501)
17.9516 	EXP 	rot_line_precue: ori = np.float64(5.125788938044128)
17.9599 	EXP 	rot_line_precue: ori = np.float64(5.425307620407356)
17.9681 	EXP 	rot_line_precue: ori = np.float64(5.997180296595653)
17.9774 	EXP 	rot_line_precue: ori = np.float64(6.666864759451232)
17.9850 	EXP 	rot_line_precue: ori = np.float64(6.9845578781880455)
17.9933 	EXP 	rot_line_precue: ori = np.float64(7.305643496130175)
18.0016 	EXP 	rot_line_precue: ori = np.float64(7.808914208522214)
18.0103 	EXP 	rot_line_precue: ori = np.float64(8.151923417837342)
18.0184 	EXP 	rot_line_precue: ori = np.float64(8.606781039825918)
18.0270 	EXP 	rot_line_precue: ori = np.float64(8.981325739835185)
18.0353 	EXP 	rot_line_precue: ori = np.float64(9.295578829794945)
18.0441 	EXP 	rot_line_precue: ori = np.float64(9.781924937683018)
18.0522 	EXP 	rot_line_precue: ori = np.float64(10.087927174792934)
18.0604 	EXP 	rot_line_precue: ori = np.float64(10.632188664979337)
18.0690 	EXP 	rot_line_precue: ori = np.float64(10.938518906907264)
18.0765 	EXP 	rot_line_precue: ori = np.float64(11.36188530534471)
18.0851 	EXP 	rot_line_precue: ori = np.float64(11.871487142854093)
18.0933 	EXP 	rot_line_precue: ori = np.float64(12.192933382895719)
18.1016 	EXP 	rot_line_precue: ori = np.float64(12.494497242018161)
18.1101 	EXP 	rot_line_precue: ori = np.float64(12.994515815783789)
18.1191 	EXP 	rot_line_precue: ori = np.float64(13.576408601117771)
18.1266 	EXP 	rot_line_precue: ori = np.float64(13.87589144135722)
18.1348 	EXP 	rot_line_precue: ori = np.float64(14.309778196080874)
18.1433 	EXP 	rot_line_precue: ori = np.float64(15.058299936002669)
18.1515 	EXP 	rot_line_precue: ori = np.float64(15.506396255460418)
18.1598 	EXP 	rot_line_precue: ori = np.float64(16.150870340292833)
18.1683 	EXP 	rot_line_precue: ori = np.float64(16.490462350264544)
18.1765 	EXP 	rot_line_precue: ori = np.float64(17.03963590372488)
18.1847 	EXP 	rot_line_precue: ori = np.float64(17.34846029370887)
18.1934 	EXP 	rot_line_precue: ori = np.float64(17.783409815382882)
18.2019 	EXP 	rot_line_precue: ori = np.float64(18.083698444708617)
18.2105 	EXP 	rot_line_precue: ori = np.float64(18.47684968691843)
18.2187 	EXP 	rot_line_precue: ori = np.float64(19.15540969068906)
18.2270 	EXP 	rot_line_precue: ori = np.float64(19.68235340558872)
18.2355 	EXP 	rot_line_precue: ori = np.float64(20.087899439687437)
18.2437 	EXP 	rot_line_precue: ori = np.float64(20.524062364214043)
18.2518 	EXP 	rot_line_precue: ori = np.float64(20.821795202327277)
18.2604 	EXP 	rot_line_precue: ori = np.float64(21.53430869196484)
18.2685 	EXP 	rot_line_precue: ori = np.float64(22.206190371505684)
18.2768 	EXP 	rot_line_precue: ori = np.float64(22.569789460949398)
18.2850 	EXP 	rot_line_precue: ori = np.float64(22.93072872523085)
18.2932 	EXP 	rot_line_precue: ori = np.float64(23.321823163242534)
18.3016 	EXP 	rot_line_precue: ori = np.float64(23.678461777670652)
18.3098 	EXP 	rot_line_precue: ori = np.float64(23.98048684391107)
18.3181 	EXP 	rot_line_precue: ori = np.float64(24.389432689647542)
18.3265 	EXP 	rot_line_precue: ori = np.float64(24.849017645496158)
18.3349 	EXP 	rot_line_precue: ori = np.float64(25.267650427103177)
18.3432 	EXP 	rot_line_precue: ori = np.float64(25.652943748912982)
18.3515 	EXP 	rot_line_precue: ori = np.float64(26.251389436966395)
18.3599 	EXP 	rot_line_precue: ori = np.float64(26.908558097205162)
18.3682 	EXP 	rot_line_precue: ori = np.float64(27.22342142782845)
18.3767 	EXP 	rot_line_precue: ori = np.float64(27.600605504985026)
18.3851 	EXP 	rot_line_precue: ori = np.float64(27.967098479878107)
18.3938 	EXP 	rot_line_precue: ori = np.float64(28.463091158297107)
18.4020 	EXP 	rot_line_precue: ori = np.float64(28.78762887631458)
18.4102 	EXP 	rot_line_precue: ori = np.float64(29.53613464888779)
18.4189 	EXP 	rot_line_precue: ori = np.float64(29.835326025769398)
18.4271 	EXP 	rot_line_precue: ori = np.float64(30.176854418567608)
18.4357 	EXP 	rot_line_precue: ori = np.float64(30.78282480539952)
18.4438 	EXP 	rot_line_precue: ori = np.float64(31.133096798539096)
18.4519 	EXP 	rot_line_precue: ori = np.float64(31.462547151089662)
18.4600 	EXP 	rot_line_precue: ori = np.float64(31.75841094364856)
18.4683 	EXP 	rot_line_precue: ori = np.float64(32.222753250880565)
18.4765 	EXP 	rot_line_precue: ori = np.float64(32.537408412399095)
18.4850 	EXP 	rot_line_precue: ori = np.float64(33.00265379130638)
18.4933 	EXP 	rot_line_precue: ori = np.float64(33.57330425370165)
18.5016 	EXP 	rot_line_precue: ori = np.float64(33.96559506779945)
18.5100 	EXP 	rot_line_precue: ori = np.float64(34.33114814045628)
18.5182 	EXP 	rot_line_precue: ori = np.float64(34.6740292281679)
18.5266 	EXP 	rot_line_precue: ori = np.float64(35.372333340282154)
18.5350 	EXP 	rot_line_precue: ori = np.float64(35.727627480915736)
18.5440 	EXP 	rot_line_precue: ori = np.float64(36.04520658592802)
18.5515 	EXP 	rot_line_precue: ori = np.float64(36.5056679404759)
18.5602 	EXP 	rot_line_precue: ori = np.float64(36.80537962912356)
18.5690 	EXP 	rot_line_precue: ori = np.float64(37.2964061586311)
18.5772 	EXP 	rot_line_precue: ori = np.float64(37.64166031289663)
18.5854 	EXP 	rot_line_precue: ori = np.float64(38.42898500765186)
18.5936 	EXP 	rot_line_precue: ori = np.float64(38.73204890218583)
18.6023 	EXP 	rot_line_precue: ori = np.float64(39.068518540690086)
18.6103 	EXP 	rot_line_precue: ori = np.float64(39.41987633118638)
18.6186 	EXP 	rot_line_precue: ori = np.float64(39.74324538761025)
18.6267 	EXP 	rot_line_precue: ori = np.float64(40.04438407147506)
18.6352 	EXP 	rot_line_precue: ori = np.float64(40.35809123325883)
18.6439 	EXP 	rot_line_precue: ori = np.float64(40.677141333797756)
18.6516 	EXP 	rot_line_precue: ori = np.float64(41.012057023295)
18.6598 	EXP 	rot_line_precue: ori = np.float64(41.34855279346283)
18.6681 	EXP 	rot_line_precue: ori = np.float64(41.65351520184418)
18.6766 	EXP 	rot_line_precue: ori = np.float64(41.96541116361138)
18.6848 	EXP 	rot_line_precue: ori = np.float64(42.35948293234541)
18.6933 	EXP 	rot_line_precue: ori = np.float64(42.67762541532135)
18.7016 	EXP 	rot_line_precue: ori = np.float64(43.01919614640176)
18.7098 	EXP 	rot_line_precue: ori = np.float64(43.411500745456756)
18.7183 	EXP 	rot_line_precue: ori = np.float64(43.914492368171686)
18.7274 	EXP 	rot_line_precue: ori = np.float64(44.24060405599248)
18.7349 	EXP 	rot_line_precue: ori = np.float64(44.80841973137758)
18.7441 	EXP 	rot_line_precue: ori = np.float64(45.1472408308613)
18.7519 	EXP 	rot_line_precue: ori = np.float64(45.485473933709905)
18.7604 	EXP 	rot_line_precue: ori = np.float64(45.89308453644924)
18.7688 	EXP 	rot_line_precue: ori = np.float64(46.3476804124112)
18.7769 	EXP 	rot_line_precue: ori = np.float64(46.82841689984569)
18.7854 	EXP 	rot_line_precue: ori = np.float64(47.14292987274126)
18.7935 	EXP 	rot_line_precue: ori = np.float64(47.54025321871357)
18.8020 	EXP 	rot_line_precue: ori = np.float64(47.942918659274795)
18.8104 	EXP 	rot_line_precue: ori = np.float64(48.303410096126306)
18.8185 	EXP 	rot_line_precue: ori = np.float64(48.7229830959716)
18.8268 	EXP 	rot_line_precue: ori = np.float64(49.068069693729875)
18.8349 	EXP 	rot_line_precue: ori = np.float64(49.792368544724795)
18.8431 	EXP 	rot_line_precue: ori = np.float64(50.106001061778194)
18.8517 	EXP 	rot_line_precue: ori = np.float64(50.45130701928972)
18.8600 	EXP 	rot_line_precue: ori = np.float64(50.895045201350406)
18.8682 	EXP 	rot_line_precue: ori = np.float64(51.34471502916187)
18.8772 	EXP 	rot_line_precue: ori = np.float64(51.70511867096262)
18.8850 	EXP 	rot_line_precue: ori = np.float64(52.004955815635256)
18.8933 	EXP 	rot_line_precue: ori = np.float64(52.36786495236106)
18.9017 	EXP 	rot_line_precue: ori = np.float64(52.66361049891536)
18.9100 	EXP 	rot_line_precue: ori = np.float64(53.06458795984561)
18.9187 	EXP 	rot_line_precue: ori = np.float64(53.39915477590612)
18.9271 	EXP 	rot_line_precue: ori = np.float64(53.70461098174631)
18.9352 	EXP 	rot_line_precue: ori = np.float64(54.10573599098394)
18.9437 	EXP 	rot_line_precue: ori = np.float64(54.46995839740203)
18.9521 	EXP 	rot_line_precue: ori = np.float64(55.08558500976142)
18.9609 	EXP 	rot_line_precue: ori = np.float64(55.49919910993791)
18.9689 	EXP 	rot_line_precue: ori = np.float64(55.824255480447015)
18.9780 	EXP 	rot_line_precue: ori = np.float64(56.4061409232058)
18.9854 	EXP 	rot_line_precue: ori = np.float64(56.71498059471048)
18.9939 	EXP 	rot_line_precue: ori = np.float64(57.04962309018194)
19.0028 	EXP 	rot_line_precue: ori = np.float64(57.38281453430215)
19.0102 	EXP 	rot_line_precue: ori = np.float64(57.82981254071119)
19.0185 	EXP 	rot_line_precue: ori = np.float64(58.2736222316354)
19.0270 	EXP 	rot_line_precue: ori = np.float64(58.631197382689265)
19.0359 	EXP 	rot_line_precue: ori = np.float64(58.93359690273797)
19.0434 	EXP 	rot_line_precue: ori = np.float64(59.32061570553346)
19.0520 	EXP 	rot_line_precue: ori = np.float64(59.71406121984563)
19.0608 	EXP 	rot_line_precue: ori = np.float64(60.12157385042185)
19.0684 	EXP 	rot_line_precue: ori = np.float64(60.42306792918823)
19.0767 	EXP 	rot_line_precue: ori = np.float64(60.83468261203262)
19.0850 	EXP 	rot_line_precue: ori = np.float64(61.262560099173974)
19.0932 	EXP 	rot_line_precue: ori = np.float64(61.61792389019848)
19.1016 	EXP 	rot_line_precue: ori = np.float64(61.97610589873941)
19.1103 	EXP 	rot_line_precue: ori = np.float64(62.285453465619746)
19.1186 	EXP 	rot_line_precue: ori = np.float64(62.86432482538275)
19.1272 	EXP 	rot_line_precue: ori = np.float64(63.40403436064005)
19.1360 	EXP 	rot_line_precue: ori = np.float64(64.04756853728888)
19.1436 	EXP 	rot_line_precue: ori = np.float64(64.54581529287542)
19.1517 	EXP 	rot_line_precue: ori = np.float64(65.03302533700955)
19.1601 	EXP 	rot_line_precue: ori = np.float64(65.40885175861781)
19.1685 	EXP 	rot_line_precue: ori = np.float64(65.76830060433234)
19.1767 	EXP 	rot_line_precue: ori = np.float64(66.08500455540096)
19.1852 	EXP 	rot_line_precue: ori = np.float64(66.39300610407642)
19.1861 	EXP 	New trial (rep=2, index=8): <Trial 8 (8 in rep 2) data={'pic_name': 'pics/feet.JPG', 'class_mi': 'feet', 'thisN': 8, 'thisTrialN': 8, 'thisRepN': 2}>
19.1934 	EXP 	hor_line_precue: autoDraw = False
19.1934 	EXP 	ver_line_precue: autoDraw = False
19.1934 	EXP 	rot_line_precue: autoDraw = False
19.1934 	EXP 	rot_line_precue: ori = np.float64(66.69036245928193)
19.1934 	EXP 	point_left: autoDraw = False
19.1934 	EXP 	point_right: autoDraw = False
19.1934 	EXP 	hor_line_precue: autoDraw = False
19.1934 	EXP 	ver_line_precue: autoDraw = False
19.1934 	EXP 	rot_line_precue: autoDraw = False
19.1934 	EXP 	point_left: autoDraw = False
19.1934 	EXP 	point_right: autoDraw = False
19.1934 	EXP 	hor_line_precue: autoDraw = True
19.1934 	EXP 	ver_line_precue: autoDraw = True
19.1934 	EXP 	rot_line_precue: autoDraw = True
19.1934 	EXP 	rot_line_precue: ori = np.float64(67.02930008107657)
19.1934 	EXP 	point_left: autoDraw = True
19.1934 	EXP 	point_right: autoDraw = True
19.2017 	EXP 	rot_line_precue: ori = np.float64(67.36004481106066)
19.2103 	EXP 	rot_line_precue: ori = np.float64(67.67566827483479)
19.2184 	EXP 	rot_line_precue: ori = np.float64(68.02694245432599)
19.2267 	EXP 	rot_line_precue: ori = np.float64(68.32628309927756)
19.2348 	EXP 	rot_line_precue: ori = np.float64(68.64730373027264)
19.2434 	EXP 	rot_line_precue: ori = np.float64(69.06419809474309)
19.2517 	EXP 	rot_line_precue: ori = np.float64(69.50385186194468)
19.2601 	EXP 	rot_line_precue: ori = np.float64(69.86972330446528)
19.2684 	EXP 	rot_line_precue: ori = np.float64(70.21250347375717)
19.2769 	EXP 	rot_line_precue: ori = np.float64(70.54820991121252)
19.2854 	EXP 	rot_line_precue: ori = np.float64(70.93762585311963)
19.2938 	EXP 	rot_line_precue: ori = np.float64(71.39353294166779)
19.3019 	EXP 	rot_line_precue: ori = np.float64(71.70659384610552)
19.3105 	EXP 	rot_line_precue: ori = np.float64(72.1942399777332)
19.3186 	EXP 	rot_line_precue: ori = np.float64(72.76377070010972)
19.3273 	EXP 	rot_line_precue: ori = np.float64(73.08443756674977)
19.3350 	EXP 	rot_line_precue: ori = np.float64(73.41621155499875)
19.3434 	EXP 	rot_line_precue: ori = np.float64(73.74061854516447)
19.3524 	EXP 	rot_line_precue: ori = np.float64(74.2644284421757)
19.3601 	EXP 	rot_line_precue: ori = np.float64(74.58045624276578)
19.3683 	EXP 	rot_line_precue: ori = np.float64(75.11781614239489)
19.3767 	EXP 	rot_line_precue: ori = np.float64(75.46808899010689)
19.3850 	EXP 	rot_line_precue: ori = np.float64(75.78107393254479)
19.3931 	EXP 	rot_line_precue: ori = np.float64(76.40981753162322)
19.4017 	EXP 	rot_line_precue: ori = np.float64(76.7239151951163)
19.4109 	EXP 	rot_line_precue: ori = np.float64(77.03746836716294)
19.4182 	EXP 	rot_line_precue: ori = np.float64(77.40423705150951)
19.4268 	EXP 	rot_line_precue: ori = np.float64(77.71572680659557)
19.4357 	EXP 	rot_line_precue: ori = np.float64(78.17890961816272)
19.4432 	EXP 	rot_line_precue: ori = np.float64(78.67775915063609)
19.4520 	EXP 	rot_line_precue: ori = np.float64(78.97523404567825)
19.4602 	EXP 	rot_line_precue: ori = np.float64(79.30623467590395)
19.4687 	EXP 	rot_line_precue: ori = np.float64(79.8936207355575)
19.4776 	EXP 	rot_line_precue: ori = np.float64(80.2317870565612)
19.4853 	EXP 	rot_line_precue: ori = np.float64(80.79681543250314)
19.4938 	EXP 	rot_line_precue: ori = np.float64(81.12148213561592)
19.5020 	EXP 	rot_line_precue: ori = np.float64(81.5947307134469)
19.5101 	EXP 	rot_line_precue: ori = np.float64(81.93401897183672)
19.5183 	EXP 	rot_line_precue: ori = np.float64(82.43220427258831)
19.5269 	EXP 	rot_line_precue: ori = np.float64(82.84077690031432)
19.5362 	EXP 	rot_line_precue: ori = np.float64(83.14967144941315)
19.5431 	EXP 	rot_line_precue: ori = np.float64(83.54196018129176)
19.5515 	EXP 	rot_line_precue: ori = np.float64(83.86863373044072)
19.5600 	EXP 	rot_line_precue: ori = np.float64(84.2392719200062)
19.5683 	EXP 	rot_line_precue: ori = np.float64(84.55754031797976)
19.5766 	EXP 	rot_line_precue: ori = np.float64(84.87592758077027)
19.5850 	EXP 	rot_line_precue: ori = np.float64(85.32391796207247)
19.5932 	EXP 	rot_line_precue: ori = np.float64(85.65335123642872)
19.6016 	EXP 	rot_line_precue: ori = np.float64(85.98158082933283)
19.6101 	EXP 	rot_line_precue: ori = np.float64(86.31688419895164)
19.6184 	EXP 	rot_line_precue: ori = np.float64(86.75474938410848)
19.6270 	EXP 	rot_line_precue: ori = np.float64(87.36963733638336)
19.6355 	EXP 	rot_line_precue: ori = np.float64(87.74305953504762)
19.6437 	EXP 	rot_line_precue: ori = np.float64(88.06369496025611)
19.6522 	EXP 	rot_line_precue: ori = np.float64(88.36134955420677)
19.6605 	EXP 	rot_line_precue: ori = np.float64(88.86298376264516)
19.6686 	EXP 	rot_line_precue: ori = np.float64(89.1713690279277)
19.6773 	EXP 	rot_line_precue: ori = np.float64(89.51773410454973)
19.6854 	EXP 	rot_line_precue: ori = np.float64(90.03019103711844)
19.6940 	EXP 	rot_line_precue: ori = np.float64(90.35678426079839)
19.7017 	EXP 	rot_line_precue: ori = np.float64(90.73636025079699)
19.7102 	EXP 	rot_line_precue: ori = np.float64(91.03655803517564)
19.7184 	EXP 	rot_line_precue: ori = np.float64(91.49079592764343)
19.7266 	EXP 	rot_line_precue: ori = np.float64(92.25569558541953)
19.7348 	EXP 	rot_line_precue: ori = np.float64(92.6899008750804)
19.7433 	EXP 	rot_line_precue: ori = np.float64(93.03604065024773)
19.7516 	EXP 	rot_line_precue: ori = np.float64(93.3816751259629)
19.7598 	EXP 	rot_line_precue: ori = np.float64(93.74459253892375)
19.7681 	EXP 	rot_line_precue: ori = np.float64(94.0549814378119)
19.7766 	EXP 	rot_line_precue: ori = np.float64(94.46822970435439)
19.7849 	EXP 	rot_line_precue: ori = np.float64(94.76616950691152)
19.7941 	EXP 	rot_line_precue: ori = np.float64(95.12922979404146)
19.8019 	EXP 	rot_line_precue: ori = np.float64(95.46706586657135)
19.8104 	EXP 	rot_line_precue: ori = np.float64(95.8132554606632)
19.8191 	EXP 	rot_line_precue: ori = np.float64(96.55237044368158)
19.8267 	EXP 	rot_line_precue: ori = np.float64(97.11392902112189)
19.8350 	EXP 	rot_line_precue: ori = np.float64(97.4307559631004)
19.8436 	EXP 	rot_line_precue: ori = np.float64(97.94543594556939)
19.8519 	EXP 	rot_line_precue: ori = np.float64(98.48197772167758)
19.8602 	EXP 	rot_line_precue: ori = np.float64(99.00069368378551)
19.8686 	EXP 	rot_line_precue: ori = np.float64(99.31192841470467)
19.8773 	EXP 	rot_line_precue: ori = np.float64(99.86962187241595)
19.8850 	EXP 	rot_line_precue: ori = np.float64(100.20749731741803)
19.8932 	EXP 	rot_line_precue: ori = np.float64(100.57398698762756)
19.9018 	EXP 	rot_line_precue: ori = np.float64(100.87886769334352)
19.9099 	EXP 	rot_line_precue: ori = np.float64(101.27313678026957)
19.9183 	EXP 	rot_line_precue: ori = np.float64(101.60705605225097)
19.9267 	EXP 	rot_line_precue: ori = np.float64(101.93155196519929)
19.9349 	EXP 	rot_line_precue: ori = np.float64(102.26395585196681)
19.9432 	EXP 	rot_line_precue: ori = np.float64(102.87452021237286)
19.9517 	EXP 	rot_line_precue: ori = np.float64(103.56000697975281)
19.9601 	EXP 	rot_line_precue: ori = np.float64(103.9097980841993)
19.9687 	EXP 	rot_line_precue: ori = np.float64(104.21544915916462)
19.9770 	EXP 	rot_line_precue: ori = np.float64(104.7212781783253)
19.9852 	EXP 	rot_line_precue: ori = np.float64(105.13237494162732)
19.9933 	EXP 	rot_line_precue: ori = np.float64(105.45254095511952)
20.0018 	EXP 	rot_line_precue: ori = np.float64(105.75426756272508)
20.0103 	EXP 	rot_line_precue: ori = np.float64(106.05086009293409)
20.0189 	EXP 	rot_line_precue: ori = np.float64(106.58973401967991)
20.0271 	EXP 	rot_line_precue: ori = np.float64(107.03008817572753)
20.0352 	EXP 	rot_line_precue: ori = np.float64(107.44615231452873)
20.0433 	EXP 	rot_line_precue: ori = np.float64(107.74484232971223)
20.0515 	EXP 	rot_line_precue: ori = np.float64(108.345445390896)
20.0607 	EXP 	rot_line_precue: ori = np.float64(108.93018994824939)
20.0685 	EXP 	rot_line_precue: ori = np.float64(109.22709754673895)
20.0766 	EXP 	rot_line_precue: ori = np.float64(109.52518932699874)
20.0850 	EXP 	rot_line_precue: ori = np.float64(109.892109507606)
20.0932 	EXP 	rot_line_precue: ori = np.float64(110.5390568837007)
20.1015 	EXP 	rot_line_precue: ori = np.float64(110.9823350034548)
20.1100 	EXP 	rot_line_precue: ori = np.float64(111.41263072290901)
20.1182 	EXP 	rot_line_precue: ori = np.float64(111.73988624253705)
20.1266 	EXP 	rot_line_precue: ori = np.float64(112.274938454773)
20.1353 	EXP 	rot_line_precue: ori = np.float64(112.57187241204836)
20.1436 	EXP 	rot_line_precue: ori = np.float64(113.01678219952915)
20.1521 	EXP 	rot_line_precue: ori = np.float64(113.4035473968141)
20.1602 	EXP 	rot_line_precue: ori = np.float64(113.79148238809485)
20.1684 	EXP 	rot_line_precue: ori = np.float64(114.31194340089165)
20.1767 	EXP 	rot_line_precue: ori = np.float64(114.7269310899778)
20.1853 	EXP 	rot_line_precue: ori = np.float64(115.03700842748142)
20.1936 	EXP 	rot_line_precue: ori = np.float64(115.5678679292869)
20.2022 	EXP 	rot_line_precue: ori = np.float64(115.96849824155545)
20.2103 	EXP 	rot_line_precue: ori = np.float64(116.30630919141187)
20.2185 	EXP 	rot_line_precue: ori = np.float64(116.60416172347887)
20.2267 	EXP 	rot_line_precue: ori = np.float64(116.97458792548538)
20.2352 	EXP 	rot_line_precue: ori = np.float64(117.34242021352976)
20.2436 	EXP 	rot_line_precue: ori = np.float64(117.64102888713778)
20.2517 	EXP 	rot_line_precue: ori = np.float64(118.1751389080782)
20.2598 	EXP 	rot_line_precue: ori = np.float64(118.81678378160655)
20.2684 	EXP 	rot_line_precue: ori = np.float64(119.16176019146882)
20.2767 	EXP 	rot_line_precue: ori = np.float64(119.5009479694411)
20.2859 	EXP 	rot_line_precue: ori = np.float64(119.85537903521502)
20.2934 	EXP 	rot_line_precue: ori = np.float64(120.22682818740851)
20.3021 	EXP 	rot_line_precue: ori = np.float64(120.59291650253925)
20.3105 	EXP 	rot_line_precue: ori = np.float64(120.92090184480011)
20.3186 	EXP 	rot_line_precue: ori = np.float64(121.25891376651929)
20.3270 	EXP 	rot_line_precue: ori = np.float64(121.59455254073283)
20.3354 	EXP 	rot_line_precue: ori = np.float64(121.92374984583216)
20.3434 	EXP 	rot_line_precue: ori = np.float64(122.39785871172025)
20.3519 	EXP 	rot_line_precue: ori = np.float64(122.90344688352313)
20.3607 	EXP 	rot_line_precue: ori = np.float64(123.24146686353743)
20.3690 	EXP 	rot_line_precue: ori = np.float64(123.68733815184987)
20.3771 	EXP 	rot_line_precue: ori = np.float64(124.40989896644822)
20.3851 	EXP 	rot_line_precue: ori = np.float64(124.95328839995838)
20.3936 	EXP 	rot_line_precue: ori = np.float64(125.25198587698925)
20.4017 	EXP 	rot_line_precue: ori = np.float64(125.72925959680155)
20.4100 	EXP 	rot_line_precue: ori = np.float64(126.0535924068552)
20.4182 	EXP 	rot_line_precue: ori = np.float64(126.47886796360591)
20.4268 	EXP 	rot_line_precue: ori = np.float64(126.84077623571407)
20.4349 	EXP 	rot_line_precue: ori = np.float64(127.23843556999307)
20.4432 	EXP 	rot_line_precue: ori = np.float64(127.78881500984721)
20.4517 	EXP 	rot_line_precue: ori = np.float64(128.26638983925537)
20.4601 	EXP 	rot_line_precue: ori = np.float64(128.7904905011149)
20.4682 	EXP 	rot_line_precue: ori = np.float64(129.12680469067433)
20.4768 	EXP 	rot_line_precue: ori = np.float64(129.5301582963954)
20.4850 	EXP 	rot_line_precue: ori = np.float64(129.98206148594866)
20.4934 	EXP 	rot_line_precue: ori = np.float64(130.3430461028987)
20.5020 	EXP 	rot_line_precue: ori = np.float64(130.6685269078016)
20.5102 	EXP 	rot_line_precue: ori = np.float64(130.97606189502574)
20.5188 	EXP 	rot_line_precue: ori = np.float64(131.29902173954346)
20.5268 	EXP 	rot_line_precue: ori = np.float64(131.74965919130815)
20.5352 	EXP 	rot_line_precue: ori = np.float64(132.05313404164028)
20.5439 	EXP 	rot_line_precue: ori = np.float64(132.44181784266948)
20.5521 	EXP 	rot_line_precue: ori = np.float64(132.96245947764874)
20.5603 	EXP 	rot_line_precue: ori = np.float64(133.27958915561982)
20.5688 	EXP 	rot_line_precue: ori = np.float64(133.8519618845915)
20.5769 	EXP 	rot_line_precue: ori = np.float64(134.2203214799387)
20.5851 	EXP 	rot_line_precue: ori = np.float64(134.59075655897726)
20.5934 	EXP 	rot_line_precue: ori = np.float64(134.93243850529493)
20.6019 	EXP 	rot_line_precue: ori = np.float64(135.30014588610044)
20.6101 	EXP 	rot_line_precue: ori = np.float64(135.83984307201476)
20.6184 	EXP 	rot_line_precue: ori = np.float64(136.3297332267064)
20.6266 	EXP 	rot_line_precue: ori = np.float64(136.64738409364952)
20.6350 	EXP 	rot_line_precue: ori = np.float64(137.3053421505898)
20.6433 	EXP 	rot_line_precue: ori = np.float64(137.89367877301638)
20.6523 	EXP 	rot_line_precue: ori = np.float64(138.34476703668693)
20.6602 	EXP 	rot_line_precue: ori = np.float64(138.8138927886507)
20.6686 	EXP 	rot_line_precue: ori = np.float64(139.13969213921527)
20.6772 	EXP 	rot_line_precue: ori = np.float64(139.43807871192965)
20.6853 	EXP 	rot_line_precue: ori = np.float64(139.76771856043194)
20.6934 	EXP 	rot_line_precue: ori = np.float64(140.10958899743298)
20.7021 	EXP 	rot_line_precue: ori = np.float64(140.53364771465843)
20.7105 	EXP 	rot_line_precue: ori = np.float64(140.8320787076211)
20.7187 	EXP 	rot_line_precue: ori = np.float64(141.3553920823267)
20.7273 	EXP 	rot_line_precue: ori = np.float64(141.7323443667334)
20.7354 	EXP 	rot_line_precue: ori = np.float64(142.16780955235032)
20.7437 	EXP 	rot_line_precue: ori = np.float64(142.5788514093129)
20.7518 	EXP 	rot_line_precue: ori = np.float64(143.01831567322083)
20.7602 	EXP 	rot_line_precue: ori = np.float64(143.367731187628)
20.7690 	EXP 	rot_line_precue: ori = np.float64(143.66977513462595)
20.7767 	EXP 	rot_line_precue: ori = np.float64(144.21161258776016)
20.7848 	EXP 	rot_line_precue: ori = np.float64(144.64219518985743)
20.7933 	EXP 	rot_line_precue: ori = np.float64(144.95194966363366)
20.8018 	EXP 	rot_line_precue: ori = np.float64(145.30915108769523)
20.8098 	EXP 	rot_line_precue: ori = np.float64(145.65145344783)
20.8184 	EXP 	rot_line_precue: ori = np.float64(145.9605523780598)
20.8266 	EXP 	rot_line_precue: ori = np.float64(146.28024598386182)
20.8349 	EXP 	rot_line_precue: ori = np.float64(146.58034443587786)
20.8442 	EXP 	rot_line_precue: ori = np.float64(146.90213225273857)
20.8521 	EXP 	rot_line_precue: ori = np.float64(147.19835941695206)
20.8606 	EXP 	rot_line_precue: ori = np.float64(147.50213652424543)
20.8686 	EXP 	rot_line_precue: ori = np.float64(147.80862452113362)
20.8768 	EXP 	rot_line_precue: ori = np.float64(148.13120345328724)
20.8857 	EXP 	rot_line_precue: ori = np.float64(148.42757429882784)
20.8944 	EXP 	rot_line_precue: ori = np.float64(148.7346869446161)
20.9021 	EXP 	rot_line_precue: ori = np.float64(149.05341506522322)
20.9102 	EXP 	rot_line_precue: ori = np.float64(149.43626258369707)
20.9186 	EXP 	rot_line_precue: ori = np.float64(150.01703482005217)
20.9276 	EXP 	rot_line_precue: ori = np.float64(150.41561218766992)
20.9358 	EXP 	rot_line_precue: ori = np.float64(150.8651935281139)
20.9437 	EXP 	rot_line_precue: ori = np.float64(151.175975138555)
20.9519 	EXP 	rot_line_precue: ori = np.float64(151.65117519200317)
20.9601 	EXP 	rot_line_precue: ori = np.float64(152.28333040621297)
20.9686 	EXP 	rot_line_precue: ori = np.float64(152.82362455094471)
20.9776 	EXP 	rot_line_precue: ori = np.float64(153.15723273818625)
20.9851 	EXP 	rot_line_precue: ori = np.float64(153.51482709313152)
20.9933 	EXP 	rot_line_precue: ori = np.float64(153.97759416609875)
21.0019 	EXP 	rot_line_precue: ori = np.float64(154.342928431403)
21.0103 	EXP 	rot_line_precue: ori = np.float64(154.77781294394626)
21.0188 	EXP 	rot_line_precue: ori = np.float64(155.09868719114772)
21.0270 	EXP 	rot_line_precue: ori = np.float64(155.40751766070906)
21.0353 	EXP 	rot_line_precue: ori = np.float64(155.99697331855688)
21.0437 	EXP 	rot_line_precue: ori = np.float64(156.35970208452534)
21.0521 	EXP 	rot_line_precue: ori = np.float64(156.7674058626928)
21.0610 	EXP 	rot_line_precue: ori = np.float64(157.29185936201836)
21.0690 	EXP 	rot_line_precue: ori = np.float64(157.65667197959175)
21.0778 	EXP 	rot_line_precue: ori = np.float64(158.35230865998136)
21.0853 	EXP 	rot_line_precue: ori = np.float64(158.98092240476382)
21.0934 	EXP 	rot_line_precue: ori = np.float64(159.52075357084502)
21.1020 	EXP 	rot_line_precue: ori = np.float64(159.87096436504763)
21.1108 	EXP 	rot_line_precue: ori = np.float64(160.19140211082893)
21.1184 	EXP 	rot_line_precue: ori = np.float64(160.49039328722023)
21.1269 	EXP 	rot_line_precue: ori = np.float64(161.06493536275713)
21.1351 	EXP 	rot_line_precue: ori = np.float64(161.68851986813476)
21.1434 	EXP 	rot_line_precue: ori = np.float64(162.29866432332742)
21.1516 	EXP 	rot_line_precue: ori = np.float64(162.62514422763317)
21.1601 	EXP 	rot_line_precue: ori = np.float64(163.20048175682112)
21.1684 	EXP 	rot_line_precue: ori = np.float64(163.62078421790255)
21.1767 	EXP 	rot_line_precue: ori = np.float64(164.2814625971733)
21.1776 	EXP 	New trial (rep=3, index=9): <Trial 9 (9 in rep 3) data={'pic_name': 'pics/none.JPG', 'class_mi': 'rest', 'thisN': 9, 'thisTrialN': 9, 'thisRepN': 3}>
21.1860 	EXP 	hor_line_precue: autoDraw = False
21.1860 	EXP 	ver_line_precue: autoDraw = False
21.1860 	EXP 	rot_line_precue: autoDraw = False
21.1860 	EXP 	rot_line_precue: ori = np.float64(164.59436583957302)
21.1860 	EXP 	point_left: autoDraw = False
21.1860 	EXP 	point_right: autoDraw = False
21.1860 	EXP 	hor_line_precue: autoDraw = False
21.1860 	EXP 	ver_line_precue: autoDraw = False
21.1860 	EXP 	rot_line_precue: autoDraw = False
21.1860 	EXP 	point_left: autoDraw = False
21.1860 	EXP 	point_right: autoDraw = False
21.1860 	EXP 	hor_line_precue: autoDraw = True
21.1860 	EXP 	ver_line_precue: autoDraw = True
21.1860 	EXP 	rot_line_precue: autoDraw = True
21.1860 	EXP 	rot_line_precue: ori = np.float64(164.8921284907995)
21.1860 	EXP 	point_left: autoDraw = True
21.1860 	EXP 	point_right: autoDraw = True
21.1936 	EXP 	rot_line_precue: ori = np.float64(165.18955948132572)
21.2022 	EXP 	rot_line_precue: ori = np.float64(165.67066351197923)
21.2109 	EXP 	rot_line_precue: ori = np.float64(166.13331630894928)
21.2186 	EXP 	rot_line_precue: ori = np.float64(166.67307921550363)
21.2272 	EXP 	rot_line_precue: ori = np.float64(167.2190641130182)
21.2360 	EXP 	rot_line_precue: ori = np.float64(167.80328612805206)
21.2444 	EXP 	rot_line_precue: ori = np.float64(168.1200998047635)
21.2521 	EXP 	rot_line_precue: ori = np.float64(168.44215103142986)
21.2603 	EXP 	rot_line_precue: ori = np.float64(168.9015677833226)
21.2685 	EXP 	rot_line_precue: ori = np.float64(169.2902772899878)
21.2768 	EXP 	rot_line_precue: ori = np.float64(169.6030110840341)
21.2853 	EXP 	rot_line_precue: ori = np.float64(170.06398406187742)
21.2936 	EXP 	rot_line_precue: ori = np.float64(170.3760766063461)
21.3017 	EXP 	rot_line_precue: ori = np.float64(170.8412884058436)
21.3099 	EXP 	rot_line_precue: ori = np.float64(171.24948389831494)
21.3186 	EXP 	rot_line_precue: ori = np.float64(171.55254806885304)
21.3268 	EXP 	rot_line_precue: ori = np.float64(172.16852770852879)
21.3353 	EXP 	rot_line_precue: ori = np.float64(172.47142276916475)
21.3441 	EXP 	rot_line_precue: ori = np.float64(172.85408515860425)
21.3517 	EXP 	rot_line_precue: ori = np.float64(173.2794229043148)
21.3600 	EXP 	rot_line_precue: ori = np.float64(173.64756445984116)
21.3691 	EXP 	rot_line_precue: ori = np.float64(174.11788764515262)
21.3771 	EXP 	rot_line_precue: ori = np.float64(174.5650910354933)
21.3855 	EXP 	rot_line_precue: ori = np.float64(174.86926051957508)
21.3943 	EXP 	rot_line_precue: ori = np.float64(175.2304256435212)
21.4027 	EXP 	rot_line_precue: ori = np.float64(175.62790828977796)
21.4106 	EXP 	rot_line_precue: ori = np.float64(175.9624161951282)
21.4193 	EXP 	rot_line_precue: ori = np.float64(176.4335505067072)
21.4277 	EXP 	rot_line_precue: ori = np.float64(176.73548948301425)
21.4351 	EXP 	rot_line_precue: ori = np.float64(177.03784364433838)
21.4437 	EXP 	rot_line_precue: ori = np.float64(177.56528380093147)
21.4525 	EXP 	rot_line_precue: ori = np.float64(177.87855474151363)
21.4601 	EXP 	rot_line_precue: ori = np.float64(178.17859528471493)
21.4687 	EXP 	rot_line_precue: ori = np.float64(178.58499798729756)
21.4775 	EXP 	rot_line_precue: ori = np.float64(178.88101631900517)
21.4851 	EXP 	rot_line_precue: ori = np.float64(179.36165627344297)
21.4937 	EXP 	rot_line_precue: ori = np.float64(179.6915353706144)
21.5019 	EXP 	rot_line_precue: ori = np.float64(179.99787746104232)
21.5100 	EXP 	rot_line_precue: ori = np.float64(180.2998656254295)
21.5183 	EXP 	rot_line_precue: ori = np.float64(180.61196170243412)
21.5268 	EXP 	rot_line_precue: ori = np.float64(181.2412711374756)
21.5350 	EXP 	rot_line_precue: ori = np.float64(181.53812819825637)
21.5438 	EXP 	rot_line_precue: ori = np.float64(181.95286006299406)
21.5522 	EXP 	rot_line_precue: ori = np.float64(182.34846204462383)
21.5603 	EXP 	rot_line_precue: ori = np.float64(182.81749673177276)
21.5687 	EXP 	rot_line_precue: ori = np.float64(183.15276059669094)
21.5772 	EXP 	rot_line_precue: ori = np.float64(183.5444612202394)
21.5855 	EXP 	rot_line_precue: ori = np.float64(183.8413744904905)
21.5940 	EXP 	rot_line_precue: ori = np.float64(184.17299405663502)
21.6028 	EXP 	rot_line_precue: ori = np.float64(184.5223917739982)
21.6102 	EXP 	rot_line_precue: ori = np.float64(184.8243861923542)
21.6184 	EXP 	rot_line_precue: ori = np.float64(185.12290390846732)
21.6266 	EXP 	rot_line_precue: ori = np.float64(185.59683464521603)
21.6351 	EXP 	rot_line_precue: ori = np.float64(186.09696336580254)
21.6433 	EXP 	rot_line_precue: ori = np.float64(186.42843532672035)
21.6516 	EXP 	rot_line_precue: ori = np.float64(186.77744207264675)
21.6606 	EXP 	rot_line_precue: ori = np.float64(187.16324006965914)
21.6683 	EXP 	rot_line_precue: ori = np.float64(187.47118249211172)
21.6772 	EXP 	rot_line_precue: ori = np.float64(187.79828568971163)
21.6851 	EXP 	rot_line_precue: ori = np.float64(188.30701102351344)
21.6940 	EXP 	rot_line_precue: ori = np.float64(188.60478634229315)
21.7017 	EXP 	rot_line_precue: ori = np.float64(189.05062209270068)
21.7101 	EXP 	rot_line_precue: ori = np.float64(189.43717466985552)
21.7186 	EXP 	rot_line_precue: ori = np.float64(189.8177809663767)
21.7272 	EXP 	rot_line_precue: ori = np.float64(190.12059448994412)
21.7354 	EXP 	rot_line_precue: ori = np.float64(190.56959984076536)
21.7436 	EXP 	rot_line_precue: ori = np.float64(190.8783903189138)
21.7522 	EXP 	rot_line_precue: ori = np.float64(191.22957498817885)
21.7603 	EXP 	rot_line_precue: ori = np.float64(191.66605335582886)
21.7687 	EXP 	rot_line_precue: ori = np.float64(192.003363546458)
21.7768 	EXP 	rot_line_precue: ori = np.float64(192.32649042886106)
21.7852 	EXP 	rot_line_precue: ori = np.float64(192.6417715843084)
21.7934 	EXP 	rot_line_precue: ori = np.float64(193.01051252000516)
21.8017 	EXP 	rot_line_precue: ori = np.float64(193.40404043407594)
21.8103 	EXP 	rot_line_precue: ori = np.float64(194.1826611013303)
21.8184 	EXP 	rot_line_precue: ori = np.float64(194.79773279081505)
21.8267 	EXP 	rot_line_precue: ori = np.float64(195.3069506018938)
21.8350 	EXP 	rot_line_precue: ori = np.float64(195.6217175270394)
21.8434 	EXP 	rot_line_precue: ori = np.float64(196.02504795691635)
21.8519 	EXP 	rot_line_precue: ori = np.float64(196.37761844719898)
21.8606 	EXP 	rot_line_precue: ori = np.float64(196.7195699238712)
21.8682 	EXP 	rot_line_precue: ori = np.float64(197.02074246272318)
21.8767 	EXP 	rot_line_precue: ori = np.float64(197.44583980802892)
21.8854 	EXP 	rot_line_precue: ori = np.float64(197.7423955297445)
21.8936 	EXP 	rot_line_precue: ori = np.float64(198.07029143939593)
21.9020 	EXP 	rot_line_precue: ori = np.float64(198.36620728393842)
21.9105 	EXP 	rot_line_precue: ori = np.float64(198.67273390866578)
21.9186 	EXP 	rot_line_precue: ori = np.float64(199.03345570259)
21.9270 	EXP 	rot_line_precue: ori = np.float64(199.56406881099014)
21.9357 	EXP 	rot_line_precue: ori = np.float64(200.1709801991059)
21.9439 	EXP 	rot_line_precue: ori = np.float64(200.47150684404042)
21.9524 	EXP 	rot_line_precue: ori = np.float64(200.8121508071776)
21.9599 	EXP 	rot_line_precue: ori = np.float64(201.12288793657288)
21.9685 	EXP 	rot_line_precue: ori = np.float64(201.53932295311816)
21.9769 	EXP 	rot_line_precue: ori = np.float64(201.9382867214751)
21.9851 	EXP 	rot_line_precue: ori = np.float64(202.26496471817455)
21.9933 	EXP 	rot_line_precue: ori = np.float64(202.62039771412893)
22.0018 	EXP 	rot_line_precue: ori = np.float64(202.92631733842316)
22.0105 	EXP 	rot_line_precue: ori = np.float64(203.22371330570456)
22.0182 	EXP 	rot_line_precue: ori = np.float64(203.56880536657664)
22.0266 	EXP 	rot_line_precue: ori = np.float64(203.9571576886572)
22.0350 	EXP 	rot_line_precue: ori = np.float64(204.32843690115075)
22.0434 	EXP 	rot_line_precue: ori = np.float64(204.93747872349894)
22.0517 	EXP 	rot_line_precue: ori = np.float64(205.439377400737)
22.0602 	EXP 	rot_line_precue: ori = np.float64(205.84514300704316)
22.0684 	EXP 	rot_line_precue: ori = np.float64(206.2033349333401)
22.0777 	EXP 	rot_line_precue: ori = np.float64(206.53612877222943)
22.0853 	EXP 	rot_line_precue: ori = np.float64(207.05630958680726)
22.0939 	EXP 	rot_line_precue: ori = np.float64(207.55182475085647)
22.1021 	EXP 	rot_line_precue: ori = np.float64(207.9636601542423)
22.1104 	EXP 	rot_line_precue: ori = np.float64(208.38556523407752)
22.1189 	EXP 	rot_line_precue: ori = np.float64(208.76557630059588)
22.1269 	EXP 	rot_line_precue: ori = np.float64(209.0630794000549)
22.1351 	EXP 	rot_line_precue: ori = np.float64(209.50845304957383)
22.1434 	EXP 	rot_line_precue: ori = np.float64(209.90378948471727)
22.1521 	EXP 	rot_line_precue: ori = np.float64(210.23174889137107)
22.1603 	EXP 	rot_line_precue: ori = np.float64(210.7616892640066)
22.1684 	EXP 	rot_line_precue: ori = np.float64(211.14922742539042)
22.1767 	EXP 	rot_line_precue: ori = np.float64(211.78998777906446)
22.1852 	EXP 	rot_line_precue: ori = np.float64(212.12977551995755)
22.1934 	EXP 	rot_line_precue: ori = np.float64(212.47459317217073)
22.2017 	EXP 	rot_line_precue: ori = np.float64(213.0452885101744)
22.2103 	EXP 	rot_line_precue: ori = np.float64(213.359086895604)
22.2192 	EXP 	rot_line_precue: ori = np.float64(213.86040639682844)
22.2272 	EXP 	rot_line_precue: ori = np.float64(214.50273705270746)
22.2365 	EXP 	rot_line_precue: ori = np.float64(214.84009273799674)
22.2440 	EXP 	rot_line_precue: ori = np.float64(215.1465573782434)
22.2529 	EXP 	rot_line_precue: ori = np.float64(215.46948399717616)
22.2654 	EXP 	rot_line_precue: ori = np.float64(215.78093453633596)
22.2757 	EXP 	rot_line_precue: ori = np.float64(216.2505458868633)
22.2851 	EXP 	rot_line_precue: ori = np.float64(216.68390722970915)
22.2943 	EXP 	rot_line_precue: ori = np.float64(216.98835428950966)
22.3030 	EXP 	rot_line_precue: ori = np.float64(217.2859040792673)
22.3112 	EXP 	rot_line_precue: ori = np.float64(217.60951617067107)
22.3161 	EXP 	rot_line_precue: ori = np.float64(217.94761463552587)
22.3218 	EXP 	rot_line_precue: ori = np.float64(218.74013068631808)
22.3290 	EXP 	rot_line_precue: ori = np.float64(219.16262069533946)
22.3375 	EXP 	rot_line_precue: ori = np.float64(219.47214281738727)
22.3432 	EXP 	rot_line_precue: ori = np.float64(219.8144714111131)
22.3517 	EXP 	rot_line_precue: ori = np.float64(220.29601948690657)
22.3600 	EXP 	rot_line_precue: ori = np.float64(220.63632790162805)
22.3684 	EXP 	rot_line_precue: ori = np.float64(221.3146491208695)
22.3768 	EXP 	rot_line_precue: ori = np.float64(221.8130870146932)
22.3849 	EXP 	rot_line_precue: ori = np.float64(222.14904742483913)
22.3934 	EXP 	rot_line_precue: ori = np.float64(222.5726685223448)
22.4017 	EXP 	rot_line_precue: ori = np.float64(222.87420804738386)
22.4100 	EXP 	rot_line_precue: ori = np.float64(223.28689887440436)
22.4185 	EXP 	rot_line_precue: ori = np.float64(223.827821757075)
22.4269 	EXP 	rot_line_precue: ori = np.float64(224.17337710053772)
22.4355 	EXP 	rot_line_precue: ori = np.float64(224.85306267271721)
22.4437 	EXP 	rot_line_precue: ori = np.float64(225.18432206791428)
22.4519 	EXP 	rot_line_precue: ori = np.float64(225.547354965867)
22.4606 	EXP 	rot_line_precue: ori = np.float64(225.8874390258461)
22.4687 	EXP 	rot_line_precue: ori = np.float64(226.27518873675749)
22.4770 	EXP 	rot_line_precue: ori = np.float64(226.63349241463337)
22.4851 	EXP 	rot_line_precue: ori = np.float64(227.01104542598168)
22.4936 	EXP 	rot_line_precue: ori = np.float64(227.32645140837528)
22.5019 	EXP 	rot_line_precue: ori = np.float64(227.63359525354124)
22.5102 	EXP 	rot_line_precue: ori = np.float64(227.9714342678394)
22.5182 	EXP 	rot_line_precue: ori = np.float64(228.26825277094272)
22.5268 	EXP 	rot_line_precue: ori = np.float64(228.6442034096072)
22.5352 	EXP 	rot_line_precue: ori = np.float64(228.95472928293475)
22.5433 	EXP 	rot_line_precue: ori = np.float64(229.51961361056632)
22.5518 	EXP 	rot_line_precue: ori = np.float64(229.82444030928178)
22.5602 	EXP 	rot_line_precue: ori = np.float64(230.4650475883678)
22.5683 	EXP 	rot_line_precue: ori = np.float64(230.81445030726837)
22.5769 	EXP 	rot_line_precue: ori = np.float64(231.32323957378222)
22.5851 	EXP 	rot_line_precue: ori = np.float64(231.749205898173)
22.5938 	EXP 	rot_line_precue: ori = np.float64(232.23919209239796)
22.6022 	EXP 	rot_line_precue: ori = np.float64(232.64625935084985)
22.6108 	EXP 	rot_line_precue: ori = np.float64(233.052802922408)
22.6189 	EXP 	rot_line_precue: ori = np.float64(233.6143823286238)
22.6278 	EXP 	rot_line_precue: ori = np.float64(233.98439870123104)
22.6355 	EXP 	rot_line_precue: ori = np.float64(234.3144852311854)
22.6439 	EXP 	rot_line_precue: ori = np.float64(234.67611841952328)
22.6523 	EXP 	rot_line_precue: ori = np.float64(235.38660889193417)
22.6604 	EXP 	rot_line_precue: ori = np.float64(235.71164228041383)
22.6684 	EXP 	rot_line_precue: ori = np.float64(236.23172250465257)
22.6766 	EXP 	rot_line_precue: ori = np.float64(236.53788744415223)
22.6853 	EXP 	rot_line_precue: ori = np.float64(236.88540780629276)
22.6935 	EXP 	rot_line_precue: ori = np.float64(237.19069701425698)
22.7017 	EXP 	rot_line_precue: ori = np.float64(237.69649916583964)
22.7101 	EXP 	rot_line_precue: ori = np.float64(238.41851650861273)
22.7183 	EXP 	rot_line_precue: ori = np.float64(238.74792394792934)
22.7273 	EXP 	rot_line_precue: ori = np.float64(239.1611484166608)
22.7349 	EXP 	rot_line_precue: ori = np.float64(239.46774550142732)
22.7434 	EXP 	rot_line_precue: ori = np.float64(239.82414178488634)
22.7516 	EXP 	rot_line_precue: ori = np.float64(240.24976812695422)
22.7601 	EXP 	rot_line_precue: ori = np.float64(240.67328711772822)
22.7683 	EXP 	rot_line_precue: ori = np.float64(240.96994797190854)
22.7767 	EXP 	rot_line_precue: ori = np.float64(241.74900021043655)
22.7854 	EXP 	rot_line_precue: ori = np.float64(242.14807511732826)
22.7937 	EXP 	rot_line_precue: ori = np.float64(242.5049748115258)
22.8022 	EXP 	rot_line_precue: ori = np.float64(243.05471627249958)
22.8110 	EXP 	rot_line_precue: ori = np.float64(243.4452350962358)
22.8194 	EXP 	rot_line_precue: ori = np.float64(243.8179965367816)
22.8273 	EXP 	rot_line_precue: ori = np.float64(244.3636541744848)
22.8357 	EXP 	rot_line_precue: ori = np.float64(244.7454997852016)
22.8435 	EXP 	rot_line_precue: ori = np.float64(245.32094683063454)
22.8517 	EXP 	rot_line_precue: ori = np.float64(245.63003818787277)
22.8603 	EXP 	rot_line_precue: ori = np.float64(245.99400712220213)
22.8687 	EXP 	rot_line_precue: ori = np.float64(246.48473558871015)
22.8769 	EXP 	rot_line_precue: ori = np.float64(246.83670836267996)
22.8849 	EXP 	rot_line_precue: ori = np.float64(247.25136931185625)
22.8934 	EXP 	rot_line_precue: ori = np.float64(247.70846206129124)
22.9017 	EXP 	rot_line_precue: ori = np.float64(248.0958448424129)
22.9100 	EXP 	rot_line_precue: ori = np.float64(248.69494505961893)
22.9185 	EXP 	rot_line_precue: ori = np.float64(249.18192065123105)
22.9276 	EXP 	rot_line_precue: ori = np.float64(249.49554872616747)
22.9359 	EXP 	rot_line_precue: ori = np.float64(249.8909860992303)
22.9435 	EXP 	rot_line_precue: ori = np.float64(250.1996669791595)
22.9519 	EXP 	rot_line_precue: ori = np.float64(250.6793722677357)
22.9607 	EXP 	rot_line_precue: ori = np.float64(251.18130872848323)
22.9687 	EXP 	rot_line_precue: ori = np.float64(251.50282147358283)
22.9770 	EXP 	rot_line_precue: ori = np.float64(251.85682530554215)
22.9856 	EXP 	rot_line_precue: ori = np.float64(252.2753987364588)
22.9940 	EXP 	rot_line_precue: ori = np.float64(252.72516522921333)
23.0022 	EXP 	rot_line_precue: ori = np.float64(253.0867835328346)
23.0107 	EXP 	rot_line_precue: ori = np.float64(253.40295181178473)
23.0187 	EXP 	rot_line_precue: ori = np.float64(254.04375587564647)
23.0270 	EXP 	rot_line_precue: ori = np.float64(254.4090928429498)
23.0358 	EXP 	rot_line_precue: ori = np.float64(254.76857997789702)
23.0436 	EXP 	rot_line_precue: ori = np.float64(255.09229955684347)
23.0519 	EXP 	rot_line_precue: ori = np.float64(255.39502114261435)
23.0601 	EXP 	rot_line_precue: ori = np.float64(255.71803972194596)
23.0682 	EXP 	rot_line_precue: ori = np.float64(256.02582743978394)
23.0768 	EXP 	rot_line_precue: ori = np.float64(256.34160987157844)
23.0851 	EXP 	rot_line_precue: ori = np.float64(256.66695790884995)
23.0934 	EXP 	rot_line_precue: ori = np.float64(257.0319691023928)
23.1018 	EXP 	rot_line_precue: ori = np.float64(257.45829840767055)
23.1102 	EXP 	rot_line_precue: ori = np.float64(257.757984496853)
23.1184 	EXP 	rot_line_precue: ori = np.float64(258.0591476047075)
23.1270 	EXP 	rot_line_precue: ori = np.float64(258.36521627295633)
23.1354 	EXP 	rot_line_precue: ori = np.float64(258.98491925629907)
23.1435 	EXP 	rot_line_precue: ori = np.float64(259.3209554154227)
23.1520 	EXP 	rot_line_precue: ori = np.float64(259.6373000533261)
23.1604 	EXP 	rot_line_precue: ori = np.float64(260.0267564372939)
23.1691 	EXP 	rot_line_precue: ori = np.float64(260.49886179172034)
23.1701 	EXP 	New trial (rep=3, index=10): <Trial 10 (10 in rep 3) data={'pic_name': 'pics/feet.JPG', 'class_mi': 'feet', 'thisN': 10, 'thisTrialN': 10, 'thisRepN': 3}>
23.1767 	EXP 	hor_line_precue: autoDraw = False
23.1767 	EXP 	ver_line_precue: autoDraw = False
23.1767 	EXP 	rot_line_precue: autoDraw = False
23.1767 	EXP 	rot_line_precue: ori = np.float64(260.9630536271764)
23.1767 	EXP 	point_left: autoDraw = False
23.1767 	EXP 	point_right: autoDraw = False
23.1767 	EXP 	hor_line_precue: autoDraw = False
23.1767 	EXP 	ver_line_precue: autoDraw = False
23.1767 	EXP 	rot_line_precue: autoDraw = False
23.1767 	EXP 	point_left: autoDraw = False
23.1767 	EXP 	point_right: autoDraw = False
23.1767 	EXP 	hor_line_precue: autoDraw = True
23.1767 	EXP 	ver_line_precue: autoDraw = True
23.1767 	EXP 	rot_line_precue: autoDraw = True
23.1767 	EXP 	rot_line_precue: ori = np.float64(261.3391164738575)
23.1767 	EXP 	point_left: autoDraw = True
23.1767 	EXP 	point_right: autoDraw = True
23.1854 	EXP 	rot_line_precue: ori = np.float64(261.676541276047)
23.1934 	EXP 	rot_line_precue: ori = np.float64(261.9986804158951)
23.2016 	EXP 	rot_line_precue: ori = np.float64(262.38902824748715)
23.2101 	EXP 	rot_line_precue: ori = np.float64(262.69564556961)
23.2184 	EXP 	rot_line_precue: ori = np.float64(263.05283114552185)
23.2267 	EXP 	rot_line_precue: ori = np.float64(263.4027905272812)
23.2351 	EXP 	rot_line_precue: ori = np.float64(264.0490102639062)
23.2436 	EXP 	rot_line_precue: ori = np.float64(264.7756754437057)
23.2516 	EXP 	rot_line_precue: ori = np.float64(265.15496677831305)
23.2601 	EXP 	rot_line_precue: ori = np.float64(265.4736999488789)
23.2691 	EXP 	rot_line_precue: ori = np.float64(265.7848899373032)
23.2767 	EXP 	rot_line_precue: ori = np.float64(266.25538122512313)
23.2858 	EXP 	rot_line_precue: ori = np.float64(266.58909753986666)
23.2940 	EXP 	rot_line_precue: ori = np.float64(266.94499780652137)
23.3022 	EXP 	rot_line_precue: ori = np.float64(267.6323215168151)
23.3107 	EXP 	rot_line_precue: ori = np.float64(268.04176798306474)
23.3186 	EXP 	rot_line_precue: ori = np.float64(268.348201763362)
23.3268 	EXP 	rot_line_precue: ori = np.float64(268.83391648061934)
23.3354 	EXP 	rot_line_precue: ori = np.float64(269.38360861680184)
23.3437 	EXP 	rot_line_precue: ori = np.float64(269.6846850110081)
23.3518 	EXP 	rot_line_precue: ori = np.float64(270.3214924269988)
23.3606 	EXP 	rot_line_precue: ori = np.float64(270.8203982016549)
23.3685 	EXP 	rot_line_precue: ori = np.float64(271.1687176398249)
23.3768 	EXP 	rot_line_precue: ori = np.float64(271.4755128855337)
23.3850 	EXP 	rot_line_precue: ori = np.float64(271.8139834054328)
23.3936 	EXP 	rot_line_precue: ori = np.float64(272.16986437355433)
23.4018 	EXP 	rot_line_precue: ori = np.float64(272.4707393122243)
23.4101 	EXP 	rot_line_precue: ori = np.float64(272.8211485724019)
23.4186 	EXP 	rot_line_precue: ori = np.float64(273.47555298308674)
23.4269 	EXP 	rot_line_precue: ori = np.float64(273.9433926455426)
23.4355 	EXP 	rot_line_precue: ori = np.float64(274.36198375205703)
23.4438 	EXP 	rot_line_precue: ori = np.float64(274.6817340118385)
23.4519 	EXP 	rot_line_precue: ori = np.float64(275.13049165715745)
23.4600 	EXP 	rot_line_precue: ori = np.float64(275.4944497441914)
23.4685 	EXP 	rot_line_precue: ori = np.float64(275.8540263943177)
23.4767 	EXP 	rot_line_precue: ori = np.float64(276.15226291559185)
23.4852 	EXP 	rot_line_precue: ori = np.float64(276.579019743935)
23.4937 	EXP 	rot_line_precue: ori = np.float64(276.96029006536605)
23.5021 	EXP 	rot_line_precue: ori = np.float64(277.2740591776303)
23.5106 	EXP 	rot_line_precue: ori = np.float64(277.5911455445407)
23.5193 	EXP 	rot_line_precue: ori = np.float64(277.94509952629903)
23.5271 	EXP 	rot_line_precue: ori = np.float64(278.25798323485617)
23.5356 	EXP 	rot_line_precue: ori = np.float64(278.560160568536)
23.5438 	EXP 	rot_line_precue: ori = np.float64(279.0208794126771)
23.5520 	EXP 	rot_line_precue: ori = np.float64(279.3282600182563)
23.5601 	EXP 	rot_line_precue: ori = np.float64(279.6388681551226)
23.5683 	EXP 	rot_line_precue: ori = np.float64(279.96779498766966)
23.5769 	EXP 	rot_line_precue: ori = np.float64(280.30426427639884)
23.5850 	EXP 	rot_line_precue: ori = np.float64(280.6044661305514)
23.5932 	EXP 	rot_line_precue: ori = np.float64(280.98131825933785)
23.6018 	EXP 	rot_line_precue: ori = np.float64(281.3444449480162)
23.6102 	EXP 	rot_line_precue: ori = np.float64(281.74391019985995)
23.6183 	EXP 	rot_line_precue: ori = np.float64(282.29656770437396)
23.6268 	EXP 	rot_line_precue: ori = np.float64(282.6614160784711)
23.6351 	EXP 	rot_line_precue: ori = np.float64(282.9615723210137)
23.6434 	EXP 	rot_line_precue: ori = np.float64(283.34666465054937)
23.6516 	EXP 	rot_line_precue: ori = np.float64(283.6425153953771)
23.6603 	EXP 	rot_line_precue: ori = np.float64(284.09560809789923)
23.6689 	EXP 	rot_line_precue: ori = np.float64(284.48959450525217)
23.6772 	EXP 	rot_line_precue: ori = np.float64(284.8122146063467)
23.6853 	EXP 	rot_line_precue: ori = np.float64(285.2065623416913)
23.6936 	EXP 	rot_line_precue: ori = np.float64(285.5228286276664)
23.7021 	EXP 	rot_line_precue: ori = np.float64(286.0830476491165)
23.7101 	EXP 	rot_line_precue: ori = np.float64(286.5203363788919)
23.7190 	EXP 	rot_line_precue: ori = np.float64(286.8166931277214)
23.7267 	EXP 	rot_line_precue: ori = np.float64(287.11522256322064)
23.7352 	EXP 	rot_line_precue: ori = np.float64(287.4209249491926)
23.7435 	EXP 	rot_line_precue: ori = np.float64(287.7182047514165)
23.7522 	EXP 	rot_line_precue: ori = np.float64(288.01445278061465)
23.7602 	EXP 	rot_line_precue: ori = np.float64(288.58738034092704)
23.7684 	EXP 	rot_line_precue: ori = np.float64(288.89941901695363)
23.7766 	EXP 	rot_line_precue: ori = np.float64(289.35031955634486)
23.7851 	EXP 	rot_line_precue: ori = np.float64(289.70159506980855)
23.7933 	EXP 	rot_line_precue: ori = np.float64(290.37148910943057)
23.8016 	EXP 	rot_line_precue: ori = np.float64(290.67979618150997)
23.8098 	EXP 	rot_line_precue: ori = np.float64(291.0258653543366)
23.8184 	EXP 	rot_line_precue: ori = np.float64(291.3590428435295)
23.8272 	EXP 	rot_line_precue: ori = np.float64(291.7108659128287)
23.8355 	EXP 	rot_line_precue: ori = np.float64(292.12017297526654)
23.8437 	EXP 	rot_line_precue: ori = np.float64(292.59082304850114)
23.8524 	EXP 	rot_line_precue: ori = np.float64(292.89376063033677)
23.8609 	EXP 	rot_line_precue: ori = np.float64(293.52543962502455)
23.8686 	EXP 	rot_line_precue: ori = np.float64(293.8515228762356)
23.8769 	EXP 	rot_line_precue: ori = np.float64(294.3908427085847)
23.8853 	EXP 	rot_line_precue: ori = np.float64(295.0785186575176)
23.8941 	EXP 	rot_line_precue: ori = np.float64(295.76155118892365)
23.9018 	EXP 	rot_line_precue: ori = np.float64(296.12427212587414)
23.9103 	EXP 	rot_line_precue: ori = np.float64(296.4423387912818)
23.9184 	EXP 	rot_line_precue: ori = np.float64(296.7427942757966)
23.9266 	EXP 	rot_line_precue: ori = np.float64(297.35231991188283)
23.9350 	EXP 	rot_line_precue: ori = np.float64(297.8596747263828)
23.9440 	EXP 	rot_line_precue: ori = np.float64(298.19159649019537)
23.9518 	EXP 	rot_line_precue: ori = np.float64(298.5636766538455)
23.9600 	EXP 	rot_line_precue: ori = np.float64(298.8900450735646)
23.9685 	EXP 	rot_line_precue: ori = np.float64(299.4779507526002)
23.9768 	EXP 	rot_line_precue: ori = np.float64(299.77713174999235)
23.9850 	EXP 	rot_line_precue: ori = np.float64(300.0829629278491)
23.9933 	EXP 	rot_line_precue: ori = np.float64(300.6238342237028)
24.0020 	EXP 	rot_line_precue: ori = np.float64(301.07521498185616)
24.0107 	EXP 	rot_line_precue: ori = np.float64(301.5486896199365)
24.0195 	EXP 	rot_line_precue: ori = np.float64(301.86505572566114)
24.0269 	EXP 	rot_line_precue: ori = np.float64(302.35387009586384)
24.0352 	EXP 	rot_line_precue: ori = np.float64(302.65760589829426)
24.0437 	EXP 	rot_line_precue: ori = np.float64(302.95760536587727)
24.0519 	EXP 	rot_line_precue: ori = np.float64(303.42540549113477)
24.0608 	EXP 	rot_line_precue: ori = np.float64(303.7210949370565)
24.0686 	EXP 	rot_line_precue: ori = np.float64(304.0898267767324)
24.0769 	EXP 	rot_line_precue: ori = np.float64(304.55722603191435)
24.0850 	EXP 	rot_line_precue: ori = np.float64(304.9027960761797)
24.0932 	EXP 	rot_line_precue: ori = np.float64(305.29883221121804)
24.1017 	EXP 	rot_line_precue: ori = np.float64(305.6027835313217)
24.1100 	EXP 	rot_line_precue: ori = np.float64(306.03113863443906)
24.1183 	EXP 	rot_line_precue: ori = np.float64(306.4363714945672)
24.1268 	EXP 	rot_line_precue: ori = np.float64(306.88901090028503)
24.1350 	EXP 	rot_line_precue: ori = np.float64(307.6789827045836)
24.1434 	EXP 	rot_line_precue: ori = np.float64(307.97674771681346)
24.1516 	EXP 	rot_line_precue: ori = np.float64(308.60898066222603)
24.1601 	EXP 	rot_line_precue: ori = np.float64(309.05907424132477)
24.1683 	EXP 	rot_line_precue: ori = np.float64(309.4163490184732)
24.1771 	EXP 	rot_line_precue: ori = np.float64(309.8589792914421)
24.1854 	EXP 	rot_line_precue: ori = np.float64(310.16164884351406)
24.1939 	EXP 	rot_line_precue: ori = np.float64(310.5676017839037)
24.2023 	EXP 	rot_line_precue: ori = np.float64(311.1593112209009)
24.2105 	EXP 	rot_line_precue: ori = np.float64(311.4801080613474)
24.2190 	EXP 	rot_line_precue: ori = np.float64(312.15603945884976)
24.2271 	EXP 	rot_line_precue: ori = np.float64(312.4663928909016)
24.2354 	EXP 	rot_line_precue: ori = np.float64(313.0624243117006)
24.2435 	EXP 	rot_line_precue: ori = np.float64(313.7130193960899)
24.2516 	EXP 	rot_line_precue: ori = np.float64(314.0349696633738)
24.2602 	EXP 	rot_line_precue: ori = np.float64(314.3437330379617)
24.2684 	EXP 	rot_line_precue: ori = np.float64(314.67876903015235)
24.2766 	EXP 	rot_line_precue: ori = np.float64(315.2608919647046)
24.2851 	EXP 	rot_line_precue: ori = np.float64(315.59058368004185)
24.2933 	EXP 	rot_line_precue: ori = np.float64(316.1439619307261)
24.3017 	EXP 	rot_line_precue: ori = np.float64(316.57098926422924)
24.3102 	EXP 	rot_line_precue: ori = np.float64(316.98753582896046)
24.3184 	EXP 	rot_line_precue: ori = np.float64(317.5243566879161)
24.3268 	EXP 	rot_line_precue: ori = np.float64(317.89802981866603)
24.3352 	EXP 	rot_line_precue: ori = np.float64(318.5806916078082)
24.3435 	EXP 	rot_line_precue: ori = np.float64(319.24919990758764)
24.3518 	EXP 	rot_line_precue: ori = np.float64(319.551265629583)
24.3611 	EXP 	rot_line_precue: ori = np.float64(319.887204927922)
24.3688 	EXP 	rot_line_precue: ori = np.float64(320.2260472827551)
24.3773 	EXP 	rot_line_precue: ori = np.float64(320.55916107059454)
24.3856 	EXP 	rot_line_precue: ori = np.float64(320.97858136117037)
24.3936 	EXP 	rot_line_precue: ori = np.float64(321.30234921864104)
24.4019 	EXP 	rot_line_precue: ori = np.float64(321.6571797452182)
24.4112 	EXP 	rot_line_precue: ori = np.float64(321.9684783038224)
24.4194 	EXP 	rot_line_precue: ori = np.float64(322.3710436111452)
24.4275 	EXP 	rot_line_precue: ori = np.float64(322.7071805831906)
24.4356 	EXP 	rot_line_precue: ori = np.float64(323.0090332605942)
24.4445 	EXP 	rot_line_precue: ori = np.float64(323.30757835682675)
24.4527 	EXP 	rot_line_precue: ori = np.float64(323.9429203383272)
24.4605 	EXP 	rot_line_precue: ori = np.float64(324.32411178188346)
24.4687 	EXP 	rot_line_precue: ori = np.float64(324.8541446594022)
24.4770 	EXP 	rot_line_precue: ori = np.float64(325.18287267442423)
24.4854 	EXP 	rot_line_precue: ori = np.float64(325.6716894324338)
24.4936 	EXP 	rot_line_precue: ori = np.float64(325.9945222292043)
24.5019 	EXP 	rot_line_precue: ori = np.float64(326.3347858354844)
24.5100 	EXP 	rot_line_precue: ori = np.float64(326.96612858676053)
24.5185 	EXP 	rot_line_precue: ori = np.float64(327.263345119549)
24.5269 	EXP 	rot_line_precue: ori = np.float64(327.56511126082796)
24.5352 	EXP 	rot_line_precue: ori = np.float64(328.03574229179975)
24.5438 	EXP 	rot_line_precue: ori = np.float64(328.33675790792114)
24.5520 	EXP 	rot_line_precue: ori = np.float64(328.6760572370833)
24.5606 	EXP 	rot_line_precue: ori = np.float64(329.0483726036348)
24.5688 	EXP 	rot_line_precue: ori = np.float64(329.34923842687544)
24.5771 	EXP 	rot_line_precue: ori = np.float64(329.8048507581197)
24.5853 	EXP 	rot_line_precue: ori = np.float64(330.2251826537347)
24.5936 	EXP 	rot_line_precue: ori = np.float64(330.63569637327754)
24.6026 	EXP 	rot_line_precue: ori = np.float64(331.2772038327812)
24.6108 	EXP 	rot_line_precue: ori = np.float64(331.5786643127691)
24.6184 	EXP 	rot_line_precue: ori = np.float64(331.95335971683596)
24.6270 	EXP 	rot_line_precue: ori = np.float64(332.2706150156582)
24.6352 	EXP 	rot_line_precue: ori = np.float64(332.59164398572136)
24.6434 	EXP 	rot_line_precue: ori = np.float64(332.90533159587864)
24.6520 	EXP 	rot_line_precue: ori = np.float64(333.22536006262766)
24.6602 	EXP 	rot_line_precue: ori = np.float64(333.85776022069115)
24.6684 	EXP 	rot_line_precue: ori = np.float64(334.27650891715166)
24.6769 	EXP 	rot_line_precue: ori = np.float64(334.60526895078453)
24.6852 	EXP 	rot_line_precue: ori = np.float64(334.9476395942688)
24.6934 	EXP 	rot_line_precue: ori = np.float64(335.26427178735605)
24.7017 	EXP 	rot_line_precue: ori = np.float64(335.56593614565907)
24.7101 	EXP 	rot_line_precue: ori = np.float64(335.8946953719986)
24.7185 	EXP 	rot_line_precue: ori = np.float64(336.22377273830944)
24.7272 	EXP 	rot_line_precue: ori = np.float64(336.6436023996376)
24.7355 	EXP 	rot_line_precue: ori = np.float64(337.0226049117682)
24.7437 	EXP 	rot_line_precue: ori = np.float64(337.36311026047525)
24.7523 	EXP 	rot_line_precue: ori = np.float64(337.87166089629915)
24.7606 	EXP 	rot_line_precue: ori = np.float64(338.2875988776445)
24.7685 	EXP 	rot_line_precue: ori = np.float64(338.66475666823476)
24.7771 	EXP 	rot_line_precue: ori = np.float64(338.9872226226657)
24.7854 	EXP 	rot_line_precue: ori = np.float64(339.3448096224863)
24.7935 	EXP 	rot_line_precue: ori = np.float64(339.71526506278224)
24.8016 	EXP 	rot_line_precue: ori = np.float64(340.1421401797875)
24.8101 	EXP 	rot_line_precue: ori = np.float64(340.9078655304131)
24.8184 	EXP 	rot_line_precue: ori = np.float64(341.32966160430766)
24.8266 	EXP 	rot_line_precue: ori = np.float64(341.66616326736505)
24.8348 	EXP 	rot_line_precue: ori = np.float64(342.3467256280836)
24.8434 	EXP 	rot_line_precue: ori = np.float64(342.6423377103852)
24.8516 	EXP 	rot_line_precue: ori = np.float64(343.14006096533615)
24.8598 	EXP 	rot_line_precue: ori = np.float64(343.45531426302426)
24.8684 	EXP 	rot_line_precue: ori = np.float64(343.7661283098919)
24.8767 	EXP 	rot_line_precue: ori = np.float64(344.10657966404074)
24.8849 	EXP 	rot_line_precue: ori = np.float64(344.4111067046237)
24.8933 	EXP 	rot_line_precue: ori = np.float64(345.12598549765363)
24.9021 	EXP 	rot_line_precue: ori = np.float64(345.43044067427894)
24.9104 	EXP 	rot_line_precue: ori = np.float64(345.7314310244046)
24.9192 	EXP 	rot_line_precue: ori = np.float64(346.14422130452255)
24.9274 	EXP 	rot_line_precue: ori = np.float64(346.51885234401396)
24.9356 	EXP 	rot_line_precue: ori = np.float64(346.97230823157884)
24.9439 	EXP 	rot_line_precue: ori = np.float64(347.2941899012953)
24.9519 	EXP 	rot_line_precue: ori = np.float64(347.6276534526433)
24.9600 	EXP 	rot_line_precue: ori = np.float64(348.0190637792236)
24.9687 	EXP 	rot_line_precue: ori = np.float64(348.3230105641245)
24.9769 	EXP 	rot_line_precue: ori = np.float64(348.6583709365284)
24.9851 	EXP 	rot_line_precue: ori = np.float64(348.96435219662567)
24.9935 	EXP 	rot_line_precue: ori = np.float64(349.2956782235646)
25.0023 	EXP 	rot_line_precue: ori = np.float64(349.74309861973927)
25.0100 	EXP 	rot_line_precue: ori = np.float64(350.06093340841215)
25.0182 	EXP 	rot_line_precue: ori = np.float64(350.3654896836176)
25.0268 	EXP 	rot_line_precue: ori = np.float64(350.8123557004125)
25.0349 	EXP 	rot_line_precue: ori = np.float64(351.116830420768)
25.0432 	EXP 	rot_line_precue: ori = np.float64(351.53422633800216)
25.0517 	EXP 	rot_line_precue: ori = np.float64(351.9715610318939)
25.0600 	EXP 	rot_line_precue: ori = np.float64(352.30165806671096)
25.0682 	EXP 	rot_line_precue: ori = np.float64(352.63970478523424)
25.0768 	EXP 	rot_line_precue: ori = np.float64(353.09391520681663)
25.0850 	EXP 	rot_line_precue: ori = np.float64(353.4650360766943)
25.0937 	EXP 	rot_line_precue: ori = np.float64(354.0089746190362)
25.1022 	EXP 	rot_line_precue: ori = np.float64(354.419908332012)
25.1107 	EXP 	rot_line_precue: ori = np.float64(354.8963440307003)
25.1188 	EXP 	rot_line_precue: ori = np.float64(355.224678849093)
25.1270 	EXP 	rot_line_precue: ori = np.float64(355.5345995812085)
25.1353 	EXP 	rot_line_precue: ori = np.float64(356.0138424373715)
25.1437 	EXP 	rot_line_precue: ori = np.float64(356.31476701978244)
25.1521 	EXP 	rot_line_precue: ori = np.float64(356.7208696469893)
25.1603 	EXP 	rot_line_precue: ori = np.float64(357.13834769737946)
25.1611 	EXP 	New trial (rep=4, index=11): <Trial 11 (11 in rep 4) data={'pic_name': 'pics/none.JPG', 'class_mi': 'rest', 'thisN': 11, 'thisTrialN': 11, 'thisRepN': 4}>
25.1684 	EXP 	hor_line_precue: autoDraw = False
25.1684 	EXP 	ver_line_precue: autoDraw = False
25.1684 	EXP 	rot_line_precue: autoDraw = False
25.1684 	EXP 	rot_line_precue: ori = np.float64(357.4535945604727)
25.1684 	EXP 	point_left: autoDraw = False
25.1684 	EXP 	point_right: autoDraw = False
25.1684 	EXP 	hor_line_precue: autoDraw = False
25.1684 	EXP 	ver_line_precue: autoDraw = False
25.1684 	EXP 	rot_line_precue: autoDraw = False
25.1684 	EXP 	point_left: autoDraw = False
25.1684 	EXP 	point_right: autoDraw = False
25.1684 	EXP 	hor_line_precue: autoDraw = True
25.1684 	EXP 	ver_line_precue: autoDraw = True
25.1684 	EXP 	rot_line_precue: autoDraw = True
25.1684 	EXP 	rot_line_precue: ori = np.float64(358.1723515775759)
25.1684 	EXP 	point_left: autoDraw = True
25.1684 	EXP 	point_right: autoDraw = True
25.1769 	EXP 	rot_line_precue: ori = np.float64(358.53952681945884)
25.1851 	EXP 	rot_line_precue: ori = np.float64(358.94262862160497)
25.1934 	EXP 	rot_line_precue: ori = np.float64(359.30935799739535)
25.2019 	EXP 	rot_line_precue: ori = np.float64(359.6438582816239)
25.2101 	EXP 	rot_line_precue: ori = np.float64(0.05038485501040668)
25.2185 	EXP 	rot_line_precue: ori = np.float64(0.37245966306617834)
25.2269 	EXP 	rot_line_precue: ori = np.float64(0.8477768712188767)
25.2352 	EXP 	rot_line_precue: ori = np.float64(1.160560515850228)
25.2434 	EXP 	rot_line_precue: ori = np.float64(1.5222767154124375)
25.2516 	EXP 	rot_line_precue: ori = np.float64(1.931523158248132)
25.2602 	EXP 	rot_line_precue: ori = np.float64(2.2862119584156253)
25.2686 	EXP 	rot_line_precue: ori = np.float64(2.706069375774688)
25.2772 	EXP 	rot_line_precue: ori = np.float64(3.1070313624485713)
25.2857 	EXP 	rot_line_precue: ori = np.float64(3.4875366008956283)
25.2939 	EXP 	rot_line_precue: ori = np.float64(4.233724656243125)
25.3020 	EXP 	rot_line_precue: ori = np.float64(4.552395866280712)
25.3105 	EXP 	rot_line_precue: ori = np.float64(4.964900592598086)
25.3185 	EXP 	rot_line_precue: ori = np.float64(5.56139308358477)
25.3273 	EXP 	rot_line_precue: ori = np.float64(6.237034911418293)
25.3359 	EXP 	rot_line_precue: ori = np.float64(6.671112950845606)
25.3436 	EXP 	rot_line_precue: ori = np.float64(7.062561858752485)
25.3517 	EXP 	rot_line_precue: ori = np.float64(7.526337648795739)
25.3599 	EXP 	rot_line_precue: ori = np.float64(7.863747553000116)
25.3684 	EXP 	rot_line_precue: ori = np.float64(8.352882047509638)
25.3767 	EXP 	rot_line_precue: ori = np.float64(8.654209743400854)
25.3850 	EXP 	rot_line_precue: ori = np.float64(8.956974050939692)
25.3942 	EXP 	rot_line_precue: ori = np.float64(9.343285635873743)
25.4017 	EXP 	rot_line_precue: ori = np.float64(9.657726397254764)
25.4100 	EXP 	rot_line_precue: ori = np.float64(10.070314495030294)
25.4184 	EXP 	rot_line_precue: ori = np.float64(10.43552568089855)
25.4266 	EXP 	rot_line_precue: ori = np.float64(10.863929328707632)
25.4349 	EXP 	rot_line_precue: ori = np.float64(11.234598750050631)
25.4434 	EXP 	rot_line_precue: ori = np.float64(11.567375292882137)
25.4519 	EXP 	rot_line_precue: ori = np.float64(11.897245154848743)
25.4606 	EXP 	rot_line_precue: ori = np.float64(12.264573585059713)
25.4689 	EXP 	rot_line_precue: ori = np.float64(12.567624147326274)
25.4770 	EXP 	rot_line_precue: ori = np.float64(13.12494368873368)
25.4854 	EXP 	rot_line_precue: ori = np.float64(13.785892650743687)
25.4943 	EXP 	rot_line_precue: ori = np.float64(14.328020559197844)
25.5026 	EXP 	rot_line_precue: ori = np.float64(14.670045698936192)
25.5105 	EXP 	rot_line_precue: ori = np.float64(15.093388330739229)
25.5193 	EXP 	rot_line_precue: ori = np.float64(15.588043711760273)
25.5268 	EXP 	rot_line_precue: ori = np.float64(16.11640599178329)
25.5350 	EXP 	rot_line_precue: ori = np.float64(16.42725101605585)
25.5433 	EXP 	rot_line_precue: ori = np.float64(16.974899567401714)
25.5524 	EXP 	rot_line_precue: ori = np.float64(17.506077148699962)
25.5601 	EXP 	rot_line_precue: ori = np.float64(17.830822137741595)
25.5683 	EXP 	rot_line_precue: ori = np.float64(18.29992431384848)
25.5768 	EXP 	rot_line_precue: ori = np.float64(18.831026482635583)
25.5850 	EXP 	rot_line_precue: ori = np.float64(19.139001786068306)
25.5933 	EXP 	rot_line_precue: ori = np.float64(19.469908435943427)
25.6018 	EXP 	rot_line_precue: ori = np.float64(19.81773480627558)
25.6101 	EXP 	rot_line_precue: ori = np.float64(20.18281648605729)
25.6182 	EXP 	rot_line_precue: ori = np.float64(20.575955762989253)
25.6268 	EXP 	rot_line_precue: ori = np.float64(21.138068450391117)
25.6353 	EXP 	rot_line_precue: ori = np.float64(21.62252690202808)
25.6438 	EXP 	rot_line_precue: ori = np.float64(21.929772363026938)
25.6523 	EXP 	rot_line_precue: ori = np.float64(22.673482739392337)
25.6604 	EXP 	rot_line_precue: ori = np.float64(23.17579095569495)
25.6689 	EXP 	rot_line_precue: ori = np.float64(23.51133626333618)
25.6771 	EXP 	rot_line_precue: ori = np.float64(23.809053937321224)
25.6853 	EXP 	rot_line_precue: ori = np.float64(24.120527026651576)
25.6939 	EXP 	rot_line_precue: ori = np.float64(24.490084804326056)
25.7020 	EXP 	rot_line_precue: ori = np.float64(24.879743814978106)
25.7104 	EXP 	rot_line_precue: ori = np.float64(25.457890061962317)
25.7184 	EXP 	rot_line_precue: ori = np.float64(25.858554229322955)
25.7269 	EXP 	rot_line_precue: ori = np.float64(26.19624397407712)
25.7351 	EXP 	rot_line_precue: ori = np.float64(26.530414757220353)
25.7433 	EXP 	rot_line_precue: ori = np.float64(26.883622613128978)
25.7515 	EXP 	rot_line_precue: ori = np.float64(27.24546996405172)
25.7601 	EXP 	rot_line_precue: ori = np.float64(27.66934686608038)
25.7683 	EXP 	rot_line_precue: ori = np.float64(28.016338418889116)
25.7766 	EXP 	rot_line_precue: ori = np.float64(28.7045422162291)
25.7851 	EXP 	rot_line_precue: ori = np.float64(29.092158985585392)
25.7934 	EXP 	rot_line_precue: ori = np.float64(29.73971292610294)
25.8017 	EXP 	rot_line_precue: ori = np.float64(30.05302729966274)
25.8102 	EXP 	rot_line_precue: ori = np.float64(30.482777030808485)
25.8183 	EXP 	rot_line_precue: ori = np.float64(30.806210075445406)
25.8271 	EXP 	rot_line_precue: ori = np.float64(31.552380349383572)
25.8362 	EXP 	rot_line_precue: ori = np.float64(31.870427575087053)
25.8434 	EXP 	rot_line_precue: ori = np.float64(32.17689971265884)
25.8522 	EXP 	rot_line_precue: ori = np.float64(32.476066833386064)
25.8602 	EXP 	rot_line_precue: ori = np.float64(32.99845457281816)
25.8693 	EXP 	rot_line_precue: ori = np.float64(33.39658080555967)
25.8767 	EXP 	rot_line_precue: ori = np.float64(33.70108170474879)
25.8861 	EXP 	rot_line_precue: ori = np.float64(34.09028183360499)
25.8936 	EXP 	rot_line_precue: ori = np.float64(34.44515915721464)
25.9017 	EXP 	rot_line_precue: ori = np.float64(34.765900177230066)
25.9102 	EXP 	rot_line_precue: ori = np.float64(35.3686861800794)
25.9191 	EXP 	rot_line_precue: ori = np.float64(35.74838727573326)
25.9268 	EXP 	rot_line_precue: ori = np.float64(36.52929154133146)
25.9350 	EXP 	rot_line_precue: ori = np.float64(36.92692000379842)
25.9435 	EXP 	rot_line_precue: ori = np.float64(37.24559937635927)
25.9518 	EXP 	rot_line_precue: ori = np.float64(37.59608825042395)
25.9600 	EXP 	rot_line_precue: ori = np.float64(38.05462335396548)
25.9685 	EXP 	rot_line_precue: ori = np.float64(38.398751578570774)
25.9767 	EXP 	rot_line_precue: ori = np.float64(38.7023520543999)
25.9851 	EXP 	rot_line_precue: ori = np.float64(39.12042443157676)
25.9935 	EXP 	rot_line_precue: ori = np.float64(39.49179138962509)
26.0019 	EXP 	rot_line_precue: ori = np.float64(40.00342290107576)
26.0107 	EXP 	rot_line_precue: ori = np.float64(40.66767473639679)
26.0188 	EXP 	rot_line_precue: ori = np.float64(41.136886611891285)
26.0271 	EXP 	rot_line_precue: ori = np.float64(41.74733666101625)
26.0354 	EXP 	rot_line_precue: ori = np.float64(42.07029299529444)
26.0443 	EXP 	rot_line_precue: ori = np.float64(42.38946677511828)
26.0519 	EXP 	rot_line_precue: ori = np.float64(42.82618983889306)
26.0606 	EXP 	rot_line_precue: ori = np.float64(43.31097193339295)
26.0687 	EXP 	rot_line_precue: ori = np.float64(43.92662262050893)
26.0769 	EXP 	rot_line_precue: ori = np.float64(44.29288964887653)
26.0851 	EXP 	rot_line_precue: ori = np.float64(44.60708977644181)
26.0934 	EXP 	rot_line_precue: ori = np.float64(44.95232742248527)
26.1023 	EXP 	rot_line_precue: ori = np.float64(45.277364189751054)
26.1101 	EXP 	rot_line_precue: ori = np.float64(45.57709289701542)
26.1191 	EXP 	rot_line_precue: ori = np.float64(46.00987800960677)
26.1268 	EXP 	rot_line_precue: ori = np.float64(46.32088153835217)
26.1350 	EXP 	rot_line_precue: ori = np.float64(46.87780749640282)
26.1433 	EXP 	rot_line_precue: ori = np.float64(47.23887790736877)
26.1518 	EXP 	rot_line_precue: ori = np.float64(47.7193982744983)
26.1609 	EXP 	rot_line_precue: ori = np.float64(48.03124163537531)
26.1681 	EXP 	rot_line_precue: ori = np.float64(48.359811968249424)
26.1769 	EXP 	rot_line_precue: ori = np.float64(49.104784836213504)
26.1853 	EXP 	rot_line_precue: ori = np.float64(49.470541304831194)
26.1939 	EXP 	rot_line_precue: ori = np.float64(49.78603581630347)
26.2022 	EXP 	rot_line_precue: ori = np.float64(50.138438884543966)
26.2108 	EXP 	rot_line_precue: ori = np.float64(50.44224272423791)
26.2190 	EXP 	rot_line_precue: ori = np.float64(50.81980027782319)
26.2269 	EXP 	rot_line_precue: ori = np.float64(51.36687469945219)
26.2358 	EXP 	rot_line_precue: ori = np.float64(51.671367987180545)
26.2432 	EXP 	rot_line_precue: ori = np.float64(52.04916651266439)
26.2520 	EXP 	rot_line_precue: ori = np.float64(52.38563960523748)
26.2603 	EXP 	rot_line_precue: ori = np.float64(52.76578051653551)
26.2684 	EXP 	rot_line_precue: ori = np.float64(53.17835620651038)
26.2770 	EXP 	rot_line_precue: ori = np.float64(53.596750605761635)
26.2852 	EXP 	rot_line_precue: ori = np.float64(54.001280783870634)
26.2942 	EXP 	rot_line_precue: ori = np.float64(54.4548889303468)
26.3017 	EXP 	rot_line_precue: ori = np.float64(54.76628587800821)
26.3101 	EXP 	rot_line_precue: ori = np.float64(55.08599848184068)
26.3184 	EXP 	rot_line_precue: ori = np.float64(55.40534626570394)
26.3267 	EXP 	rot_line_precue: ori = np.float64(55.745547815061194)
26.3352 	EXP 	rot_line_precue: ori = np.float64(56.34343136757096)
26.3435 	EXP 	rot_line_precue: ori = np.float64(56.67141064923173)
26.3519 	EXP 	rot_line_precue: ori = np.float64(57.0733742441373)
26.3602 	EXP 	rot_line_precue: ori = np.float64(57.371872307818464)
26.3685 	EXP 	rot_line_precue: ori = np.float64(57.66888807770326)
26.3772 	EXP 	rot_line_precue: ori = np.float64(58.08059714510168)
26.3854 	EXP 	rot_line_precue: ori = np.float64(58.5769500180527)
26.3937 	EXP 	rot_line_precue: ori = np.float64(59.127831767635264)
26.4022 	EXP 	rot_line_precue: ori = np.float64(59.878094204932964)
26.4103 	EXP 	rot_line_precue: ori = np.float64(60.175708993147325)
26.4193 	EXP 	rot_line_precue: ori = np.float64(60.65902164022349)
26.4267 	EXP 	rot_line_precue: ori = np.float64(60.9876919401867)
26.4362 	EXP 	rot_line_precue: ori = np.float64(61.39020333201627)
26.4435 	EXP 	rot_line_precue: ori = np.float64(61.69671777798321)
26.4519 	EXP 	rot_line_precue: ori = np.float64(62.282020689247865)
26.4600 	EXP 	rot_line_precue: ori = np.float64(62.95817486869269)
26.4685 	EXP 	rot_line_precue: ori = np.float64(63.2603198152877)
26.4768 	EXP 	rot_line_precue: ori = np.float64(63.5686774566885)
26.4850 	EXP 	rot_line_precue: ori = np.float64(63.90206371095474)
26.4935 	EXP 	rot_line_precue: ori = np.float64(64.25551949192456)
26.5018 	EXP 	rot_line_precue: ori = np.float64(64.62280695215505)
26.5100 	EXP 	rot_line_precue: ori = np.float64(64.9205295946664)
26.5185 	EXP 	rot_line_precue: ori = np.float64(65.23151577187966)
26.5268 	EXP 	rot_line_precue: ori = np.float64(65.85039438544614)
26.5350 	EXP 	rot_line_precue: ori = np.float64(66.29236271890954)
26.5435 	EXP 	rot_line_precue: ori = np.float64(66.66699797630682)
26.5518 	EXP 	rot_line_precue: ori = np.float64(67.14242105099883)
26.5602 	EXP 	rot_line_precue: ori = np.float64(67.65998656448953)
26.5688 	EXP 	rot_line_precue: ori = np.float64(67.98551283744267)
26.5772 	EXP 	rot_line_precue: ori = np.float64(68.30565060010306)
26.5857 	EXP 	rot_line_precue: ori = np.float64(68.69370335077373)
26.5944 	EXP 	rot_line_precue: ori = np.float64(69.0048892909702)
26.6021 	EXP 	rot_line_precue: ori = np.float64(69.32375951206922)
26.6105 	EXP 	rot_line_precue: ori = np.float64(69.71018551849181)
26.6194 	EXP 	rot_line_precue: ori = np.float64(70.1060787373152)
26.6276 	EXP 	rot_line_precue: ori = np.float64(70.41548525834936)
26.6352 	EXP 	rot_line_precue: ori = np.float64(70.87843127111675)
26.6437 	EXP 	rot_line_precue: ori = np.float64(71.28525349124463)
26.6519 	EXP 	rot_line_precue: ori = np.float64(71.58711600510466)
26.6601 	EXP 	rot_line_precue: ori = np.float64(72.35466984216802)
26.6684 	EXP 	rot_line_precue: ori = np.float64(72.6564163666448)
26.6768 	EXP 	rot_line_precue: ori = np.float64(73.14014497063607)
26.6851 	EXP 	rot_line_precue: ori = np.float64(73.82878453773594)
26.6934 	EXP 	rot_line_precue: ori = np.float64(74.20603906483736)
26.7019 	EXP 	rot_line_precue: ori = np.float64(74.61336832543537)
26.7101 	EXP 	rot_line_precue: ori = np.float64(75.11487150636366)
26.7184 	EXP 	rot_line_precue: ori = np.float64(75.47384149777197)
26.7270 	EXP 	rot_line_precue: ori = np.float64(75.8671771991865)
26.7350 	EXP 	rot_line_precue: ori = np.float64(76.3611138888963)
26.7433 	EXP 	rot_line_precue: ori = np.float64(76.66553684857222)
26.7521 	EXP 	rot_line_precue: ori = np.float64(77.09070932654161)
26.7604 	EXP 	rot_line_precue: ori = np.float64(77.50471751729975)
26.7689 	EXP 	rot_line_precue: ori = np.float64(77.83989960491442)
26.7774 	EXP 	rot_line_precue: ori = np.float64(78.23683535987344)
26.7859 	EXP 	rot_line_precue: ori = np.float64(79.00633059231572)
26.7939 	EXP 	rot_line_precue: ori = np.float64(79.31488340199913)
26.8021 	EXP 	rot_line_precue: ori = np.float64(79.86645017401067)
26.8102 	EXP 	rot_line_precue: ori = np.float64(80.16660221273538)
26.8185 	EXP 	rot_line_precue: ori = np.float64(80.75668748571019)
26.8268 	EXP 	rot_line_precue: ori = np.float64(81.21198745802221)
26.8351 	EXP 	rot_line_precue: ori = np.float64(81.90531019593155)
26.8434 	EXP 	rot_line_precue: ori = np.float64(82.28414200308335)
26.8517 	EXP 	rot_line_precue: ori = np.float64(82.67817402679941)
26.8602 	EXP 	rot_line_precue: ori = np.float64(83.03964620990037)
26.8684 	EXP 	rot_line_precue: ori = np.float64(83.630012421399)
26.8766 	EXP 	rot_line_precue: ori = np.float64(83.93169152891919)
26.8852 	EXP 	rot_line_precue: ori = np.float64(84.36756051436137)
26.8933 	EXP 	rot_line_precue: ori = np.float64(84.70738673651034)
26.9017 	EXP 	rot_line_precue: ori = np.float64(85.2654830323651)
26.9102 	EXP 	rot_line_precue: ori = np.float64(85.80083335140512)
26.9184 	EXP 	rot_line_precue: ori = np.float64(86.36837933771623)
26.9267 	EXP 	rot_line_precue: ori = np.float64(86.86992678111427)
26.9353 	EXP 	rot_line_precue: ori = np.float64(87.17331803183225)
26.9436 	EXP 	rot_line_precue: ori = np.float64(87.49031028435316)
26.9524 	EXP 	rot_line_precue: ori = np.float64(87.99614585985326)
26.9606 	EXP 	rot_line_precue: ori = np.float64(88.41784286553451)
26.9688 	EXP 	rot_line_precue: ori = np.float64(88.98326659691722)
26.9768 	EXP 	rot_line_precue: ori = np.float64(89.30389747748839)
26.9853 	EXP 	rot_line_precue: ori = np.float64(89.61106582363195)
26.9943 	EXP 	rot_line_precue: ori = np.float64(89.90741800753108)
27.0018 	EXP 	rot_line_precue: ori = np.float64(90.26975199447848)
27.0105 	EXP 	rot_line_precue: ori = np.float64(90.57526816680942)
27.0185 	EXP 	rot_line_precue: ori = np.float64(91.01652139296682)
27.0268 	EXP 	rot_line_precue: ori = np.float64(91.32225350883917)
27.0351 	EXP 	rot_line_precue: ori = np.float64(91.81349458170939)
27.0435 	EXP 	rot_line_precue: ori = np.float64(92.31429049336407)
27.0518 	EXP 	rot_line_precue: ori = np.float64(92.68472072338916)
27.0600 	EXP 	rot_line_precue: ori = np.float64(93.14534264028724)
27.0684 	EXP 	rot_line_precue: ori = np.float64(93.53892684108922)
27.0768 	EXP 	rot_line_precue: ori = np.float64(93.850876980713)
27.0851 	EXP 	rot_line_precue: ori = np.float64(94.44013024753447)
27.0934 	EXP 	rot_line_precue: ori = np.float64(95.09037231888556)
27.1021 	EXP 	rot_line_precue: ori = np.float64(95.38836461063997)
27.1101 	EXP 	rot_line_precue: ori = np.float64(95.81734942187622)
27.1186 	EXP 	rot_line_precue: ori = np.float64(96.17523992998964)
27.1278 	EXP 	rot_line_precue: ori = np.float64(96.89051076653678)
27.1355 	EXP 	rot_line_precue: ori = np.float64(97.5221045940861)
27.1438 	EXP 	rot_line_precue: ori = np.float64(97.84284580001035)
27.1520 	EXP 	rot_line_precue: ori = np.float64(98.3425936105951)
27.1529 	EXP 	New trial (rep=4, index=12): <Trial 12 (12 in rep 4) data={'pic_name': 'pics/feet.JPG', 'class_mi': 'feet', 'thisN': 12, 'thisTrialN': 12, 'thisRepN': 4}>
27.1599 	EXP 	hor_line_precue: autoDraw = False
27.1599 	EXP 	ver_line_precue: autoDraw = False
27.1599 	EXP 	rot_line_precue: autoDraw = False
27.1599 	EXP 	rot_line_precue: ori = np.float64(98.63818227791603)
27.1599 	EXP 	point_left: autoDraw = False
27.1599 	EXP 	point_right: autoDraw = False
27.1599 	EXP 	hor_line_precue: autoDraw = False
27.1599 	EXP 	ver_line_precue: autoDraw = False
27.1599 	EXP 	rot_line_precue: autoDraw = False
27.1599 	EXP 	point_left: autoDraw = False
27.1599 	EXP 	point_right: autoDraw = False
27.1599 	EXP 	hor_line_precue: autoDraw = True
27.1599 	EXP 	ver_line_precue: autoDraw = True
27.1599 	EXP 	rot_line_precue: autoDraw = True
27.1599 	EXP 	rot_line_precue: ori = np.float64(98.93928711086696)
27.1599 	EXP 	point_left: autoDraw = True
27.1599 	EXP 	point_right: autoDraw = True
27.1694 	EXP 	rot_line_precue: ori = np.float64(99.40564037728149)
27.1777 	EXP 	rot_line_precue: ori = np.float64(99.75481846459152)
27.1860 	EXP 	rot_line_precue: ori = np.float64(100.12513623872917)
27.1938 	EXP 	rot_line_precue: ori = np.float64(100.43188296142495)
27.2020 	EXP 	rot_line_precue: ori = np.float64(100.7481037544285)
27.2102 	EXP 	rot_line_precue: ori = np.float64(101.06519702838176)
27.2184 	EXP 	rot_line_precue: ori = np.float64(101.41063834211081)
27.2270 	EXP 	rot_line_precue: ori = np.float64(101.81798906565915)
27.2351 	EXP 	rot_line_precue: ori = np.float64(102.13547256271129)
27.2434 	EXP 	rot_line_precue: ori = np.float64(102.51153074593199)
27.2519 	EXP 	rot_line_precue: ori = np.float64(102.83293377887614)
27.2600 	EXP 	rot_line_precue: ori = np.float64(103.24984877457132)
27.2692 	EXP 	rot_line_precue: ori = np.float64(103.60184011827549)
27.2769 	EXP 	rot_line_precue: ori = np.float64(103.89982603076542)
27.2852 	EXP 	rot_line_precue: ori = np.float64(104.57043034355141)
27.2934 	EXP 	rot_line_precue: ori = np.float64(105.08831036973946)
27.3021 	EXP 	rot_line_precue: ori = np.float64(105.39216699135342)
27.3110 	EXP 	rot_line_precue: ori = np.float64(106.01217185227942)
27.3189 	EXP 	rot_line_precue: ori = np.float64(106.30857856768095)
27.3273 	EXP 	rot_line_precue: ori = np.float64(106.64635304613408)
27.3356 	EXP 	rot_line_precue: ori = np.float64(106.96046305220909)
27.3435 	EXP 	rot_line_precue: ori = np.float64(107.541859126816)
27.3521 	EXP 	rot_line_precue: ori = np.float64(108.0331322545934)
27.3604 	EXP 	rot_line_precue: ori = np.float64(108.6080218194837)
27.3687 	EXP 	rot_line_precue: ori = np.float64(109.06819432083111)
27.3767 	EXP 	rot_line_precue: ori = np.float64(109.36921642472007)
27.3853 	EXP 	rot_line_precue: ori = np.float64(109.67901090687671)
27.3934 	EXP 	rot_line_precue: ori = np.float64(110.30008346958742)
27.4018 	EXP 	rot_line_precue: ori = np.float64(110.67223874416584)
27.4102 	EXP 	rot_line_precue: ori = np.float64(111.23129980501456)
27.4184 	EXP 	rot_line_precue: ori = np.float64(111.59842692572738)
27.4267 	EXP 	rot_line_precue: ori = np.float64(112.10425668462426)
27.4352 	EXP 	rot_line_precue: ori = np.float64(112.54328298408892)
27.4434 	EXP 	rot_line_precue: ori = np.float64(112.96779991789286)
27.4518 	EXP 	rot_line_precue: ori = np.float64(113.36837598136815)
27.4602 	EXP 	rot_line_precue: ori = np.float64(113.69008621751237)
27.4685 	EXP 	rot_line_precue: ori = np.float64(114.0897604749016)
27.4768 	EXP 	rot_line_precue: ori = np.float64(114.4987902360076)
27.4850 	EXP 	rot_line_precue: ori = np.float64(114.81906413833528)
27.4935 	EXP 	rot_line_precue: ori = np.float64(115.11688182516906)
27.5024 	EXP 	rot_line_precue: ori = np.float64(115.44480149284753)
27.5108 	EXP 	rot_line_precue: ori = np.float64(115.9059348015948)
27.5197 	EXP 	rot_line_precue: ori = np.float64(116.20921223935333)
27.5277 	EXP 	rot_line_precue: ori = np.float64(116.6017003452853)
27.5355 	EXP 	rot_line_precue: ori = np.float64(116.9106961494088)
27.5442 	EXP 	rot_line_precue: ori = np.float64(117.23500910347376)
27.5519 	EXP 	rot_line_precue: ori = np.float64(117.70662115711932)
27.5605 	EXP 	rot_line_precue: ori = np.float64(118.03871206746994)
27.5689 	EXP 	rot_line_precue: ori = np.float64(118.61643031501725)
27.5769 	EXP 	rot_line_precue: ori = np.float64(119.24974548042854)
27.5851 	EXP 	rot_line_precue: ori = np.float64(119.58545531767791)
27.5936 	EXP 	rot_line_precue: ori = np.float64(119.91021268635033)
27.6026 	EXP 	rot_line_precue: ori = np.float64(120.35110037860686)
27.6101 	EXP 	rot_line_precue: ori = np.float64(120.65976986392677)
27.6191 	EXP 	rot_line_precue: ori = np.float64(120.97049040273298)
27.6268 	EXP 	rot_line_precue: ori = np.float64(121.30761361409803)
27.6359 	EXP 	rot_line_precue: ori = np.float64(121.6300582006762)
27.6430 	EXP 	rot_line_precue: ori = np.float64(122.09538477929298)
27.6519 	EXP 	rot_line_precue: ori = np.float64(122.39404366494821)
27.6602 	EXP 	rot_line_precue: ori = np.float64(122.79967005318234)
27.6684 	EXP 	rot_line_precue: ori = np.float64(123.10477961049627)
27.6768 	EXP 	rot_line_precue: ori = np.float64(123.69084136805363)
27.6857 	EXP 	rot_line_precue: ori = np.float64(124.10407525889036)
27.6938 	EXP 	rot_line_precue: ori = np.float64(124.44085134476006)
27.7022 	EXP 	rot_line_precue: ori = np.float64(124.74715423049882)
27.7104 	EXP 	rot_line_precue: ori = np.float64(125.14462345880588)
27.7191 	EXP 	rot_line_precue: ori = np.float64(125.48046360941855)
27.7277 	EXP 	rot_line_precue: ori = np.float64(125.79130135044032)
27.7359 	EXP 	rot_line_precue: ori = np.float64(126.09377665874456)
27.7438 	EXP 	rot_line_precue: ori = np.float64(126.41264266493903)
27.7520 	EXP 	rot_line_precue: ori = np.float64(127.00011081215257)
27.7604 	EXP 	rot_line_precue: ori = np.float64(127.306233024915)
27.7684 	EXP 	rot_line_precue: ori = np.float64(127.79992799092295)
27.7769 	EXP 	rot_line_precue: ori = np.float64(128.17643661661666)
27.7851 	EXP 	rot_line_precue: ori = np.float64(128.68680365036388)
27.7934 	EXP 	rot_line_precue: ori = np.float64(129.28245798640882)
27.8020 	EXP 	rot_line_precue: ori = np.float64(129.6889152508213)
27.8101 	EXP 	rot_line_precue: ori = np.float64(130.23094826984575)
27.8193 	EXP 	rot_line_precue: ori = np.float64(130.59822912631904)
27.8264 	EXP 	rot_line_precue: ori = np.float64(130.9439027111643)
27.8351 	EXP 	rot_line_precue: ori = np.float64(131.3478088464563)
27.8433 	EXP 	rot_line_precue: ori = np.float64(131.97939291810835)
27.8520 	EXP 	rot_line_precue: ori = np.float64(132.3124123151414)
27.8602 	EXP 	rot_line_precue: ori = np.float64(132.66993118250974)
27.8686 	EXP 	rot_line_precue: ori = np.float64(132.98377589261872)
27.8773 	EXP 	rot_line_precue: ori = np.float64(133.3697997884699)
27.8855 	EXP 	rot_line_precue: ori = np.float64(133.96939408919363)
27.8939 	EXP 	rot_line_precue: ori = np.float64(134.59248645456782)
27.9023 	EXP 	rot_line_precue: ori = np.float64(134.89659881021134)
27.9110 	EXP 	rot_line_precue: ori = np.float64(135.20623809852725)
27.9193 	EXP 	rot_line_precue: ori = np.float64(135.5421224619459)
27.9271 	EXP 	rot_line_precue: ori = np.float64(135.9070587556438)
27.9352 	EXP 	rot_line_precue: ori = np.float64(136.21241350673185)
27.9436 	EXP 	rot_line_precue: ori = np.float64(136.50925782945313)
27.9517 	EXP 	rot_line_precue: ori = np.float64(136.9254019973659)
27.9603 	EXP 	rot_line_precue: ori = np.float64(137.27053363137486)
27.9684 	EXP 	rot_line_precue: ori = np.float64(137.6073436985326)
27.9767 	EXP 	rot_line_precue: ori = np.float64(138.0388733396612)
27.9849 	EXP 	rot_line_precue: ori = np.float64(138.5692674716939)
27.9934 	EXP 	rot_line_precue: ori = np.float64(138.86810527199515)
28.0017 	EXP 	rot_line_precue: ori = np.float64(139.20922801271684)
28.0100 	EXP 	rot_line_precue: ori = np.float64(139.58912789934934)
28.0185 	EXP 	rot_line_precue: ori = np.float64(139.90211065829948)
28.0266 	EXP 	rot_line_precue: ori = np.float64(140.199796636947)
28.0350 	EXP 	rot_line_precue: ori = np.float64(140.51396533884642)
28.0435 	EXP 	rot_line_precue: ori = np.float64(140.99161564733149)
28.0523 	EXP 	rot_line_precue: ori = np.float64(141.29139272499137)
28.0606 	EXP 	rot_line_precue: ori = np.float64(141.63722561381232)
28.0687 	EXP 	rot_line_precue: ori = np.float64(142.36467298021404)
28.0771 	EXP 	rot_line_precue: ori = np.float64(143.07997294446406)
28.0855 	EXP 	rot_line_precue: ori = np.float64(143.66364939510154)
28.0941 	EXP 	rot_line_precue: ori = np.float64(143.98306146961158)
28.1020 	EXP 	rot_line_precue: ori = np.float64(144.58596558022916)
28.1107 	EXP 	rot_line_precue: ori = np.float64(144.88138553481087)
28.1188 	EXP 	rot_line_precue: ori = np.float64(145.20045637751628)
28.1270 	EXP 	rot_line_precue: ori = np.float64(145.5419973627218)
28.1352 	EXP 	rot_line_precue: ori = np.float64(145.87478167940657)
28.1436 	EXP 	rot_line_precue: ori = np.float64(146.217315829236)
28.1519 	EXP 	rot_line_precue: ori = np.float64(146.64068504036894)
28.1601 	EXP 	rot_line_precue: ori = np.float64(147.42878060982085)
28.1683 	EXP 	rot_line_precue: ori = np.float64(147.73004168623373)
28.1778 	EXP 	rot_line_precue: ori = np.float64(148.2792079530261)
28.1852 	EXP 	rot_line_precue: ori = np.float64(148.5790800019298)
28.1941 	EXP 	rot_line_precue: ori = np.float64(148.8777927587988)
28.2020 	EXP 	rot_line_precue: ori = np.float64(149.26814587979504)
28.2102 	EXP 	rot_line_precue: ori = np.float64(149.67641521966758)
28.2184 	EXP 	rot_line_precue: ori = np.float64(150.09103331401988)
28.2276 	EXP 	rot_line_precue: ori = np.float64(150.42384786109616)
28.2352 	EXP 	rot_line_precue: ori = np.float64(150.73026088759366)
28.2438 	EXP 	rot_line_precue: ori = np.float64(151.03814387662345)
28.2522 	EXP 	rot_line_precue: ori = np.float64(151.35136250648344)
28.2608 	EXP 	rot_line_precue: ori = np.float64(151.67336961056967)
28.2689 	EXP 	rot_line_precue: ori = np.float64(151.99697495324708)
28.2770 	EXP 	rot_line_precue: ori = np.float64(152.3299618467127)
28.2853 	EXP 	rot_line_precue: ori = np.float64(152.83165792970786)
28.2939 	EXP 	rot_line_precue: ori = np.float64(153.48143443777528)
28.3028 	EXP 	rot_line_precue: ori = np.float64(153.9406006253177)
28.3111 	EXP 	rot_line_precue: ori = np.float64(154.634189253994)
28.3185 	EXP 	rot_line_precue: ori = np.float64(154.99944072866094)
28.3267 	EXP 	rot_line_precue: ori = np.float64(155.3673804058038)
28.3351 	EXP 	rot_line_precue: ori = np.float64(155.87578882749068)
28.3434 	EXP 	rot_line_precue: ori = np.float64(156.28841191483497)
28.3518 	EXP 	rot_line_precue: ori = np.float64(156.6228470877503)
28.3601 	EXP 	rot_line_precue: ori = np.float64(157.08746860397983)
28.3685 	EXP 	rot_line_precue: ori = np.float64(157.6871907132629)
28.3766 	EXP 	rot_line_precue: ori = np.float64(157.9833299715758)
28.3852 	EXP 	rot_line_precue: ori = np.float64(158.322656380064)
28.3943 	EXP 	rot_line_precue: ori = np.float64(158.6364671576292)
28.4017 	EXP 	rot_line_precue: ori = np.float64(158.9852202622812)
28.4103 	EXP 	rot_line_precue: ori = np.float64(159.30026824425067)
28.4184 	EXP 	rot_line_precue: ori = np.float64(159.60353250928267)
28.4267 	EXP 	rot_line_precue: ori = np.float64(160.04503418084101)
28.4354 	EXP 	rot_line_precue: ori = np.float64(160.3868939031209)
28.4437 	EXP 	rot_line_precue: ori = np.float64(160.7674260920685)
28.4523 	EXP 	rot_line_precue: ori = np.float64(161.06681233089668)
28.4611 	EXP 	rot_line_precue: ori = np.float64(161.42326970994526)
28.4687 	EXP 	rot_line_precue: ori = np.float64(161.77427826754467)
28.4772 	EXP 	rot_line_precue: ori = np.float64(162.154369860816)
28.4853 	EXP 	rot_line_precue: ori = np.float64(162.5722172428558)
28.4936 	EXP 	rot_line_precue: ori = np.float64(162.88426109508998)
28.5019 	EXP 	rot_line_precue: ori = np.float64(163.34673010859638)
28.5104 	EXP 	rot_line_precue: ori = np.float64(163.89435523213498)
28.5185 	EXP 	rot_line_precue: ori = np.float64(164.2263887885029)
28.5267 	EXP 	rot_line_precue: ori = np.float64(164.5729780256032)
28.5357 	EXP 	rot_line_precue: ori = np.float64(164.95687756345606)
28.5435 	EXP 	rot_line_precue: ori = np.float64(165.31552415996566)
28.5526 	EXP 	rot_line_precue: ori = np.float64(165.7266116732547)
28.5599 	EXP 	rot_line_precue: ori = np.float64(166.11162530437005)
28.5685 	EXP 	rot_line_precue: ori = np.float64(166.6357353348618)
28.5767 	EXP 	rot_line_precue: ori = np.float64(167.42656495412413)
28.5850 	EXP 	rot_line_precue: ori = np.float64(167.72656616660103)
28.5935 	EXP 	rot_line_precue: ori = np.float64(168.0280438108106)
28.6017 	EXP 	rot_line_precue: ori = np.float64(168.36876912265745)
28.6100 	EXP 	rot_line_precue: ori = np.float64(168.66776720021574)
28.6189 	EXP 	rot_line_precue: ori = np.float64(168.98833722039686)
28.6278 	EXP 	rot_line_precue: ori = np.float64(169.34205184235654)
28.6355 	EXP 	rot_line_precue: ori = np.float64(169.6969292880875)
28.6440 	EXP 	rot_line_precue: ori = np.float64(170.03386798977792)
28.6520 	EXP 	rot_line_precue: ori = np.float64(170.49200119123935)
28.6605 	EXP 	rot_line_precue: ori = np.float64(171.05190429026675)
28.6688 	EXP 	rot_line_precue: ori = np.float64(171.37914627029326)
28.6778 	EXP 	rot_line_precue: ori = np.float64(171.6981933769527)
28.6852 	EXP 	rot_line_precue: ori = np.float64(172.0074290017124)
28.6936 	EXP 	rot_line_precue: ori = np.float64(172.73666828883367)
28.7019 	EXP 	rot_line_precue: ori = np.float64(173.0709138647001)
28.7100 	EXP 	rot_line_precue: ori = np.float64(173.39002817227424)
28.7184 	EXP 	rot_line_precue: ori = np.float64(174.09069718152725)
28.7269 	EXP 	rot_line_precue: ori = np.float64(174.44545650232214)
28.7351 	EXP 	rot_line_precue: ori = np.float64(174.77495128384243)
28.7437 	EXP 	rot_line_precue: ori = np.float64(175.42145814139263)
28.7519 	EXP 	rot_line_precue: ori = np.float64(176.0966542794404)
28.7602 	EXP 	rot_line_precue: ori = np.float64(176.39299973978902)
28.7684 	EXP 	rot_line_precue: ori = np.float64(176.72210379122538)
28.7769 	EXP 	rot_line_precue: ori = np.float64(177.28300228117618)
28.7851 	EXP 	rot_line_precue: ori = np.float64(177.96809551458875)
28.7939 	EXP 	rot_line_precue: ori = np.float64(178.37018806137644)
28.8023 	EXP 	rot_line_precue: ori = np.float64(178.6682658824175)
28.8104 	EXP 	rot_line_precue: ori = np.float64(178.97066555189224)
28.8190 	EXP 	rot_line_precue: ori = np.float64(179.3828949830389)
28.8271 	EXP 	rot_line_precue: ori = np.float64(179.734114742681)
28.8353 	EXP 	rot_line_precue: ori = np.float64(180.2224879573012)
28.8439 	EXP 	rot_line_precue: ori = np.float64(180.5817109691787)
28.8530 	EXP 	rot_line_precue: ori = np.float64(180.99991763412783)
28.8613 	EXP 	rot_line_precue: ori = np.float64(181.58462172994805)
28.8684 	EXP 	rot_line_precue: ori = np.float64(182.2667959246961)
28.8771 	EXP 	rot_line_precue: ori = np.float64(182.59659343589314)
28.8853 	EXP 	rot_line_precue: ori = np.float64(182.97938809697632)
28.8935 	EXP 	rot_line_precue: ori = np.float64(183.36373090966273)
28.9018 	EXP 	rot_line_precue: ori = np.float64(183.73902846717652)
28.9102 	EXP 	rot_line_precue: ori = np.float64(184.18677410866567)
28.9185 	EXP 	rot_line_precue: ori = np.float64(184.62780783151914)
28.9201 	DATA 	Keypress: escape
28.9271 	EXP 	rot_line_precue: ori = np.float64(184.95107661965238)
28.9278 	EXP 	Device response: <KeyPress from None: t=28.91931840000325, value=escape, duration=None>
28.9353 	EXP 	rot_line_precue: ori = np.float64(185.24735728343325)
28.9434 	EXP 	rot_line_precue: ori = np.float64(185.54336527721736)
28.9518 	EXP 	rot_line_precue: ori = np.float64(185.9540961681618)
28.9608 	EXP 	rot_line_precue: ori = np.float64(186.6814826509221)
28.9685 	EXP 	rot_line_precue: ori = np.float64(187.2873851775857)
28.9775 	EXP 	rot_line_precue: ori = np.float64(187.84978273213005)
28.9854 	EXP 	rot_line_precue: ori = np.float64(188.14853230796902)
28.9938 	EXP 	rot_line_precue: ori = np.float64(188.4564572980884)
29.0022 	EXP 	rot_line_precue: ori = np.float64(188.7626836668655)
29.0031 	EXP 	Device response: <KeyPress from None: t=28.91931840000325, value=escape, duration=0.07538329999806592>
29.0031 	EXP 	bci_racingteam: status = STOPPED
29.0110 	EXP 	rot_line_precue: ori = np.float64(189.17005792991213)
29.0110 	EXP 	hor_line_precue: autoDraw = False
29.0110 	EXP 	ver_line_precue: autoDraw = False
29.0110 	EXP 	rot_line_precue: autoDraw = False
29.0110 	EXP 	point_left: autoDraw = False
29.0110 	EXP 	point_right: autoDraw = False
29.0111 	EXP 	bci_racingteam: status = STOPPED
