6.1085 	WARNING 	Requested an unavailable screen number - using first available.
6.1124 	WARNING 	User requested fullscreen with size [1920 1080], but screen is actually [1707, 1067]. Using actual size
6.6048 	EXP 	Created window1 = Window(allowGUI=False, allowStencil=False, autoLog=True, backendConf=UNKNOWN, backgroundFit=<method-wrapper '__getattribute__' of attributeSetter object at 0x00000225ED500FA0>, backgroundImage=<method-wrapper '__getattribute__' of attributeSetter object at 0x00000225ED500F40>, bitsMode=UNKNOWN, blendMode='avg', bpc=(8, 8, 8), color=array([0, 0, 0]), colorSpace='rgb', depthBits=8, fullscr=True, gamma=None, gammaErrorPolicy='raise', infoMsg=UNKNOWN, lms=UNKNOWN, monitor=<psychopy.monitors.calibTools.Monitor object at 0x00000225ED749C90>, multiSample=False, name='window1', numSamples=2, pos=[np.float64(0.0), np.float64(0.0)], screen=1, size=array([1707, 1067]), stencilBits=0, stereo=False, title='PsychoPy', units='height', useFBO=True, useRetina=False, viewOri=0.0, viewPos=None, viewScale=None, waitBlanking=True, winType='pyglet')
6.6049 	EXP 	window1: backgroundImage = ''
6.6049 	EXP 	window1: backgroundFit = 'none'
7.4443 	EXP 	window1: Attempting to measure frame rate of screen (1) ...
7.4443 	EXP 	window1: recordFrameIntervals = False
7.5351 	EXP 	window1: recordFrameIntervals = True
8.3689 	EXP 	window1: recordFrameIntervals = False
8.3690 	EXP 	Screen (1) actual frame rate measured at 120.37Hz
13.7109 	EXP 	bci_racingteam: status = STARTED
13.8986 	EXP 	Created text_pre_block = TextStim(__class__=<class 'psychopy.visual.text.TextStim'>, alignHoriz=method-wrapper(...), alignText='center', alignVert=method-wrapper(...), anchorHoriz='center', anchorVert='center', antialias=True, autoDraw=False, autoLog=True, bold=False, color=array([1., 1., 1.]), colorSpace='rgb', contrast=1.0, depth=0.0, draggable=False, flipHoriz=False, flipVert=False, font='Open Sans', fontFiles=[], height=np.float64(0.05), italic=False, languageStyle='LTR', name='text_pre_block', opacity=1, ori=0.0, pos=array([0., 0.]), rgb=UNKNOWN, text='Press any key to start ...', units='height', win=Window(...), wrapWidth=1)
13.9016 	EXP 	Created text_2 = TextStim(__class__=<class 'psychopy.visual.text.TextStim'>, alignHoriz=method-wrapper(...), alignText='center', alignVert=method-wrapper(...), anchorHoriz='center', anchorVert='center', antialias=True, autoDraw=False, autoLog=True, bold=False, color=array([1., 1., 1.]), colorSpace='rgb', contrast=1.0, depth=0.0, draggable=False, flipHoriz=False, flipVert=False, font='Arial', fontFiles=[], height=np.float64(0.05), italic=False, languageStyle='LTR', name='text_2', opacity=1, ori=0.0, pos=array([0., 0.]), rgb=UNKNOWN, text='', units='height', win=Window(...), wrapWidth=1)
13.9080 	EXP 	Created hor_line_precue = Line(__class__=<class 'psychopy.visual.line.Line'>, anchor=('center', 'center'), autoDraw=False, autoLog=True, closeShape=False, color=array([1., 1., 1.]), colorSpace='rgb', contrast=None, depth=0.0, draggable=False, fillColor=array([1, 1, 1]), fillColorSpace='rgb', fillRGB=array([1, 1, 1]), interpolate=True, lineColor=array([1., 1., 1.]), lineColorSpace='rgb', lineRGB=array([1, 1, 1]), lineWidth=5.0, name='hor_line_precue', opacity=1, ori=-45.0, pos=array([0., 0.]), size=array([0.35, 0.35]), units='height', vertices=array([[-0.5, -0.5],
       [ 0.5,  0.5]]), win=Window(...), windingRule=None)
13.9111 	EXP 	Created ver_line_precue = Line(__class__=<class 'psychopy.visual.line.Line'>, anchor=('center', 'center'), autoDraw=False, autoLog=True, closeShape=False, color=array([1., 1., 1.]), colorSpace='rgb', contrast=None, depth=-1.0, draggable=False, fillColor=array([1, 1, 1]), fillColorSpace='rgb', fillRGB=array([1, 1, 1]), interpolate=True, lineColor=array([1., 1., 1.]), lineColorSpace='rgb', lineRGB=array([1, 1, 1]), lineWidth=5.0, name='ver_line_precue', opacity=1, ori=45.0, pos=array([0., 0.]), size=array([0.35, 0.35]), units='height', vertices=array([[-0.5, -0.5],
       [ 0.5,  0.5]]), win=Window(...), windingRule=None)
13.9141 	EXP 	Created rot_line_precue = Line(__class__=<class 'psychopy.visual.line.Line'>, anchor=('center', 'center'), autoDraw=False, autoLog=True, closeShape=False, color=array([1., 1., 1.]), colorSpace='rgb', contrast=None, depth=-2.0, draggable=False, fillColor=array([1, 1, 1]), fillColorSpace='rgb', fillRGB=array([1, 1, 1]), interpolate=True, lineColor=array([1., 1., 1.]), lineColorSpace='rgb', lineRGB=array([1, 1, 1]), lineWidth=5.0, name='rot_line_precue', opacity=1, ori=1.0, pos=array([0., 0.]), size=array([0.35, 0.35]), units='height', vertices=array([[-0.5, -0.5],
       [ 0.5,  0.5]]), win=Window(...), windingRule=None)
13.9200 	EXP 	Created point_left = ShapeStim(__class__=<class 'psychopy.visual.shape.ShapeStim'>, anchor=('center', 'center'), autoDraw=False, autoLog=True, closeShape=True, color=method-wrapper(...), colorSpace='rgb', contrast=None, depth=-4.0, draggable=False, fillColor=array([-1.    , -1.    ,  0.0902]), fillColorSpace='rgb', fillRGB=array([-1.    , -1.    ,  0.0902]), interpolate=True, lineColor=array([-1.    , -1.    ,  0.0902]), lineColorSpace='rgb', lineRGB=array([-1.    , -1.    ,  0.0902]), lineWidth=1.0, name='point_left', opacity=1, ori=0.0, pos=array([-0.25,  0.  ]), size=array([0.02, 0.02]), units='height', vertices=ndarray(...), win=Window(...), windingRule=None)
13.9250 	EXP 	Created point_right = ShapeStim(__class__=<class 'psychopy.visual.shape.ShapeStim'>, anchor=('center', 'center'), autoDraw=False, autoLog=True, closeShape=True, color=method-wrapper(...), colorSpace='rgb', contrast=None, depth=-5.0, draggable=False, fillColor=array([-1.    , -1.    ,  0.0902]), fillColorSpace='rgb', fillRGB=array([-1.    , -1.    ,  0.0902]), interpolate=True, lineColor=array([-1.    , -1.    ,  0.0902]), lineColorSpace='rgb', lineRGB=array([-1.    , -1.    ,  0.0902]), lineWidth=1.0, name='point_right', opacity=1, ori=0.0, pos=array([0.25, 0.  ]), size=array([0.02, 0.02]), units='height', vertices=ndarray(...), win=Window(...), windingRule=None)
13.9301 	EXP 	Created dot_precue = ShapeStim(__class__=<class 'psychopy.visual.shape.ShapeStim'>, anchor=('center', 'center'), autoDraw=False, autoLog=True, closeShape=True, color=method-wrapper(...), colorSpace='rgb', contrast=None, depth=-6.0, draggable=False, fillColor=array([1, 1, 1]), fillColorSpace='rgb', fillRGB=array([1, 1, 1]), interpolate=True, lineColor=array([1., 1., 1.]), lineColorSpace='rgb', lineRGB=array([1, 1, 1]), lineWidth=1.0, name='dot_precue', opacity=1, ori=0.0, pos=array([0., 0.]), size=array([0.02, 0.02]), units='height', vertices=ndarray(...), win=Window(...), windingRule=None)
13.9419 	EXP 	Created text = TextStim(__class__=<class 'psychopy.visual.text.TextStim'>, alignHoriz=method-wrapper(...), alignText='center', alignVert=method-wrapper(...), anchorHoriz='center', anchorVert='center', antialias=True, autoDraw=False, autoLog=True, bold=False, color=array([1., 1., 1.]), colorSpace='rgb', contrast=1.0, depth=0.0, draggable=False, flipHoriz=False, flipVert=False, font='Arial', fontFiles=[], height=np.float64(0.05), italic=False, languageStyle='LTR', name='text', opacity=1, ori=0.0, pos=array([0., 0.]), rgb=UNKNOWN, text='Run Finished', units='height', win=Window(...), wrapWidth=1)
13.9533 	EXP 	Created text_post_run = TextStim(__class__=<class 'psychopy.visual.text.TextStim'>, alignHoriz=method-wrapper(...), alignText='center', alignVert=method-wrapper(...), anchorHoriz='center', anchorVert='center', antialias=True, autoDraw=False, autoLog=True, bold=False, color=array([1., 1., 1.]), colorSpace='rgb', contrast=1.0, depth=0.0, draggable=False, flipHoriz=False, flipVert=False, font='Open Sans', fontFiles=[], height=np.float64(0.05), italic=False, languageStyle='LTR', name='text_post_run', opacity=1, ori=0.0, pos=array([0., 0.]), rgb=UNKNOWN, text='Block Finished. Yuhu!', units='height', win=Window(...), wrapWidth=1)
0.0042 	EXP 	rot_line_precue: ori = 0
0.0103 	EXP 	text_pre_block: autoDraw = True
6.8161 	EXP 	Device response: <KeyPress from None: t=6.805886299996928, value=space, duration=None>
6.8172 	EXP 	New trial (rep=0, index=0): <Trial 0 (0 in rep 0) data={'thisN': 0, 'thisTrialN': 0, 'thisRepN': 0}>
6.8208 	DATA 	Keypress: space
6.8239 	EXP 	text_pre_block: autoDraw = False
6.8239 	EXP 	text_2: autoDraw = True
6.8336 	EXP 	Device response: <KeyPress from None: t=6.805886299996928, value=space, duration=0.025551400001859292>
9.8186 	EXP 	Imported classes.csv as conditions, 3 conditions, 2 params
9.8191 	EXP 	New trial (rep=0, index=0): <Trial 0 (0 in rep 0) data={'pic_name': 'pics/feet.JPG', 'class_mi': 'feet', 'thisN': 0, 'thisTrialN': 0, 'thisRepN': 0}>
9.8289 	EXP 	text_2: autoDraw = False
9.8289 	EXP 	text_2: autoDraw = False
9.8289 	EXP 	hor_line_precue: autoDraw = True
9.8289 	EXP 	ver_line_precue: autoDraw = True
9.8289 	EXP 	rot_line_precue: autoDraw = True
9.8289 	EXP 	rot_line_precue: ori = 0.5659410157019471
9.8289 	EXP 	point_left: autoDraw = True
9.8289 	EXP 	point_right: autoDraw = True
9.8289 	EXP 	dot_precue: autoDraw = True
9.8338 	EXP 	rot_line_precue: ori = 0.8835143343917435
9.8403 	EXP 	rot_line_precue: ori = 1.3125155626215512
9.8491 	EXP 	rot_line_precue: ori = 1.6211361058645593
9.8569 	EXP 	rot_line_precue: ori = 1.9461939539421136
9.8655 	EXP 	rot_line_precue: ori = 2.2792812009245136
9.8740 	EXP 	rot_line_precue: ori = 2.618687415670405
9.8834 	EXP 	rot_line_precue: ori = 2.949080933249923
9.8945 	EXP 	rot_line_precue: ori = 3.2976961021409377
9.9027 	EXP 	rot_line_precue: ori = 3.734340605633917
9.9104 	EXP 	rot_line_precue: ori = 4.375274836415281
9.9170 	EXP 	rot_line_precue: ori = 4.715441916982589
9.9252 	EXP 	rot_line_precue: ori = 5.0158464343071945
9.9325 	EXP 	rot_line_precue: ori = 5.396769482335465
9.9413 	EXP 	rot_line_precue: ori = 5.693529015642561
9.9501 	EXP 	rot_line_precue: ori = 6.007487937872288
9.9581 	EXP 	rot_line_precue: ori = 6.363196028394887
9.9665 	EXP 	rot_line_precue: ori = 6.734816362901219
9.9757 	EXP 	rot_line_precue: ori = 7.471595383352574
9.9849 	EXP 	rot_line_precue: ori = 7.824555331021748
9.9937 	EXP 	rot_line_precue: ori = 8.12882897288177
10.0027 	EXP 	rot_line_precue: ori = 8.426569764177035
10.0102 	EXP 	rot_line_precue: ori = 8.873520825348
10.0174 	EXP 	rot_line_precue: ori = 9.63877613212954
10.0252 	EXP 	rot_line_precue: ori = 10.030064276538969
10.0326 	EXP 	rot_line_precue: ori = 10.404670976311237
10.0406 	EXP 	rot_line_precue: ori = 11.001284587677748
10.0488 	EXP 	rot_line_precue: ori = 11.33857237257125
10.0574 	EXP 	rot_line_precue: ori = 11.635205351253626
10.0654 	EXP 	rot_line_precue: ori = 12.015818350190665
10.0738 	EXP 	rot_line_precue: ori = 12.396654602758147
10.0830 	EXP 	rot_line_precue: ori = 12.871434063782868
10.0906 	EXP 	rot_line_precue: ori = 13.210848359793895
10.0988 	EXP 	rot_line_precue: ori = 13.568707315187813
10.1076 	EXP 	rot_line_precue: ori = 13.905113841132017
10.1157 	EXP 	rot_line_precue: ori = 14.32981862041259
10.1240 	EXP 	rot_line_precue: ori = 14.655438900267766
10.1319 	EXP 	rot_line_precue: ori = 15.13676594871981
10.1407 	EXP 	rot_line_precue: ori = 15.746820373501881
10.1494 	EXP 	rot_line_precue: ori = 16.120310409462792
10.1574 	EXP 	rot_line_precue: ori = 16.43508915943157
10.1657 	EXP 	rot_line_precue: ori = 16.786278723438866
10.1746 	EXP 	rot_line_precue: ori = 17.086370195035535
10.1827 	EXP 	rot_line_precue: ori = 17.46638436111709
10.1928 	EXP 	rot_line_precue: ori = 18.056331610625424
10.1999 	EXP 	rot_line_precue: ori = 18.459790784312393
10.2078 	EXP 	rot_line_precue: ori = 18.84872056667811
10.2156 	EXP 	rot_line_precue: ori = 19.274933719883123
10.2240 	EXP 	rot_line_precue: ori = 19.699090861719775
10.2327 	EXP 	rot_line_precue: ori = 20.020355958553363
10.2406 	EXP 	rot_line_precue: ori = 20.317197090582514
10.2491 	EXP 	rot_line_precue: ori = 20.838357005732725
10.2576 	EXP 	rot_line_precue: ori = 21.165938228065887
10.2655 	EXP 	rot_line_precue: ori = 21.89903211991448
10.2742 	EXP 	rot_line_precue: ori = 22.662476454535696
10.2829 	EXP 	rot_line_precue: ori = 23.374231595646627
10.2909 	EXP 	rot_line_precue: ori = 23.67064890815771
10.2989 	EXP 	rot_line_precue: ori = 23.991849102534463
10.3072 	EXP 	rot_line_precue: ori = 24.407178489778826
10.3158 	EXP 	rot_line_precue: ori = 24.713911590559995
10.3240 	EXP 	rot_line_precue: ori = 25.119848536598507
10.3321 	EXP 	rot_line_precue: ori = 25.499820543215385
10.3403 	EXP 	rot_line_precue: ori = 25.837967384309206
10.3490 	EXP 	rot_line_precue: ori = 26.143715275047363
10.3571 	EXP 	rot_line_precue: ori = 26.4496613274642
10.3652 	EXP 	rot_line_precue: ori = 26.746666151237065
10.3739 	EXP 	rot_line_precue: ori = 27.088634021396757
10.3823 	EXP 	rot_line_precue: ori = 27.779332298201194
10.3906 	EXP 	rot_line_precue: ori = 28.156313529710555
10.3994 	EXP 	rot_line_precue: ori = 28.452497945435073
10.4078 	EXP 	rot_line_precue: ori = 28.846620401317185
10.4164 	EXP 	rot_line_precue: ori = 29.143262992823317
10.4243 	EXP 	rot_line_precue: ori = 29.444589865151105
10.4328 	EXP 	rot_line_precue: ori = 29.759687097792163
10.4409 	EXP 	rot_line_precue: ori = 30.058713599734727
10.4492 	EXP 	rot_line_precue: ori = 30.367002225430895
10.4574 	EXP 	rot_line_precue: ori = 30.744603431772372
10.4657 	EXP 	rot_line_precue: ori = 31.080601209826238
10.4745 	EXP 	rot_line_precue: ori = 31.482313934584408
10.4824 	EXP 	rot_line_precue: ori = 31.817348206449317
10.4911 	EXP 	rot_line_precue: ori = 32.347362007807526
10.4991 	EXP 	rot_line_precue: ori = 32.6844279241123
10.5073 	EXP 	rot_line_precue: ori = 33.072162483497316
10.5154 	EXP 	rot_line_precue: ori = 33.73682810620473
10.5241 	EXP 	rot_line_precue: ori = 34.05002001349073
10.5325 	EXP 	rot_line_precue: ori = 34.469303852200056
10.5404 	EXP 	rot_line_precue: ori = 34.778633227733344
10.5488 	EXP 	rot_line_precue: ori = 35.0992110648684
10.5574 	EXP 	rot_line_precue: ori = 35.58084239975505
10.5654 	EXP 	rot_line_precue: ori = 35.92909568563402
10.5738 	EXP 	rot_line_precue: ori = 36.23559038733363
10.5825 	EXP 	rot_line_precue: ori = 36.530886570061696
10.5906 	EXP 	rot_line_precue: ori = 36.84419455642414
10.5988 	EXP 	rot_line_precue: ori = 37.54273468555144
10.6073 	EXP 	rot_line_precue: ori = 38.002969709524564
10.6154 	EXP 	rot_line_precue: ori = 38.30441989689049
10.6250 	EXP 	rot_line_precue: ori = 38.60214176433497
10.6324 	EXP 	rot_line_precue: ori = 38.941007466089616
10.6404 	EXP 	rot_line_precue: ori = 39.64858821052136
10.6496 	EXP 	rot_line_precue: ori = 39.97766266569348
10.6578 	EXP 	rot_line_precue: ori = 40.29131539334401
10.6659 	EXP 	rot_line_precue: ori = 40.8629934290423
10.6748 	EXP 	rot_line_precue: ori = 41.20584867410925
10.6829 	EXP 	rot_line_precue: ori = 41.579451498114665
10.6909 	EXP 	rot_line_precue: ori = 41.902979581019565
10.6996 	EXP 	rot_line_precue: ori = 42.27785618615127
10.7075 	EXP 	rot_line_precue: ori = 42.73403590839082
10.7158 	EXP 	rot_line_precue: ori = 43.03419248258216
10.7245 	EXP 	rot_line_precue: ori = 43.395731732239604
10.7323 	EXP 	rot_line_precue: ori = 43.98966293462998
10.7408 	EXP 	rot_line_precue: ori = 44.321389018199355
10.7492 	EXP 	rot_line_precue: ori = 44.89316626516117
10.7571 	EXP 	rot_line_precue: ori = 45.200056782016766
10.7657 	EXP 	rot_line_precue: ori = 45.6296791312607
10.7738 	EXP 	rot_line_precue: ori = 46.036347787936165
10.7827 	EXP 	rot_line_precue: ori = 46.618262755509384
10.7909 	EXP 	rot_line_precue: ori = 47.17640936740963
10.7989 	EXP 	rot_line_precue: ori = 47.4874747158946
10.8072 	EXP 	rot_line_precue: ori = 47.92926891523743
10.8154 	EXP 	rot_line_precue: ori = 48.6011067649775
10.8240 	EXP 	rot_line_precue: ori = 49.00185248983954
10.8324 	EXP 	rot_line_precue: ori = 49.30635611853049
10.8408 	EXP 	rot_line_precue: ori = 49.701358153858926
10.8492 	EXP 	rot_line_precue: ori = 50.37888938579335
10.8570 	EXP 	rot_line_precue: ori = 50.826576790674665
10.8653 	EXP 	rot_line_precue: ori = 51.14639601811959
10.8742 	EXP 	rot_line_precue: ori = 51.490819679936315
10.8821 	EXP 	rot_line_precue: ori = 51.79270291087526
10.8913 	EXP 	rot_line_precue: ori = 52.091429386456284
10.9002 	EXP 	rot_line_precue: ori = 52.50282824699629
10.9075 	EXP 	rot_line_precue: ori = 52.89274670603207
10.9161 	EXP 	rot_line_precue: ori = 53.38810778350074
10.9243 	EXP 	rot_line_precue: ori = 54.12667384059872
10.9329 	EXP 	rot_line_precue: ori = 54.62046361966124
10.9409 	EXP 	rot_line_precue: ori = 54.938702343308734
10.9495 	EXP 	rot_line_precue: ori = 55.23792434628117
10.9575 	EXP 	rot_line_precue: ori = 55.63426768753813
10.9655 	EXP 	rot_line_precue: ori = 55.95171740733147
10.9743 	EXP 	rot_line_precue: ori = 56.30752462575242
10.9823 	EXP 	rot_line_precue: ori = 57.0954583538336
10.9910 	EXP 	rot_line_precue: ori = 57.68110561055742
10.9994 	EXP 	rot_line_precue: ori = 58.05364052590904
11.0073 	EXP 	rot_line_precue: ori = 58.609922493127634
11.0153 	EXP 	rot_line_precue: ori = 58.98051059568856
11.0241 	EXP 	rot_line_precue: ori = 59.71757261177533
11.0322 	EXP 	rot_line_precue: ori = 60.10917643574635
11.0409 	EXP 	rot_line_precue: ori = 60.41714781679325
11.0492 	EXP 	rot_line_precue: ori = 61.21849005946527
11.0571 	EXP 	rot_line_precue: ori = 61.647359926395765
11.0655 	EXP 	rot_line_precue: ori = 62.0921031596975
11.0736 	EXP 	rot_line_precue: ori = 62.46194518241739
11.0824 	EXP 	rot_line_precue: ori = 62.86076235250133
11.0905 	EXP 	rot_line_precue: ori = 63.24306429448571
11.0988 	EXP 	rot_line_precue: ori = 63.57545746772356
11.1074 	EXP 	rot_line_precue: ori = 64.02932921829846
11.1158 	EXP 	rot_line_precue: ori = 64.34109932207652
11.1244 	EXP 	rot_line_precue: ori = 64.65945797989939
11.1325 	EXP 	rot_line_precue: ori = 65.00898240821529
11.1408 	EXP 	rot_line_precue: ori = 65.32053070752914
11.1489 	EXP 	rot_line_precue: ori = 65.80654046279416
11.1578 	EXP 	rot_line_precue: ori = 66.19921768952476
11.1658 	EXP 	rot_line_precue: ori = 66.57593992944582
11.1740 	EXP 	rot_line_precue: ori = 67.18837771588107
11.1823 	EXP 	rot_line_precue: ori = 67.50371484321971
11.1906 	EXP 	rot_line_precue: ori = 68.01577457750057
11.1989 	EXP 	rot_line_precue: ori = 68.32642421002932
11.2075 	EXP 	rot_line_precue: ori = 68.70941510384286
11.2155 	EXP 	rot_line_precue: ori = 69.10935584580749
11.2240 	EXP 	rot_line_precue: ori = 69.41943649578526
11.2325 	EXP 	rot_line_precue: ori = 69.72133304430602
11.2409 	EXP 	rot_line_precue: ori = 70.0834188356603
11.2497 	EXP 	rot_line_precue: ori = 70.38575958979096
11.2575 	EXP 	rot_line_precue: ori = 70.72355014771564
11.2657 	EXP 	rot_line_precue: ori = 71.05570413195963
11.2741 	EXP 	rot_line_precue: ori = 71.43152422875077
11.2823 	EXP 	rot_line_precue: ori = 71.90959817892482
11.2908 	EXP 	rot_line_precue: ori = 72.4375555132988
11.2987 	EXP 	rot_line_precue: ori = 72.76813746750052
11.3072 	EXP 	rot_line_precue: ori = 73.15701727308297
11.3159 	EXP 	rot_line_precue: ori = 73.92359204095327
11.3239 	EXP 	rot_line_precue: ori = 74.29674032858348
11.3324 	EXP 	rot_line_precue: ori = 74.64126963901013
11.3402 	EXP 	rot_line_precue: ori = 74.9759425353592
11.3492 	EXP 	rot_line_precue: ori = 75.35024052731231
11.3570 	EXP 	rot_line_precue: ori = 75.8054720870638
11.3652 	EXP 	rot_line_precue: ori = 76.13079845583749
11.3742 	EXP 	rot_line_precue: ori = 76.52339231096045
11.3819 	EXP 	rot_line_precue: ori = 76.86256438940963
11.3903 	EXP 	rot_line_precue: ori = 77.18496571305714
11.3994 	EXP 	rot_line_precue: ori = 77.59308400432414
11.4074 	EXP 	rot_line_precue: ori = 77.90562338711828
11.4157 	EXP 	rot_line_precue: ori = 78.21642877683048
11.4250 	EXP 	rot_line_precue: ori = 78.53393182367208
11.4329 	EXP 	rot_line_precue: ori = 78.87410012386438
11.4410 	EXP 	rot_line_precue: ori = 79.20131829249742
11.4492 	EXP 	rot_line_precue: ori = 79.50884610470197
11.4584 	EXP 	rot_line_precue: ori = 79.95524273151338
11.4659 	EXP 	rot_line_precue: ori = 80.28941797693204
11.4741 	EXP 	rot_line_precue: ori = 80.63635888849433
11.4825 	EXP 	rot_line_precue: ori = 80.94333133410737
11.4914 	EXP 	rot_line_precue: ori = 81.2453587408551
11.5002 	EXP 	rot_line_precue: ori = 81.73720395093493
11.5076 	EXP 	rot_line_precue: ori = 82.10479446987958
11.5156 	EXP 	rot_line_precue: ori = 82.40131159257989
11.5241 	EXP 	rot_line_precue: ori = 82.71238133115764
11.5325 	EXP 	rot_line_precue: ori = 83.04954742385395
11.5405 	EXP 	rot_line_precue: ori = 83.3463870925605
11.5487 	EXP 	rot_line_precue: ori = 83.65279593072061
11.5575 	EXP 	rot_line_precue: ori = 83.98080535669133
11.5653 	EXP 	rot_line_precue: ori = 84.29566009388056
11.5736 	EXP 	rot_line_precue: ori = 84.78728192551084
11.5825 	EXP 	rot_line_precue: ori = 85.14555093082193
11.5905 	EXP 	rot_line_precue: ori = 85.62060060758292
11.5995 	EXP 	rot_line_precue: ori = 85.99474607417395
11.6073 	EXP 	rot_line_precue: ori = 86.40918775253398
11.6156 	EXP 	rot_line_precue: ori = 86.84572444542074
11.6238 	EXP 	rot_line_precue: ori = 87.30586697560544
11.6324 	EXP 	rot_line_precue: ori = 87.82871398665455
11.6407 	EXP 	rot_line_precue: ori = 88.27661879607436
11.6490 	EXP 	rot_line_precue: ori = 88.60335787384462
11.6578 	EXP 	rot_line_precue: ori = 88.90529094920313
11.6668 	EXP 	rot_line_precue: ori = 89.37663386928887
11.6748 	EXP 	rot_line_precue: ori = 89.83470991512192
11.6832 	EXP 	rot_line_precue: ori = 90.56337847990669
11.6915 	EXP 	rot_line_precue: ori = 90.8778523912456
11.6992 	EXP 	rot_line_precue: ori = 91.27114614152613
11.7075 	EXP 	rot_line_precue: ori = 91.63270605227522
11.7157 	EXP 	rot_line_precue: ori = 91.93223198287922
11.7246 	EXP 	rot_line_precue: ori = 92.35915260636875
11.7325 	EXP 	rot_line_precue: ori = 92.66421338117581
11.7406 	EXP 	rot_line_precue: ori = 93.07517795516176
11.7489 	EXP 	rot_line_precue: ori = 93.37995612493472
11.7575 	EXP 	rot_line_precue: ori = 93.69871662463926
11.7656 	EXP 	rot_line_precue: ori = 94.22281414827498
11.7738 	EXP 	rot_line_precue: ori = 94.57529008145914
11.7826 	EXP 	rot_line_precue: ori = 94.91743913202912
11.7908 	EXP 	rot_line_precue: ori = 95.31386115043587
11.7988 	EXP 	rot_line_precue: ori = 95.6115850149484
11.8070 	EXP 	rot_line_precue: ori = 95.93719668778454
11.8157 	EXP 	rot_line_precue: ori = 96.29117225893793
11.8174 	EXP 	New trial (rep=1, index=1): <Trial 1 (1 in rep 1) data={'pic_name': 'pics/feet.JPG', 'class_mi': 'feet', 'thisN': 1, 'thisTrialN': 1, 'thisRepN': 1}>
11.8247 	EXP 	hor_line_precue: autoDraw = False
11.8247 	EXP 	ver_line_precue: autoDraw = False
11.8247 	EXP 	rot_line_precue: autoDraw = False
11.8247 	EXP 	rot_line_precue: ori = 96.76007809302142
11.8247 	EXP 	point_left: autoDraw = False
11.8247 	EXP 	point_right: autoDraw = False
11.8247 	EXP 	dot_precue: autoDraw = False
11.8247 	EXP 	hor_line_precue: autoDraw = False
11.8247 	EXP 	ver_line_precue: autoDraw = False
11.8247 	EXP 	rot_line_precue: autoDraw = False
11.8247 	EXP 	point_left: autoDraw = False
11.8247 	EXP 	point_right: autoDraw = False
11.8247 	EXP 	dot_precue: autoDraw = False
11.8247 	EXP 	hor_line_precue: autoDraw = True
11.8247 	EXP 	ver_line_precue: autoDraw = True
11.8247 	EXP 	rot_line_precue: autoDraw = True
11.8247 	EXP 	rot_line_precue: ori = 97.10678902479086
11.8247 	EXP 	point_left: autoDraw = True
11.8247 	EXP 	point_right: autoDraw = True
11.8247 	EXP 	dot_precue: autoDraw = True
11.8321 	EXP 	rot_line_precue: ori = 97.41653213477232
11.8402 	EXP 	rot_line_precue: ori = 97.79296847088305
11.8492 	EXP 	rot_line_precue: ori = 98.10284635197482
11.8570 	EXP 	rot_line_precue: ori = 98.48073296907451
11.8652 	EXP 	rot_line_precue: ori = 98.77606028943508
11.8751 	EXP 	rot_line_precue: ori = 99.29783885934557
11.8827 	EXP 	rot_line_precue: ori = 99.60504096456305
11.8907 	EXP 	rot_line_precue: ori = 99.93789345959176
11.8990 	EXP 	rot_line_precue: ori = 100.6498183725804
11.9080 	EXP 	rot_line_precue: ori = 100.98514878313111
11.9161 	EXP 	rot_line_precue: ori = 101.66160333957103
11.9251 	EXP 	rot_line_precue: ori = 101.9671791250266
11.9328 	EXP 	rot_line_precue: ori = 102.29446325737119
11.9411 	EXP 	rot_line_precue: ori = 102.86285021906028
11.9494 	EXP 	rot_line_precue: ori = 103.28021508974959
11.9575 	EXP 	rot_line_precue: ori = 103.68216030978166
11.9657 	EXP 	rot_line_precue: ori = 104.30788772470378
11.9745 	EXP 	rot_line_precue: ori = 104.73364945264481
11.9844 	EXP 	rot_line_precue: ori = 105.07226681259634
11.9920 	EXP 	rot_line_precue: ori = 105.40501899393271
11.9998 	EXP 	rot_line_precue: ori = 105.72294104900537
12.0075 	EXP 	rot_line_precue: ori = 106.14532422051737
12.0154 	EXP 	rot_line_precue: ori = 106.59704846112214
12.0243 	EXP 	rot_line_precue: ori = 106.89284372334293
12.0322 	EXP 	rot_line_precue: ori = 107.24306076697856
12.0406 	EXP 	rot_line_precue: ori = 107.57943711440711
12.0487 	EXP 	rot_line_precue: ori = 107.90906310683529
12.0574 	EXP 	rot_line_precue: ori = 108.3371202020532
12.0653 	EXP 	rot_line_precue: ori = 108.65683738104742
12.0738 	EXP 	rot_line_precue: ori = 108.97683285314254
12.0824 	EXP 	rot_line_precue: ori = 109.30907633837565
12.0905 	EXP 	rot_line_precue: ori = 109.83184104441399
12.0988 	EXP 	rot_line_precue: ori = 110.42414500201653
12.1076 	EXP 	rot_line_precue: ori = 111.12022063962357
12.1155 	EXP 	rot_line_precue: ori = 111.57168954734169
12.1237 	EXP 	rot_line_precue: ori = 112.07197595073097
12.1325 	EXP 	rot_line_precue: ori = 112.38644847359333
12.1408 	EXP 	rot_line_precue: ori = 112.70113296753995
12.1495 	EXP 	rot_line_precue: ori = 113.07430618037512
12.1578 	EXP 	rot_line_precue: ori = 113.40732873731497
12.1660 	EXP 	rot_line_precue: ori = 113.7418160319139
12.1745 	EXP 	rot_line_precue: ori = 114.08216860069369
12.1827 	EXP 	rot_line_precue: ori = 114.37888189440409
12.1913 	EXP 	rot_line_precue: ori = 114.72162368468423
12.1994 	EXP 	rot_line_precue: ori = 115.11956781154439
12.2073 	EXP 	rot_line_precue: ori = 115.63250746876419
12.2158 	EXP 	rot_line_precue: ori = 115.96419968660263
12.2240 	EXP 	rot_line_precue: ori = 116.4739551808013
12.2325 	EXP 	rot_line_precue: ori = 116.80400812987789
12.2408 	EXP 	rot_line_precue: ori = 117.1134887028745
12.2489 	EXP 	rot_line_precue: ori = 117.621387813332
12.2570 	EXP 	rot_line_precue: ori = 118.2317501097422
12.2658 	EXP 	rot_line_precue: ori = 118.56562459870527
12.2740 	EXP 	rot_line_precue: ori = 119.32777883774722
12.2822 	EXP 	rot_line_precue: ori = 119.66504474400917
12.2912 	EXP 	rot_line_precue: ori = 120.15818233296434
12.2992 	EXP 	rot_line_precue: ori = 120.55153028012138
12.3070 	EXP 	rot_line_precue: ori = 121.15392418149467
12.3158 	EXP 	rot_line_precue: ori = 121.47579954362145
12.3237 	EXP 	rot_line_precue: ori = 121.8208838956364
12.3320 	EXP 	rot_line_precue: ori = 122.37710934633792
12.3407 	EXP 	rot_line_precue: ori = 122.832917528224
12.3491 	EXP 	rot_line_precue: ori = 123.14968331166573
12.3571 	EXP 	rot_line_precue: ori = 123.46546541725114
12.3652 	EXP 	rot_line_precue: ori = 123.76362000785726
12.3741 	EXP 	rot_line_precue: ori = 124.11802701521061
12.3821 	EXP 	rot_line_precue: ori = 124.58509268487813
12.3910 	EXP 	rot_line_precue: ori = 125.02030615218065
12.3992 	EXP 	rot_line_precue: ori = 125.36797499276419
12.4073 	EXP 	rot_line_precue: ori = 125.87971544580864
12.4159 	EXP 	rot_line_precue: ori = 126.20299917586905
12.4242 	EXP 	rot_line_precue: ori = 126.82658890384629
12.4324 	EXP 	rot_line_precue: ori = 127.22474317834092
12.4410 	EXP 	rot_line_precue: ori = 127.57964319296816
12.4492 	EXP 	rot_line_precue: ori = 128.08892358644545
12.4571 	EXP 	rot_line_precue: ori = 128.41824546492128
12.4655 	EXP 	rot_line_precue: ori = 128.77877478618854
12.4739 	EXP 	rot_line_precue: ori = 129.0871702132292
12.4826 	EXP 	rot_line_precue: ori = 129.75613354294572
12.4909 	EXP 	rot_line_precue: ori = 130.13748300628765
12.4995 	EXP 	rot_line_precue: ori = 130.51832038972975
12.5082 	EXP 	rot_line_precue: ori = 131.13636635084708
12.5159 	EXP 	rot_line_precue: ori = 131.58592115479215
12.5240 	EXP 	rot_line_precue: ori = 131.91754408350945
12.5322 	EXP 	rot_line_precue: ori = 132.6890523137756
12.5404 	EXP 	rot_line_precue: ori = 133.24117187339408
12.5493 	EXP 	rot_line_precue: ori = 133.55857946664503
12.5576 	EXP 	rot_line_precue: ori = 133.87514076052867
12.5664 	EXP 	rot_line_precue: ori = 134.63396415748528
12.5746 	EXP 	rot_line_precue: ori = 134.93501735918883
12.5828 	EXP 	rot_line_precue: ori = 135.44324213628363
12.5908 	EXP 	rot_line_precue: ori = 135.9215579525825
12.5987 	EXP 	rot_line_precue: ori = 136.25345751159932
12.6075 	EXP 	rot_line_precue: ori = 136.5667127642925
12.6154 	EXP 	rot_line_precue: ori = 136.87340121632502
12.6242 	EXP 	rot_line_precue: ori = 137.18376492581444
12.6323 	EXP 	rot_line_precue: ori = 137.52606038967275
12.6413 	EXP 	rot_line_precue: ori = 138.0275883010884
12.6494 	EXP 	rot_line_precue: ori = 138.3664487172758
12.6576 	EXP 	rot_line_precue: ori = 138.66881109598373
12.6659 	EXP 	rot_line_precue: ori = 138.96406184545498
12.6744 	EXP 	rot_line_precue: ori = 139.39962005973058
12.6827 	EXP 	rot_line_precue: ori = 139.72363920975914
12.6907 	EXP 	rot_line_precue: ori = 140.05857154223185
12.6994 	EXP 	rot_line_precue: ori = 140.42542897665513
12.7078 	EXP 	rot_line_precue: ori = 140.75791621696442
12.7159 	EXP 	rot_line_precue: ori = 141.15183220398097
12.7238 	EXP 	rot_line_precue: ori = 141.45658371535177
12.7328 	EXP 	rot_line_precue: ori = 141.8165169948094
12.7411 	EXP 	rot_line_precue: ori = 142.14176624069822
12.7496 	EXP 	rot_line_precue: ori = 142.58511503869823
12.7574 	EXP 	rot_line_precue: ori = 143.0518320289572
12.7659 	EXP 	rot_line_precue: ori = 143.4006475722861
12.7741 	EXP 	rot_line_precue: ori = 143.7014072681323
12.7821 	EXP 	rot_line_precue: ori = 144.30767143718296
12.7908 	EXP 	rot_line_precue: ori = 144.711767936839
12.7999 	EXP 	rot_line_precue: ori = 145.0239515048354
12.8080 	EXP 	rot_line_precue: ori = 145.49377025608499
12.8159 	EXP 	rot_line_precue: ori = 146.1676890419555
12.8244 	EXP 	rot_line_precue: ori = 146.73027678149325
12.8328 	EXP 	rot_line_precue: ori = 147.17349430540554
12.8408 	EXP 	rot_line_precue: ori = 147.5173013920783
12.8489 	EXP 	rot_line_precue: ori = 147.95640919742672
12.8577 	EXP 	rot_line_precue: ori = 148.32452526417904
12.8655 	EXP 	rot_line_precue: ori = 148.65474482075345
12.8741 	EXP 	rot_line_precue: ori = 148.97991535315847
12.8820 	EXP 	rot_line_precue: ori = 149.3317835585111
12.8913 	EXP 	rot_line_precue: ori = 149.68963428633984
12.8996 	EXP 	rot_line_precue: ori = 150.29783584379476
12.9080 	EXP 	rot_line_precue: ori = 150.8916719855014
12.9165 	EXP 	rot_line_precue: ori = 151.41521173824412
12.9244 	EXP 	rot_line_precue: ori = 152.0429913246139
12.9331 	EXP 	rot_line_precue: ori = 152.34489501528543
12.9410 	EXP 	rot_line_precue: ori = 152.67012021419643
12.9500 	EXP 	rot_line_precue: ori = 152.9905044760248
12.9584 	EXP 	rot_line_precue: ori = 153.46541303721636
12.9671 	EXP 	rot_line_precue: ori = 153.80930889654698
12.9751 	EXP 	rot_line_precue: ori = 154.16453182928865
12.9829 	EXP 	rot_line_precue: ori = 154.57511632855378
12.9907 	EXP 	rot_line_precue: ori = 155.05707516854278
12.9994 	EXP 	rot_line_precue: ori = 155.40030156201672
13.0073 	EXP 	rot_line_precue: ori = 155.71491202637182
13.0154 	EXP 	rot_line_precue: ori = 156.104433038285
13.0241 	EXP 	rot_line_precue: ori = 156.47171856920502
13.0324 	EXP 	rot_line_precue: ori = 156.76715893033654
13.0410 	EXP 	rot_line_precue: ori = 157.10521448327654
13.0491 	EXP 	rot_line_precue: ori = 157.46505166004292
13.0574 	EXP 	rot_line_precue: ori = 157.78235647594227
13.0653 	EXP 	rot_line_precue: ori = 158.13662732971343
13.0747 	EXP 	rot_line_precue: ori = 158.43387154589908
13.0822 	EXP 	rot_line_precue: ori = 158.77505621132548
13.0903 	EXP 	rot_line_precue: ori = 159.26112405392306
13.0988 	EXP 	rot_line_precue: ori = 159.88590545687566
13.1074 	EXP 	rot_line_precue: ori = 160.1992388644758
13.1153 	EXP 	rot_line_precue: ori = 160.66471464608972
13.1247 	EXP 	rot_line_precue: ori = 161.35485864638912
13.1324 	EXP 	rot_line_precue: ori = 161.86233670605193
13.1406 	EXP 	rot_line_precue: ori = 162.2363020675403
13.1500 	EXP 	rot_line_precue: ori = 162.56187021134832
13.1582 	EXP 	rot_line_precue: ori = 162.88614765942924
13.1666 	EXP 	rot_line_precue: ori = 163.22896108256577
13.1744 	EXP 	rot_line_precue: ori = 163.5348254818289
13.1827 	EXP 	rot_line_precue: ori = 163.88999161196008
13.1912 	EXP 	rot_line_precue: ori = 164.23568422411174
13.1992 	EXP 	rot_line_precue: ori = 164.600952352263
13.2075 	EXP 	rot_line_precue: ori = 164.9708232357209
13.2163 	EXP 	rot_line_precue: ori = 165.283207662057
13.2245 	EXP 	rot_line_precue: ori = 165.7326866726772
13.2321 	EXP 	rot_line_precue: ori = 166.0332052135541
13.2408 	EXP 	rot_line_precue: ori = 166.3582475509289
13.2495 	EXP 	rot_line_precue: ori = 166.9537789310396
13.2578 	EXP 	rot_line_precue: ori = 167.5501056335735
13.2660 	EXP 	rot_line_precue: ori = 167.97460053144238
13.2738 	EXP 	rot_line_precue: ori = 168.42537890717702
13.2821 	EXP 	rot_line_precue: ori = 168.99141457167528
13.2908 	EXP 	rot_line_precue: ori = 169.300058182053
13.2988 	EXP 	rot_line_precue: ori = 169.9406558696467
13.3071 	EXP 	rot_line_precue: ori = 170.24156544089533
13.3157 	EXP 	rot_line_precue: ori = 170.5933297308198
13.3238 	EXP 	rot_line_precue: ori = 170.8898892812526
13.3324 	EXP 	rot_line_precue: ori = 171.23672795466234
13.3408 	EXP 	rot_line_precue: ori = 171.7220415997508
13.3488 	EXP 	rot_line_precue: ori = 172.0699408466374
13.3570 	EXP 	rot_line_precue: ori = 172.67635054474863
13.3656 	EXP 	rot_line_precue: ori = 173.00826118706175
13.3741 	EXP 	rot_line_precue: ori = 173.5271264819974
13.3819 	EXP 	rot_line_precue: ori = 173.93040752757463
13.3911 	EXP 	rot_line_precue: ori = 174.6961067747368
13.3994 	EXP 	rot_line_precue: ori = 175.0285423905802
13.4077 	EXP 	rot_line_precue: ori = 175.50209040938987
13.4161 	EXP 	rot_line_precue: ori = 175.89931641646655
13.4245 	EXP 	rot_line_precue: ori = 176.25405823394559
13.4329 	EXP 	rot_line_precue: ori = 176.61580238696988
13.4413 	EXP 	rot_line_precue: ori = 176.9157624855497
13.4491 	EXP 	rot_line_precue: ori = 177.25966737052713
13.4574 	EXP 	rot_line_precue: ori = 177.74589339261695
13.4662 	EXP 	rot_line_precue: ori = 178.0493648328813
13.4743 	EXP 	rot_line_precue: ori = 178.34913566838847
13.4827 	EXP 	rot_line_precue: ori = 178.85541049448733
13.4913 	EXP 	rot_line_precue: ori = 179.54876112923085
13.4990 	EXP 	rot_line_precue: ori = 179.8743382762492
13.5080 	EXP 	rot_line_precue: ori = 180.21935394064943
13.5155 	EXP 	rot_line_precue: ori = 180.58446937100098
13.5242 	EXP 	rot_line_precue: ori = 180.97858377657974
13.5323 	EXP 	rot_line_precue: ori = 181.28281112969248
13.5407 	EXP 	rot_line_precue: ori = 181.58277716894457
13.5490 	EXP 	rot_line_precue: ori = 182.31078336671465
13.5576 	EXP 	rot_line_precue: ori = 182.67194387932943
13.5655 	EXP 	rot_line_precue: ori = 183.02320811625813
13.5743 	EXP 	rot_line_precue: ori = 183.59668706728306
13.5822 	EXP 	rot_line_precue: ori = 183.99217894285795
13.5904 	EXP 	rot_line_precue: ori = 184.31429246592808
13.5991 	EXP 	rot_line_precue: ori = 184.6481938823423
13.6072 	EXP 	rot_line_precue: ori = 185.36620624616165
13.6157 	EXP 	rot_line_precue: ori = 185.70525234740197
13.6237 	EXP 	rot_line_precue: ori = 186.4441143404115
13.6324 	EXP 	rot_line_precue: ori = 187.0719745658927
13.6406 	EXP 	rot_line_precue: ori = 187.48838673201433
13.6498 	EXP 	rot_line_precue: ori = 187.88169603049803
13.6576 	EXP 	rot_line_precue: ori = 188.2232463911072
13.6657 	EXP 	rot_line_precue: ori = 188.61149124364002
13.6744 	EXP 	rot_line_precue: ori = 188.92106953204788
13.6833 	EXP 	rot_line_precue: ori = 189.25317987072256
13.6913 	EXP 	rot_line_precue: ori = 189.67606660670776
13.6992 	EXP 	rot_line_precue: ori = 190.06759861319952
13.7073 	EXP 	rot_line_precue: ori = 190.40693275678225
13.7157 	EXP 	rot_line_precue: ori = 190.9122936238329
13.7241 	EXP 	rot_line_precue: ori = 191.32202410080893
13.7333 	EXP 	rot_line_precue: ori = 191.69529340780076
13.7407 	EXP 	rot_line_precue: ori = 192.11648806876775
13.7499 	EXP 	rot_line_precue: ori = 192.85123745368898
13.7579 	EXP 	rot_line_precue: ori = 193.2083843975387
13.7658 	EXP 	rot_line_precue: ori = 193.71329496000277
13.7747 	EXP 	rot_line_precue: ori = 194.0874558808692
13.7823 	EXP 	rot_line_precue: ori = 194.49450602640027
13.7909 	EXP 	rot_line_precue: ori = 194.84224940102166
13.7989 	EXP 	rot_line_precue: ori = 195.1520054597491
13.8070 	EXP 	rot_line_precue: ori = 195.6539075200584
13.8158 	EXP 	rot_line_precue: ori = 196.0418167258262
13.8177 	EXP 	New trial (rep=2, index=2): <Trial 2 (2 in rep 2) data={'pic_name': 'pics/feet.JPG', 'class_mi': 'feet', 'thisN': 2, 'thisTrialN': 2, 'thisRepN': 2}>
13.8246 	EXP 	hor_line_precue: autoDraw = False
13.8246 	EXP 	ver_line_precue: autoDraw = False
13.8246 	EXP 	rot_line_precue: autoDraw = False
13.8246 	EXP 	rot_line_precue: ori = 196.33856030978893
13.8246 	EXP 	point_left: autoDraw = False
13.8246 	EXP 	point_right: autoDraw = False
13.8246 	EXP 	dot_precue: autoDraw = False
13.8246 	EXP 	hor_line_precue: autoDraw = False
13.8246 	EXP 	ver_line_precue: autoDraw = False
13.8246 	EXP 	rot_line_precue: autoDraw = False
13.8246 	EXP 	point_left: autoDraw = False
13.8246 	EXP 	point_right: autoDraw = False
13.8246 	EXP 	dot_precue: autoDraw = False
13.8246 	EXP 	hor_line_precue: autoDraw = True
13.8246 	EXP 	ver_line_precue: autoDraw = True
13.8246 	EXP 	rot_line_precue: autoDraw = True
13.8246 	EXP 	rot_line_precue: ori = 196.70377679315877
13.8246 	EXP 	point_left: autoDraw = True
13.8246 	EXP 	point_right: autoDraw = True
13.8246 	EXP 	dot_precue: autoDraw = True
13.8322 	EXP 	rot_line_precue: ori = 197.1483368399264
13.8408 	EXP 	rot_line_precue: ori = 197.44388971823915
13.8487 	EXP 	rot_line_precue: ori = 197.78811484512792
13.8572 	EXP 	rot_line_precue: ori = 198.24523679122075
13.8656 	EXP 	rot_line_precue: ori = 198.5584570466653
13.8738 	EXP 	rot_line_precue: ori = 198.92711813015654
13.8821 	EXP 	rot_line_precue: ori = 199.22458519409847
13.8910 	EXP 	rot_line_precue: ori = 199.5774749844192
13.8992 	EXP 	rot_line_precue: ori = 200.0064422741804
13.9079 	EXP 	rot_line_precue: ori = 200.51155156866037
13.9158 	EXP 	rot_line_precue: ori = 200.82339334210457
13.9243 	EXP 	rot_line_precue: ori = 201.1667046328587
13.9326 	EXP 	rot_line_precue: ori = 201.4746013274503
13.9409 	EXP 	rot_line_precue: ori = 201.77651375373512
13.9494 	EXP 	rot_line_precue: ori = 202.13601233153676
13.9579 	EXP 	rot_line_precue: ori = 202.7021521842653
13.9657 	EXP 	rot_line_precue: ori = 203.04639645216307
13.9742 	EXP 	rot_line_precue: ori = 203.83955433717477
13.9822 	EXP 	rot_line_precue: ori = 204.15787999614366
13.9908 	EXP 	rot_line_precue: ori = 204.47131852605202
13.9988 	EXP 	rot_line_precue: ori = 204.85986623347804
14.0075 	EXP 	rot_line_precue: ori = 205.18208216011539
14.0163 	EXP 	rot_line_precue: ori = 205.47782545105662
14.0241 	EXP 	rot_line_precue: ori = 206.0065864696526
14.0325 	EXP 	rot_line_precue: ori = 206.5128409242839
14.0405 	EXP 	rot_line_precue: ori = 206.83648016853977
14.0492 	EXP 	rot_line_precue: ori = 207.19871975204038
14.0573 	EXP 	rot_line_precue: ori = 207.60740947795577
14.0653 	EXP 	rot_line_precue: ori = 207.93245078987582
14.0742 	EXP 	rot_line_precue: ori = 208.27226024371612
14.0823 	EXP 	rot_line_precue: ori = 208.60980070988103
14.0908 	EXP 	rot_line_precue: ori = 208.90526380609106
14.0986 	EXP 	rot_line_precue: ori = 209.34930867856167
14.1076 	EXP 	rot_line_precue: ori = 209.64592103320422
14.1153 	EXP 	rot_line_precue: ori = 210.29210431369205
14.1236 	EXP 	rot_line_precue: ori = 210.62633680997735
14.1322 	EXP 	rot_line_precue: ori = 211.2604953931923
14.1402 	EXP 	rot_line_precue: ori = 211.58336870018712
14.1499 	EXP 	rot_line_precue: ori = 212.1977108917407
14.1578 	EXP 	rot_line_precue: ori = 212.514979322253
14.1664 	EXP 	rot_line_precue: ori = 212.88867938152433
14.1762 	EXP 	rot_line_precue: ori = 213.21486987156237
14.1841 	EXP 	rot_line_precue: ori = 213.5116845086488
14.1917 	EXP 	rot_line_precue: ori = 213.8650734272973
14.1993 	EXP 	rot_line_precue: ori = 214.1683146115417
14.2084 	EXP 	rot_line_precue: ori = 214.7876424950287
14.2156 	EXP 	rot_line_precue: ori = 215.0851829490849
14.2245 	EXP 	rot_line_precue: ori = 215.57193946042602
14.2324 	EXP 	rot_line_precue: ori = 216.0909876228157
14.2409 	EXP 	rot_line_precue: ori = 216.84935087869837
14.2493 	EXP 	rot_line_precue: ori = 217.29161135080065
14.2576 	EXP 	rot_line_precue: ori = 217.6205172925842
14.2660 	EXP 	rot_line_precue: ori = 218.18041744660545
14.2742 	EXP 	rot_line_precue: ori = 218.5023364983819
14.2820 	EXP 	rot_line_precue: ori = 218.79932636065976
14.2910 	EXP 	rot_line_precue: ori = 219.30206540124638
14.2989 	EXP 	rot_line_precue: ori = 219.79543377191382
14.3077 	EXP 	rot_line_precue: ori = 220.1434016154212
14.3157 	EXP 	rot_line_precue: ori = 220.47100975371288
14.3241 	EXP 	rot_line_precue: ori = 221.0535914079541
14.3320 	EXP 	rot_line_precue: ori = 221.35607708522528
14.3407 	EXP 	rot_line_precue: ori = 221.72816273380724
14.3491 	EXP 	rot_line_precue: ori = 222.11843656655125
14.3569 	EXP 	rot_line_precue: ori = 222.4457722605998
14.3655 	EXP 	rot_line_precue: ori = 222.77677619199926
14.3739 	EXP 	rot_line_precue: ori = 223.27838439554318
14.3830 	EXP 	rot_line_precue: ori = 223.61158584474882
14.3905 	EXP 	rot_line_precue: ori = 223.94857069191863
14.3993 	EXP 	rot_line_precue: ori = 224.44289365192267
14.4080 	EXP 	rot_line_precue: ori = 224.79058125070063
14.4161 	EXP 	rot_line_precue: ori = 225.2366646376654
14.4245 	EXP 	rot_line_precue: ori = 225.57607124513154
14.4327 	EXP 	rot_line_precue: ori = 225.95359222156137
14.4412 	EXP 	rot_line_precue: ori = 226.32901629843758
14.4493 	EXP 	rot_line_precue: ori = 226.63600713365372
14.4583 	EXP 	rot_line_precue: ori = 226.97292124203193
14.4658 	EXP 	rot_line_precue: ori = 227.27242597717952
14.4744 	EXP 	rot_line_precue: ori = 227.96720590081222
14.4823 	EXP 	rot_line_precue: ori = 228.2645438110117
14.4912 	EXP 	rot_line_precue: ori = 228.71816685226528
14.4992 	EXP 	rot_line_precue: ori = 229.28682844913402
14.5081 	EXP 	rot_line_precue: ori = 229.60206899473778
14.5156 	EXP 	rot_line_precue: ori = 229.91231484439632
14.5243 	EXP 	rot_line_precue: ori = 230.27002832978454
14.5323 	EXP 	rot_line_precue: ori = 230.61209591514933
14.5409 	EXP 	rot_line_precue: ori = 230.91027238644065
14.5490 	EXP 	rot_line_precue: ori = 231.43818106654157
14.5573 	EXP 	rot_line_precue: ori = 231.8461642329746
14.5654 	EXP 	rot_line_precue: ori = 232.19145768744488
14.5744 	EXP 	rot_line_precue: ori = 232.51840093358612
14.5823 	EXP 	rot_line_precue: ori = 232.86765170450545
14.5910 	EXP 	rot_line_precue: ori = 233.52601094748556
14.5994 	EXP 	rot_line_precue: ori = 233.89389433878065
14.6074 	EXP 	rot_line_precue: ori = 234.21991517346612
14.6154 	EXP 	rot_line_precue: ori = 234.52698207388022
14.6243 	EXP 	rot_line_precue: ori = 234.82881429724182
14.6320 	EXP 	rot_line_precue: ori = 235.29082033116623
14.6408 	EXP 	rot_line_precue: ori = 235.58627905662433
14.6494 	EXP 	rot_line_precue: ori = 235.95000695643904
14.6576 	EXP 	rot_line_precue: ori = 236.40309103348207
14.6663 	EXP 	rot_line_precue: ori = 236.69848791921063
14.6747 	EXP 	rot_line_precue: ori = 236.99383177210376
14.6829 	EXP 	rot_line_precue: ori = 237.29446446830875
14.6915 	EXP 	rot_line_precue: ori = 237.6524637114709
14.6997 	EXP 	rot_line_precue: ori = 238.18016071827276
14.7080 	EXP 	rot_line_precue: ori = 238.54861887297503
14.7160 	EXP 	rot_line_precue: ori = 239.2640357470138
14.7240 	EXP 	rot_line_precue: ori = 239.56199135252697
14.7324 	EXP 	rot_line_precue: ori = 239.87436679952282
14.7408 	EXP 	rot_line_precue: ori = 240.5722166604886
14.7493 	EXP 	rot_line_precue: ori = 240.92932059634398
14.7573 	EXP 	rot_line_precue: ori = 241.3812942462376
14.7660 	EXP 	rot_line_precue: ori = 241.76143322600967
14.7746 	EXP 	rot_line_precue: ori = 242.15289638717817
14.7828 	EXP 	rot_line_precue: ori = 242.50705834352917
14.7914 	EXP 	rot_line_precue: ori = 242.92260699643597
14.7990 	EXP 	rot_line_precue: ori = 243.27672760719798
14.8076 	EXP 	rot_line_precue: ori = 243.64525347206688
14.8158 	EXP 	rot_line_precue: ori = 243.95152980187524
14.8240 	EXP 	rot_line_precue: ori = 244.34729705626538
14.8327 	EXP 	rot_line_precue: ori = 244.69313044187663
14.8406 	EXP 	rot_line_precue: ori = 245.0980655099733
14.8489 	EXP 	rot_line_precue: ori = 245.52131573702428
14.8571 	EXP 	rot_line_precue: ori = 245.82437792046377
14.8660 	EXP 	rot_line_precue: ori = 246.12054396955702
14.8740 	EXP 	rot_line_precue: ori = 246.4782930562947
14.8826 	EXP 	rot_line_precue: ori = 246.80928166892159
14.8906 	EXP 	rot_line_precue: ori = 247.19696971256838
14.8999 	EXP 	rot_line_precue: ori = 247.5065502110325
14.9079 	EXP 	rot_line_precue: ori = 248.0243761188478
14.9162 	EXP 	rot_line_precue: ori = 248.38015115609278
14.9244 	EXP 	rot_line_precue: ori = 248.8168344718759
14.9327 	EXP 	rot_line_precue: ori = 249.2979358012935
14.9409 	EXP 	rot_line_precue: ori = 249.59716509310695
14.9489 	EXP 	rot_line_precue: ori = 250.13983452408226
14.9578 	EXP 	rot_line_precue: ori = 250.71896704283952
14.9656 	EXP 	rot_line_precue: ori = 251.07862084632842
14.9740 	EXP 	rot_line_precue: ori = 251.4082729684719
14.9831 	EXP 	rot_line_precue: ori = 251.91472829735244
14.9913 	EXP 	rot_line_precue: ori = 252.23694504962623
14.9994 	EXP 	rot_line_precue: ori = 252.5803433747804
15.0072 	EXP 	rot_line_precue: ori = 253.2608680999657
15.0158 	EXP 	rot_line_precue: ori = 253.64905213572945
15.0239 	EXP 	rot_line_precue: ori = 254.2171545430894
15.0322 	EXP 	rot_line_precue: ori = 254.52574056519558
15.0404 	EXP 	rot_line_precue: ori = 254.8374251978127
15.0492 	EXP 	rot_line_precue: ori = 255.1356829542643
15.0570 	EXP 	rot_line_precue: ori = 255.89201684185147
15.0654 	EXP 	rot_line_precue: ori = 256.2978793839086
15.0742 	EXP 	rot_line_precue: ori = 256.85163894674315
15.0823 	EXP 	rot_line_precue: ori = 257.15093862110234
15.0904 	EXP 	rot_line_precue: ori = 257.5725350280417
15.0991 	EXP 	rot_line_precue: ori = 257.985488622418
15.1073 	EXP 	rot_line_precue: ori = 258.5458233599475
15.1155 	EXP 	rot_line_precue: ori = 258.89871305016464
15.1243 	EXP 	rot_line_precue: ori = 259.2921407955002
15.1331 	EXP 	rot_line_precue: ori = 259.7274781701282
15.1414 	EXP 	rot_line_precue: ori = 260.4176994107783
15.1497 	EXP 	rot_line_precue: ori = 260.7261075825344
15.1581 	EXP 	rot_line_precue: ori = 261.0368536153936
15.1660 	EXP 	rot_line_precue: ori = 261.3524690341614
15.1746 	EXP 	rot_line_precue: ori = 261.6595928372043
15.1825 	EXP 	rot_line_precue: ori = 262.05694658057
15.1910 	EXP 	rot_line_precue: ori = 262.38454637983864
15.1998 	EXP 	rot_line_precue: ori = 262.73896650730813
15.2076 	EXP 	rot_line_precue: ori = 263.1222266322483
15.2161 	EXP 	rot_line_precue: ori = 263.49743927094124
15.2245 	EXP 	rot_line_precue: ori = 263.7992180550913
15.2326 	EXP 	rot_line_precue: ori = 264.1770616697058
15.2410 	EXP 	rot_line_precue: ori = 264.54781259821834
15.2495 	EXP 	rot_line_precue: ori = 264.93523827692155
15.2588 	EXP 	rot_line_precue: ori = 265.2784369662241
15.2677 	EXP 	rot_line_precue: ori = 265.6082881872034
15.2753 	EXP 	rot_line_precue: ori = 265.97772941910875
15.2830 	EXP 	rot_line_precue: ori = 266.49466725719975
15.2905 	EXP 	rot_line_precue: ori = 266.8900973722458
15.2990 	EXP 	rot_line_precue: ori = 267.6798037562355
15.3074 	EXP 	rot_line_precue: ori = 268.00674391705115
15.3160 	EXP 	rot_line_precue: ori = 268.3115620141748
15.3240 	EXP 	rot_line_precue: ori = 268.63272372704233
15.3330 	EXP 	rot_line_precue: ori = 268.9421856608937
15.3408 	EXP 	rot_line_precue: ori = 269.39172930417743
15.3490 	EXP 	rot_line_precue: ori = 269.7189793642768
15.3576 	EXP 	rot_line_precue: ori = 270.0521690722405
15.3657 	EXP 	rot_line_precue: ori = 270.6034752307521
15.3740 	EXP 	rot_line_precue: ori = 270.90415348513005
15.3828 	EXP 	rot_line_precue: ori = 271.2807312397299
15.3910 	EXP 	rot_line_precue: ori = 271.60507270125987
15.3998 	EXP 	rot_line_precue: ori = 271.91034791488886
15.4089 	EXP 	rot_line_precue: ori = 272.41588044530477
15.4163 	EXP 	rot_line_precue: ori = 272.864963142264
15.4246 	EXP 	rot_line_precue: ori = 273.5129159106198
15.4325 	EXP 	rot_line_precue: ori = 273.8565422558445
15.4410 	EXP 	rot_line_precue: ori = 274.16044853797166
15.4498 	EXP 	rot_line_precue: ori = 274.48517636284976
15.4574 	EXP 	rot_line_precue: ori = 274.81628738884035
15.4661 	EXP 	rot_line_precue: ori = 275.11651312342616
15.4741 	EXP 	rot_line_precue: ori = 275.47513593117947
15.4824 	EXP 	rot_line_precue: ori = 275.962542489617
15.4907 	EXP 	rot_line_precue: ori = 276.4615886381705
15.4995 	EXP 	rot_line_precue: ori = 276.7651252295295
15.5074 	EXP 	rot_line_precue: ori = 277.1930008577989
15.5158 	EXP 	rot_line_precue: ori = 277.5990667839181
15.5243 	EXP 	rot_line_precue: ori = 278.19615379639055
15.5322 	EXP 	rot_line_precue: ori = 278.55673107987235
15.5405 	EXP 	rot_line_precue: ori = 279.0500422160082
15.5493 	EXP 	rot_line_precue: ori = 279.3497293128673
15.5573 	EXP 	rot_line_precue: ori = 279.64771116960827
15.5659 	EXP 	rot_line_precue: ori = 280.0029166923394
15.5743 	EXP 	rot_line_precue: ori = 280.52660564435143
15.5824 	EXP 	rot_line_precue: ori = 280.8505619197694
15.5910 	EXP 	rot_line_precue: ori = 281.3976708508241
15.5990 	EXP 	rot_line_precue: ori = 281.7079934676717
15.6075 	EXP 	rot_line_precue: ori = 282.01244496683603
15.6164 	EXP 	rot_line_precue: ori = 282.3495771905051
15.6248 	EXP 	rot_line_precue: ori = 282.78389019895957
15.6331 	EXP 	rot_line_precue: ori = 283.27214816400186
15.6413 	EXP 	rot_line_precue: ori = 283.5991913712571
15.6499 	EXP 	rot_line_precue: ori = 283.8957096362918
15.6585 	EXP 	rot_line_precue: ori = 284.5185674426935
15.6664 	EXP 	rot_line_precue: ori = 284.89668856929194
15.6749 	EXP 	rot_line_precue: ori = 285.19785145361794
15.6826 	EXP 	rot_line_precue: ori = 285.7111987015528
15.6910 	EXP 	rot_line_precue: ori = 286.43830453266935
15.6990 	EXP 	rot_line_precue: ori = 286.9201038914435
15.7076 	EXP 	rot_line_precue: ori = 287.29646352612207
15.7161 	EXP 	rot_line_precue: ori = 287.63889610875145
15.7248 	EXP 	rot_line_precue: ori = 287.94686177674754
15.7324 	EXP 	rot_line_precue: ori = 288.28575018752423
15.7407 	EXP 	rot_line_precue: ori = 288.6935523159457
15.7496 	EXP 	rot_line_precue: ori = 289.32020940198373
15.7575 	EXP 	rot_line_precue: ori = 289.9913375100448
15.7657 	EXP 	rot_line_precue: ori = 290.70961215797183
15.7738 	EXP 	rot_line_precue: ori = 291.01623424696385
15.7824 	EXP 	rot_line_precue: ori = 291.4219021249647
15.7910 	EXP 	rot_line_precue: ori = 291.8863914379825
15.7989 	EXP 	rot_line_precue: ori = 292.1920299193176
15.8074 	EXP 	rot_line_precue: ori = 292.8972623177586
15.8091 	EXP 	New trial (rep=0, index=3): <Trial 3 (3 in rep 0) data={'pic_name': 'pics/left_hand.JPG', 'class_mi': 'left_hand', 'thisN': 3, 'thisTrialN': 3, 'thisRepN': 0}>
15.8160 	EXP 	hor_line_precue: autoDraw = False
15.8160 	EXP 	ver_line_precue: autoDraw = False
15.8160 	EXP 	rot_line_precue: autoDraw = False
15.8160 	EXP 	rot_line_precue: ori = 293.2616873666522
15.8160 	EXP 	point_left: autoDraw = False
15.8160 	EXP 	point_right: autoDraw = False
15.8160 	EXP 	dot_precue: autoDraw = False
15.8160 	EXP 	hor_line_precue: autoDraw = False
15.8160 	EXP 	ver_line_precue: autoDraw = False
15.8160 	EXP 	rot_line_precue: autoDraw = False
15.8160 	EXP 	point_left: autoDraw = False
15.8160 	EXP 	point_right: autoDraw = False
15.8160 	EXP 	dot_precue: autoDraw = False
15.8160 	EXP 	hor_line_precue: autoDraw = True
15.8160 	EXP 	ver_line_precue: autoDraw = True
15.8160 	EXP 	rot_line_precue: autoDraw = True
15.8160 	EXP 	rot_line_precue: ori = 293.6506730449354
15.8160 	EXP 	point_left: autoDraw = True
15.8160 	EXP 	point_right: autoDraw = True
15.8160 	EXP 	dot_precue: autoDraw = True
15.8241 	EXP 	rot_line_precue: ori = 294.318359192632
15.8326 	EXP 	rot_line_precue: ori = 294.82512375720574
15.8405 	EXP 	rot_line_precue: ori = 295.51779002588876
15.8491 	EXP 	rot_line_precue: ori = 295.8231653374415
15.8571 	EXP 	rot_line_precue: ori = 296.1786771068055
15.8660 	EXP 	rot_line_precue: ori = 296.4748488269359
15.8736 	EXP 	rot_line_precue: ori = 296.83184206380673
15.8827 	EXP 	rot_line_precue: ori = 297.2020180575685
15.8910 	EXP 	rot_line_precue: ori = 297.52166287596833
15.8997 	EXP 	rot_line_precue: ori = 297.9760733800845
15.9080 	EXP 	rot_line_precue: ori = 298.27751966541325
15.9167 	EXP 	rot_line_precue: ori = 298.6064520511156
15.9256 	EXP 	rot_line_precue: ori = 299.3656012017752
15.9330 	EXP 	rot_line_precue: ori = 299.7117933440123
15.9408 	EXP 	rot_line_precue: ori = 300.0281716102602
15.9492 	EXP 	rot_line_precue: ori = 300.3948985042879
15.9577 	EXP 	rot_line_precue: ori = 300.6918088081526
15.9657 	EXP 	rot_line_precue: ori = 301.07851373424165
15.9743 	EXP 	rot_line_precue: ori = 301.4351855585707
15.9824 	EXP 	rot_line_precue: ori = 301.82291669208814
15.9908 	EXP 	rot_line_precue: ori = 302.43762259548265
15.9991 	EXP 	rot_line_precue: ori = 302.78205085152865
16.0073 	EXP 	rot_line_precue: ori = 303.2420143057284
16.0158 	EXP 	rot_line_precue: ori = 303.8894150892588
16.0239 	EXP 	rot_line_precue: ori = 304.2791691299903
16.0323 	EXP 	rot_line_precue: ori = 304.91416997247273
16.0410 	EXP 	rot_line_precue: ori = 305.22887005093145
16.0489 	EXP 	rot_line_precue: ori = 305.828071100152
16.0575 	EXP 	rot_line_precue: ori = 306.14440505893833
16.0654 	EXP 	rot_line_precue: ori = 306.4923557283699
16.0742 	EXP 	rot_line_precue: ori = 306.8372530764992
16.0822 	EXP 	rot_line_precue: ori = 307.1947530716866
16.0911 	EXP 	rot_line_precue: ori = 307.5523046100584
16.0989 	EXP 	rot_line_precue: ori = 308.0955518341197
16.1077 	EXP 	rot_line_precue: ori = 308.45875448485657
16.1155 	EXP 	rot_line_precue: ori = 308.77211818353385
16.1242 	EXP 	rot_line_precue: ori = 309.0720743933387
16.1331 	EXP 	rot_line_precue: ori = 309.3743686283377
16.1415 	EXP 	rot_line_precue: ori = 309.67532912458995
16.1495 	EXP 	rot_line_precue: ori = 310.1252316403934
16.1578 	EXP 	rot_line_precue: ori = 310.61796880682766
16.1661 	EXP 	rot_line_precue: ori = 311.2227006474588
16.1745 	EXP 	rot_line_precue: ori = 311.7497239121008
16.1829 	EXP 	rot_line_precue: ori = 312.05702255275366
16.1912 	EXP 	rot_line_precue: ori = 312.3596127444115
16.1997 	EXP 	rot_line_precue: ori = 312.66993026230705
16.2077 	EXP 	rot_line_precue: ori = 312.9932375919682
16.2154 	EXP 	rot_line_precue: ori = 313.4622125085038
16.2244 	EXP 	rot_line_precue: ori = 314.1534637703124
16.2332 	EXP 	rot_line_precue: ori = 314.4668794104447
16.2418 	EXP 	rot_line_precue: ori = 315.09998619025407
16.2502 	EXP 	rot_line_precue: ori = 315.4418385806994
16.2578 	EXP 	rot_line_precue: ori = 315.852117313826
16.2662 	EXP 	rot_line_precue: ori = 316.15380438780676
16.2742 	EXP 	rot_line_precue: ori = 316.47201659158344
16.2823 	EXP 	rot_line_precue: ori = 316.78150926375133
16.2905 	EXP 	rot_line_precue: ori = 317.0771529556461
16.2989 	EXP 	rot_line_precue: ori = 317.54504792175237
16.3075 	EXP 	rot_line_precue: ori = 317.91392790527397
16.3158 	EXP 	rot_line_precue: ori = 318.29057922319805
16.3239 	EXP 	rot_line_precue: ori = 318.6882235771091
16.3327 	EXP 	rot_line_precue: ori = 318.99294068378606
16.3406 	EXP 	rot_line_precue: ori = 319.3048565011847
16.3489 	EXP 	rot_line_precue: ori = 319.67083877861876
16.3576 	EXP 	rot_line_precue: ori = 319.9988807032906
16.3655 	EXP 	rot_line_precue: ori = 320.3402715106964
16.3739 	EXP 	rot_line_precue: ori = 320.67740780714337
16.3826 	EXP 	rot_line_precue: ori = 320.9899066285258
16.3905 	EXP 	rot_line_precue: ori = 321.29646820280834
16.3994 	EXP 	rot_line_precue: ori = 321.6699538227063
16.4075 	EXP 	rot_line_precue: ori = 322.44784760515773
16.4158 	EXP 	rot_line_precue: ori = 322.9863736910639
16.4246 	EXP 	rot_line_precue: ori = 323.42238584183457
16.4329 	EXP 	rot_line_precue: ori = 323.72170960454815
16.4411 	EXP 	rot_line_precue: ori = 324.24259251945404
16.4497 	EXP 	rot_line_precue: ori = 324.57610917315935
16.4577 	EXP 	rot_line_precue: ori = 324.9043210843733
16.4659 	EXP 	rot_line_precue: ori = 325.4025054616379
16.4739 	EXP 	rot_line_precue: ori = 325.73277919118544
16.4822 	EXP 	rot_line_precue: ori = 326.18015616655936
16.4907 	EXP 	rot_line_precue: ori = 326.56662843155414
16.4991 	EXP 	rot_line_precue: ori = 326.8637593475353
16.5073 	EXP 	rot_line_precue: ori = 327.18898765931687
16.5159 	EXP 	rot_line_precue: ori = 327.61935021769204
16.5241 	EXP 	rot_line_precue: ori = 327.9222166800661
16.5322 	EXP 	rot_line_precue: ori = 328.7052146131334
16.5412 	EXP 	rot_line_precue: ori = 329.01791845957604
16.5499 	EXP 	rot_line_precue: ori = 329.46257979698225
16.5574 	EXP 	rot_line_precue: ori = 329.8302569286516
16.5658 	EXP 	rot_line_precue: ori = 330.22198024417804
16.5738 	EXP 	rot_line_precue: ori = 330.7123804357102
16.5824 	EXP 	rot_line_precue: ori = 331.01715881991987
16.5903 	EXP 	rot_line_precue: ori = 331.44715322321
16.5993 	EXP 	rot_line_precue: ori = 331.80838806092623
16.6071 	EXP 	rot_line_precue: ori = 332.1175350404174
16.6154 	EXP 	rot_line_precue: ori = 332.44827134537104
16.6242 	EXP 	rot_line_precue: ori = 332.87296859065367
16.6326 	EXP 	rot_line_precue: ori = 333.1987563698336
16.6405 	EXP 	rot_line_precue: ori = 333.57071505989063
16.6494 	EXP 	rot_line_precue: ori = 334.27114616736077
16.6584 	EXP 	rot_line_precue: ori = 334.62001266788576
16.6662 	EXP 	rot_line_precue: ori = 334.9509279299699
16.6745 	EXP 	rot_line_precue: ori = 335.2887821750534
16.6827 	EXP 	rot_line_precue: ori = 335.756508286528
16.6911 	EXP 	rot_line_precue: ori = 336.09675585190706
16.6995 	EXP 	rot_line_precue: ori = 336.4220494287514
16.7077 	EXP 	rot_line_precue: ori = 336.7553119201651
16.7157 	EXP 	rot_line_precue: ori = 337.158503997931
16.7243 	EXP 	rot_line_precue: ori = 337.93373459292843
16.7326 	EXP 	rot_line_precue: ori = 338.28814490982813
16.7416 	EXP 	rot_line_precue: ori = 338.60790123414887
16.7494 	EXP 	rot_line_precue: ori = 339.069725319134
16.7575 	EXP 	rot_line_precue: ori = 339.4379007933146
16.7656 	EXP 	rot_line_precue: ori = 339.7750891235985
16.7747 	EXP 	rot_line_precue: ori = 340.3748404878323
16.7825 	EXP 	rot_line_precue: ori = 340.68444048213934
16.7906 	EXP 	rot_line_precue: ori = 341.4392864718551
16.7989 	EXP 	rot_line_precue: ori = 341.81259819182014
16.8074 	EXP 	rot_line_precue: ori = 342.1391041609803
16.8158 	EXP 	rot_line_precue: ori = 342.66294620771953
16.8237 	EXP 	rot_line_precue: ori = 343.332484294488
16.8325 	EXP 	rot_line_precue: ori = 343.6625744777447
16.8407 	EXP 	rot_line_precue: ori = 343.9878686891368
16.8488 	EXP 	rot_line_precue: ori = 344.70279378300984
16.8570 	EXP 	rot_line_precue: ori = 345.0455683525248
16.8658 	EXP 	rot_line_precue: ori = 345.58382452728955
16.8739 	EXP 	rot_line_precue: ori = 345.9727915401613
16.8820 	EXP 	rot_line_precue: ori = 346.3128454207061
16.8907 	EXP 	rot_line_precue: ori = 346.61092072297663
16.8989 	EXP 	rot_line_precue: ori = 347.2129672731923
16.9088 	EXP 	rot_line_precue: ori = 347.535131801048
16.9164 	EXP 	rot_line_precue: ori = 347.8616568795274
16.9248 	EXP 	rot_line_precue: ori = 348.2885109724641
16.9329 	EXP 	rot_line_precue: ori = 348.6291190811791
16.9412 	EXP 	rot_line_precue: ori = 348.968452511646
16.9494 	EXP 	rot_line_precue: ori = 349.5677386985368
16.9579 	EXP 	rot_line_precue: ori = 349.8764729985363
16.9660 	EXP 	rot_line_precue: ori = 350.17482047001937
16.9742 	EXP 	rot_line_precue: ori = 350.52248025644064
16.9826 	EXP 	rot_line_precue: ori = 350.93167122552126
16.9908 	EXP 	rot_line_precue: ori = 351.2385330807566
16.9995 	EXP 	rot_line_precue: ori = 351.60549617480825
17.0075 	EXP 	rot_line_precue: ori = 352.073315061911
17.0158 	EXP 	rot_line_precue: ori = 352.561467227961
17.0239 	EXP 	rot_line_precue: ori = 352.91581176962825
17.0322 	EXP 	rot_line_precue: ori = 353.43447457014673
17.0407 	EXP 	rot_line_precue: ori = 353.7863226279851
17.0491 	EXP 	rot_line_precue: ori = 354.40236542880353
17.0573 	EXP 	rot_line_precue: ori = 354.730295965433
17.0654 	EXP 	rot_line_precue: ori = 355.0661906775772
17.0740 	EXP 	rot_line_precue: ori = 355.38712127714405
17.0823 	EXP 	rot_line_precue: ori = 355.96679069000237
17.0910 	EXP 	rot_line_precue: ori = 356.3793726620322
17.0990 	EXP 	rot_line_precue: ori = 356.6798595395522
17.1075 	EXP 	rot_line_precue: ori = 357.03335958752297
17.1154 	EXP 	rot_line_precue: ori = 357.3612445280729
17.1243 	EXP 	rot_line_precue: ori = 358.01281100599044
17.1324 	EXP 	rot_line_precue: ori = 358.7225336051645
17.1405 	EXP 	rot_line_precue: ori = 359.03712679417913
17.1494 	EXP 	rot_line_precue: ori = 359.4312943273478
17.1573 	EXP 	rot_line_precue: ori = 359.74403527059286
17.1661 	EXP 	rot_line_precue: ori = 0.10433721961351239
17.1744 	EXP 	rot_line_precue: ori = 0.4294529599346197
17.1831 	EXP 	rot_line_precue: ori = 0.9002567305018905
17.1910 	EXP 	rot_line_precue: ori = 1.2665781325883114
17.1991 	EXP 	rot_line_precue: ori = 1.6580579818876489
17.2076 	EXP 	rot_line_precue: ori = 2.058747139699939
17.2161 	EXP 	rot_line_precue: ori = 2.3656299978792825
17.2244 	EXP 	rot_line_precue: ori = 2.8536035623832383
17.2325 	EXP 	rot_line_precue: ori = 3.210786897266505
17.2406 	EXP 	rot_line_precue: ori = 3.5221615384573655
17.2492 	EXP 	rot_line_precue: ori = 3.9057580298788697
17.2577 	EXP 	rot_line_precue: ori = 4.3305964631984795
17.2663 	EXP 	rot_line_precue: ori = 4.7701788956938405
17.2744 	EXP 	rot_line_precue: ori = 5.1232361027160405
17.2829 	EXP 	rot_line_precue: ori = 5.454457145915255
17.2908 	EXP 	rot_line_precue: ori = 6.005671624146075
17.2993 	EXP 	rot_line_precue: ori = 6.520282114555268
17.3074 	EXP 	rot_line_precue: ori = 7.005391307072517
17.3155 	EXP 	rot_line_precue: ori = 7.487892427642334
17.3239 	EXP 	rot_line_precue: ori = 7.836358703083672
17.3326 	EXP 	rot_line_precue: ori = 8.210475355142865
17.3405 	EXP 	rot_line_precue: ori = 8.516472470400473
17.3488 	EXP 	rot_line_precue: ori = 8.84787363662899
17.3574 	EXP 	rot_line_precue: ori = 9.15177300017785
17.3658 	EXP 	rot_line_precue: ori = 9.594551034620336
17.3745 	EXP 	rot_line_precue: ori = 9.941815192384706
17.3823 	EXP 	rot_line_precue: ori = 10.357211044135896
17.3907 	EXP 	rot_line_precue: ori = 10.687521060368299
17.3988 	EXP 	rot_line_precue: ori = 11.314906320379155
17.4070 	EXP 	rot_line_precue: ori = 11.698623544424557
17.4157 	EXP 	rot_line_precue: ori = 12.169323361587974
17.4241 	EXP 	rot_line_precue: ori = 12.640774759122547
17.4330 	EXP 	rot_line_precue: ori = 13.388228246104859
17.4419 	EXP 	rot_line_precue: ori = 13.785118763158033
17.4495 	EXP 	rot_line_precue: ori = 14.2704437689504
17.4577 	EXP 	rot_line_precue: ori = 14.57023338552232
17.4662 	EXP 	rot_line_precue: ori = 14.997726909635533
17.4746 	EXP 	rot_line_precue: ori = 15.35984331025915
17.4830 	EXP 	rot_line_precue: ori = 15.66313072321941
17.4916 	EXP 	rot_line_precue: ori = 16.056543289755844
17.4996 	EXP 	rot_line_precue: ori = 16.386309582358034
17.5077 	EXP 	rot_line_precue: ori = 16.782006804741524
17.5157 	EXP 	rot_line_precue: ori = 17.16003866376032
17.5248 	EXP 	rot_line_precue: ori = 17.496207107755843
17.5324 	EXP 	rot_line_precue: ori = 17.793707260305375
17.5413 	EXP 	rot_line_precue: ori = 18.148839576386138
17.5492 	EXP 	rot_line_precue: ori = 18.482277073972526
17.5585 	EXP 	rot_line_precue: ori = 19.020307564364078
17.5657 	EXP 	rot_line_precue: ori = 19.324684470221722
17.5743 	EXP 	rot_line_precue: ori = 19.66941436338917
17.5823 	EXP 	rot_line_precue: ori = 19.974182634454436
17.5904 	EXP 	rot_line_precue: ori = 20.484866490884176
17.5992 	EXP 	rot_line_precue: ori = 20.853694438995312
17.6071 	EXP 	rot_line_precue: ori = 21.157565162388646
17.6154 	EXP 	rot_line_precue: ori = 21.561452452583723
17.6242 	EXP 	rot_line_precue: ori = 21.88760654734058
17.6323 	EXP 	rot_line_precue: ori = 22.205068049083163
17.6405 	EXP 	rot_line_precue: ori = 22.77120753568108
17.6493 	EXP 	rot_line_precue: ori = 23.221531465581215
17.6572 	EXP 	rot_line_precue: ori = 23.725035065805287
17.6655 	EXP 	rot_line_precue: ori = 24.276464181925483
17.6743 	EXP 	rot_line_precue: ori = 24.639065755210314
17.6825 	EXP 	rot_line_precue: ori = 25.18053464435458
17.6909 	EXP 	rot_line_precue: ori = 25.479842834221532
17.6994 	EXP 	rot_line_precue: ori = 25.793699418981287
17.7082 	EXP 	rot_line_precue: ori = 26.530092295887
17.7160 	EXP 	rot_line_precue: ori = 26.912436023628292
17.7245 	EXP 	rot_line_precue: ori = 27.225119301109828
17.7325 	EXP 	rot_line_precue: ori = 27.541210144303832
17.7413 	EXP 	rot_line_precue: ori = 27.990785197074587
17.7491 	EXP 	rot_line_precue: ori = 28.291212504909822
17.7579 	EXP 	rot_line_precue: ori = 28.714122341979444
17.7658 	EXP 	rot_line_precue: ori = 29.080544071153906
17.7747 	EXP 	rot_line_precue: ori = 29.749521638670707
17.7823 	EXP 	rot_line_precue: ori = 30.046190741521833
17.7905 	EXP 	rot_line_precue: ori = 30.405726981810982
17.7994 	EXP 	rot_line_precue: ori = 30.788836066913525
17.8011 	EXP 	New trial (rep=1, index=4): <Trial 4 (4 in rep 1) data={'pic_name': 'pics/left_hand.JPG', 'class_mi': 'left_hand', 'thisN': 4, 'thisTrialN': 4, 'thisRepN': 1}>
17.8077 	EXP 	hor_line_precue: autoDraw = False
17.8077 	EXP 	ver_line_precue: autoDraw = False
17.8077 	EXP 	rot_line_precue: autoDraw = False
17.8077 	EXP 	rot_line_precue: ori = 31.23162359319216
17.8077 	EXP 	point_left: autoDraw = False
17.8077 	EXP 	point_right: autoDraw = False
17.8077 	EXP 	dot_precue: autoDraw = False
17.8077 	EXP 	hor_line_precue: autoDraw = False
17.8077 	EXP 	ver_line_precue: autoDraw = False
17.8077 	EXP 	rot_line_precue: autoDraw = False
17.8077 	EXP 	point_left: autoDraw = False
17.8077 	EXP 	point_right: autoDraw = False
17.8077 	EXP 	dot_precue: autoDraw = False
17.8077 	EXP 	hor_line_precue: autoDraw = True
17.8077 	EXP 	ver_line_precue: autoDraw = True
17.8077 	EXP 	rot_line_precue: autoDraw = True
17.8077 	EXP 	rot_line_precue: ori = 31.58520749713599
17.8077 	EXP 	point_left: autoDraw = True
17.8077 	EXP 	point_right: autoDraw = True
17.8077 	EXP 	dot_precue: autoDraw = True
17.8157 	EXP 	rot_line_precue: ori = 32.28193513916611
17.8238 	EXP 	rot_line_precue: ori = 32.578740809821696
17.8325 	EXP 	rot_line_precue: ori = 33.01391382609306
17.8409 	EXP 	rot_line_precue: ori = 33.36030881696387
17.8488 	EXP 	rot_line_precue: ori = 33.82354435360936
17.8574 	EXP 	rot_line_precue: ori = 34.1484843527222
17.8657 	EXP 	rot_line_precue: ori = 34.474019350630854
17.8737 	EXP 	rot_line_precue: ori = 34.82764141441139
17.8825 	EXP 	rot_line_precue: ori = 35.289173502346564
17.8906 	EXP 	rot_line_precue: ori = 35.75107313767741
17.8995 	EXP 	rot_line_precue: ori = 36.14203405750355
17.9081 	EXP 	rot_line_precue: ori = 36.4840100804897
17.9157 	EXP 	rot_line_precue: ori = 36.976645017800685
17.9239 	EXP 	rot_line_precue: ori = 37.321124526984946
17.9330 	EXP 	rot_line_precue: ori = 37.73218129106051
17.9412 	EXP 	rot_line_precue: ori = 38.53411390250644
17.9496 	EXP 	rot_line_precue: ori = 38.87714328288012
17.9579 	EXP 	rot_line_precue: ori = 39.23341619902732
17.9663 	EXP 	rot_line_precue: ori = 39.55217718273565
17.9746 	EXP 	rot_line_precue: ori = 39.922430150706234
17.9827 	EXP 	rot_line_precue: ori = 40.22148439773996
17.9909 	EXP 	rot_line_precue: ori = 40.71793144315016
17.9992 	EXP 	rot_line_precue: ori = 41.382016710520155
18.0077 	EXP 	rot_line_precue: ori = 41.81058226100821
18.0159 	EXP 	rot_line_precue: ori = 42.26640387090545
18.0239 	EXP 	rot_line_precue: ori = 42.56738388501505
18.0327 	EXP 	rot_line_precue: ori = 43.015787398710316
18.0408 	EXP 	rot_line_precue: ori = 43.313643522292196
18.0493 	EXP 	rot_line_precue: ori = 43.94427117174745
18.0572 	EXP 	rot_line_precue: ori = 44.38225368867303
18.0658 	EXP 	rot_line_precue: ori = 44.6961643887845
18.0743 	EXP 	rot_line_precue: ori = 45.03297482186826
18.0821 	EXP 	rot_line_precue: ori = 45.4343414854988
18.0908 	EXP 	rot_line_precue: ori = 45.77099720352276
18.0993 	EXP 	rot_line_precue: ori = 46.169073785909156
18.1075 	EXP 	rot_line_precue: ori = 46.54451183411998
18.1165 	EXP 	rot_line_precue: ori = 46.842057384276934
18.1243 	EXP 	rot_line_precue: ori = 47.16644964381073
18.1323 	EXP 	rot_line_precue: ori = 47.53335468950078
18.1410 	EXP 	rot_line_precue: ori = 48.0880726671922
18.1493 	EXP 	rot_line_precue: ori = 48.428803175627316
18.1572 	EXP 	rot_line_precue: ori = 48.73874854087821
18.1655 	EXP 	rot_line_precue: ori = 49.476575772807564
18.1742 	EXP 	rot_line_precue: ori = 49.95081684787032
18.1832 	EXP 	rot_line_precue: ori = 50.32695616999137
18.1912 	EXP 	rot_line_precue: ori = 50.80595948887103
18.1994 	EXP 	rot_line_precue: ori = 51.17061413561369
18.2077 	EXP 	rot_line_precue: ori = 51.61497116183084
18.2163 	EXP 	rot_line_precue: ori = 52.00758150854929
18.2245 	EXP 	rot_line_precue: ori = 52.666509461121
18.2327 	EXP 	rot_line_precue: ori = 53.02078894039456
18.2411 	EXP 	rot_line_precue: ori = 53.55128851512773
18.2492 	EXP 	rot_line_precue: ori = 53.99247731466791
18.2574 	EXP 	rot_line_precue: ori = 54.29917417344696
18.2657 	EXP 	rot_line_precue: ori = 54.59670787069692
18.2748 	EXP 	rot_line_precue: ori = 55.268127319000286
18.2828 	EXP 	rot_line_precue: ori = 55.69562049425929
18.2905 	EXP 	rot_line_precue: ori = 55.99146554956143
18.2996 	EXP 	rot_line_precue: ori = 56.28869017782273
18.3076 	EXP 	rot_line_precue: ori = 56.613293618811376
18.3158 	EXP 	rot_line_precue: ori = 56.97112871908476
18.3245 	EXP 	rot_line_precue: ori = 57.329941647286226
18.3323 	EXP 	rot_line_precue: ori = 57.912949853290144
18.3405 	EXP 	rot_line_precue: ori = 58.622423186157256
18.3493 	EXP 	rot_line_precue: ori = 58.93365868205889
18.3575 	EXP 	rot_line_precue: ori = 59.232191747225194
18.3656 	EXP 	rot_line_precue: ori = 59.536768597715955
18.3740 	EXP 	rot_line_precue: ori = 59.85080950562312
18.3825 	EXP 	rot_line_precue: ori = 60.176234378620286
18.3907 	EXP 	rot_line_precue: ori = 60.67947598815106
18.3996 	EXP 	rot_line_precue: ori = 60.995787290986144
18.4073 	EXP 	rot_line_precue: ori = 61.32289988987122
18.4159 	EXP 	rot_line_precue: ori = 61.74221208909349
18.4248 	EXP 	rot_line_precue: ori = 62.04464083350775
18.4326 	EXP 	rot_line_precue: ori = 62.52806544311287
18.4414 	EXP 	rot_line_precue: ori = 62.842491372331594
18.4496 	EXP 	rot_line_precue: ori = 63.50686165324513
18.4580 	EXP 	rot_line_precue: ori = 63.80992510485187
18.4661 	EXP 	rot_line_precue: ori = 64.11789313723197
18.4750 	EXP 	rot_line_precue: ori = 64.57153051247778
18.4830 	EXP 	rot_line_precue: ori = 64.89163520115761
18.4909 	EXP 	rot_line_precue: ori = 65.30569257447478
18.4998 	EXP 	rot_line_precue: ori = 65.67259399299408
18.5079 	EXP 	rot_line_precue: ori = 65.97688245704956
18.5160 	EXP 	rot_line_precue: ori = 66.68859586187178
18.5246 	EXP 	rot_line_precue: ori = 67.00605189870704
18.5335 	EXP 	rot_line_precue: ori = 67.69195996914652
18.5409 	EXP 	rot_line_precue: ori = 68.19413442590745
18.5492 	EXP 	rot_line_precue: ori = 68.50684309297668
18.5572 	EXP 	rot_line_precue: ori = 68.8037335099017
18.5661 	EXP 	rot_line_precue: ori = 69.2328819269897
18.5741 	EXP 	rot_line_precue: ori = 69.54398858729066
18.5822 	EXP 	rot_line_precue: ori = 69.85380191931917
18.5910 	EXP 	rot_line_precue: ori = 70.21823743312865
18.5990 	EXP 	rot_line_precue: ori = 70.56125531766031
18.6072 	EXP 	rot_line_precue: ori = 70.91974787287134
18.6160 	EXP 	rot_line_precue: ori = 71.26625733871715
18.6243 	EXP 	rot_line_precue: ori = 71.56671747976705
18.6322 	EXP 	rot_line_precue: ori = 72.06831392830466
18.6408 	EXP 	rot_line_precue: ori = 72.61047026795771
18.6493 	EXP 	rot_line_precue: ori = 72.93964115481188
18.6573 	EXP 	rot_line_precue: ori = 73.24409172869262
18.6654 	EXP 	rot_line_precue: ori = 73.56817513196393
18.6744 	EXP 	rot_line_precue: ori = 73.91083894329937
18.6825 	EXP 	rot_line_precue: ori = 74.40944129163539
18.6913 	EXP 	rot_line_precue: ori = 74.73144683751215
18.6996 	EXP 	rot_line_precue: ori = 75.16243292455614
18.7079 	EXP 	rot_line_precue: ori = 75.62743882684767
18.7164 	EXP 	rot_line_precue: ori = 75.9917997210864
18.7245 	EXP 	rot_line_precue: ori = 76.3076580809939
18.7331 	EXP 	rot_line_precue: ori = 76.6577912613775
18.7416 	EXP 	rot_line_precue: ori = 76.96483696195128
18.7493 	EXP 	rot_line_precue: ori = 77.38909311010137
18.7582 	EXP 	rot_line_precue: ori = 77.98654788433572
18.7664 	EXP 	rot_line_precue: ori = 78.28850289330025
18.7746 	EXP 	rot_line_precue: ori = 78.86692132251298
18.7825 	EXP 	rot_line_precue: ori = 79.19305944768905
18.7913 	EXP 	rot_line_precue: ori = 79.59606093981633
18.7996 	EXP 	rot_line_precue: ori = 79.89610961814634
18.8076 	EXP 	rot_line_precue: ori = 80.38468183378433
18.8156 	EXP 	rot_line_precue: ori = 80.72021488311296
18.8239 	EXP 	rot_line_precue: ori = 81.06423620612982
18.8327 	EXP 	rot_line_precue: ori = 81.40807313715406
18.8406 	EXP 	rot_line_precue: ori = 81.70458086423243
18.8489 	EXP 	rot_line_precue: ori = 82.28548949981469
18.8575 	EXP 	rot_line_precue: ori = 82.62600274040474
18.8655 	EXP 	rot_line_precue: ori = 83.1783875534379
18.8738 	EXP 	rot_line_precue: ori = 83.83322910262234
18.8824 	EXP 	rot_line_precue: ori = 84.27501385533392
18.8905 	EXP 	rot_line_precue: ori = 84.61683652630305
18.8988 	EXP 	rot_line_precue: ori = 84.91222767796948
18.9074 	EXP 	rot_line_precue: ori = 85.31471610874918
18.9158 	EXP 	rot_line_precue: ori = 85.64374106756172
18.9248 	EXP 	rot_line_precue: ori = 86.04381690217714
18.9329 	EXP 	rot_line_precue: ori = 86.44718490657647
18.9416 	EXP 	rot_line_precue: ori = 86.7431560173066
18.9499 	EXP 	rot_line_precue: ori = 87.03951011827677
18.9580 	EXP 	rot_line_precue: ori = 87.34512985970638
18.9661 	EXP 	rot_line_precue: ori = 87.64533884937444
18.9748 	EXP 	rot_line_precue: ori = 88.25362601156431
18.9829 	EXP 	rot_line_precue: ori = 88.59429476410051
18.9910 	EXP 	rot_line_precue: ori = 88.91174503098084
18.9991 	EXP 	rot_line_precue: ori = 89.33919571262074
19.0081 	EXP 	rot_line_precue: ori = 89.81539640794593
19.0164 	EXP 	rot_line_precue: ori = 90.28466966900169
19.0245 	EXP 	rot_line_precue: ori = 90.61494716742696
19.0328 	EXP 	rot_line_precue: ori = 90.9194310709616
19.0410 	EXP 	rot_line_precue: ori = 91.30994255981187
19.0497 	EXP 	rot_line_precue: ori = 91.71093563542463
19.0574 	EXP 	rot_line_precue: ori = 92.0212655353021
19.0658 	EXP 	rot_line_precue: ori = 92.37611992975259
19.0738 	EXP 	rot_line_precue: ori = 92.68859425284789
19.0824 	EXP 	rot_line_precue: ori = 93.057873584213
19.0907 	EXP 	rot_line_precue: ori = 93.3665901751578
19.0992 	EXP 	rot_line_precue: ori = 93.70638580482851
19.1072 	EXP 	rot_line_precue: ori = 94.0207749679315
19.1158 	EXP 	rot_line_precue: ori = 94.41921727770226
19.1241 	EXP 	rot_line_precue: ori = 94.83999873137611
19.1322 	EXP 	rot_line_precue: ori = 95.2001323694373
19.1404 	EXP 	rot_line_precue: ori = 95.57596806076512
19.1500 	EXP 	rot_line_precue: ori = 95.88910850638976
19.1579 	EXP 	rot_line_precue: ori = 96.27351885794005
19.1663 	EXP 	rot_line_precue: ori = 96.59421503939701
19.1750 	EXP 	rot_line_precue: ori = 96.89792114672612
19.1828 	EXP 	rot_line_precue: ori = 97.447826603636
19.1915 	EXP 	rot_line_precue: ori = 97.74426998411913
19.1995 	EXP 	rot_line_precue: ori = 98.04324245034445
19.2084 	EXP 	rot_line_precue: ori = 98.37705576437907
19.2161 	EXP 	rot_line_precue: ori = 98.72106041496046
19.2243 	EXP 	rot_line_precue: ori = 99.06857282639002
19.2331 	EXP 	rot_line_precue: ori = 99.41672858347616
19.2413 	EXP 	rot_line_precue: ori = 99.99018268954883
19.2493 	EXP 	rot_line_precue: ori = 100.31251177514329
19.2574 	EXP 	rot_line_precue: ori = 100.61960017125276
19.2655 	EXP 	rot_line_precue: ori = 101.16407858406578
19.2742 	EXP 	rot_line_precue: ori = 101.53369208822919
19.2831 	EXP 	rot_line_precue: ori = 101.88491678666175
19.2912 	EXP 	rot_line_precue: ori = 102.22625731756031
19.3003 	EXP 	rot_line_precue: ori = 102.95845243084017
19.3086 	EXP 	rot_line_precue: ori = 103.37400370485666
19.3162 	EXP 	rot_line_precue: ori = 103.711248299467
19.3241 	EXP 	rot_line_precue: ori = 104.04444712576498
19.3326 	EXP 	rot_line_precue: ori = 104.52206988638783
19.3407 	EXP 	rot_line_precue: ori = 105.00344440608168
19.3488 	EXP 	rot_line_precue: ori = 105.29872554924715
19.3576 	EXP 	rot_line_precue: ori = 105.60719188841574
19.3664 	EXP 	rot_line_precue: ori = 106.02423101801945
19.3740 	EXP 	rot_line_precue: ori = 106.37678747872772
19.3828 	EXP 	rot_line_precue: ori = 106.86320548431281
19.3905 	EXP 	rot_line_precue: ori = 107.24949293938576
19.3988 	EXP 	rot_line_precue: ori = 107.790308500719
19.4075 	EXP 	rot_line_precue: ori = 108.09035069825386
19.4156 	EXP 	rot_line_precue: ori = 108.39320547077162
19.4245 	EXP 	rot_line_precue: ori = 108.80801483760354
19.4325 	EXP 	rot_line_precue: ori = 109.13685839845452
19.4416 	EXP 	rot_line_precue: ori = 109.4439366296791
19.4495 	EXP 	rot_line_precue: ori = 110.1812547932624
19.4578 	EXP 	rot_line_precue: ori = 110.48084626598683
19.4659 	EXP 	rot_line_precue: ori = 110.81334565994975
19.4747 	EXP 	rot_line_precue: ori = 111.19753700077565
19.4828 	EXP 	rot_line_precue: ori = 111.65328056363158
19.4912 	EXP 	rot_line_precue: ori = 111.96209405699136
19.4992 	EXP 	rot_line_precue: ori = 112.32909208730531
19.5076 	EXP 	rot_line_precue: ori = 112.67708019191477
19.5160 	EXP 	rot_line_precue: ori = 112.97357588263118
19.5240 	EXP 	rot_line_precue: ori = 113.303778998165
19.5328 	EXP 	rot_line_precue: ori = 113.63131155583643
19.5407 	EXP 	rot_line_precue: ori = 114.07330415079684
19.5490 	EXP 	rot_line_precue: ori = 114.43461464258205
19.5580 	EXP 	rot_line_precue: ori = 114.80989321957409
19.5660 	EXP 	rot_line_precue: ori = 115.19954723458484
19.5751 	EXP 	rot_line_precue: ori = 115.92131015643015
19.5824 	EXP 	rot_line_precue: ori = 116.25888286820445
19.5909 	EXP 	rot_line_precue: ori = 116.60061900917745
19.5991 	EXP 	rot_line_precue: ori = 117.02603928746561
19.6072 	EXP 	rot_line_precue: ori = 117.35221711361059
19.6160 	EXP 	rot_line_precue: ori = 117.70189752819016
19.6243 	EXP 	rot_line_precue: ori = 118.01950865144931
19.6329 	EXP 	rot_line_precue: ori = 118.35812284421894
19.6407 	EXP 	rot_line_precue: ori = 118.68416120173725
19.6494 	EXP 	rot_line_precue: ori = 119.17291402691865
19.6573 	EXP 	rot_line_precue: ori = 119.54706592335066
19.6660 	EXP 	rot_line_precue: ori = 120.07182876421632
19.6741 	EXP 	rot_line_precue: ori = 120.83913990609463
19.6822 	EXP 	rot_line_precue: ori = 121.30842470153883
19.6912 	EXP 	rot_line_precue: ori = 121.61037800289247
19.6994 	EXP 	rot_line_precue: ori = 121.9385752783444
19.7082 	EXP 	rot_line_precue: ori = 122.41987626719721
19.7161 	EXP 	rot_line_precue: ori = 122.72241825945858
19.7245 	EXP 	rot_line_precue: ori = 123.08471947677734
19.7331 	EXP 	rot_line_precue: ori = 123.40997032396584
19.7410 	EXP 	rot_line_precue: ori = 123.8470683037789
19.7493 	EXP 	rot_line_precue: ori = 124.28646890521988
19.7573 	EXP 	rot_line_precue: ori = 124.85354778177178
19.7655 	EXP 	rot_line_precue: ori = 125.15587642998243
19.7743 	EXP 	rot_line_precue: ori = 125.46890761320492
19.7832 	EXP 	rot_line_precue: ori = 125.81949581547681
19.7912 	EXP 	rot_line_precue: ori = 126.27655881116077
19.7927 	EXP 	New trial (rep=3, index=5): <Trial 5 (5 in rep 3) data={'pic_name': 'pics/feet.JPG', 'class_mi': 'feet', 'thisN': 5, 'thisTrialN': 5, 'thisRepN': 3}>
19.7995 	EXP 	hor_line_precue: autoDraw = False
19.7995 	EXP 	ver_line_precue: autoDraw = False
19.7995 	EXP 	rot_line_precue: autoDraw = False
19.7995 	EXP 	rot_line_precue: ori = 126.58107484047095
19.7995 	EXP 	point_left: autoDraw = False
19.7995 	EXP 	point_right: autoDraw = False
19.7995 	EXP 	dot_precue: autoDraw = False
19.7995 	EXP 	hor_line_precue: autoDraw = False
19.7995 	EXP 	ver_line_precue: autoDraw = False
19.7995 	EXP 	rot_line_precue: autoDraw = False
19.7995 	EXP 	point_left: autoDraw = False
19.7995 	EXP 	point_right: autoDraw = False
19.7995 	EXP 	dot_precue: autoDraw = False
19.7995 	EXP 	hor_line_precue: autoDraw = True
19.7995 	EXP 	ver_line_precue: autoDraw = True
19.7995 	EXP 	rot_line_precue: autoDraw = True
19.7995 	EXP 	rot_line_precue: ori = 127.17451202942993
19.7995 	EXP 	point_left: autoDraw = True
19.7995 	EXP 	point_right: autoDraw = True
19.7995 	EXP 	dot_precue: autoDraw = True
19.8081 	EXP 	rot_line_precue: ori = 127.55309840432942
19.8165 	EXP 	rot_line_precue: ori = 128.3305893826198
19.8241 	EXP 	rot_line_precue: ori = 129.03652857362255
19.8324 	EXP 	rot_line_precue: ori = 129.4450338691876
19.8406 	EXP 	rot_line_precue: ori = 129.91129756611286
19.8494 	EXP 	rot_line_precue: ori = 130.29854738767744
19.8576 	EXP 	rot_line_precue: ori = 130.66435607213543
19.8656 	EXP 	rot_line_precue: ori = 131.06539194660456
19.8739 	EXP 	rot_line_precue: ori = 131.7203475210618
19.8826 	EXP 	rot_line_precue: ori = 132.0598915714115
19.8909 	EXP 	rot_line_precue: ori = 132.60718141688673
19.8990 	EXP 	rot_line_precue: ori = 132.92900493464046
19.9077 	EXP 	rot_line_precue: ori = 133.2617396502607
19.9157 	EXP 	rot_line_precue: ori = 133.5892511173943
19.9239 	EXP 	rot_line_precue: ori = 133.8873738340683
19.9327 	EXP 	rot_line_precue: ori = 134.24236925570116
19.9408 	EXP 	rot_line_precue: ori = 134.68722368696424
19.9496 	EXP 	rot_line_precue: ori = 135.03216565610546
19.9577 	EXP 	rot_line_precue: ori = 135.59948722680875
19.9660 	EXP 	rot_line_precue: ori = 136.03239702142446
19.9746 	EXP 	rot_line_precue: ori = 136.34708606368966
19.9827 	EXP 	rot_line_precue: ori = 136.81279383507643
19.9918 	EXP 	rot_line_precue: ori = 137.2659516724846
19.9994 	EXP 	rot_line_precue: ori = 137.5796739392298
20.0076 	EXP 	rot_line_precue: ori = 138.15009211836448
20.0166 	EXP 	rot_line_precue: ori = 138.57681008722088
20.0244 	EXP 	rot_line_precue: ori = 138.91135563900124
20.0326 	EXP 	rot_line_precue: ori = 139.29842137060558
20.0410 	EXP 	rot_line_precue: ori = 139.75624585442603
20.0490 	EXP 	rot_line_precue: ori = 140.07200246278717
20.0574 	EXP 	rot_line_precue: ori = 140.76423490056922
20.0660 	EXP 	rot_line_precue: ori = 141.23327274825752
20.0740 	EXP 	rot_line_precue: ori = 141.56262599917514
20.0829 	EXP 	rot_line_precue: ori = 141.97913384077683
20.0907 	EXP 	rot_line_precue: ori = 142.7555085953855
20.0994 	EXP 	rot_line_precue: ori = 143.0733673688078
20.1080 	EXP 	rot_line_precue: ori = 143.60961799188433
20.1161 	EXP 	rot_line_precue: ori = 144.03119219078346
20.1250 	EXP 	rot_line_precue: ori = 144.36279542935492
20.1331 	EXP 	rot_line_precue: ori = 144.6910080903191
20.1413 	EXP 	rot_line_precue: ori = 145.0451165565777
20.1499 	EXP 	rot_line_precue: ori = 145.36392618701984
20.1580 	EXP 	rot_line_precue: ori = 146.09558547074226
20.1660 	EXP 	rot_line_precue: ori = 146.462083107343
20.1749 	EXP 	rot_line_precue: ori = 146.95875429249153
20.1827 	EXP 	rot_line_precue: ori = 147.25976428960774
20.1915 	EXP 	rot_line_precue: ori = 147.57277402456194
20.2001 	EXP 	rot_line_precue: ori = 147.9592583174885
20.2083 	EXP 	rot_line_precue: ori = 148.30376779370013
20.2164 	EXP 	rot_line_precue: ori = 148.60880337248824
20.2253 	EXP 	rot_line_precue: ori = 149.3270843495134
20.2328 	EXP 	rot_line_precue: ori = 149.7934913238859
20.2413 	EXP 	rot_line_precue: ori = 150.11692534273337
20.2495 	EXP 	rot_line_precue: ori = 150.54916539078027
20.2574 	EXP 	rot_line_precue: ori = 150.85215891261902
20.2666 	EXP 	rot_line_precue: ori = 151.39876835484415
20.2744 	EXP 	rot_line_precue: ori = 151.8328047482515
20.2825 	EXP 	rot_line_precue: ori = 152.13682452858603
20.2913 	EXP 	rot_line_precue: ori = 152.47825243728838
20.2993 	EXP 	rot_line_precue: ori = 153.04382345209586
20.3073 	EXP 	rot_line_precue: ori = 153.351306417216
20.3156 	EXP 	rot_line_precue: ori = 153.64674414136775
20.3242 	EXP 	rot_line_precue: ori = 154.05621687932225
20.3323 	EXP 	rot_line_precue: ori = 154.37297378414226
20.3404 	EXP 	rot_line_precue: ori = 154.9349040521316
20.3488 	EXP 	rot_line_precue: ori = 155.2831420778569
20.3575 	EXP 	rot_line_precue: ori = 155.72743809000642
20.3656 	EXP 	rot_line_precue: ori = 156.04804169668907
20.3744 	EXP 	rot_line_precue: ori = 156.34606626554654
20.3823 	EXP 	rot_line_precue: ori = 156.81452155006073
20.3906 	EXP 	rot_line_precue: ori = 157.31348163197953
20.3994 	EXP 	rot_line_precue: ori = 157.7495075501527
20.4081 	EXP 	rot_line_precue: ori = 158.135676766985
20.4158 	EXP 	rot_line_precue: ori = 158.45205435509303
20.4244 	EXP 	rot_line_precue: ori = 159.1337808582086
20.4327 	EXP 	rot_line_precue: ori = 159.78525246866977
20.4416 	EXP 	rot_line_precue: ori = 160.3640454337594
20.4494 	EXP 	rot_line_precue: ori = 160.7209516165891
20.4580 	EXP 	rot_line_precue: ori = 161.0393873042987
20.4665 	EXP 	rot_line_precue: ori = 161.47334904339996
20.4746 	EXP 	rot_line_precue: ori = 161.77911128135463
20.4830 	EXP 	rot_line_precue: ori = 162.07526944970564
20.4911 	EXP 	rot_line_precue: ori = 162.6317357597669
20.4997 	EXP 	rot_line_precue: ori = 163.0516132360214
20.5077 	EXP 	rot_line_precue: ori = 163.50084258159737
20.5157 	EXP 	rot_line_precue: ori = 163.8062964297032
20.5240 	EXP 	rot_line_precue: ori = 164.3078552241429
20.5329 	EXP 	rot_line_precue: ori = 164.67384242999248
20.5410 	EXP 	rot_line_precue: ori = 165.00774785559418
20.5501 	EXP 	rot_line_precue: ori = 165.31587558442826
20.5575 	EXP 	rot_line_precue: ori = 165.83018451994937
20.5659 	EXP 	rot_line_precue: ori = 166.12784030777624
20.5741 	EXP 	rot_line_precue: ori = 166.43323039951082
20.5828 	EXP 	rot_line_precue: ori = 166.81423075401798
20.5906 	EXP 	rot_line_precue: ori = 167.11137463674092
20.5990 	EXP 	rot_line_precue: ori = 167.40819797986995
20.6072 	EXP 	rot_line_precue: ori = 167.7709142875039
20.6158 	EXP 	rot_line_precue: ori = 168.07514579212204
20.6242 	EXP 	rot_line_precue: ori = 168.38240354005507
20.6321 	EXP 	rot_line_precue: ori = 168.69652302174816
20.6411 	EXP 	rot_line_precue: ori = 169.38775040416894
20.6491 	EXP 	rot_line_precue: ori = 169.76763586922155
20.6575 	EXP 	rot_line_precue: ori = 170.1809899866792
20.6659 	EXP 	rot_line_precue: ori = 170.73153065628105
20.6743 	EXP 	rot_line_precue: ori = 171.09338140863179
20.6823 	EXP 	rot_line_precue: ori = 171.3991585192277
20.6911 	EXP 	rot_line_precue: ori = 171.7020598002001
20.6993 	EXP 	rot_line_precue: ori = 172.38190440843613
20.7080 	EXP 	rot_line_precue: ori = 172.78363000305833
20.7163 	EXP 	rot_line_precue: ori = 173.20912502869092
20.7249 	EXP 	rot_line_precue: ori = 173.68575809385513
20.7329 	EXP 	rot_line_precue: ori = 173.9862375859825
20.7407 	EXP 	rot_line_precue: ori = 174.68344748057854
20.7495 	EXP 	rot_line_precue: ori = 175.15619349657817
20.7573 	EXP 	rot_line_precue: ori = 175.6036507203622
20.7660 	EXP 	rot_line_precue: ori = 175.92734825978079
20.7745 	EXP 	rot_line_precue: ori = 176.24719410001512
20.7831 	EXP 	rot_line_precue: ori = 176.58601642170137
20.7907 	EXP 	rot_line_precue: ori = 176.92584704515306
20.7996 	EXP 	rot_line_precue: ori = 177.28856360641274
20.8080 	EXP 	rot_line_precue: ori = 177.58447727623155
20.8155 	EXP 	rot_line_precue: ori = 177.89877861845568
20.8245 	EXP 	rot_line_precue: ori = 178.20595813211855
20.8327 	EXP 	rot_line_precue: ori = 178.6155623840508
20.8406 	EXP 	rot_line_precue: ori = 178.91964712722742
20.8494 	EXP 	rot_line_precue: ori = 179.27123612005272
20.8572 	EXP 	rot_line_precue: ori = 179.60606744053518
20.8655 	EXP 	rot_line_precue: ori = 179.9728347242273
20.8743 	EXP 	rot_line_precue: ori = 180.2919548937367
20.8826 	EXP 	rot_line_precue: ori = 180.65729967789824
20.8904 	EXP 	rot_line_precue: ori = 180.95721948219744
20.8993 	EXP 	rot_line_precue: ori = 181.25934689993454
20.9076 	EXP 	rot_line_precue: ori = 181.5618727201951
20.9154 	EXP 	rot_line_precue: ori = 181.87748542204196
20.9238 	EXP 	rot_line_precue: ori = 182.17829414614584
20.9325 	EXP 	rot_line_precue: ori = 182.6762282946693
20.9409 	EXP 	rot_line_precue: ori = 183.1812480569376
20.9492 	EXP 	rot_line_precue: ori = 183.53165991616478
20.9577 	EXP 	rot_line_precue: ori = 183.9146597416004
20.9659 	EXP 	rot_line_precue: ori = 184.21248894228185
20.9746 	EXP 	rot_line_precue: ori = 184.59321586165422
20.9827 	EXP 	rot_line_precue: ori = 185.00661333447948
20.9914 	EXP 	rot_line_precue: ori = 185.41428033830618
20.9998 	EXP 	rot_line_precue: ori = 186.2042769742836
21.0076 	EXP 	rot_line_precue: ori = 186.50244397293883
21.0158 	EXP 	rot_line_precue: ori = 186.8471156539824
21.0247 	EXP 	rot_line_precue: ori = 187.26687368023227
21.0331 	EXP 	rot_line_precue: ori = 187.95660163623992
21.0409 	EXP 	rot_line_precue: ori = 188.2917535449059
21.0490 	EXP 	rot_line_precue: ori = 188.63372740911132
21.0580 	EXP 	rot_line_precue: ori = 188.92949815846006
21.0658 	EXP 	rot_line_precue: ori = 189.24027718762676
21.0742 	EXP 	rot_line_precue: ori = 189.57189234858606
21.0829 	EXP 	rot_line_precue: ori = 189.9003543354294
21.0907 	EXP 	rot_line_precue: ori = 190.24921754701387
21.0990 	EXP 	rot_line_precue: ori = 190.5610476184443
21.1077 	EXP 	rot_line_precue: ori = 190.92129665256914
21.1161 	EXP 	rot_line_precue: ori = 191.2318449906798
21.1241 	EXP 	rot_line_precue: ori = 191.5578880175416
21.1328 	EXP 	rot_line_precue: ori = 191.9310889087121
21.1409 	EXP 	rot_line_precue: ori = 192.2392772313752
21.1491 	EXP 	rot_line_precue: ori = 192.6938499293637
21.1572 	EXP 	rot_line_precue: ori = 193.0326108561268
21.1659 	EXP 	rot_line_precue: ori = 193.43383761075435
21.1739 	EXP 	rot_line_precue: ori = 193.7935935495698
21.1827 	EXP 	rot_line_precue: ori = 194.23298486538596
21.1912 	EXP 	rot_line_precue: ori = 194.59320964390326
21.2001 	EXP 	rot_line_precue: ori = 195.04975966687678
21.2078 	EXP 	rot_line_precue: ori = 195.38104628877016
21.2163 	EXP 	rot_line_precue: ori = 195.83295241462525
21.2248 	EXP 	rot_line_precue: ori = 196.13364795566994
21.2330 	EXP 	rot_line_precue: ori = 196.51373445290645
21.2414 	EXP 	rot_line_precue: ori = 196.81953956873605
21.2496 	EXP 	rot_line_precue: ori = 197.12067725025068
21.2576 	EXP 	rot_line_precue: ori = 197.47393033562332
21.2663 	EXP 	rot_line_precue: ori = 197.82643884879016
21.2742 	EXP 	rot_line_precue: ori = 198.13120436289836
21.2823 	EXP 	rot_line_precue: ori = 198.44689398433474
21.2914 	EXP 	rot_line_precue: ori = 198.79097670669503
21.2991 	EXP 	rot_line_precue: ori = 199.31410464792236
21.3075 	EXP 	rot_line_precue: ori = 199.70661493875238
21.3156 	EXP 	rot_line_precue: ori = 200.18411208225479
21.3246 	EXP 	rot_line_precue: ori = 200.48275652116936
21.3323 	EXP 	rot_line_precue: ori = 200.95996257673661
21.3411 	EXP 	rot_line_precue: ori = 201.28743998111491
21.3494 	EXP 	rot_line_precue: ori = 201.62948243828814
21.3590 	EXP 	rot_line_precue: ori = 201.93386206142867
21.3659 	EXP 	rot_line_precue: ori = 202.43200058557227
21.3750 	EXP 	rot_line_precue: ori = 202.79383717048103
21.3830 	EXP 	rot_line_precue: ori = 203.163788503445
21.3912 	EXP 	rot_line_precue: ori = 203.49100273245665
21.3989 	EXP 	rot_line_precue: ori = 203.84033693401224
21.4078 	EXP 	rot_line_precue: ori = 204.1654793917727
21.4156 	EXP 	rot_line_precue: ori = 204.5057874423482
21.4248 	EXP 	rot_line_precue: ori = 204.92383237535068
21.4328 	EXP 	rot_line_precue: ori = 205.2959138201872
21.4409 	EXP 	rot_line_precue: ori = 205.64321807590832
21.4499 	EXP 	rot_line_precue: ori = 205.98181743988744
21.4579 	EXP 	rot_line_precue: ori = 206.35921519179388
21.4664 	EXP 	rot_line_precue: ori = 206.6810342935318
21.4751 	EXP 	rot_line_precue: ori = 207.10258688389808
21.4831 	EXP 	rot_line_precue: ori = 207.6391272300086
21.4912 	EXP 	rot_line_precue: ori = 208.20692889489456
21.4993 	EXP 	rot_line_precue: ori = 208.5182323123046
21.5078 	EXP 	rot_line_precue: ori = 208.83634706965782
21.5159 	EXP 	rot_line_precue: ori = 209.16679960635693
21.5241 	EXP 	rot_line_precue: ori = 209.49050076063537
21.5327 	EXP 	rot_line_precue: ori = 209.86887112176638
21.5416 	EXP 	rot_line_precue: ori = 210.19635881264298
21.5491 	EXP 	rot_line_precue: ori = 210.71108615441668
21.5577 	EXP 	rot_line_precue: ori = 211.41209876966758
21.5658 	EXP 	rot_line_precue: ori = 211.9081668075274
21.5742 	EXP 	rot_line_precue: ori = 212.26848204958176
21.5821 	EXP 	rot_line_precue: ori = 212.5887793711504
21.5910 	EXP 	rot_line_precue: ori = 212.88483741862115
21.5989 	EXP 	rot_line_precue: ori = 213.2144600270093
21.6072 	EXP 	rot_line_precue: ori = 213.7979741468473
21.6160 	EXP 	rot_line_precue: ori = 214.20490518557995
21.6238 	EXP 	rot_line_precue: ori = 214.87542335780228
21.6323 	EXP 	rot_line_precue: ori = 215.65037363911765
21.6409 	EXP 	rot_line_precue: ori = 216.0649312244663
21.6491 	EXP 	rot_line_precue: ori = 216.37075932147275
21.6583 	EXP 	rot_line_precue: ori = 216.69788626300286
21.6658 	EXP 	rot_line_precue: ori = 217.16961966271276
21.6743 	EXP 	rot_line_precue: ori = 217.56575077940195
21.6823 	EXP 	rot_line_precue: ori = 218.2455512323047
21.6910 	EXP 	rot_line_precue: ori = 218.6115714464829
21.6999 	EXP 	rot_line_precue: ori = 218.93045475184655
21.7079 	EXP 	rot_line_precue: ori = 219.25355485706228
21.7162 	EXP 	rot_line_precue: ori = 219.56938801619904
21.7251 	EXP 	rot_line_precue: ori = 219.89659759259524
21.7331 	EXP 	rot_line_precue: ori = 220.20450606141046
21.7413 	EXP 	rot_line_precue: ori = 220.50468934817746
21.7501 	EXP 	rot_line_precue: ori = 220.89858214656337
21.7577 	EXP 	rot_line_precue: ori = 221.2422210676943
21.7660 	EXP 	rot_line_precue: ori = 221.6194416630398
21.7742 	EXP 	rot_line_precue: ori = 221.93873448103778
21.7827 	EXP 	rot_line_precue: ori = 222.57510584647636
21.7853 	EXP 	New trial (rep=4, index=6): <Trial 6 (6 in rep 4) data={'pic_name': 'pics/feet.JPG', 'class_mi': 'feet', 'thisN': 6, 'thisTrialN': 6, 'thisRepN': 4}>
21.7920 	EXP 	hor_line_precue: autoDraw = False
21.7920 	EXP 	ver_line_precue: autoDraw = False
21.7920 	EXP 	rot_line_precue: autoDraw = False
21.7920 	EXP 	rot_line_precue: ori = 222.90195755535882
21.7920 	EXP 	point_left: autoDraw = False
21.7920 	EXP 	point_right: autoDraw = False
21.7920 	EXP 	dot_precue: autoDraw = False
21.7920 	EXP 	hor_line_precue: autoDraw = False
21.7920 	EXP 	ver_line_precue: autoDraw = False
21.7920 	EXP 	rot_line_precue: autoDraw = False
21.7920 	EXP 	point_left: autoDraw = False
21.7920 	EXP 	point_right: autoDraw = False
21.7920 	EXP 	dot_precue: autoDraw = False
21.7920 	EXP 	hor_line_precue: autoDraw = True
21.7920 	EXP 	ver_line_precue: autoDraw = True
21.7920 	EXP 	rot_line_precue: autoDraw = True
21.7920 	EXP 	rot_line_precue: ori = 223.24697368237733
21.7920 	EXP 	point_left: autoDraw = True
21.7920 	EXP 	point_right: autoDraw = True
21.7920 	EXP 	dot_precue: autoDraw = True
21.7999 	EXP 	rot_line_precue: ori = 223.8650614554013
21.8074 	EXP 	rot_line_precue: ori = 224.31474500290471
21.8168 	EXP 	rot_line_precue: ori = 224.8225222755702
21.8258 	EXP 	rot_line_precue: ori = 225.1597327787382
21.8342 	EXP 	rot_line_precue: ori = 225.46486560971184
21.8420 	EXP 	rot_line_precue: ori = 225.7736929339801
21.8495 	EXP 	rot_line_precue: ori = 226.1263336183353
21.8580 	EXP 	rot_line_precue: ori = 226.4500316932609
21.8663 	EXP 	rot_line_precue: ori = 226.75143979189085
21.8745 	EXP 	rot_line_precue: ori = 227.1636078861839
21.8823 	EXP 	rot_line_precue: ori = 227.95513736598085
21.8908 	EXP 	rot_line_precue: ori = 228.25403930335148
21.8994 	EXP 	rot_line_precue: ori = 228.5948717065524
21.9073 	EXP 	rot_line_precue: ori = 228.95778434042683
21.9156 	EXP 	rot_line_precue: ori = 229.28132691561444
21.9244 	EXP 	rot_line_precue: ori = 229.6618696733458
21.9323 	EXP 	rot_line_precue: ori = 230.35166519261458
21.9407 	EXP 	rot_line_precue: ori = 230.74978659496546
21.9489 	EXP 	rot_line_precue: ori = 231.10036664781103
21.9577 	EXP 	rot_line_precue: ori = 231.41328339119548
21.9661 	EXP 	rot_line_precue: ori = 231.8264443015725
21.9745 	EXP 	rot_line_precue: ori = 232.2194337811675
21.9829 	EXP 	rot_line_precue: ori = 232.90672332186844
21.9915 	EXP 	rot_line_precue: ori = 233.34081805773405
21.9996 	EXP 	rot_line_precue: ori = 234.0111586635418
22.0078 	EXP 	rot_line_precue: ori = 234.50358266260235
22.0158 	EXP 	rot_line_precue: ori = 234.96141932217745
22.0240 	EXP 	rot_line_precue: ori = 235.29292573527826
22.0326 	EXP 	rot_line_precue: ori = 235.80336427889816
22.0414 	EXP 	rot_line_precue: ori = 236.1249170329557
22.0491 	EXP 	rot_line_precue: ori = 236.46571526605604
22.0582 	EXP 	rot_line_precue: ori = 236.92226701131554
22.0667 	EXP 	rot_line_precue: ori = 237.25326878014948
22.0743 	EXP 	rot_line_precue: ori = 237.59374944726073
22.0832 	EXP 	rot_line_precue: ori = 237.9741405829042
22.0907 	EXP 	rot_line_precue: ori = 238.41508633135436
22.0992 	EXP 	rot_line_precue: ori = 238.7850571344587
22.1080 	EXP 	rot_line_precue: ori = 239.09834005412935
22.1158 	EXP 	rot_line_precue: ori = 239.47637816447812
22.1241 	EXP 	rot_line_precue: ori = 240.05366284984336
22.1321 	EXP 	rot_line_precue: ori = 240.459411478925
22.1408 	EXP 	rot_line_precue: ori = 240.87939786597178
22.1492 	EXP 	rot_line_precue: ori = 241.28418769150795
22.1572 	EXP 	rot_line_precue: ori = 241.69791595775902
22.1659 	EXP 	rot_line_precue: ori = 242.00681769055325
22.1741 	EXP 	rot_line_precue: ori = 242.39881924999523
22.1823 	EXP 	rot_line_precue: ori = 242.75977946892013
22.1909 	EXP 	rot_line_precue: ori = 243.4852265447654
22.1999 	EXP 	rot_line_precue: ori = 243.84958591667555
22.2080 	EXP 	rot_line_precue: ori = 244.35460318280204
22.2164 	EXP 	rot_line_precue: ori = 244.65499944221514
22.2245 	EXP 	rot_line_precue: ori = 245.2764451154525
22.2335 	EXP 	rot_line_precue: ori = 245.59110956231632
22.2414 	EXP 	rot_line_precue: ori = 246.153986796546
22.2494 	EXP 	rot_line_precue: ori = 246.46133988384668
22.2582 	EXP 	rot_line_precue: ori = 246.98911974475507
22.2664 	EXP 	rot_line_precue: ori = 247.29706650947145
22.2748 	EXP 	rot_line_precue: ori = 247.5993641241641
22.2830 	EXP 	rot_line_precue: ori = 248.00908149302782
22.2916 	EXP 	rot_line_precue: ori = 248.3680991550513
22.2996 	EXP 	rot_line_precue: ori = 248.720785780904
22.3073 	EXP 	rot_line_precue: ori = 249.0266631198967
22.3159 	EXP 	rot_line_precue: ori = 249.3637246732159
22.3244 	EXP 	rot_line_precue: ori = 249.6759997423485
22.3322 	EXP 	rot_line_precue: ori = 250.06648933236045
22.3413 	EXP 	rot_line_precue: ori = 250.39293762139135
22.3491 	EXP 	rot_line_precue: ori = 250.92770220764137
22.3574 	EXP 	rot_line_precue: ori = 251.2930702834781
22.3657 	EXP 	rot_line_precue: ori = 251.71962654083646
22.3743 	EXP 	rot_line_precue: ori = 252.05970139474798
22.3823 	EXP 	rot_line_precue: ori = 252.4072053366168
22.3905 	EXP 	rot_line_precue: ori = 252.80508276651298
22.3995 	EXP 	rot_line_precue: ori = 253.17512876475257
22.4073 	EXP 	rot_line_precue: ori = 253.49747663045164
22.4159 	EXP 	rot_line_precue: ori = 253.82226083396395
22.4243 	EXP 	rot_line_precue: ori = 254.12518929143667
22.4324 	EXP 	rot_line_precue: ori = 254.45316931892862
22.4408 	EXP 	rot_line_precue: ori = 254.76571633755157
22.4497 	EXP 	rot_line_precue: ori = 255.12713925792224
22.4578 	EXP 	rot_line_precue: ori = 255.69564405366717
22.4664 	EXP 	rot_line_precue: ori = 256.12074712306327
22.4746 	EXP 	rot_line_precue: ori = 256.4210457332485
22.4832 	EXP 	rot_line_precue: ori = 256.86603810908247
22.4915 	EXP 	rot_line_precue: ori = 257.2634786738318
22.4995 	EXP 	rot_line_precue: ori = 257.59432018254785
22.5077 	EXP 	rot_line_precue: ori = 257.8895899233178
22.5159 	EXP 	rot_line_precue: ori = 258.1887122831436
22.5245 	EXP 	rot_line_precue: ori = 258.4858569597223
22.5326 	EXP 	rot_line_precue: ori = 258.7994430448232
22.5411 	EXP 	rot_line_precue: ori = 259.12455822670637
22.5493 	EXP 	rot_line_precue: ori = 259.65690511868627
22.5575 	EXP 	rot_line_precue: ori = 260.0353491895063
22.5666 	EXP 	rot_line_precue: ori = 260.38539153688134
22.5745 	EXP 	rot_line_precue: ori = 260.92954990884823
22.5826 	EXP 	rot_line_precue: ori = 261.425589827752
22.5907 	EXP 	rot_line_precue: ori = 261.87899144522544
22.5990 	EXP 	rot_line_precue: ori = 262.2654257966867
22.6076 	EXP 	rot_line_precue: ori = 262.5689351782012
22.6159 	EXP 	rot_line_precue: ori = 262.8791745882424
22.6240 	EXP 	rot_line_precue: ori = 263.37736900033224
22.6326 	EXP 	rot_line_precue: ori = 263.7164338838767
22.6408 	EXP 	rot_line_precue: ori = 264.394134109464
22.6490 	EXP 	rot_line_precue: ori = 264.79036613692705
22.6577 	EXP 	rot_line_precue: ori = 265.1816836301143
22.6661 	EXP 	rot_line_precue: ori = 265.6174676647652
22.6739 	EXP 	rot_line_precue: ori = 266.17120867457675
22.6827 	EXP 	rot_line_precue: ori = 266.5399222034779
22.6910 	EXP 	rot_line_precue: ori = 267.01740460532915
22.7000 	EXP 	rot_line_precue: ori = 267.79747958752364
22.7080 	EXP 	rot_line_precue: ori = 268.39409602939753
22.7162 	EXP 	rot_line_precue: ori = 269.0299763244814
22.7250 	EXP 	rot_line_precue: ori = 269.35035329238156
22.7331 	EXP 	rot_line_precue: ori = 269.667149196366
22.7413 	EXP 	rot_line_precue: ori = 270.19687488577455
22.7495 	EXP 	rot_line_precue: ori = 270.59993267448397
22.7578 	EXP 	rot_line_precue: ori = 270.978639155104
22.7663 	EXP 	rot_line_precue: ori = 271.3106993049637
22.7748 	EXP 	rot_line_precue: ori = 271.7645751546155
22.7826 	EXP 	rot_line_precue: ori = 272.09344261710174
22.7910 	EXP 	rot_line_precue: ori = 272.5047892935536
22.7992 	EXP 	rot_line_precue: ori = 272.8811343516747
22.8074 	EXP 	rot_line_precue: ori = 273.3129062573019
22.8164 	EXP 	rot_line_precue: ori = 273.682807530663
22.8243 	EXP 	rot_line_precue: ori = 274.0773982815657
22.8324 	EXP 	rot_line_precue: ori = 274.40245814972917
22.8406 	EXP 	rot_line_precue: ori = 274.8288979523744
22.8493 	EXP 	rot_line_precue: ori = 275.1571361841975
22.8573 	EXP 	rot_line_precue: ori = 275.67126727371385
22.8655 	EXP 	rot_line_precue: ori = 275.9734360564041
22.8743 	EXP 	rot_line_precue: ori = 276.28868209593753
22.8825 	EXP 	rot_line_precue: ori = 276.59607439197055
22.8905 	EXP 	rot_line_precue: ori = 276.92188071277167
22.8998 	EXP 	rot_line_precue: ori = 277.3158349969742
22.9075 	EXP 	rot_line_precue: ori = 277.6515911086409
22.9163 	EXP 	rot_line_precue: ori = 277.96916293552107
22.9239 	EXP 	rot_line_precue: ori = 278.3249794808082
22.9324 	EXP 	rot_line_precue: ori = 278.67219259491947
22.9405 	EXP 	rot_line_precue: ori = 279.45317941252426
22.9496 	EXP 	rot_line_precue: ori = 280.12799539902676
22.9581 	EXP 	rot_line_precue: ori = 280.57208824157175
22.9663 	EXP 	rot_line_precue: ori = 280.98850338552984
22.9748 	EXP 	rot_line_precue: ori = 281.29348095607907
22.9829 	EXP 	rot_line_precue: ori = 281.6413310399204
22.9915 	EXP 	rot_line_precue: ori = 281.9903266439095
22.9999 	EXP 	rot_line_precue: ori = 282.66490268237425
23.0081 	EXP 	rot_line_precue: ori = 283.33098747662825
23.0163 	EXP 	rot_line_precue: ori = 283.6482830596192
23.0246 	EXP 	rot_line_precue: ori = 284.0267351500162
23.0327 	EXP 	rot_line_precue: ori = 284.4645367047318
23.0412 	EXP 	rot_line_precue: ori = 284.9488075043364
23.0495 	EXP 	rot_line_precue: ori = 285.28390119965934
23.0575 	EXP 	rot_line_precue: ori = 285.63669035125827
23.0657 	EXP 	rot_line_precue: ori = 286.06134292254154
23.0740 	EXP 	rot_line_precue: ori = 286.4556568335557
23.0828 	EXP 	rot_line_precue: ori = 286.7639738513963
23.0908 	EXP 	rot_line_precue: ori = 287.1153636958038
23.0990 	EXP 	rot_line_precue: ori = 287.70403132521477
23.1082 	EXP 	rot_line_precue: ori = 288.19866509971564
23.1158 	EXP 	rot_line_precue: ori = 288.49559296434245
23.1239 	EXP 	rot_line_precue: ori = 288.82111055613336
23.1327 	EXP 	rot_line_precue: ori = 289.5191801210874
23.1408 	EXP 	rot_line_precue: ori = 289.81956070162704
23.1492 	EXP 	rot_line_precue: ori = 290.1377622958619
23.1577 	EXP 	rot_line_precue: ori = 290.51082582987664
23.1656 	EXP 	rot_line_precue: ori = 291.03864564379415
23.1744 	EXP 	rot_line_precue: ori = 291.4576206636362
23.1828 	EXP 	rot_line_precue: ori = 291.75897263463725
23.1906 	EXP 	rot_line_precue: ori = 292.05781210158995
23.2000 	EXP 	rot_line_precue: ori = 292.3534589108796
23.2080 	EXP 	rot_line_precue: ori = 292.8201488473365
23.2162 	EXP 	rot_line_precue: ori = 293.17337292359207
23.2245 	EXP 	rot_line_precue: ori = 293.5000809588842
23.2328 	EXP 	rot_line_precue: ori = 293.8047236772653
23.2412 	EXP 	rot_line_precue: ori = 294.18178702602097
23.2500 	EXP 	rot_line_precue: ori = 294.6063460487332
23.2580 	EXP 	rot_line_precue: ori = 295.060648096713
23.2658 	EXP 	rot_line_precue: ori = 295.7010196381409
23.2742 	EXP 	rot_line_precue: ori = 295.9970695535191
23.2829 	EXP 	rot_line_precue: ori = 296.33198892443716
23.2908 	EXP 	rot_line_precue: ori = 296.8030717595936
23.2993 	EXP 	rot_line_precue: ori = 297.3629902157647
23.3076 	EXP 	rot_line_precue: ori = 297.80560519731006
23.3165 	EXP 	rot_line_precue: ori = 298.10105609700406
23.3247 	EXP 	rot_line_precue: ori = 298.6249969746407
23.3331 	EXP 	rot_line_precue: ori = 298.99492678401816
23.3407 	EXP 	rot_line_precue: ori = 299.4930979380049
23.3494 	EXP 	rot_line_precue: ori = 299.7945078413628
23.3575 	EXP 	rot_line_precue: ori = 300.09635822308445
23.3661 	EXP 	rot_line_precue: ori = 300.42837424886727
23.3738 	EXP 	rot_line_precue: ori = 300.7260160432716
23.3827 	EXP 	rot_line_precue: ori = 301.14455534711476
23.3922 	EXP 	rot_line_precue: ori = 301.49007116305853
23.3992 	EXP 	rot_line_precue: ori = 301.845688268405
23.4076 	EXP 	rot_line_precue: ori = 302.3244870340582
23.4156 	EXP 	rot_line_precue: ori = 302.62675684343014
23.4243 	EXP 	rot_line_precue: ori = 302.92422577459604
23.4323 	EXP 	rot_line_precue: ori = 303.4620833474051
23.4409 	EXP 	rot_line_precue: ori = 303.80038928253424
23.4493 	EXP 	rot_line_precue: ori = 304.1676521184631
23.4578 	EXP 	rot_line_precue: ori = 304.79364550924754
23.4666 	EXP 	rot_line_precue: ori = 305.3976465697638
23.4747 	EXP 	rot_line_precue: ori = 305.72291533992916
23.4830 	EXP 	rot_line_precue: ori = 306.07488062171495
23.4915 	EXP 	rot_line_precue: ori = 306.62657849610486
23.4999 	EXP 	rot_line_precue: ori = 306.94538768798697
23.5082 	EXP 	rot_line_precue: ori = 307.3203670614372
23.5168 	EXP 	rot_line_precue: ori = 307.64337268532694
23.5256 	EXP 	rot_line_precue: ori = 307.95178723876126
23.5337 	EXP 	rot_line_precue: ori = 308.29411604076654
23.5414 	EXP 	rot_line_precue: ori = 308.9350437208517
23.5492 	EXP 	rot_line_precue: ori = 309.3163395338232
23.5575 	EXP 	rot_line_precue: ori = 309.64222518766377
23.5658 	EXP 	rot_line_precue: ori = 310.00984652252885
23.5747 	EXP 	rot_line_precue: ori = 310.3568143689546
23.5827 	EXP 	rot_line_precue: ori = 310.66677043964546
23.5907 	EXP 	rot_line_precue: ori = 311.1234388295438
23.5998 	EXP 	rot_line_precue: ori = 311.44485319745013
23.6073 	EXP 	rot_line_precue: ori = 311.78994834849766
23.6160 	EXP 	rot_line_precue: ori = 312.3130333508733
23.6239 	EXP 	rot_line_precue: ori = 312.9828037632213
23.6327 	EXP 	rot_line_precue: ori = 313.31665790067876
23.6408 	EXP 	rot_line_precue: ori = 313.63580475260466
23.6491 	EXP 	rot_line_precue: ori = 314.10048445039524
23.6576 	EXP 	rot_line_precue: ori = 314.40811176779937
23.6660 	EXP 	rot_line_precue: ori = 315.17023636907595
23.6738 	EXP 	rot_line_precue: ori = 315.58287066231253
23.6829 	EXP 	rot_line_precue: ori = 315.921598639085
23.6907 	EXP 	rot_line_precue: ori = 316.27529782782597
23.6994 	EXP 	rot_line_precue: ori = 316.58422431008984
23.7079 	EXP 	rot_line_precue: ori = 316.91606364157104
23.7161 	EXP 	rot_line_precue: ori = 317.32967867021904
23.7247 	EXP 	rot_line_precue: ori = 317.6326871895315
23.7333 	EXP 	rot_line_precue: ori = 318.1071018909489
23.7412 	EXP 	rot_line_precue: ori = 318.61256104176795
23.7499 	EXP 	rot_line_precue: ori = 318.93917354477276
23.7580 	EXP 	rot_line_precue: ori = 319.2538154858322
23.7661 	EXP 	rot_line_precue: ori = 319.79493153882606
23.7743 	EXP 	rot_line_precue: ori = 320.18507775137095
23.7830 	EXP 	rot_line_precue: ori = 320.5019228558894
23.7847 	EXP 	New trial (rep=5, index=7): <Trial 7 (7 in rep 5) data={'pic_name': 'pics/feet.JPG', 'class_mi': 'feet', 'thisN': 7, 'thisTrialN': 7, 'thisRepN': 5}>
23.7921 	EXP 	hor_line_precue: autoDraw = False
23.7921 	EXP 	ver_line_precue: autoDraw = False
23.7921 	EXP 	rot_line_precue: autoDraw = False
23.7921 	EXP 	rot_line_precue: ori = 321.1190942902652
23.7921 	EXP 	point_left: autoDraw = False
23.7921 	EXP 	point_right: autoDraw = False
23.7921 	EXP 	dot_precue: autoDraw = False
23.7921 	EXP 	hor_line_precue: autoDraw = False
23.7921 	EXP 	ver_line_precue: autoDraw = False
23.7921 	EXP 	rot_line_precue: autoDraw = False
23.7921 	EXP 	point_left: autoDraw = False
23.7921 	EXP 	point_right: autoDraw = False
23.7921 	EXP 	dot_precue: autoDraw = False
23.7921 	EXP 	hor_line_precue: autoDraw = True
23.7921 	EXP 	ver_line_precue: autoDraw = True
23.7921 	EXP 	rot_line_precue: autoDraw = True
23.7921 	EXP 	rot_line_precue: ori = 321.42430152278
23.7921 	EXP 	point_left: autoDraw = True
23.7921 	EXP 	point_right: autoDraw = True
23.7921 	EXP 	dot_precue: autoDraw = True
23.7999 	EXP 	rot_line_precue: ori = 321.9384324963017
23.8074 	EXP 	rot_line_precue: ori = 322.55483807803853
23.8158 	EXP 	rot_line_precue: ori = 323.2829570802291
23.8250 	EXP 	rot_line_precue: ori = 323.5902669620394
23.8328 	EXP 	rot_line_precue: ori = 324.3050502462096
23.8412 	EXP 	rot_line_precue: ori = 324.78663745277026
23.8489 	EXP 	rot_line_precue: ori = 325.2313422166479
23.8573 	EXP 	rot_line_precue: ori = 325.5806537610168
23.8656 	EXP 	rot_line_precue: ori = 326.2556827205542
23.8744 	EXP 	rot_line_precue: ori = 326.591668199163
23.8823 	EXP 	rot_line_precue: ori = 327.3254923648833
23.8904 	EXP 	rot_line_precue: ori = 327.6982817469854
23.8994 	EXP 	rot_line_precue: ori = 328.35207576255976
23.9074 	EXP 	rot_line_precue: ori = 328.66897857316457
23.9156 	EXP 	rot_line_precue: ori = 328.9829356581199
23.9244 	EXP 	rot_line_precue: ori = 329.3225119306164
23.9324 	EXP 	rot_line_precue: ori = 329.6870834921764
23.9409 	EXP 	rot_line_precue: ori = 330.09483306941473
23.9494 	EXP 	rot_line_precue: ori = 330.58488756030806
23.9577 	EXP 	rot_line_precue: ori = 330.8928664165527
23.9667 	EXP 	rot_line_precue: ori = 331.20419881575964
23.9746 	EXP 	rot_line_precue: ori = 331.70526678230385
23.9834 	EXP 	rot_line_precue: ori = 332.10597976519557
23.9912 	EXP 	rot_line_precue: ori = 332.4478598506565
24.0002 	EXP 	rot_line_precue: ori = 332.752548758335
24.0148 	EXP 	rot_line_precue: ori = 333.1058171017483
24.0223 	EXP 	rot_line_precue: ori = 333.60415582436246
24.0300 	EXP 	rot_line_precue: ori = 333.92772254151527
24.0418 	EXP 	rot_line_precue: ori = 334.2372295407218
24.0492 	EXP 	rot_line_precue: ori = 334.5558041944382
24.0577 	EXP 	rot_line_precue: ori = 335.08588849149794
24.0658 	EXP 	rot_line_precue: ori = 335.427725519511
24.0740 	EXP 	rot_line_precue: ori = 335.89528945190807
24.0826 	EXP 	rot_line_precue: ori = 336.27116699494604
24.0909 	EXP 	rot_line_precue: ori = 336.7204281279688
24.0990 	EXP 	rot_line_precue: ori = 337.30536077614084
24.1076 	EXP 	rot_line_precue: ori = 337.60329298640204
24.1159 	EXP 	rot_line_precue: ori = 337.9591542231763
24.1238 	EXP 	rot_line_precue: ori = 338.2989716092478
24.1327 	EXP 	rot_line_precue: ori = 338.60782740132146
24.1410 	EXP 	rot_line_precue: ori = 338.9170868745834
24.1491 	EXP 	rot_line_precue: ori = 339.4554523429116
24.1578 	EXP 	rot_line_precue: ori = 339.79662610178525
24.1657 	EXP 	rot_line_precue: ori = 340.0966681171523
24.1742 	EXP 	rot_line_precue: ori = 340.8731647242703
24.1827 	EXP 	rot_line_precue: ori = 341.1745228340297
24.1908 	EXP 	rot_line_precue: ori = 341.50796854257266
24.1989 	EXP 	rot_line_precue: ori = 341.82907101616547
24.2079 	EXP 	rot_line_precue: ori = 342.1877040947018
24.2162 	EXP 	rot_line_precue: ori = 342.5902517135521
24.2247 	EXP 	rot_line_precue: ori = 342.95282007233425
24.2330 	EXP 	rot_line_precue: ori = 343.56549056690386
24.2412 	EXP 	rot_line_precue: ori = 343.86287287365343
24.2493 	EXP 	rot_line_precue: ori = 344.2366378757984
24.2580 	EXP 	rot_line_precue: ori = 344.5941996725435
24.2659 	EXP 	rot_line_precue: ori = 345.2557183456374
24.2744 	EXP 	rot_line_precue: ori = 346.0167640557379
24.2824 	EXP 	rot_line_precue: ori = 346.3201572493125
24.2910 	EXP 	rot_line_precue: ori = 346.63155663449226
24.2994 	EXP 	rot_line_precue: ori = 347.00282953691345
24.3074 	EXP 	rot_line_precue: ori = 347.36382292992
24.3161 	EXP 	rot_line_precue: ori = 347.8854444627289
24.3241 	EXP 	rot_line_precue: ori = 348.3011548669059
24.3325 	EXP 	rot_line_precue: ori = 348.6625394760585
24.3412 	EXP 	rot_line_precue: ori = 349.0248151704082
24.3493 	EXP 	rot_line_precue: ori = 349.7534514925561
24.3575 	EXP 	rot_line_precue: ori = 350.0671461260345
24.3661 	EXP 	rot_line_precue: ori = 350.5446813212519
24.3740 	EXP 	rot_line_precue: ori = 350.9404597295314
24.3824 	EXP 	rot_line_precue: ori = 351.23814214316377
24.3906 	EXP 	rot_line_precue: ori = 351.6299394772543
24.3994 	EXP 	rot_line_precue: ori = 351.9268559593081
24.4074 	EXP 	rot_line_precue: ori = 352.26785332618846
24.4161 	EXP 	rot_line_precue: ori = 352.6237978120208
24.4240 	EXP 	rot_line_precue: ori = 352.9915885857617
24.4328 	EXP 	rot_line_precue: ori = 353.4440977793004
24.4413 	EXP 	rot_line_precue: ori = 354.0673614056405
24.4490 	EXP 	rot_line_precue: ori = 354.4447911979772
24.4576 	EXP 	rot_line_precue: ori = 354.7646807029153
24.4661 	EXP 	rot_line_precue: ori = 355.14460493568174
24.4743 	EXP 	rot_line_precue: ori = 355.47114477592044
24.4827 	EXP 	rot_line_precue: ori = 355.8428745760639
24.4913 	EXP 	rot_line_precue: ori = 356.2741974612942
24.4996 	EXP 	rot_line_precue: ori = 356.61808554988994
24.5079 	EXP 	rot_line_precue: ori = 356.95461533977937
24.5165 	EXP 	rot_line_precue: ori = 357.5863948550238
24.5241 	EXP 	rot_line_precue: ori = 358.26085802783274
24.5330 	EXP 	rot_line_precue: ori = 358.58699755870526
24.5412 	EXP 	rot_line_precue: ori = 358.91065112814914
24.5496 	EXP 	rot_line_precue: ori = 359.24970403617516
24.5579 	EXP 	rot_line_precue: ori = 359.5567528534999
24.5659 	EXP 	rot_line_precue: ori = 0.06236210845321466
24.5748 	EXP 	rot_line_precue: ori = 0.5910327823272734
24.5829 	EXP 	rot_line_precue: ori = 1.1948426266827097
24.5910 	EXP 	rot_line_precue: ori = 1.6867305624243514
24.5990 	EXP 	rot_line_precue: ori = 2.0330670699931166
24.6078 	EXP 	rot_line_precue: ori = 2.3757899346742177
24.6157 	EXP 	rot_line_precue: ori = 2.6927960578736174
24.6244 	EXP 	rot_line_precue: ori = 2.9943272936843583
24.6324 	EXP 	rot_line_precue: ori = 3.3206179702281475
24.6412 	EXP 	rot_line_precue: ori = 4.073129237697327
24.6491 	EXP 	rot_line_precue: ori = 4.408894123753198
24.6580 	EXP 	rot_line_precue: ori = 4.95118277980596
24.6656 	EXP 	rot_line_precue: ori = 5.296178308707143
24.6739 	EXP 	rot_line_precue: ori = 5.6591417839184315
24.6823 	EXP 	rot_line_precue: ori = 6.361023687781658
24.6912 	EXP 	rot_line_precue: ori = 6.6574947194103915
24.6988 	EXP 	rot_line_precue: ori = 7.183077552927645
24.7080 	EXP 	rot_line_precue: ori = 7.493716693435345
24.7160 	EXP 	rot_line_precue: ori = 7.816631386060147
24.7244 	EXP 	rot_line_precue: ori = 8.114721187656295
24.7330 	EXP 	rot_line_precue: ori = 8.443269730774086
24.7414 	EXP 	rot_line_precue: ori = 8.88189119677769
24.7497 	EXP 	rot_line_precue: ori = 9.193032266903714
24.7583 	EXP 	rot_line_precue: ori = 9.531128795602665
24.7667 	EXP 	rot_line_precue: ori = 9.86205693173425
24.7743 	EXP 	rot_line_precue: ori = 10.162422366640067
24.7830 	EXP 	rot_line_precue: ori = 10.495813039301744
24.7907 	EXP 	rot_line_precue: ori = 10.848311562854938
24.7995 	EXP 	rot_line_precue: ori = 11.150090596804583
24.8076 	EXP 	rot_line_precue: ori = 11.486010388096794
24.8162 	EXP 	rot_line_precue: ori = 11.979399711296864
24.8246 	EXP 	rot_line_precue: ori = 12.326145139438122
24.8330 	EXP 	rot_line_precue: ori = 12.669678601120935
24.8411 	EXP 	rot_line_precue: ori = 13.240590467165772
24.8491 	EXP 	rot_line_precue: ori = 13.567665467963446
24.8574 	EXP 	rot_line_precue: ori = 14.153711098536885
24.8661 	EXP 	rot_line_precue: ori = 14.540361750908868
24.8745 	EXP 	rot_line_precue: ori = 14.883444676085427
24.8824 	EXP 	rot_line_precue: ori = 15.180484426583016
24.8911 	EXP 	rot_line_precue: ori = 15.55853356191432
24.8992 	EXP 	rot_line_precue: ori = 15.90012429599081
24.9078 	EXP 	rot_line_precue: ori = 16.261761471648363
24.9161 	EXP 	rot_line_precue: ori = 16.559679056192554
24.9243 	EXP 	rot_line_precue: ori = 16.976710386790746
24.9325 	EXP 	rot_line_precue: ori = 17.287677888923298
24.9406 	EXP 	rot_line_precue: ori = 17.815849271349997
24.9493 	EXP 	rot_line_precue: ori = 18.23532485007924
24.9577 	EXP 	rot_line_precue: ori = 18.55993929321085
24.9666 	EXP 	rot_line_precue: ori = 18.877644980795658
24.9746 	EXP 	rot_line_precue: ori = 19.186474670513775
24.9830 	EXP 	rot_line_precue: ori = 19.51878810424834
24.9915 	EXP 	rot_line_precue: ori = 19.90631791553161
24.9996 	EXP 	rot_line_precue: ori = 20.36056208139257
25.0078 	EXP 	rot_line_precue: ori = 20.728317434663825
25.0164 	EXP 	rot_line_precue: ori = 21.038162554465664
25.0247 	EXP 	rot_line_precue: ori = 21.33911029465016
25.0327 	EXP 	rot_line_precue: ori = 21.669219212988725
25.0409 	EXP 	rot_line_precue: ori = 21.971293575547723
25.0497 	EXP 	rot_line_precue: ori = 22.496201116421165
25.0576 	EXP 	rot_line_precue: ori = 22.88267189841962
25.0661 	EXP 	rot_line_precue: ori = 23.304417588721428
25.0741 	EXP 	rot_line_precue: ori = 23.66858527070878
25.0828 	EXP 	rot_line_precue: ori = 24.055545056299913
25.0913 	EXP 	rot_line_precue: ori = 24.749875131361012
25.1000 	EXP 	rot_line_precue: ori = 25.109792258331858
25.1078 	EXP 	rot_line_precue: ori = 25.558596955542413
25.1158 	EXP 	rot_line_precue: ori = 26.120222145721208
25.1238 	EXP 	rot_line_precue: ori = 26.580879433036777
25.1328 	EXP 	rot_line_precue: ori = 26.990462249554362
25.1409 	EXP 	rot_line_precue: ori = 27.332097086508476
25.1490 	EXP 	rot_line_precue: ori = 27.661147190516292
25.1578 	EXP 	rot_line_precue: ori = 28.357234834072294
25.1656 	EXP 	rot_line_precue: ori = 28.740248236926252
25.1741 	EXP 	rot_line_precue: ori = 29.05932665083292
25.1828 	EXP 	rot_line_precue: ori = 29.736344775471846
25.1908 	EXP 	rot_line_precue: ori = 30.20638058877944
25.1991 	EXP 	rot_line_precue: ori = 30.572213579642813
25.2077 	EXP 	rot_line_precue: ori = 30.870219908060225
25.2159 	EXP 	rot_line_precue: ori = 31.314444348217258
25.2249 	EXP 	rot_line_precue: ori = 31.6766492022534
25.2343 	EXP 	rot_line_precue: ori = 31.99519391037892
25.2416 	EXP 	rot_line_precue: ori = 32.32756395393066
25.2495 	EXP 	rot_line_precue: ori = 32.707688891690836
25.2581 	EXP 	rot_line_precue: ori = 33.01393391364986
25.2668 	EXP 	rot_line_precue: ori = 33.409692454288475
25.2747 	EXP 	rot_line_precue: ori = 33.71373376439871
25.2827 	EXP 	rot_line_precue: ori = 34.021436872871895
25.2908 	EXP 	rot_line_precue: ori = 34.44186505513384
25.2991 	EXP 	rot_line_precue: ori = 34.75508591553242
25.3073 	EXP 	rot_line_precue: ori = 35.069873994909365
25.3164 	EXP 	rot_line_precue: ori = 35.46680588865673
25.3242 	EXP 	rot_line_precue: ori = 35.770737258619114
25.3329 	EXP 	rot_line_precue: ori = 36.07306512105066
25.3418 	EXP 	rot_line_precue: ori = 36.43620045950819
25.3496 	EXP 	rot_line_precue: ori = 36.75392253860797
25.3574 	EXP 	rot_line_precue: ori = 37.14245861585413
25.3660 	EXP 	rot_line_precue: ori = 37.5273968023032
25.3743 	EXP 	rot_line_precue: ori = 37.902103838199636
25.3822 	EXP 	rot_line_precue: ori = 38.23358044847812
25.3910 	EXP 	rot_line_precue: ori = 38.53762002287865
25.3992 	EXP 	rot_line_precue: ori = 39.07962773384488
25.4076 	EXP 	rot_line_precue: ori = 39.380064746985745
25.4161 	EXP 	rot_line_precue: ori = 39.730444107945175
25.4240 	EXP 	rot_line_precue: ori = 40.09909042338938
25.4327 	EXP 	rot_line_precue: ori = 40.8002574992277
25.4409 	EXP 	rot_line_precue: ori = 41.13004202564343
25.4493 	EXP 	rot_line_precue: ori = 41.48688297374768
25.4575 	EXP 	rot_line_precue: ori = 41.79295428502064
25.4662 	EXP 	rot_line_precue: ori = 42.203072748925585
25.4743 	EXP 	rot_line_precue: ori = 42.789432187227916
25.4827 	EXP 	rot_line_precue: ori = 43.33026465150127
25.4913 	EXP 	rot_line_precue: ori = 43.67622028768578
25.4999 	EXP 	rot_line_precue: ori = 43.99307101969718
25.5081 	EXP 	rot_line_precue: ori = 44.43205970419138
25.5166 	EXP 	rot_line_precue: ori = 45.161136415958886
25.5246 	EXP 	rot_line_precue: ori = 45.6608314718143
25.5333 	EXP 	rot_line_precue: ori = 46.26055234904485
25.5411 	EXP 	rot_line_precue: ori = 46.60973567314696
25.5495 	EXP 	rot_line_precue: ori = 46.93666942600934
25.5589 	EXP 	rot_line_precue: ori = 47.29627651588175
25.5672 	EXP 	rot_line_precue: ori = 47.60464980235594
25.5744 	EXP 	rot_line_precue: ori = 47.920835638923606
25.5826 	EXP 	rot_line_precue: ori = 48.24113377214355
25.5910 	EXP 	rot_line_precue: ori = 48.60418161020805
25.6002 	EXP 	rot_line_precue: ori = 48.98264167264009
25.6081 	EXP 	rot_line_precue: ori = 49.34583050543116
25.6158 	EXP 	rot_line_precue: ori = 49.73679476294476
25.6240 	EXP 	rot_line_precue: ori = 50.52866208584329
25.6327 	EXP 	rot_line_precue: ori = 50.852823639341985
25.6407 	EXP 	rot_line_precue: ori = 51.1864773056552
25.6498 	EXP 	rot_line_precue: ori = 51.6060752227208
25.6576 	EXP 	rot_line_precue: ori = 51.90584756413031
25.6658 	EXP 	rot_line_precue: ori = 52.2404518495654
25.6740 	EXP 	rot_line_precue: ori = 52.72544423260775
25.6828 	EXP 	rot_line_precue: ori = 53.08287344613721
25.6908 	EXP 	rot_line_precue: ori = 53.43177917819995
25.6991 	EXP 	rot_line_precue: ori = 54.21344010339953
25.7080 	EXP 	rot_line_precue: ori = 54.57417301161793
25.7161 	EXP 	rot_line_precue: ori = 54.93625941630993
25.7246 	EXP 	rot_line_precue: ori = 55.28269741004298
25.7330 	EXP 	rot_line_precue: ori = 55.57998842580797
25.7411 	EXP 	rot_line_precue: ori = 55.97512280573942
25.7496 	EXP 	rot_line_precue: ori = 56.622559289198065
25.7579 	EXP 	rot_line_precue: ori = 56.921587136324845
25.7659 	EXP 	rot_line_precue: ori = 57.22654609425547
25.7744 	EXP 	rot_line_precue: ori = 57.60490701260128
25.7827 	EXP 	rot_line_precue: ori = 58.03914832988158
25.7847 	EXP 	New trial (rep=2, index=8): <Trial 8 (8 in rep 2) data={'pic_name': 'pics/left_hand.JPG', 'class_mi': 'left_hand', 'thisN': 8, 'thisTrialN': 8, 'thisRepN': 2}>
25.7912 	EXP 	hor_line_precue: autoDraw = False
25.7912 	EXP 	ver_line_precue: autoDraw = False
25.7912 	EXP 	rot_line_precue: autoDraw = False
25.7912 	EXP 	rot_line_precue: ori = 58.37364483628414
25.7912 	EXP 	point_left: autoDraw = False
25.7912 	EXP 	point_right: autoDraw = False
25.7912 	EXP 	dot_precue: autoDraw = False
25.7912 	EXP 	hor_line_precue: autoDraw = False
25.7912 	EXP 	ver_line_precue: autoDraw = False
25.7912 	EXP 	rot_line_precue: autoDraw = False
25.7912 	EXP 	point_left: autoDraw = False
25.7912 	EXP 	point_right: autoDraw = False
25.7912 	EXP 	dot_precue: autoDraw = False
25.7912 	EXP 	hor_line_precue: autoDraw = True
25.7912 	EXP 	ver_line_precue: autoDraw = True
25.7912 	EXP 	rot_line_precue: autoDraw = True
25.7912 	EXP 	rot_line_precue: ori = 58.709788057298546
25.7912 	EXP 	point_left: autoDraw = True
25.7912 	EXP 	point_right: autoDraw = True
25.7912 	EXP 	dot_precue: autoDraw = True
25.7990 	EXP 	rot_line_precue: ori = 59.03063855760431
25.8081 	EXP 	rot_line_precue: ori = 59.408122702088676
25.8165 	EXP 	rot_line_precue: ori = 59.7553151149527
25.8243 	EXP 	rot_line_precue: ori = 60.06638517064343
25.8328 	EXP 	rot_line_precue: ori = 60.43217925690663
25.8411 	EXP 	rot_line_precue: ori = 60.886981028722225
25.8498 	EXP 	rot_line_precue: ori = 61.48667631790749
25.8578 	EXP 	rot_line_precue: ori = 61.794000788361046
25.8660 	EXP 	rot_line_precue: ori = 62.38118300137034
25.8744 	EXP 	rot_line_precue: ori = 62.71240514639306
25.8823 	EXP 	rot_line_precue: ori = 63.050506212922414
25.8910 	EXP 	rot_line_precue: ori = 63.44133691057115
25.8993 	EXP 	rot_line_precue: ori = 63.74840356530072
25.9074 	EXP 	rot_line_precue: ori = 64.06624543240542
25.9161 	EXP 	rot_line_precue: ori = 64.3741602805426
25.9244 	EXP 	rot_line_precue: ori = 64.71828196792926
25.9324 	EXP 	rot_line_precue: ori = 65.33559101969158
25.9406 	EXP 	rot_line_precue: ori = 65.69320713753356
25.9502 	EXP 	rot_line_precue: ori = 65.9894713025095
25.9578 	EXP 	rot_line_precue: ori = 66.31632026346301
25.9663 	EXP 	rot_line_precue: ori = 66.6187005304024
25.9747 	EXP 	rot_line_precue: ori = 66.97299704393633
25.9832 	EXP 	rot_line_precue: ori = 67.27910741748737
25.9916 	EXP 	rot_line_precue: ori = 67.59174679587568
25.9998 	EXP 	rot_line_precue: ori = 67.96423568186242
26.0081 	EXP 	rot_line_precue: ori = 68.28890591368732
26.0166 	EXP 	rot_line_precue: ori = 68.59090378205028
26.0245 	EXP 	rot_line_precue: ori = 69.0770688408458
26.0326 	EXP 	rot_line_precue: ori = 69.48100352546726
26.0411 	EXP 	rot_line_precue: ori = 69.88541702361488
26.0497 	EXP 	rot_line_precue: ori = 70.19967828402538
26.0576 	EXP 	rot_line_precue: ori = 70.53396996931755
26.0657 	EXP 	rot_line_precue: ori = 71.17265766087367
26.0745 	EXP 	rot_line_precue: ori = 71.70636954063922
26.0829 	EXP 	rot_line_precue: ori = 72.05694955299198
26.0908 	EXP 	rot_line_precue: ori = 72.38016329014582
26.0996 	EXP 	rot_line_precue: ori = 72.72208239521972
26.1076 	EXP 	rot_line_precue: ori = 73.1079676733942
26.1157 	EXP 	rot_line_precue: ori = 73.53224284922469
26.1244 	EXP 	rot_line_precue: ori = 73.92392132213821
26.1327 	EXP 	rot_line_precue: ori = 74.279719502477
26.1408 	EXP 	rot_line_precue: ori = 74.58492727653268
26.1490 	EXP 	rot_line_precue: ori = 74.89955408490289
26.1578 	EXP 	rot_line_precue: ori = 75.20407185142126
26.1658 	EXP 	rot_line_precue: ori = 75.53685011228269
26.1741 	EXP 	rot_line_precue: ori = 75.91840172343369
26.1828 	EXP 	rot_line_precue: ori = 76.62865856280476
26.1906 	EXP 	rot_line_precue: ori = 77.10037929479331
26.1992 	EXP 	rot_line_precue: ori = 77.54068309981523
26.2079 	EXP 	rot_line_precue: ori = 78.30741245821247
26.2169 	EXP 	rot_line_precue: ori = 78.75334119904174
26.2250 	EXP 	rot_line_precue: ori = 79.0872649888078
26.2338 	EXP 	rot_line_precue: ori = 79.56133892438255
26.2415 	EXP 	rot_line_precue: ori = 80.27999038080138
26.2496 	EXP 	rot_line_precue: ori = 80.57986680366326
26.2583 	EXP 	rot_line_precue: ori = 80.88825422285862
26.2662 	EXP 	rot_line_precue: ori = 81.30354680309793
26.2743 	EXP 	rot_line_precue: ori = 81.61610227761538
26.2827 	EXP 	rot_line_precue: ori = 81.99658018641819
26.2908 	EXP 	rot_line_precue: ori = 82.43938148973567
26.2997 	EXP 	rot_line_precue: ori = 82.7422970651909
26.3076 	EXP 	rot_line_precue: ori = 83.21018250359451
26.3161 	EXP 	rot_line_precue: ori = 83.52120571062463
26.3241 	EXP 	rot_line_precue: ori = 83.85045204085648
26.3327 	EXP 	rot_line_precue: ori = 84.15534418206448
26.3409 	EXP 	rot_line_precue: ori = 84.46097146683012
26.3492 	EXP 	rot_line_precue: ori = 84.82995872920208
26.3574 	EXP 	rot_line_precue: ori = 85.15623568959714
26.3662 	EXP 	rot_line_precue: ori = 85.60044700222264
26.3740 	EXP 	rot_line_precue: ori = 85.90551889397794
26.3825 	EXP 	rot_line_precue: ori = 86.22614808363114
26.3912 	EXP 	rot_line_precue: ori = 86.59516491866589
26.3989 	EXP 	rot_line_precue: ori = 86.90144968354439
26.4076 	EXP 	rot_line_precue: ori = 87.67424622670147
26.4161 	EXP 	rot_line_precue: ori = 87.98082656978615
26.4241 	EXP 	rot_line_precue: ori = 88.41979457560754
26.4328 	EXP 	rot_line_precue: ori = 88.91488542332428
26.4407 	EXP 	rot_line_precue: ori = 89.27074843574985
26.4495 	EXP 	rot_line_precue: ori = 89.58945191999756
26.4575 	EXP 	rot_line_precue: ori = 89.95600794685356
26.4673 	EXP 	rot_line_precue: ori = 90.27203505947355
26.4747 	EXP 	rot_line_precue: ori = 91.06643061273004
26.4830 	EXP 	rot_line_precue: ori = 91.51916759070292
26.4913 	EXP 	rot_line_precue: ori = 91.85966836604142
26.5002 	EXP 	rot_line_precue: ori = 92.18968003653896
26.5081 	EXP 	rot_line_precue: ori = 92.51645546834155
26.5162 	EXP 	rot_line_precue: ori = 92.92143527792102
26.5241 	EXP 	rot_line_precue: ori = 93.29330626102546
26.5329 	EXP 	rot_line_precue: ori = 93.69442016009856
26.5408 	EXP 	rot_line_precue: ori = 94.21150819739242
26.5490 	EXP 	rot_line_precue: ori = 94.60349448224687
26.5579 	EXP 	rot_line_precue: ori = 95.12344426749219
26.5662 	EXP 	rot_line_precue: ori = 95.43910101760147
26.5744 	EXP 	rot_line_precue: ori = 95.92899866222436
26.5827 	EXP 	rot_line_precue: ori = 96.3209182525666
26.5912 	EXP 	rot_line_precue: ori = 96.66689362511941
26.6005 	EXP 	rot_line_precue: ori = 97.17210868510823
26.6074 	EXP 	rot_line_precue: ori = 97.55168090490388
26.6157 	EXP 	rot_line_precue: ori = 97.85498946156987
26.6244 	EXP 	rot_line_precue: ori = 98.26791082507606
26.6324 	EXP 	rot_line_precue: ori = 98.59851585483
26.6416 	EXP 	rot_line_precue: ori = 98.90533634726324
26.6492 	EXP 	rot_line_precue: ori = 99.22204275628131
26.6577 	EXP 	rot_line_precue: ori = 99.54731854096372
26.6657 	EXP 	rot_line_precue: ori = 100.05811986175921
26.6739 	EXP 	rot_line_precue: ori = 100.48333325224048
26.6829 	EXP 	rot_line_precue: ori = 100.99643225139837
26.6909 	EXP 	rot_line_precue: ori = 101.30397433929427
26.6991 	EXP 	rot_line_precue: ori = 101.60390361334528
26.7081 	EXP 	rot_line_precue: ori = 101.92912970224197
26.7161 	EXP 	rot_line_precue: ori = 102.26118022874142
26.7244 	EXP 	rot_line_precue: ori = 102.57513965844271
26.7329 	EXP 	rot_line_precue: ori = 102.90666336603088
26.7416 	EXP 	rot_line_precue: ori = 103.26072988732693
26.7498 	EXP 	rot_line_precue: ori = 103.90245309931616
26.7584 	EXP 	rot_line_precue: ori = 104.25002901005945
26.7665 	EXP 	rot_line_precue: ori = 104.56171643447199
26.7748 	EXP 	rot_line_precue: ori = 104.98046464895212
26.7831 	EXP 	rot_line_precue: ori = 105.30085040742041
26.7911 	EXP 	rot_line_precue: ori = 105.59755192478039
26.7995 	EXP 	rot_line_precue: ori = 105.92423552902251
26.8077 	EXP 	rot_line_precue: ori = 106.23356070200433
26.8162 	EXP 	rot_line_precue: ori = 106.58299564393745
26.8248 	EXP 	rot_line_precue: ori = 106.9063635985651
26.8328 	EXP 	rot_line_precue: ori = 107.20306614596888
26.8415 	EXP 	rot_line_precue: ori = 107.75464958770736
26.8496 	EXP 	rot_line_precue: ori = 108.08351533209321
26.8574 	EXP 	rot_line_precue: ori = 108.39206238282259
26.8659 	EXP 	rot_line_precue: ori = 108.99033412193282
26.8741 	EXP 	rot_line_precue: ori = 109.36039640930689
26.8824 	EXP 	rot_line_precue: ori = 109.6736831713029
26.8912 	EXP 	rot_line_precue: ori = 109.98467290355258
26.8991 	EXP 	rot_line_precue: ori = 110.4613650392033
26.9074 	EXP 	rot_line_precue: ori = 110.80684952263326
26.9161 	EXP 	rot_line_precue: ori = 111.4059872624302
26.9247 	EXP 	rot_line_precue: ori = 111.77305384225122
26.9326 	EXP 	rot_line_precue: ori = 112.13117770450515
26.9412 	EXP 	rot_line_precue: ori = 112.80384892775838
26.9493 	EXP 	rot_line_precue: ori = 113.18888767717297
26.9581 	EXP 	rot_line_precue: ori = 113.50717254659982
26.9663 	EXP 	rot_line_precue: ori = 113.87089689327553
26.9750 	EXP 	rot_line_precue: ori = 114.20090675867377
26.9829 	EXP 	rot_line_precue: ori = 114.55861963523117
26.9914 	EXP 	rot_line_precue: ori = 115.06865820125621
26.9995 	EXP 	rot_line_precue: ori = 115.36899934765081
27.0077 	EXP 	rot_line_precue: ori = 115.72685213894489
27.0162 	EXP 	rot_line_precue: ori = 116.20398377446612
27.0243 	EXP 	rot_line_precue: ori = 116.50636159281997
27.0333 	EXP 	rot_line_precue: ori = 117.01842000492483
27.0410 	EXP 	rot_line_precue: ori = 117.48306846683379
27.0495 	EXP 	rot_line_precue: ori = 117.92130261985649
27.0581 	EXP 	rot_line_precue: ori = 118.34769381496642
27.0663 	EXP 	rot_line_precue: ori = 118.65670440400997
27.0742 	EXP 	rot_line_precue: ori = 119.12244996330793
27.0834 	EXP 	rot_line_precue: ori = 119.45594504834766
27.0908 	EXP 	rot_line_precue: ori = 119.91438807331072
27.0994 	EXP 	rot_line_precue: ori = 120.27458179940507
27.1078 	EXP 	rot_line_precue: ori = 120.62235302191027
27.1155 	EXP 	rot_line_precue: ori = 120.93899232980367
27.1245 	EXP 	rot_line_precue: ori = 121.2674735854598
27.1326 	EXP 	rot_line_precue: ori = 121.60478679579793
27.1408 	EXP 	rot_line_precue: ori = 122.09509183832202
27.1489 	EXP 	rot_line_precue: ori = 122.43366253781437
27.1577 	EXP 	rot_line_precue: ori = 122.77515989230237
27.1657 	EXP 	rot_line_precue: ori = 123.46523837552563
27.1739 	EXP 	rot_line_precue: ori = 123.80550427644654
27.1829 	EXP 	rot_line_precue: ori = 124.11087126761421
27.1907 	EXP 	rot_line_precue: ori = 124.46125547034708
27.2000 	EXP 	rot_line_precue: ori = 124.76034494506673
27.2085 	EXP 	rot_line_precue: ori = 125.08343320517014
27.2165 	EXP 	rot_line_precue: ori = 125.77143555165524
27.2249 	EXP 	rot_line_precue: ori = 126.12810590166258
27.2332 	EXP 	rot_line_precue: ori = 126.457447591666
27.2415 	EXP 	rot_line_precue: ori = 126.82827119833176
27.2497 	EXP 	rot_line_precue: ori = 127.20739392952588
27.2580 	EXP 	rot_line_precue: ori = 127.64869571773885
27.2665 	EXP 	rot_line_precue: ori = 127.99072213757272
27.2744 	EXP 	rot_line_precue: ori = 128.3092929390356
27.2830 	EXP 	rot_line_precue: ori = 128.73158112617432
27.2916 	EXP 	rot_line_precue: ori = 129.05665210419576
27.2991 	EXP 	rot_line_precue: ori = 129.63390274423685
27.3079 	EXP 	rot_line_precue: ori = 129.98746439452412
27.3161 	EXP 	rot_line_precue: ori = 130.39491370378317
27.3241 	EXP 	rot_line_precue: ori = 130.6942856797796
27.3328 	EXP 	rot_line_precue: ori = 131.0238339896
27.3408 	EXP 	rot_line_precue: ori = 131.56897161542085
27.3492 	EXP 	rot_line_precue: ori = 131.90542136572114
27.3578 	EXP 	rot_line_precue: ori = 132.2703570726758
27.3662 	EXP 	rot_line_precue: ori = 132.63591642085842
27.3740 	EXP 	rot_line_precue: ori = 132.9354667275359
27.3824 	EXP 	rot_line_precue: ori = 133.44599973571636
27.3912 	EXP 	rot_line_precue: ori = 133.75339333316253
27.3990 	EXP 	rot_line_precue: ori = 134.10615545213966
27.4076 	EXP 	rot_line_precue: ori = 134.5050880041836
27.4160 	EXP 	rot_line_precue: ori = 134.82524880510064
27.4246 	EXP 	rot_line_precue: ori = 135.26121733708945
27.4324 	EXP 	rot_line_precue: ori = 135.58177880408783
27.4411 	EXP 	rot_line_precue: ori = 135.9739171070945
27.4492 	EXP 	rot_line_precue: ori = 136.33704905797816
27.4575 	EXP 	rot_line_precue: ori = 136.64862044586516
27.4664 	EXP 	rot_line_precue: ori = 136.9482535563152
27.4754 	EXP 	rot_line_precue: ori = 137.3039038583222
27.4831 	EXP 	rot_line_precue: ori = 137.96128699283673
27.4912 	EXP 	rot_line_precue: ori = 138.54443305747145
27.4993 	EXP 	rot_line_precue: ori = 139.32157432306548
27.5076 	EXP 	rot_line_precue: ori = 139.8234274986522
27.5162 	EXP 	rot_line_precue: ori = 140.14360697950156
27.5243 	EXP 	rot_line_precue: ori = 140.4547181788107
27.5325 	EXP 	rot_line_precue: ori = 140.81055144490256
27.5411 	EXP 	rot_line_precue: ori = 141.1147814798087
27.5494 	EXP 	rot_line_precue: ori = 141.41854427562023
27.5578 	EXP 	rot_line_precue: ori = 141.79645779769945
27.5665 	EXP 	rot_line_precue: ori = 142.15251741134492
27.5745 	EXP 	rot_line_precue: ori = 142.47180698009598
27.5833 	EXP 	rot_line_precue: ori = 142.80756315065992
27.5907 	EXP 	rot_line_precue: ori = 143.18757866055506
27.5992 	EXP 	rot_line_precue: ori = 143.5634584716521
27.6076 	EXP 	rot_line_precue: ori = 143.9024938543042
27.6156 	EXP 	rot_line_precue: ori = 144.45655707098658
27.6242 	EXP 	rot_line_precue: ori = 144.79471606551732
27.6330 	EXP 	rot_line_precue: ori = 145.10541071642996
27.6405 	EXP 	rot_line_precue: ori = 145.50999587908143
27.6490 	EXP 	rot_line_precue: ori = 145.8895000523434
27.6575 	EXP 	rot_line_precue: ori = 146.37828026522394
27.6657 	EXP 	rot_line_precue: ori = 146.7294207364765
27.6745 	EXP 	rot_line_precue: ori = 147.04308741338738
27.6829 	EXP 	rot_line_precue: ori = 147.3572160507314
27.6908 	EXP 	rot_line_precue: ori = 147.8543011963141
27.6997 	EXP 	rot_line_precue: ori = 148.18507701139853
27.7080 	EXP 	rot_line_precue: ori = 148.5716741877283
27.7167 	EXP 	rot_line_precue: ori = 148.9002313597397
27.7248 	EXP 	rot_line_precue: ori = 149.24475731487004
27.7336 	EXP 	rot_line_precue: ori = 149.72037440565697
27.7416 	EXP 	rot_line_precue: ori = 150.17343436615363
27.7498 	EXP 	rot_line_precue: ori = 150.51646610298613
27.7581 	EXP 	rot_line_precue: ori = 151.09233520224672
27.7659 	EXP 	rot_line_precue: ori = 151.48530072619388
27.7744 	EXP 	rot_line_precue: ori = 151.78895608453425
27.7763 	EXP 	New trial (rep=3, index=9): <Trial 9 (9 in rep 3) data={'pic_name': 'pics/left_hand.JPG', 'class_mi': 'left_hand', 'thisN': 9, 'thisTrialN': 9, 'thisRepN': 3}>
27.7838 	EXP 	hor_line_precue: autoDraw = False
27.7838 	EXP 	ver_line_precue: autoDraw = False
27.7838 	EXP 	rot_line_precue: autoDraw = False
27.7838 	EXP 	rot_line_precue: ori = 152.0857765540507
27.7838 	EXP 	point_left: autoDraw = False
27.7838 	EXP 	point_right: autoDraw = False
27.7838 	EXP 	dot_precue: autoDraw = False
27.7838 	EXP 	hor_line_precue: autoDraw = False
27.7838 	EXP 	ver_line_precue: autoDraw = False
27.7838 	EXP 	rot_line_precue: autoDraw = False
27.7838 	EXP 	point_left: autoDraw = False
27.7838 	EXP 	point_right: autoDraw = False
27.7838 	EXP 	dot_precue: autoDraw = False
27.7838 	EXP 	hor_line_precue: autoDraw = True
27.7838 	EXP 	ver_line_precue: autoDraw = True
27.7838 	EXP 	rot_line_precue: autoDraw = True
27.7838 	EXP 	rot_line_precue: ori = 152.38441491364338
27.7838 	EXP 	point_left: autoDraw = True
27.7838 	EXP 	point_right: autoDraw = True
27.7838 	EXP 	dot_precue: autoDraw = True
27.7920 	EXP 	rot_line_precue: ori = 152.70797445186227
27.8000 	EXP 	rot_line_precue: ori = 153.07606470297063
27.8075 	EXP 	rot_line_precue: ori = 153.41526863417596
27.8161 	EXP 	rot_line_precue: ori = 153.76747385240895
27.8241 	EXP 	rot_line_precue: ori = 154.09754853682793
27.8327 	EXP 	rot_line_precue: ori = 154.46368959626682
27.8408 	EXP 	rot_line_precue: ori = 154.76889188140987
27.8493 	EXP 	rot_line_precue: ori = 155.26322851216207
27.8573 	EXP 	rot_line_precue: ori = 155.62614785495703
27.8659 	EXP 	rot_line_precue: ori = 156.081395723697
27.8743 	EXP 	rot_line_precue: ori = 156.44377177678058
27.8823 	EXP 	rot_line_precue: ori = 156.78546439833977
27.8913 	EXP 	rot_line_precue: ori = 157.5426566462278
27.9004 	EXP 	rot_line_precue: ori = 157.91785056228832
27.9076 	EXP 	rot_line_precue: ori = 158.22889042590043
27.9161 	EXP 	rot_line_precue: ori = 158.54997695409043
27.9242 	EXP 	rot_line_precue: ori = 158.86191824022367
27.9324 	EXP 	rot_line_precue: ori = 159.56358862645857
27.9410 	EXP 	rot_line_precue: ori = 160.2018758933525
27.9494 	EXP 	rot_line_precue: ori = 160.6386568790747
27.9582 	EXP 	rot_line_precue: ori = 160.99814909940574
27.9664 	EXP 	rot_line_precue: ori = 161.34969769540834
27.9753 	EXP 	rot_line_precue: ori = 161.75340107011763
27.9835 	EXP 	rot_line_precue: ori = 162.0639566645679
27.9920 	EXP 	rot_line_precue: ori = 162.6887416549202
28.0017 	EXP 	rot_line_precue: ori = 163.0352526581463
28.0097 	EXP 	rot_line_precue: ori = 163.7035974866254
28.0171 	EXP 	rot_line_precue: ori = 164.08681191568797
28.0247 	EXP 	rot_line_precue: ori = 164.61358165389
28.0325 	EXP 	rot_line_precue: ori = 164.92795061252264
28.0413 	EXP 	rot_line_precue: ori = 165.2608668226874
28.0493 	EXP 	rot_line_precue: ori = 165.6597836359383
28.0577 	EXP 	rot_line_precue: ori = 166.0072667355785
28.0662 	EXP 	rot_line_precue: ori = 166.68128554209736
28.0746 	EXP 	rot_line_precue: ori = 166.99103745409582
28.0829 	EXP 	rot_line_precue: ori = 167.2880634438082
28.0913 	EXP 	rot_line_precue: ori = 167.64685420242043
28.0997 	EXP 	rot_line_precue: ori = 167.9473091789582
28.1077 	EXP 	rot_line_precue: ori = 168.26202363786587
28.1158 	EXP 	rot_line_precue: ori = 168.664351851274
28.1245 	EXP 	rot_line_precue: ori = 168.98766159053807
28.1324 	EXP 	rot_line_precue: ori = 169.3023093547351
28.1410 	EXP 	rot_line_precue: ori = 169.70152152332633
28.1494 	EXP 	rot_line_precue: ori = 170.08273864407113
28.1579 	EXP 	rot_line_precue: ori = 170.4225433037637
28.1660 	EXP 	rot_line_precue: ori = 170.89194690048578
28.1744 	EXP 	rot_line_precue: ori = 171.37674167767028
28.1830 	EXP 	rot_line_precue: ori = 171.72236429379512
28.1908 	EXP 	rot_line_precue: ori = 172.26272125401252
28.1997 	EXP 	rot_line_precue: ori = 172.6384818385475
28.2080 	EXP 	rot_line_precue: ori = 173.10900318521894
28.2164 	EXP 	rot_line_precue: ori = 173.43156745916122
28.2249 	EXP 	rot_line_precue: ori = 173.89652400500785
28.2331 	EXP 	rot_line_precue: ori = 174.2378672721565
28.2417 	EXP 	rot_line_precue: ori = 174.74001652963017
28.2496 	EXP 	rot_line_precue: ori = 175.0530604768554
28.2581 	EXP 	rot_line_precue: ori = 175.42636222229427
28.2660 	EXP 	rot_line_precue: ori = 175.78022753878798
28.2746 	EXP 	rot_line_precue: ori = 176.18454048536674
28.2827 	EXP 	rot_line_precue: ori = 176.65376197405106
28.2908 	EXP 	rot_line_precue: ori = 177.05117583733247
28.2990 	EXP 	rot_line_precue: ori = 177.65585929341864
28.3082 	EXP 	rot_line_precue: ori = 178.14400562642888
28.3163 	EXP 	rot_line_precue: ori = 178.49537810930147
28.3242 	EXP 	rot_line_precue: ori = 178.9300293870698
28.3328 	EXP 	rot_line_precue: ori = 179.2355480482324
28.3410 	EXP 	rot_line_precue: ori = 179.58412608673765
28.3489 	EXP 	rot_line_precue: ori = 179.88397936458531
28.3581 	EXP 	rot_line_precue: ori = 180.2597126752248
28.3662 	EXP 	rot_line_precue: ori = 180.87065595816833
28.3742 	EXP 	rot_line_precue: ori = 181.1940167247602
28.3823 	EXP 	rot_line_precue: ori = 181.6980326737178
28.3912 	EXP 	rot_line_precue: ori = 182.00704466499707
28.3991 	EXP 	rot_line_precue: ori = 182.37558628370962
28.4079 	EXP 	rot_line_precue: ori = 182.70113422093297
28.4164 	EXP 	rot_line_precue: ori = 183.37214410357055
28.4241 	EXP 	rot_line_precue: ori = 183.86987538600795
28.4330 	EXP 	rot_line_precue: ori = 184.24225612832174
28.4412 	EXP 	rot_line_precue: ori = 184.55153025674693
28.4500 	EXP 	rot_line_precue: ori = 184.98556162241778
28.4581 	EXP 	rot_line_precue: ori = 185.3415717995769
28.4663 	EXP 	rot_line_precue: ori = 185.67718049346018
28.4751 	EXP 	rot_line_precue: ori = 186.22248941996773
28.4832 	EXP 	rot_line_precue: ori = 186.55499507670737
28.4914 	EXP 	rot_line_precue: ori = 186.85465886262875
28.4995 	EXP 	rot_line_precue: ori = 187.35367815748074
28.5085 	EXP 	rot_line_precue: ori = 187.6555415930266
28.5165 	EXP 	rot_line_precue: ori = 188.00438053958226
28.5245 	EXP 	rot_line_precue: ori = 188.31732460142283
28.5325 	EXP 	rot_line_precue: ori = 188.71637732521816
28.5414 	EXP 	rot_line_precue: ori = 189.1478253783182
28.5496 	EXP 	rot_line_precue: ori = 189.85924424855025
28.5575 	EXP 	rot_line_precue: ori = 190.27475736165275
28.5663 	EXP 	rot_line_precue: ori = 190.63347670139956
28.5742 	EXP 	rot_line_precue: ori = 190.99556729499892
28.5825 	EXP 	rot_line_precue: ori = 191.39867105587072
28.5907 	EXP 	rot_line_precue: ori = 191.71941999612318
28.5995 	EXP 	rot_line_precue: ori = 192.0593723734271
28.6075 	EXP 	rot_line_precue: ori = 192.59124995985158
28.6157 	EXP 	rot_line_precue: ori = 193.23405634519696
28.6243 	EXP 	rot_line_precue: ori = 193.53177224211032
28.6326 	EXP 	rot_line_precue: ori = 193.9156100942004
28.6406 	EXP 	rot_line_precue: ori = 194.21649705203066
28.6493 	EXP 	rot_line_precue: ori = 194.53278641077415
28.6577 	EXP 	rot_line_precue: ori = 195.05810658159177
28.6658 	EXP 	rot_line_precue: ori = 195.42643504499796
28.6746 	EXP 	rot_line_precue: ori = 196.04880698994157
28.6829 	EXP 	rot_line_precue: ori = 196.34621593494705
28.6917 	EXP 	rot_line_precue: ori = 196.74463183461992
28.6998 	EXP 	rot_line_precue: ori = 197.0472711424494
28.7086 	EXP 	rot_line_precue: ori = 197.38699304456352
28.7170 	EXP 	rot_line_precue: ori = 197.70826055487404
28.7250 	EXP 	rot_line_precue: ori = 198.35869921058313
28.7331 	EXP 	rot_line_precue: ori = 198.68682684442868
28.7413 	EXP 	rot_line_precue: ori = 199.019606998283
28.7498 	EXP 	rot_line_precue: ori = 199.41431682593068
28.7578 	EXP 	rot_line_precue: ori = 199.8643787885091
28.7661 	EXP 	rot_line_precue: ori = 200.18414734355957
28.7741 	EXP 	rot_line_precue: ori = 200.5022071998048
28.7831 	EXP 	rot_line_precue: ori = 200.99844284830303
28.7911 	EXP 	rot_line_precue: ori = 201.31149982177627
28.7991 	EXP 	rot_line_precue: ori = 201.80297702134519
28.8079 	EXP 	rot_line_precue: ori = 202.10610367438457
28.8159 	EXP 	rot_line_precue: ori = 202.6190571919604
28.8251 	EXP 	rot_line_precue: ori = 202.96164061960152
28.8325 	EXP 	rot_line_precue: ori = 203.34533779530392
28.8412 	EXP 	rot_line_precue: ori = 203.6760289919375
28.8490 	EXP 	rot_line_precue: ori = 204.02779327307292
28.8574 	EXP 	rot_line_precue: ori = 204.3687871867505
28.8662 	EXP 	rot_line_precue: ori = 204.6658573330821
28.8740 	EXP 	rot_line_precue: ori = 204.9766564058297
28.8823 	EXP 	rot_line_precue: ori = 205.32603520041354
28.8911 	EXP 	rot_line_precue: ori = 205.62133570926014
28.8989 	EXP 	rot_line_precue: ori = 205.95071621905583
28.9080 	EXP 	rot_line_precue: ori = 206.25477320354128
28.9163 	EXP 	rot_line_precue: ori = 206.5551227125496
28.9248 	EXP 	rot_line_precue: ori = 206.87063411272067
28.9335 	EXP 	rot_line_precue: ori = 207.2729626144511
28.9416 	EXP 	rot_line_precue: ori = 207.73720204286838
28.9497 	EXP 	rot_line_precue: ori = 208.0410680634846
28.9579 	EXP 	rot_line_precue: ori = 208.3797035338956
28.9662 	EXP 	rot_line_precue: ori = 208.7528169380456
28.9747 	EXP 	rot_line_precue: ori = 209.15656976703397
28.9831 	EXP 	rot_line_precue: ori = 209.52281852666295
28.9914 	EXP 	rot_line_precue: ori = 209.83212809015
28.9992 	EXP 	rot_line_precue: ori = 210.2351980446402
29.0082 	EXP 	rot_line_precue: ori = 210.54127160940342
29.0159 	EXP 	rot_line_precue: ori = 211.03454073230165
29.0250 	EXP 	rot_line_precue: ori = 211.4573780361329
29.0330 	EXP 	rot_line_precue: ori = 211.87213605888132
29.0410 	EXP 	rot_line_precue: ori = 212.58577835089693
29.0495 	EXP 	rot_line_precue: ori = 213.27705167444987
29.0582 	EXP 	rot_line_precue: ori = 213.65539290685987
29.0658 	EXP 	rot_line_precue: ori = 214.01857486368633
29.0745 	EXP 	rot_line_precue: ori = 214.77009561485093
29.0823 	EXP 	rot_line_precue: ori = 215.2104194510359
29.0912 	EXP 	rot_line_precue: ori = 215.51056920286837
29.0993 	EXP 	rot_line_precue: ori = 215.83772473970834
29.1083 	EXP 	rot_line_precue: ori = 216.37557638544595
29.1157 	EXP 	rot_line_precue: ori = 216.78534424651497
29.1244 	EXP 	rot_line_precue: ori = 217.08375704930907
29.1326 	EXP 	rot_line_precue: ori = 217.41129951801798
29.1418 	EXP 	rot_line_precue: ori = 217.73907617404134
29.1498 	EXP 	rot_line_precue: ori = 218.15656333734748
29.1584 	EXP 	rot_line_precue: ori = 218.49659622677015
29.1664 	EXP 	rot_line_precue: ori = 218.85790396623017
29.1747 	EXP 	rot_line_precue: ori = 219.30664375376452
29.1834 	EXP 	rot_line_precue: ori = 219.91669812315152
29.1916 	EXP 	rot_line_precue: ori = 220.38158242912095
29.1998 	EXP 	rot_line_precue: ori = 220.6858773598263
29.2080 	EXP 	rot_line_precue: ori = 221.3025375313126
29.2165 	EXP 	rot_line_precue: ori = 221.63903141973333
29.2250 	EXP 	rot_line_precue: ori = 221.95108220891146
29.2331 	EXP 	rot_line_precue: ori = 222.29503571953106
29.2417 	EXP 	rot_line_precue: ori = 222.73218986693135
29.2494 	EXP 	rot_line_precue: ori = 223.34683420930028
29.2579 	EXP 	rot_line_precue: ori = 223.6598961827668
29.2660 	EXP 	rot_line_precue: ori = 223.95714263870542
29.2745 	EXP 	rot_line_precue: ori = 224.30354427896125
29.2826 	EXP 	rot_line_precue: ori = 224.81058451594998
29.2909 	EXP 	rot_line_precue: ori = 225.33595667130677
29.2991 	EXP 	rot_line_precue: ori = 225.95308346473396
29.3079 	EXP 	rot_line_precue: ori = 226.37216500441846
29.3155 	EXP 	rot_line_precue: ori = 226.69977339371752
29.3239 	EXP 	rot_line_precue: ori = 227.00086654731297
29.3330 	EXP 	rot_line_precue: ori = 227.3467377685004
29.3408 	EXP 	rot_line_precue: ori = 227.64521331660117
29.3495 	EXP 	rot_line_precue: ori = 228.24759366048028
29.3580 	EXP 	rot_line_precue: ori = 228.57591691603824
29.3658 	EXP 	rot_line_precue: ori = 228.95541977140962
29.3749 	EXP 	rot_line_precue: ori = 229.26876012331576
29.3830 	EXP 	rot_line_precue: ori = 229.8950212548789
29.3919 	EXP 	rot_line_precue: ori = 230.53176005334316
29.3998 	EXP 	rot_line_precue: ori = 230.9433817178538
29.4080 	EXP 	rot_line_precue: ori = 231.3050748478358
29.4162 	EXP 	rot_line_precue: ori = 231.69712268627978
29.4246 	EXP 	rot_line_precue: ori = 232.0073297359165
29.4330 	EXP 	rot_line_precue: ori = 232.3603450638603
29.4421 	EXP 	rot_line_precue: ori = 232.7338165457571
29.4502 	EXP 	rot_line_precue: ori = 233.1268927047044
29.4582 	EXP 	rot_line_precue: ori = 233.4321660807093
29.4663 	EXP 	rot_line_precue: ori = 234.06472965839353
29.4755 	EXP 	rot_line_precue: ori = 234.38992030285334
29.4832 	EXP 	rot_line_precue: ori = 234.77169409913427
29.4915 	EXP 	rot_line_precue: ori = 235.10353003291524
29.4993 	EXP 	rot_line_precue: ori = 235.4732282363976
29.5076 	EXP 	rot_line_precue: ori = 236.1316476905835
29.5159 	EXP 	rot_line_precue: ori = 236.45117004704406
29.5241 	EXP 	rot_line_precue: ori = 236.78874553573036
29.5326 	EXP 	rot_line_precue: ori = 237.33831642479126
29.5410 	EXP 	rot_line_precue: ori = 237.64937019092568
29.5490 	EXP 	rot_line_precue: ori = 238.01554504713891
29.5582 	EXP 	rot_line_precue: ori = 238.51346751718958
29.5658 	EXP 	rot_line_precue: ori = 238.9318134877048
29.5745 	EXP 	rot_line_precue: ori = 239.27261472690495
29.5825 	EXP 	rot_line_precue: ori = 239.74460141716395
29.5907 	EXP 	rot_line_precue: ori = 240.09540901986415
29.5994 	EXP 	rot_line_precue: ori = 240.42560891915906
29.6085 	EXP 	rot_line_precue: ori = 240.8261545172757
29.6163 	EXP 	rot_line_precue: ori = 241.16179330076298
29.6252 	EXP 	rot_line_precue: ori = 241.52690482277876
29.6332 	EXP 	rot_line_precue: ori = 242.04798975854118
29.6413 	EXP 	rot_line_precue: ori = 242.42755961714948
29.6498 	EXP 	rot_line_precue: ori = 242.78630630202747
29.6584 	EXP 	rot_line_precue: ori = 243.17515723808367
29.6663 	EXP 	rot_line_precue: ori = 243.75056656420705
29.6746 	EXP 	rot_line_precue: ori = 244.04985807979884
29.6834 	EXP 	rot_line_precue: ori = 244.3506103857298
29.6917 	EXP 	rot_line_precue: ori = 244.64716856950704
29.6996 	EXP 	rot_line_precue: ori = 244.97957024551312
29.7078 	EXP 	rot_line_precue: ori = 245.27853998140256
29.7166 	EXP 	rot_line_precue: ori = 245.6620449351683
29.7245 	EXP 	rot_line_precue: ori = 245.97870550935687
29.7328 	EXP 	rot_line_precue: ori = 246.30996363671835
29.7409 	EXP 	rot_line_precue: ori = 246.61744528614008
29.7496 	EXP 	rot_line_precue: ori = 246.98625022693292
29.7575 	EXP 	rot_line_precue: ori = 247.2917722160312
29.7665 	EXP 	rot_line_precue: ori = 247.6176737689551
29.7681 	EXP 	New trial (rep=0, index=10): <Trial 10 (10 in rep 0) data={'pic_name': 'pics/none.JPG', 'class_mi': 'rest', 'thisN': 10, 'thisTrialN': 10, 'thisRepN': 0}>
29.7750 	EXP 	hor_line_precue: autoDraw = False
29.7750 	EXP 	ver_line_precue: autoDraw = False
29.7750 	EXP 	rot_line_precue: autoDraw = False
29.7750 	EXP 	rot_line_precue: ori = 247.95078449384184
29.7750 	EXP 	point_left: autoDraw = False
29.7750 	EXP 	point_right: autoDraw = False
29.7750 	EXP 	dot_precue: autoDraw = False
29.7750 	EXP 	hor_line_precue: autoDraw = False
29.7750 	EXP 	ver_line_precue: autoDraw = False
29.7750 	EXP 	rot_line_precue: autoDraw = False
29.7750 	EXP 	point_left: autoDraw = False
29.7750 	EXP 	point_right: autoDraw = False
29.7750 	EXP 	dot_precue: autoDraw = False
29.7750 	EXP 	hor_line_precue: autoDraw = True
29.7750 	EXP 	ver_line_precue: autoDraw = True
29.7750 	EXP 	rot_line_precue: autoDraw = True
29.7750 	EXP 	rot_line_precue: ori = 248.34428458579413
29.7750 	EXP 	point_left: autoDraw = True
29.7750 	EXP 	point_right: autoDraw = True
29.7750 	EXP 	dot_precue: autoDraw = True
29.7827 	EXP 	rot_line_precue: ori = 248.64721120180508
29.7908 	EXP 	rot_line_precue: ori = 248.99657861000784
29.7991 	EXP 	rot_line_precue: ori = 249.58140978397535
29.8078 	EXP 	rot_line_precue: ori = 249.89101055648158
29.8160 	EXP 	rot_line_precue: ori = 250.2386729467862
29.8241 	EXP 	rot_line_precue: ori = 250.64678351444368
29.8329 	EXP 	rot_line_precue: ori = 250.9759225795742
29.8411 	EXP 	rot_line_precue: ori = 251.37521883153454
29.8501 	EXP 	rot_line_precue: ori = 251.7002125643243
29.8587 	EXP 	rot_line_precue: ori = 252.09638113389752
29.8666 	EXP 	rot_line_precue: ori = 252.41267570403278
29.8746 	EXP 	rot_line_precue: ori = 253.0459772728952
29.8830 	EXP 	rot_line_precue: ori = 253.36835148234493
29.8912 	EXP 	rot_line_precue: ori = 254.0783812211737
29.8997 	EXP 	rot_line_precue: ori = 254.457205596533
29.9080 	EXP 	rot_line_precue: ori = 254.93979055320577
29.9170 	EXP 	rot_line_precue: ori = 255.25285715717084
29.9245 	EXP 	rot_line_precue: ori = 255.59986993663645
29.9329 	EXP 	rot_line_precue: ori = 255.90089121873692
29.9410 	EXP 	rot_line_precue: ori = 256.36221658543326
29.9496 	EXP 	rot_line_precue: ori = 256.75079748978925
29.9579 	EXP 	rot_line_precue: ori = 257.09164509250525
29.9660 	EXP 	rot_line_precue: ori = 257.4094955865258
29.9746 	EXP 	rot_line_precue: ori = 257.8043296343585
29.9828 	EXP 	rot_line_precue: ori = 258.1406176254194
29.9910 	EXP 	rot_line_precue: ori = 258.9379740086437
29.9995 	EXP 	rot_line_precue: ori = 259.256406276055
30.0080 	EXP 	rot_line_precue: ori = 259.701153713694
30.0163 	EXP 	rot_line_precue: ori = 260.05727982303944
30.0242 	EXP 	rot_line_precue: ori = 260.3778670644194
30.0326 	EXP 	rot_line_precue: ori = 260.79654548656424
30.0412 	EXP 	rot_line_precue: ori = 261.31404835977594
30.0492 	EXP 	rot_line_precue: ori = 261.8593048046366
30.0576 	EXP 	rot_line_precue: ori = 262.18950138885947
30.0662 	EXP 	rot_line_precue: ori = 262.54718386495205
30.0744 	EXP 	rot_line_precue: ori = 263.13913529646845
30.0826 	EXP 	rot_line_precue: ori = 263.4470162976926
30.0912 	EXP 	rot_line_precue: ori = 264.141985062523
30.0994 	EXP 	rot_line_precue: ori = 264.4684058360453
30.1077 	EXP 	rot_line_precue: ori = 264.768085801675
30.1165 	EXP 	rot_line_precue: ori = 265.11925654191646
30.1247 	EXP 	rot_line_precue: ori = 265.4720425421746
30.1330 	EXP 	rot_line_precue: ori = 266.1573481961325
30.1416 	EXP 	rot_line_precue: ori = 266.85679344799377
30.1503 	EXP 	rot_line_precue: ori = 267.1760223469897
30.1581 	EXP 	rot_line_precue: ori = 267.53866365613567
30.1666 	EXP 	rot_line_precue: ori = 267.84508440731383
30.1746 	EXP 	rot_line_precue: ori = 268.4632689725347
30.1830 	EXP 	rot_line_precue: ori = 268.9947706128048
30.1914 	EXP 	rot_line_precue: ori = 269.31205526945655
30.1994 	EXP 	rot_line_precue: ori = 269.640384492076
30.2075 	EXP 	rot_line_precue: ori = 269.99692635209476
30.2158 	EXP 	rot_line_precue: ori = 270.30686937726665
30.2247 	EXP 	rot_line_precue: ori = 270.6045986633158
30.2332 	EXP 	rot_line_precue: ori = 271.1578337478649
30.2415 	EXP 	rot_line_precue: ori = 271.7295129774989
30.2497 	EXP 	rot_line_precue: ori = 272.0610830573542
30.2587 	EXP 	rot_line_precue: ori = 272.4112267328887
30.2664 	EXP 	rot_line_precue: ori = 272.8128032968137
30.2746 	EXP 	rot_line_precue: ori = 273.1249604774558
30.2829 	EXP 	rot_line_precue: ori = 273.8442452903976
30.2917 	EXP 	rot_line_precue: ori = 274.1788690676855
30.2993 	EXP 	rot_line_precue: ori = 274.5066034851069
30.3086 	EXP 	rot_line_precue: ori = 275.07999373541594
30.3167 	EXP 	rot_line_precue: ori = 275.3770501007858
30.3254 	EXP 	rot_line_precue: ori = 275.673281575243
30.3337 	EXP 	rot_line_precue: ori = 276.0428476342972
30.3421 	EXP 	rot_line_precue: ori = 276.3421974857578
30.3507 	EXP 	rot_line_precue: ori = 276.6484941929896
30.3591 	EXP 	rot_line_precue: ori = 276.9739432604727
30.3675 	EXP 	rot_line_precue: ori = 277.40178939488425
30.3758 	EXP 	rot_line_precue: ori = 277.759812594658
30.3837 	EXP 	rot_line_precue: ori = 278.28738178984145
30.3921 	EXP 	rot_line_precue: ori = 278.99158994419713
30.3998 	EXP 	rot_line_precue: ori = 279.3315060543462
30.4081 	EXP 	rot_line_precue: ori = 280.106997757671
30.4169 	EXP 	rot_line_precue: ori = 280.4796130603455
30.4245 	EXP 	rot_line_precue: ori = 280.7764009709083
30.4334 	EXP 	rot_line_precue: ori = 281.3455375928712
30.4410 	EXP 	rot_line_precue: ori = 282.0012268342848
30.4493 	EXP 	rot_line_precue: ori = 282.46087549967126
30.4581 	EXP 	rot_line_precue: ori = 282.82168192541053
30.4662 	EXP 	rot_line_precue: ori = 283.2981425619834
30.4744 	EXP 	rot_line_precue: ori = 283.65723843978765
30.4824 	EXP 	rot_line_precue: ori = 284.02235597177645
30.4915 	EXP 	rot_line_precue: ori = 284.6467513035077
30.4992 	EXP 	rot_line_precue: ori = 285.0947194068151
30.5075 	EXP 	rot_line_precue: ori = 285.4213211696263
30.5161 	EXP 	rot_line_precue: ori = 285.91057097993814
30.5245 	EXP 	rot_line_precue: ori = 286.2203072100244
30.5325 	EXP 	rot_line_precue: ori = 286.52833463825567
30.5412 	EXP 	rot_line_precue: ori = 286.8288687819687
30.5492 	EXP 	rot_line_precue: ori = 287.17261530048273
30.5575 	EXP 	rot_line_precue: ori = 287.52543141102257
30.5663 	EXP 	rot_line_precue: ori = 287.84801011018254
30.5746 	EXP 	rot_line_precue: ori = 288.14672741936
30.5831 	EXP 	rot_line_precue: ori = 288.4784404805368
30.5914 	EXP 	rot_line_precue: ori = 288.8015984130163
30.5998 	EXP 	rot_line_precue: ori = 289.15924151615906
30.6080 	EXP 	rot_line_precue: ori = 289.4908648722453
30.6164 	EXP 	rot_line_precue: ori = 290.10978597990544
30.6244 	EXP 	rot_line_precue: ori = 290.4286188885559
30.6328 	EXP 	rot_line_precue: ori = 290.77199963524566
30.6415 	EXP 	rot_line_precue: ori = 291.08751924975894
30.6506 	EXP 	rot_line_precue: ori = 291.41664736476844
30.6583 	EXP 	rot_line_precue: ori = 292.1366577069828
30.6663 	EXP 	rot_line_precue: ori = 292.443030552537
30.6744 	EXP 	rot_line_precue: ori = 292.80476563006096
30.6834 	EXP 	rot_line_precue: ori = 293.3984631638701
30.6912 	EXP 	rot_line_precue: ori = 293.75537029122336
30.6993 	EXP 	rot_line_precue: ori = 294.29049999671474
30.7077 	EXP 	rot_line_precue: ori = 294.8859862471766
30.7163 	EXP 	rot_line_precue: ori = 295.2423112397505
30.7241 	EXP 	rot_line_precue: ori = 295.56723129535567
30.7329 	EXP 	rot_line_precue: ori = 296.0477867527505
30.7409 	EXP 	rot_line_precue: ori = 296.41095904476293
30.7496 	EXP 	rot_line_precue: ori = 296.8599845223614
30.7574 	EXP 	rot_line_precue: ori = 297.18376003553936
30.7659 	EXP 	rot_line_precue: ori = 297.82841685898387
30.7744 	EXP 	rot_line_precue: ori = 298.15244641649633
30.7828 	EXP 	rot_line_precue: ori = 298.47148322951057
30.7907 	EXP 	rot_line_precue: ori = 298.82194772334753
30.7994 	EXP 	rot_line_precue: ori = 299.18053426757893
30.8084 	EXP 	rot_line_precue: ori = 299.7194634611832
30.8164 	EXP 	rot_line_precue: ori = 300.12712924386364
30.8243 	EXP 	rot_line_precue: ori = 300.63927453626957
30.8330 	EXP 	rot_line_precue: ori = 300.95668264585134
30.8419 	EXP 	rot_line_precue: ori = 301.27712638919155
30.8497 	EXP 	rot_line_precue: ori = 301.6960539316144
30.8580 	EXP 	rot_line_precue: ori = 302.16243749010613
30.8665 	EXP 	rot_line_precue: ori = 302.52929759925365
30.8748 	EXP 	rot_line_precue: ori = 303.2840528268361
30.8833 	EXP 	rot_line_precue: ori = 303.6914949900854
30.8916 	EXP 	rot_line_precue: ori = 304.083639147177
30.8998 	EXP 	rot_line_precue: ori = 304.4015654609432
30.9090 	EXP 	rot_line_precue: ori = 305.19174241702575
30.9170 	EXP 	rot_line_precue: ori = 305.56480361540497
30.9246 	EXP 	rot_line_precue: ori = 306.2969270861236
30.9329 	EXP 	rot_line_precue: ori = 306.67526832435834
30.9413 	EXP 	rot_line_precue: ori = 306.97962294831063
30.9500 	EXP 	rot_line_precue: ori = 307.30543354077645
30.9575 	EXP 	rot_line_precue: ori = 307.60829947564093
30.9662 	EXP 	rot_line_precue: ori = 307.92159470582334
30.9743 	EXP 	rot_line_precue: ori = 308.32370574295356
30.9829 	EXP 	rot_line_precue: ori = 308.93649859815037
30.9912 	EXP 	rot_line_precue: ori = 309.24618388681625
30.9991 	EXP 	rot_line_precue: ori = 309.60550264320386
31.0075 	EXP 	rot_line_precue: ori = 309.9133263880244
31.0169 	EXP 	rot_line_precue: ori = 310.3654038292951
31.0245 	EXP 	rot_line_precue: ori = 311.0511217990476
31.0329 	EXP 	rot_line_precue: ori = 311.4791868283985
31.0413 	EXP 	rot_line_precue: ori = 311.7997345215659
31.0496 	EXP 	rot_line_precue: ori = 312.2221635467262
31.0583 	EXP 	rot_line_precue: ori = 312.5296827413385
31.0666 	EXP 	rot_line_precue: ori = 313.15017454215644
31.0752 	EXP 	rot_line_precue: ori = 313.4838224873686
31.0845 	EXP 	rot_line_precue: ori = 313.79493184668684
31.0924 	EXP 	rot_line_precue: ori = 314.1722841593285
31.1007 	EXP 	rot_line_precue: ori = 314.7308613584217
31.1092 	EXP 	rot_line_precue: ori = 315.03452301326183
31.1165 	EXP 	rot_line_precue: ori = 315.3315946685699
31.1245 	EXP 	rot_line_precue: ori = 316.06252573379743
31.1333 	EXP 	rot_line_precue: ori = 316.5633172780489
31.1415 	EXP 	rot_line_precue: ori = 316.87279765499204
31.1494 	EXP 	rot_line_precue: ori = 317.47340587460553
31.1581 	EXP 	rot_line_precue: ori = 317.7703041674443
31.1661 	EXP 	rot_line_precue: ori = 318.1704752315132
31.1746 	EXP 	rot_line_precue: ori = 318.482671477336
31.1826 	EXP 	rot_line_precue: ori = 318.8333791823721
31.1912 	EXP 	rot_line_precue: ori = 319.1504640290056
31.1991 	EXP 	rot_line_precue: ori = 319.7326181778208
31.2079 	EXP 	rot_line_precue: ori = 320.08755117762496
31.2159 	EXP 	rot_line_precue: ori = 320.39414116574744
31.2248 	EXP 	rot_line_precue: ori = 320.7284832178378
31.2326 	EXP 	rot_line_precue: ori = 321.0253371101143
31.2408 	EXP 	rot_line_precue: ori = 321.3256971572209
31.2494 	EXP 	rot_line_precue: ori = 321.99669419472826
31.2575 	EXP 	rot_line_precue: ori = 322.5213588313312
31.2658 	EXP 	rot_line_precue: ori = 322.82523243780315
31.2749 	EXP 	rot_line_precue: ori = 323.1242498684097
31.2828 	EXP 	rot_line_precue: ori = 323.51069578831203
31.2909 	EXP 	rot_line_precue: ori = 323.8559979334414
31.2996 	EXP 	rot_line_precue: ori = 324.16855468219006
31.3080 	EXP 	rot_line_precue: ori = 324.63117568945086
31.3167 	EXP 	rot_line_precue: ori = 324.9383624941493
31.3248 	EXP 	rot_line_precue: ori = 325.24471683876834
31.3331 	EXP 	rot_line_precue: ori = 325.57383381009936
31.3418 	EXP 	rot_line_precue: ori = 326.12755609202344
31.3498 	EXP 	rot_line_precue: ori = 326.54345511873004
31.3581 	EXP 	rot_line_precue: ori = 327.3135567392099
31.3665 	EXP 	rot_line_precue: ori = 327.73548437653653
31.3747 	EXP 	rot_line_precue: ori = 328.21680154702926
31.3831 	EXP 	rot_line_precue: ori = 328.5310065186411
31.3918 	EXP 	rot_line_precue: ori = 328.8823886415174
31.3998 	EXP 	rot_line_precue: ori = 329.5833414852071
31.4081 	EXP 	rot_line_precue: ori = 330.0667219602657
31.4161 	EXP 	rot_line_precue: ori = 330.50373000284844
31.4242 	EXP 	rot_line_precue: ori = 330.8665593019588
31.4332 	EXP 	rot_line_precue: ori = 331.29316977008483
31.4412 	EXP 	rot_line_precue: ori = 331.63590036871875
31.4491 	EXP 	rot_line_precue: ori = 331.9533926693151
31.4579 	EXP 	rot_line_precue: ori = 332.29257132253224
31.4659 	EXP 	rot_line_precue: ori = 332.63155636555945
31.4742 	EXP 	rot_line_precue: ori = 332.9628775894772
31.4830 	EXP 	rot_line_precue: ori = 333.6622542949286
31.4908 	EXP 	rot_line_precue: ori = 334.04432593080804
31.4994 	EXP 	rot_line_precue: ori = 334.5031924267883
31.5075 	EXP 	rot_line_precue: ori = 334.8716457760454
31.5162 	EXP 	rot_line_precue: ori = 335.20228690046866
31.5243 	EXP 	rot_line_precue: ori = 335.6499214020946
31.5331 	EXP 	rot_line_precue: ori = 335.9558241337694
31.5413 	EXP 	rot_line_precue: ori = 336.2711734370602
31.5499 	EXP 	rot_line_precue: ori = 336.6070140638875
31.5580 	EXP 	rot_line_precue: ori = 337.3269130182792
31.5664 	EXP 	rot_line_precue: ori = 337.72080930409226
31.5745 	EXP 	rot_line_precue: ori = 338.0443493406288
31.5832 	EXP 	rot_line_precue: ori = 338.34815664541543
31.5914 	EXP 	rot_line_precue: ori = 338.6582266957201
31.5997 	EXP 	rot_line_precue: ori = 338.9808450221859
31.6084 	EXP 	rot_line_precue: ori = 339.43314625868595
31.6164 	EXP 	rot_line_precue: ori = 339.8478392088968
31.6246 	EXP 	rot_line_precue: ori = 340.20029561037586
31.6332 	EXP 	rot_line_precue: ori = 340.5466724635911
31.6417 	EXP 	rot_line_precue: ori = 340.9142242920468
31.6494 	EXP 	rot_line_precue: ori = 341.29828514333656
31.6577 	EXP 	rot_line_precue: ori = 341.7669782263519
31.6666 	EXP 	rot_line_precue: ori = 342.1293337766751
31.6764 	EXP 	rot_line_precue: ori = 342.4421803122116
31.6834 	EXP 	rot_line_precue: ori = 342.8172652436762
31.6912 	EXP 	rot_line_precue: ori = 343.4341685807961
31.7006 	EXP 	rot_line_precue: ori = 343.8844913385305
31.7095 	EXP 	rot_line_precue: ori = 344.46354404125617
31.7175 	EXP 	rot_line_precue: ori = 344.8714478512896
31.7245 	EXP 	rot_line_precue: ori = 345.1707513190535
31.7324 	EXP 	rot_line_precue: ori = 345.6097951555059
31.7408 	EXP 	rot_line_precue: ori = 346.3352524559947
31.7495 	EXP 	rot_line_precue: ori = 346.84088048297843
31.7577 	EXP 	rot_line_precue: ori = 347.24263295002896
31.7592 	EXP 	New trial (rep=6, index=11): <Trial 11 (11 in rep 6) data={'pic_name': 'pics/feet.JPG', 'class_mi': 'feet', 'thisN': 11, 'thisTrialN': 11, 'thisRepN': 6}>
31.7662 	EXP 	hor_line_precue: autoDraw = False
31.7662 	EXP 	ver_line_precue: autoDraw = False
31.7662 	EXP 	rot_line_precue: autoDraw = False
31.7662 	EXP 	rot_line_precue: ori = 347.6014684227562
31.7662 	EXP 	point_left: autoDraw = False
31.7662 	EXP 	point_right: autoDraw = False
31.7662 	EXP 	dot_precue: autoDraw = False
31.7662 	EXP 	hor_line_precue: autoDraw = False
31.7662 	EXP 	ver_line_precue: autoDraw = False
31.7662 	EXP 	rot_line_precue: autoDraw = False
31.7662 	EXP 	point_left: autoDraw = False
31.7662 	EXP 	point_right: autoDraw = False
31.7662 	EXP 	dot_precue: autoDraw = False
31.7662 	EXP 	hor_line_precue: autoDraw = True
31.7662 	EXP 	ver_line_precue: autoDraw = True
31.7662 	EXP 	rot_line_precue: autoDraw = True
31.7662 	EXP 	rot_line_precue: ori = 347.94365835237005
31.7662 	EXP 	point_left: autoDraw = True
31.7662 	EXP 	point_right: autoDraw = True
31.7662 	EXP 	dot_precue: autoDraw = True
31.7744 	EXP 	rot_line_precue: ori = 348.6340741365633
31.7830 	EXP 	rot_line_precue: ori = 349.1329441355998
31.7917 	EXP 	rot_line_precue: ori = 349.4412943945942
31.7997 	EXP 	rot_line_precue: ori = 350.10030608293107
31.8079 	EXP 	rot_line_precue: ori = 350.53074502947294
31.8165 	EXP 	rot_line_precue: ori = 350.82664347909537
31.8243 	EXP 	rot_line_precue: ori = 351.20413787533244
31.8329 	EXP 	rot_line_precue: ori = 351.62361936903096
31.8416 	EXP 	rot_line_precue: ori = 352.12058239801826
31.8499 	EXP 	rot_line_precue: ori = 352.49238505438643
31.8580 	EXP 	rot_line_precue: ori = 352.89205271958303
31.8670 	EXP 	rot_line_precue: ori = 353.6784860204236
31.8751 	EXP 	rot_line_precue: ori = 354.1643671271893
31.8834 	EXP 	rot_line_precue: ori = 354.47148623369634
31.8914 	EXP 	rot_line_precue: ori = 354.87663721308144
31.8996 	EXP 	rot_line_precue: ori = 355.1737487934699
31.9077 	EXP 	rot_line_precue: ori = 355.620768112182
31.9162 	EXP 	rot_line_precue: ori = 355.97475588215246
31.9242 	EXP 	rot_line_precue: ori = 356.3174750022398
31.9330 	EXP 	rot_line_precue: ori = 356.6230360135521
31.9413 	EXP 	rot_line_precue: ori = 357.0580401718381
31.9498 	EXP 	rot_line_precue: ori = 357.38944032883177
31.9578 	EXP 	rot_line_precue: ori = 357.71708009512963
31.9659 	EXP 	rot_line_precue: ori = 358.0160828858145
31.9742 	EXP 	rot_line_precue: ori = 358.3168585659959
31.9830 	EXP 	rot_line_precue: ori = 358.6174945395735
31.9909 	EXP 	rot_line_precue: ori = 358.9265998068779
31.9995 	EXP 	rot_line_precue: ori = 359.53258178211564
32.0079 	EXP 	rot_line_precue: ori = 359.9298604612145
32.0163 	EXP 	rot_line_precue: ori = 0.23589925119875943
32.0246 	EXP 	rot_line_precue: ori = 0.6170293939583595
32.0327 	EXP 	rot_line_precue: ori = 1.2726536621322677
32.0416 	EXP 	rot_line_precue: ori = 1.5712547855930175
32.0498 	EXP 	rot_line_precue: ori = 1.8688434401712906
32.0578 	EXP 	rot_line_precue: ori = 2.3069483516896785
32.0670 	EXP 	rot_line_precue: ori = 2.6125354187030476
32.0751 	EXP 	rot_line_precue: ori = 3.0738766383957663
32.0833 	EXP 	rot_line_precue: ori = 3.601812677542582
32.0918 	EXP 	rot_line_precue: ori = 3.969246207971107
32.1005 	EXP 	rot_line_precue: ori = 4.30316543832378
32.1086 	EXP 	rot_line_precue: ori = 4.5989067114076425
32.1165 	EXP 	rot_line_precue: ori = 4.930271969696901
32.1251 	EXP 	rot_line_precue: ori = 5.2923402164644635
32.1327 	EXP 	rot_line_precue: ori = 5.638796096453355
32.1413 	EXP 	rot_line_precue: ori = 6.1306934817310434
32.1491 	EXP 	rot_line_precue: ori = 6.4640012251974435
32.1584 	EXP 	rot_line_precue: ori = 6.802004402068102
32.1659 	EXP 	rot_line_precue: ori = 7.1161287104001865
32.1744 	EXP 	rot_line_precue: ori = 7.553751542573847
32.1825 	EXP 	rot_line_precue: ori = 7.85519938991289
32.1913 	EXP 	rot_line_precue: ori = 8.17065830863108
32.1996 	EXP 	rot_line_precue: ori = 8.53919044786323
32.2076 	EXP 	rot_line_precue: ori = 9.06891948427518
32.2159 	EXP 	rot_line_precue: ori = 9.505690930059336
32.2247 	EXP 	rot_line_precue: ori = 9.864186037242593
32.2327 	EXP 	rot_line_precue: ori = 10.215484813946741
32.2416 	EXP 	rot_line_precue: ori = 10.581461041904442
32.2496 	EXP 	rot_line_precue: ori = 10.910497480993751
32.2583 	EXP 	rot_line_precue: ori = 11.224803004324075
32.2667 	EXP 	rot_line_precue: ori = 11.538682586434756
32.2746 	EXP 	rot_line_precue: ori = 11.836058294278534
32.2835 	EXP 	rot_line_precue: ori = 12.230589040639115
32.2914 	EXP 	rot_line_precue: ori = 12.745142714117957
32.2997 	EXP 	rot_line_precue: ori = 13.093855485299366
32.3080 	EXP 	rot_line_precue: ori = 13.702227823372125
32.3166 	EXP 	rot_line_precue: ori = 14.21703084911752
32.3247 	EXP 	rot_line_precue: ori = 14.558472254659014
32.3329 	EXP 	rot_line_precue: ori = 14.930853177817674
32.3414 	EXP 	rot_line_precue: ori = 15.276794762505453
32.3497 	EXP 	rot_line_precue: ori = 15.619132712306795
32.3580 	EXP 	rot_line_precue: ori = 15.951407547004539
32.3661 	EXP 	rot_line_precue: ori = 16.295124578091432
32.3747 	EXP 	rot_line_precue: ori = 16.645596633470372
32.3827 	EXP 	rot_line_precue: ori = 16.9419578766563
32.3917 	EXP 	rot_line_precue: ori = 17.391985665489123
32.3994 	EXP 	rot_line_precue: ori = 17.710150499012084
32.4080 	EXP 	rot_line_precue: ori = 18.279217288049654
32.4159 	EXP 	rot_line_precue: ori = 18.626312370726783
32.4241 	EXP 	rot_line_precue: ori = 19.171804084118683
32.4331 	EXP 	rot_line_precue: ori = 19.47749744040936
32.4409 	EXP 	rot_line_precue: ori = 19.810439520622168
32.4492 	EXP 	rot_line_precue: ori = 20.33465197663906
32.4578 	EXP 	rot_line_precue: ori = 20.733061934486784
32.4665 	EXP 	rot_line_precue: ori = 21.067972171514896
32.4743 	EXP 	rot_line_precue: ori = 21.52891858911462
32.4829 	EXP 	rot_line_precue: ori = 21.909013158902052
32.4911 	EXP 	rot_line_precue: ori = 22.225200864527224
32.4993 	EXP 	rot_line_precue: ori = 22.753666601676766
32.5082 	EXP 	rot_line_precue: ori = 23.34661422972592
32.5164 	EXP 	rot_line_precue: ori = 23.685246052866173
32.5250 	EXP 	rot_line_precue: ori = 24.146340498683216
32.5330 	EXP 	rot_line_precue: ori = 24.490773819949943
32.5414 	EXP 	rot_line_precue: ori = 24.81203232185587
32.5497 	EXP 	rot_line_precue: ori = 25.121358910464153
32.5583 	EXP 	rot_line_precue: ori = 25.473624015934494
32.5666 	EXP 	rot_line_precue: ori = 25.837953706248083
32.5750 	EXP 	rot_line_precue: ori = 26.1836859179247
32.5830 	EXP 	rot_line_precue: ori = 26.515218819881877
32.5913 	EXP 	rot_line_precue: ori = 27.055553724732526
32.5993 	EXP 	rot_line_precue: ori = 27.362359598946906
32.6076 	EXP 	rot_line_precue: ori = 27.90598951015961
32.6163 	EXP 	rot_line_precue: ori = 28.352692889116135
32.6243 	EXP 	rot_line_precue: ori = 28.648851753948193
32.6326 	EXP 	rot_line_precue: ori = 28.961942764076316
32.6414 	EXP 	rot_line_precue: ori = 29.269118204260423
32.6492 	EXP 	rot_line_precue: ori = 29.641994374442294
32.6576 	EXP 	rot_line_precue: ori = 30.02761331528893
32.6662 	EXP 	rot_line_precue: ori = 30.50580828497598
32.6744 	EXP 	rot_line_precue: ori = 30.839437137502543
32.6826 	EXP 	rot_line_precue: ori = 31.535203691811443
32.6914 	EXP 	rot_line_precue: ori = 32.07575816177717
32.6992 	EXP 	rot_line_precue: ori = 32.568266107241186
32.7078 	EXP 	rot_line_precue: ori = 33.02860152323931
32.7163 	EXP 	rot_line_precue: ori = 33.44222658500776
32.7246 	EXP 	rot_line_precue: ori = 33.775674842276246
32.7329 	EXP 	rot_line_precue: ori = 34.115278350482875
32.7415 	EXP 	rot_line_precue: ori = 34.448036822343646
32.7497 	EXP 	rot_line_precue: ori = 34.82077843227887
32.7583 	EXP 	rot_line_precue: ori = 35.143120766560514
32.7712 	EXP 	rot_line_precue: ori = 35.84527442173243
32.7779 	EXP 	rot_line_precue: ori = 36.40444244324479
32.7839 	EXP 	rot_line_precue: ori = 37.0034667749041
32.7918 	EXP 	rot_line_precue: ori = 37.31017961420262
32.7998 	EXP 	rot_line_precue: ori = 37.64267703073803
32.8085 	EXP 	rot_line_precue: ori = 37.99644882628897
32.8166 	EXP 	rot_line_precue: ori = 38.64368829263338
32.8246 	EXP 	rot_line_precue: ori = 39.23908238438837
32.8330 	EXP 	rot_line_precue: ori = 39.601799926535456
32.8411 	EXP 	rot_line_precue: ori = 39.95205505760979
32.8494 	EXP 	rot_line_precue: ori = 40.305246055808716
32.8578 	EXP 	rot_line_precue: ori = 40.787282269852774
32.8659 	EXP 	rot_line_precue: ori = 41.1059654687869
32.8747 	EXP 	rot_line_precue: ori = 41.6487527144926
32.8830 	EXP 	rot_line_precue: ori = 41.952310492596915
32.8913 	EXP 	rot_line_precue: ori = 42.38068034183744
32.8997 	EXP 	rot_line_precue: ori = 42.68856551179718
32.9078 	EXP 	rot_line_precue: ori = 43.169841187955775
32.9160 	EXP 	rot_line_precue: ori = 43.52159067924197
32.9241 	EXP 	rot_line_precue: ori = 44.15263432000236
32.9330 	EXP 	rot_line_precue: ori = 44.888763095516325
32.9413 	EXP 	rot_line_precue: ori = 45.1867574537861
32.9493 	EXP 	rot_line_precue: ori = 45.94828147284187
32.9580 	EXP 	rot_line_precue: ori = 46.57937453205124
32.9662 	EXP 	rot_line_precue: ori = 47.08869220390356
32.9744 	EXP 	rot_line_precue: ori = 47.48323879144281
32.9832 	EXP 	rot_line_precue: ori = 47.78473507737108
32.9917 	EXP 	rot_line_precue: ori = 48.081292658917256
32.9998 	EXP 	rot_line_precue: ori = 48.394778553449505
33.0082 	EXP 	rot_line_precue: ori = 48.826663294376296
33.0165 	EXP 	rot_line_precue: ori = 49.128669284136585
33.0249 	EXP 	rot_line_precue: ori = 49.43634567375744
33.0333 	EXP 	rot_line_precue: ori = 49.86119340022969
33.0415 	EXP 	rot_line_precue: ori = 50.1633763354794
33.0503 	EXP 	rot_line_precue: ori = 50.639718203516544
33.0583 	EXP 	rot_line_precue: ori = 50.964069490644334
33.0662 	EXP 	rot_line_precue: ori = 51.32255491438392
33.0741 	EXP 	rot_line_precue: ori = 51.84322997455524
33.0830 	EXP 	rot_line_precue: ori = 52.142847639389046
33.0917 	EXP 	rot_line_precue: ori = 52.47856020836107
33.0996 	EXP 	rot_line_precue: ori = 52.77642590617823
33.1081 	EXP 	rot_line_precue: ori = 53.14088217766893
33.1161 	EXP 	rot_line_precue: ori = 53.46456413734264
33.1243 	EXP 	rot_line_precue: ori = 53.79561430443414
33.1331 	EXP 	rot_line_precue: ori = 54.10428375536725
33.1411 	EXP 	rot_line_precue: ori = 54.4918332332015
33.1496 	EXP 	rot_line_precue: ori = 54.79302220786433
33.1576 	EXP 	rot_line_precue: ori = 55.09333412477164
33.1664 	EXP 	rot_line_precue: ori = 55.4136334249999
33.1743 	EXP 	rot_line_precue: ori = 55.82920779185476
33.1826 	EXP 	rot_line_precue: ori = 56.1931402500876
33.1912 	EXP 	rot_line_precue: ori = 56.638107431636996
33.1993 	EXP 	rot_line_precue: ori = 56.9810331083993
33.2082 	EXP 	rot_line_precue: ori = 57.30688399023434
33.2163 	EXP 	rot_line_precue: ori = 57.696131961029394
33.2246 	EXP 	rot_line_precue: ori = 58.00910349931716
33.2333 	EXP 	rot_line_precue: ori = 58.31845193579955
33.2413 	EXP 	rot_line_precue: ori = 58.64587709404488
33.2495 	EXP 	rot_line_precue: ori = 59.06997528952156
33.2580 	EXP 	rot_line_precue: ori = 59.55577146990982
33.2666 	EXP 	rot_line_precue: ori = 59.86436133185921
33.2749 	EXP 	rot_line_precue: ori = 60.19058243196104
33.2829 	EXP 	rot_line_precue: ori = 60.631491803864336
33.2916 	EXP 	rot_line_precue: ori = 61.234694221480574
33.3000 	EXP 	rot_line_precue: ori = 61.664745386547445
33.3079 	EXP 	rot_line_precue: ori = 62.06615922121549
33.3158 	EXP 	rot_line_precue: ori = 62.48026033963881
33.3246 	EXP 	rot_line_precue: ori = 62.77806616269794
33.3327 	EXP 	rot_line_precue: ori = 63.17843955968522
33.3415 	EXP 	rot_line_precue: ori = 63.48075497970318
33.3495 	EXP 	rot_line_precue: ori = 63.87984211609003
33.3580 	EXP 	rot_line_precue: ori = 64.59819878591172
33.3661 	EXP 	rot_line_precue: ori = 64.99698925586955
33.3746 	EXP 	rot_line_precue: ori = 65.34996543248936
33.3827 	EXP 	rot_line_precue: ori = 65.72620826130273
33.3909 	EXP 	rot_line_precue: ori = 66.10917790873191
33.3997 	EXP 	rot_line_precue: ori = 66.61906021327754
33.4074 	EXP 	rot_line_precue: ori = 66.91475995746666
33.4161 	EXP 	rot_line_precue: ori = 67.28814275353321
33.4246 	EXP 	rot_line_precue: ori = 67.62564156642974
33.4331 	EXP 	rot_line_precue: ori = 68.07722588621264
33.4417 	EXP 	rot_line_precue: ori = 68.68007342995003
33.4498 	EXP 	rot_line_precue: ori = 68.98540013692676
33.4579 	EXP 	rot_line_precue: ori = 69.28315912526439
33.4661 	EXP 	rot_line_precue: ori = 69.6087173267726
33.4747 	EXP 	rot_line_precue: ori = 69.94731342654471
33.4826 	EXP 	rot_line_precue: ori = 70.43909279742935
33.4910 	EXP 	rot_line_precue: ori = 70.75497916023525
33.5001 	EXP 	rot_line_precue: ori = 71.37950253282006
33.5085 	EXP 	rot_line_precue: ori = 71.79481889035715
33.5168 	EXP 	rot_line_precue: ori = 72.17477012027383
33.5247 	EXP 	rot_line_precue: ori = 72.52498639861183
33.5331 	EXP 	rot_line_precue: ori = 72.92968452654186
33.5414 	EXP 	rot_line_precue: ori = 73.6458317302201
33.5502 	EXP 	rot_line_precue: ori = 74.16831437829558
33.5579 	EXP 	rot_line_precue: ori = 74.67665150165791
33.5660 	EXP 	rot_line_precue: ori = 75.02247413353959
33.5742 	EXP 	rot_line_precue: ori = 75.34599797214865
33.5830 	EXP 	rot_line_precue: ori = 75.66925335222905
33.5911 	EXP 	rot_line_precue: ori = 76.3649021700279
33.5992 	EXP 	rot_line_precue: ori = 76.69223684223253
33.6081 	EXP 	rot_line_precue: ori = 77.0296760207931
33.6159 	EXP 	rot_line_precue: ori = 77.33734295898483
33.6245 	EXP 	rot_line_precue: ori = 77.72456110519329
33.6325 	EXP 	rot_line_precue: ori = 78.2480064295093
33.6413 	EXP 	rot_line_precue: ori = 78.61803904584198
33.6493 	EXP 	rot_line_precue: ori = 79.06391874509441
33.6576 	EXP 	rot_line_precue: ori = 79.65569945712392
33.6665 	EXP 	rot_line_precue: ori = 80.01354704918151
33.6753 	EXP 	rot_line_precue: ori = 80.34177333996251
33.6834 	EXP 	rot_line_precue: ori = 80.71471640581994
33.6914 	EXP 	rot_line_precue: ori = 81.1016442924525
33.6995 	EXP 	rot_line_precue: ori = 81.83140554299447
33.7082 	EXP 	rot_line_precue: ori = 82.13164017671316
33.7166 	EXP 	rot_line_precue: ori = 82.72542433261877
33.7245 	EXP 	rot_line_precue: ori = 83.032765925932
33.7332 	EXP 	rot_line_precue: ori = 83.40448090571094
33.7417 	EXP 	rot_line_precue: ori = 83.9474716129826
33.7504 	EXP 	rot_line_precue: ori = 84.56624137595654
33.7522 	EXP 	New trial (rep=7, index=12): <Trial 12 (12 in rep 7) data={'pic_name': 'pics/feet.JPG', 'class_mi': 'feet', 'thisN': 12, 'thisTrialN': 12, 'thisRepN': 7}>
33.7594 	EXP 	hor_line_precue: autoDraw = False
33.7594 	EXP 	ver_line_precue: autoDraw = False
33.7594 	EXP 	rot_line_precue: autoDraw = False
33.7594 	EXP 	rot_line_precue: ori = 84.97214629654931
33.7594 	EXP 	point_left: autoDraw = False
33.7594 	EXP 	point_right: autoDraw = False
33.7594 	EXP 	dot_precue: autoDraw = False
33.7594 	EXP 	hor_line_precue: autoDraw = False
33.7594 	EXP 	ver_line_precue: autoDraw = False
33.7594 	EXP 	rot_line_precue: autoDraw = False
33.7594 	EXP 	point_left: autoDraw = False
33.7594 	EXP 	point_right: autoDraw = False
33.7594 	EXP 	dot_precue: autoDraw = False
33.7594 	EXP 	hor_line_precue: autoDraw = True
33.7594 	EXP 	ver_line_precue: autoDraw = True
33.7594 	EXP 	rot_line_precue: autoDraw = True
33.7594 	EXP 	rot_line_precue: ori = 85.7151946986873
33.7594 	EXP 	point_left: autoDraw = True
33.7594 	EXP 	point_right: autoDraw = True
33.7594 	EXP 	dot_precue: autoDraw = True
33.7673 	EXP 	rot_line_precue: ori = 86.2060546742279
33.7747 	EXP 	rot_line_precue: ori = 86.54529538884017
33.7836 	EXP 	rot_line_precue: ori = 86.84085170507194
33.7911 	EXP 	rot_line_precue: ori = 87.60216576269283
33.7996 	EXP 	rot_line_precue: ori = 88.00170619652982
33.8078 	EXP 	rot_line_precue: ori = 88.42375524229324
33.8159 	EXP 	rot_line_precue: ori = 88.80467596789477
33.8246 	EXP 	rot_line_precue: ori = 89.12149281096535
33.8328 	EXP 	rot_line_precue: ori = 89.52101839429875
33.8408 	EXP 	rot_line_precue: ori = 90.04523545151345
33.8496 	EXP 	rot_line_precue: ori = 90.56813062040317
33.8576 	EXP 	rot_line_precue: ori = 90.8642223962052
33.8658 	EXP 	rot_line_precue: ori = 91.25416275824722
33.8747 	EXP 	rot_line_precue: ori = 91.58253954864223
33.8827 	EXP 	rot_line_precue: ori = 92.22192065318167
33.8909 	EXP 	rot_line_precue: ori = 92.75092775878278
33.8998 	EXP 	rot_line_precue: ori = 93.04963812404758
33.9080 	EXP 	rot_line_precue: ori = 93.45785739605537
33.9167 	EXP 	rot_line_precue: ori = 93.78285810760433
33.9249 	EXP 	rot_line_precue: ori = 94.14567922207965
33.9331 	EXP 	rot_line_precue: ori = 94.51473380864627
33.9412 	EXP 	rot_line_precue: ori = 94.8990815367168
33.9497 	EXP 	rot_line_precue: ori = 95.44596138344686
33.9581 	EXP 	rot_line_precue: ori = 95.78056687793918
33.9669 	EXP 	rot_line_precue: ori = 96.11367587712064
33.9749 	EXP 	rot_line_precue: ori = 96.42064354623407
33.9838 	EXP 	rot_line_precue: ori = 96.83922961771268
33.9916 	EXP 	rot_line_precue: ori = 97.18227220077705
33.9998 	EXP 	rot_line_precue: ori = 97.5400983201559
34.0085 	EXP 	rot_line_precue: ori = 97.85403254835563
34.0166 	EXP 	rot_line_precue: ori = 98.24852964218998
34.0246 	EXP 	rot_line_precue: ori = 98.55190941554027
34.0331 	EXP 	rot_line_precue: ori = 98.97934942089427
34.0411 	EXP 	rot_line_precue: ori = 99.45817008123812
34.0493 	EXP 	rot_line_precue: ori = 99.98844453813217
34.0580 	EXP 	rot_line_precue: ori = 100.40005721667707
34.0660 	EXP 	rot_line_precue: ori = 100.91532488364297
34.0750 	EXP 	rot_line_precue: ori = 101.59690934601119
34.0830 	EXP 	rot_line_precue: ori = 102.30542245839501
34.0909 	EXP 	rot_line_precue: ori = 102.61695119123613
34.0995 	EXP 	rot_line_precue: ori = 102.91669779082417
34.1074 	EXP 	rot_line_precue: ori = 103.67855796620024
34.1162 	EXP 	rot_line_precue: ori = 104.00315547716433
34.1240 	EXP 	rot_line_precue: ori = 104.46903996447853
34.1333 	EXP 	rot_line_precue: ori = 104.98187710849474
34.1416 	EXP 	rot_line_precue: ori = 105.28263144129775
34.1499 	EXP 	rot_line_precue: ori = 105.6177284538787
34.1581 	EXP 	rot_line_precue: ori = 105.95737004891127
34.1664 	EXP 	rot_line_precue: ori = 106.25360891414844
34.1750 	EXP 	rot_line_precue: ori = 106.58702444001158
34.1833 	EXP 	rot_line_precue: ori = 106.93093744217613
34.1914 	EXP 	rot_line_precue: ori = 107.35831669313262
34.1999 	EXP 	rot_line_precue: ori = 107.69596232179654
34.2083 	EXP 	rot_line_precue: ori = 108.08952393463801
34.2168 	EXP 	rot_line_precue: ori = 108.39752896964946
34.2248 	EXP 	rot_line_precue: ori = 108.72054472252049
34.2337 	EXP 	rot_line_precue: ori = 109.19623230867055
34.2417 	EXP 	rot_line_precue: ori = 109.5521101988963
34.2497 	EXP 	rot_line_precue: ori = 109.88609874486063
34.2583 	EXP 	rot_line_precue: ori = 110.23798902467635
34.2660 	EXP 	rot_line_precue: ori = 110.81246901705295
34.2742 	EXP 	rot_line_precue: ori = 111.16773782825366
34.2827 	EXP 	rot_line_precue: ori = 111.56202065637154
34.2908 	EXP 	rot_line_precue: ori = 112.09770269296814
34.2996 	EXP 	rot_line_precue: ori = 112.42334734324383
34.3077 	EXP 	rot_line_precue: ori = 112.8935874168874
34.3164 	EXP 	rot_line_precue: ori = 113.27287219761601
34.3240 	EXP 	rot_line_precue: ori = 113.58124084261057
34.3329 	EXP 	rot_line_precue: ori = 113.9292517307588
34.3419 	EXP 	rot_line_precue: ori = 114.60222110408034
34.3493 	EXP 	rot_line_precue: ori = 114.9788834580163
34.3578 	EXP 	rot_line_precue: ori = 115.55318621261306
34.3660 	EXP 	rot_line_precue: ori = 115.86107632224088
34.3748 	EXP 	rot_line_precue: ori = 116.1655678505724
34.3836 	EXP 	rot_line_precue: ori = 116.48666416341462
34.3915 	EXP 	rot_line_precue: ori = 116.86121315130076
34.3998 	EXP 	rot_line_precue: ori = 117.24454284211532
34.4080 	EXP 	rot_line_precue: ori = 117.79167104605851
34.4168 	EXP 	rot_line_precue: ori = 118.15974874641185
34.4246 	EXP 	rot_line_precue: ori = 118.71268231956371
34.4336 	EXP 	rot_line_precue: ori = 119.24514328736073
34.4415 	EXP 	rot_line_precue: ori = 119.71102273251097
34.4498 	EXP 	rot_line_precue: ori = 120.39206302982743
34.4582 	EXP 	rot_line_precue: ori = 120.7672470372459
34.4668 	EXP 	rot_line_precue: ori = 121.38644186102695
34.4749 	EXP 	rot_line_precue: ori = 121.72639146064064
34.4830 	EXP 	rot_line_precue: ori = 122.12548112975246
34.4918 	EXP 	rot_line_precue: ori = 122.67211039967474
34.4994 	EXP 	rot_line_precue: ori = 123.0494464762039
34.5079 	EXP 	rot_line_precue: ori = 123.4267434117272
34.5159 	EXP 	rot_line_precue: ori = 123.73159293816713
34.5241 	EXP 	rot_line_precue: ori = 124.0634481187364
34.5331 	EXP 	rot_line_precue: ori = 124.41234605645779
34.5410 	EXP 	rot_line_precue: ori = 124.97724657772112
34.5502 	EXP 	rot_line_precue: ori = 125.30913774829538
34.5581 	EXP 	rot_line_precue: ori = 125.6857782742927
34.5661 	EXP 	rot_line_precue: ori = 126.00339174271564
34.5742 	EXP 	rot_line_precue: ori = 126.44364580948829
34.5830 	EXP 	rot_line_precue: ori = 126.82621071568752
34.5910 	EXP 	rot_line_precue: ori = 127.22291403828616
34.5991 	EXP 	rot_line_precue: ori = 127.53102257710884
34.6076 	EXP 	rot_line_precue: ori = 127.83114451511719
34.6162 	EXP 	rot_line_precue: ori = 128.15293455334182
34.6249 	EXP 	rot_line_precue: ori = 128.49372578432778
34.6332 	EXP 	rot_line_precue: ori = 128.81692206506776
34.6414 	EXP 	rot_line_precue: ori = 129.1880218158918
34.6501 	EXP 	rot_line_precue: ori = 129.50618740878943
34.6582 	EXP 	rot_line_precue: ori = 129.8167221733636
34.6663 	EXP 	rot_line_precue: ori = 130.16636520525856
34.6744 	EXP 	rot_line_precue: ori = 130.47652325760183
34.6833 	EXP 	rot_line_precue: ori = 130.77970546813782
34.6921 	EXP 	rot_line_precue: ori = 131.08339764311606
34.6997 	EXP 	rot_line_precue: ori = 131.47081573711276
34.7084 	EXP 	rot_line_precue: ori = 131.82566398160992
34.7164 	EXP 	rot_line_precue: ori = 132.12942114149376
34.7245 	EXP 	rot_line_precue: ori = 132.6637523113207
34.7330 	EXP 	rot_line_precue: ori = 133.20056359255682
34.7413 	EXP 	rot_line_precue: ori = 133.49956620925082
34.7494 	EXP 	rot_line_precue: ori = 133.8475300214966
34.7584 	EXP 	rot_line_precue: ori = 134.18529507157385
34.7669 	EXP 	rot_line_precue: ori = 134.64098485420078
34.7748 	EXP 	rot_line_precue: ori = 135.03738481315813
34.7830 	EXP 	rot_line_precue: ori = 135.74085167794883
34.7910 	EXP 	rot_line_precue: ori = 136.05585700824483
34.7995 	EXP 	rot_line_precue: ori = 136.41199033867184
34.8078 	EXP 	rot_line_precue: ori = 136.7196536182269
34.8165 	EXP 	rot_line_precue: ori = 137.13901723213624
34.8244 	EXP 	rot_line_precue: ori = 137.4561017259862
34.8326 	EXP 	rot_line_precue: ori = 137.83464775090096
34.8409 	EXP 	rot_line_precue: ori = 138.21335911879055
34.8497 	EXP 	rot_line_precue: ori = 138.59624483942213
34.8588 	EXP 	rot_line_precue: ori = 139.07911985352567
34.8666 	EXP 	rot_line_precue: ori = 139.4236460796797
34.8746 	EXP 	rot_line_precue: ori = 140.1296240792821
34.8835 	EXP 	rot_line_precue: ori = 140.42955193730523
34.8916 	EXP 	rot_line_precue: ori = 140.7534753265726
34.8995 	EXP 	rot_line_precue: ori = 141.33605099339013
34.9076 	EXP 	rot_line_precue: ori = 141.66177754020765
34.9163 	EXP 	rot_line_precue: ori = 142.02682383087904
34.9251 	EXP 	rot_line_precue: ori = 142.38784325642897
34.9334 	EXP 	rot_line_precue: ori = 142.71867003306798
34.9420 	EXP 	rot_line_precue: ori = 143.05797005456563
34.9500 	EXP 	rot_line_precue: ori = 143.44326183412622
34.9593 	EXP 	rot_line_precue: ori = 143.77622459296666
34.9681 	EXP 	rot_line_precue: ori = 144.0767444911024
34.9767 	EXP 	rot_line_precue: ori = 144.39705066222547
34.9849 	EXP 	rot_line_precue: ori = 144.73259669457568
34.9923 	EXP 	rot_line_precue: ori = 145.08982326678304
35.0000 	EXP 	rot_line_precue: ori = 145.42807439536708
35.0076 	EXP 	rot_line_precue: ori = 145.73631764548853
35.0167 	EXP 	rot_line_precue: ori = 146.06181609507513
35.0243 	EXP 	rot_line_precue: ori = 146.39058779802642
35.0329 	EXP 	rot_line_precue: ori = 146.86298648594382
35.0409 	EXP 	rot_line_precue: ori = 147.1659100521802
35.0492 	EXP 	rot_line_precue: ori = 147.7754828036426
35.0581 	EXP 	rot_line_precue: ori = 148.31033029712975
35.0659 	EXP 	rot_line_precue: ori = 148.60750375588214
35.0743 	EXP 	rot_line_precue: ori = 149.1087833093806
35.0831 	EXP 	rot_line_precue: ori = 149.52921292152757
35.0910 	EXP 	rot_line_precue: ori = 149.8617727842652
35.0994 	EXP 	rot_line_precue: ori = 150.49246148013276
35.1082 	EXP 	rot_line_precue: ori = 150.79839463504135
35.1164 	EXP 	rot_line_precue: ori = 151.2117973456087
35.1249 	EXP 	rot_line_precue: ori = 151.52302684040944
35.1333 	EXP 	rot_line_precue: ori = 151.90279691430572
35.1414 	EXP 	rot_line_precue: ori = 152.20533006978494
35.1501 	EXP 	rot_line_precue: ori = 152.5035613837481
35.1577 	EXP 	rot_line_precue: ori = 153.08037737280867
35.1674 	EXP 	rot_line_precue: ori = 153.48190722753048
35.1748 	EXP 	rot_line_precue: ori = 153.8384098341341
35.1832 	EXP 	rot_line_precue: ori = 154.34078518945924
35.1916 	EXP 	rot_line_precue: ori = 154.67864544510306
35.1999 	EXP 	rot_line_precue: ori = 155.0343964815916
35.2083 	EXP 	rot_line_precue: ori = 155.33477985578656
35.2164 	EXP 	rot_line_precue: ori = 155.6477740419647
35.2243 	EXP 	rot_line_precue: ori = 155.97384905029728
35.2327 	EXP 	rot_line_precue: ori = 156.32751117026385
35.2414 	EXP 	rot_line_precue: ori = 156.6715176275643
35.2494 	EXP 	rot_line_precue: ori = 156.98214042293858
35.2576 	EXP 	rot_line_precue: ori = 157.56814310776045
35.2663 	EXP 	rot_line_precue: ori = 157.92372900433858
35.2753 	EXP 	rot_line_precue: ori = 158.3320667826047
35.2827 	EXP 	rot_line_precue: ori = 158.67233727053966
35.2907 	EXP 	rot_line_precue: ori = 159.17086498627017
35.2995 	EXP 	rot_line_precue: ori = 159.65997815452693
35.3075 	EXP 	rot_line_precue: ori = 160.1860091054669
35.3163 	EXP 	rot_line_precue: ori = 160.6731827439442
35.3246 	EXP 	rot_line_precue: ori = 161.45307376516843
35.3325 	EXP 	rot_line_precue: ori = 161.895758174789
35.3415 	EXP 	rot_line_precue: ori = 162.41333111512165
35.3496 	EXP 	rot_line_precue: ori = 162.75369664560105
35.3581 	EXP 	rot_line_precue: ori = 163.28288737235698
35.3668 	EXP 	rot_line_precue: ori = 163.6917843077991
35.3750 	EXP 	rot_line_precue: ori = 164.02517846457147
35.3832 	EXP 	rot_line_precue: ori = 164.41215531060143
35.3912 	EXP 	rot_line_precue: ori = 164.8153421763904
35.4002 	EXP 	rot_line_precue: ori = 165.16255690710113
35.4089 	EXP 	rot_line_precue: ori = 165.61567626669316
35.4178 	EXP 	rot_line_precue: ori = 165.93624447235558
35.4256 	EXP 	rot_line_precue: ori = 166.24653701351136
35.4335 	EXP 	rot_line_precue: ori = 166.57060204882347
35.4415 	EXP 	rot_line_precue: ori = 167.07682555687632
35.4496 	EXP 	rot_line_precue: ori = 167.41893939969418
35.4586 	EXP 	rot_line_precue: ori = 167.74212564611716
35.4668 	EXP 	rot_line_precue: ori = 168.28488969107343
35.4749 	EXP 	rot_line_precue: ori = 168.63163970468187
35.4832 	EXP 	rot_line_precue: ori = 169.01029453435441
35.4916 	EXP 	rot_line_precue: ori = 169.3328331427074
35.4999 	EXP 	rot_line_precue: ori = 169.63777068542595
35.5079 	EXP 	rot_line_precue: ori = 169.9862436217284
35.5170 	EXP 	rot_line_precue: ori = 170.3103898986277
35.5245 	EXP 	rot_line_precue: ori = 170.71185572011993
35.5328 	EXP 	rot_line_precue: ori = 171.02890908585874
35.5412 	EXP 	rot_line_precue: ori = 171.42597090929536
35.5493 	EXP 	rot_line_precue: ori = 171.85694256595485
35.5581 	EXP 	rot_line_precue: ori = 172.6579624706137
35.5662 	EXP 	rot_line_precue: ori = 172.96585398054762
35.5742 	EXP 	rot_line_precue: ori = 173.3268788870073
35.5828 	EXP 	rot_line_precue: ori = 173.70880840072496
35.5920 	EXP 	rot_line_precue: ori = 174.01444643952482
35.5997 	EXP 	rot_line_precue: ori = 174.34904499137937
35.6081 	EXP 	rot_line_precue: ori = 174.83363874358812
35.6168 	EXP 	rot_line_precue: ori = 175.19705271378072
35.6253 	EXP 	rot_line_precue: ori = 175.5850326196068
35.6339 	EXP 	rot_line_precue: ori = 175.9158574144959
35.6415 	EXP 	rot_line_precue: ori = 176.21515048523483
35.6500 	EXP 	rot_line_precue: ori = 176.63930499063434
35.6589 	EXP 	rot_line_precue: ori = 177.17136562996907
35.6682 	EXP 	rot_line_precue: ori = 177.52077347991835
35.6755 	EXP 	rot_line_precue: ori = 178.01575638646318
35.6836 	EXP 	rot_line_precue: ori = 178.3387712212201
35.6919 	EXP 	rot_line_precue: ori = 178.79655973032808
35.7002 	EXP 	rot_line_precue: ori = 179.1002965035236
35.7081 	EXP 	rot_line_precue: ori = 179.77769537144073
35.7162 	EXP 	rot_line_precue: ori = 180.1407994200901
35.7242 	EXP 	rot_line_precue: ori = 180.51867207660797
35.7335 	EXP 	rot_line_precue: ori = 180.8222321581931
35.7413 	EXP 	rot_line_precue: ori = 181.36172316076508
35.7493 	EXP 	rot_line_precue: ori = 181.65821874327222
35.7508 	EXP 	New trial (rep=1, index=13): <Trial 13 (13 in rep 1) data={'pic_name': 'pics/none.JPG', 'class_mi': 'rest', 'thisN': 13, 'thisTrialN': 13, 'thisRepN': 1}>
35.7577 	EXP 	hor_line_precue: autoDraw = False
35.7577 	EXP 	ver_line_precue: autoDraw = False
35.7577 	EXP 	rot_line_precue: autoDraw = False
35.7577 	EXP 	rot_line_precue: ori = 181.982369752212
35.7577 	EXP 	point_left: autoDraw = False
35.7577 	EXP 	point_right: autoDraw = False
35.7577 	EXP 	dot_precue: autoDraw = False
35.7577 	EXP 	hor_line_precue: autoDraw = False
35.7577 	EXP 	ver_line_precue: autoDraw = False
35.7577 	EXP 	rot_line_precue: autoDraw = False
35.7577 	EXP 	point_left: autoDraw = False
35.7577 	EXP 	point_right: autoDraw = False
35.7577 	EXP 	dot_precue: autoDraw = False
35.7577 	EXP 	hor_line_precue: autoDraw = True
35.7577 	EXP 	ver_line_precue: autoDraw = True
35.7577 	EXP 	rot_line_precue: autoDraw = True
35.7577 	EXP 	rot_line_precue: ori = 182.3215084299509
35.7577 	EXP 	point_left: autoDraw = True
35.7577 	EXP 	point_right: autoDraw = True
35.7577 	EXP 	dot_precue: autoDraw = True
35.7663 	EXP 	rot_line_precue: ori = 182.63004721785163
35.7744 	EXP 	rot_line_precue: ori = 182.9298948676362
35.7827 	EXP 	rot_line_precue: ori = 183.23092396701867
35.7918 	EXP 	rot_line_precue: ori = 183.7270468280676
35.7996 	EXP 	rot_line_precue: ori = 184.20938608902756
35.8077 	EXP 	rot_line_precue: ori = 184.74422815676436
35.8164 	EXP 	rot_line_precue: ori = 185.1253403056115
35.8245 	EXP 	rot_line_precue: ori = 185.44932148733423
35.8330 	EXP 	rot_line_precue: ori = 185.8251921510967
35.8413 	EXP 	rot_line_precue: ori = 186.12079306920992
35.8499 	EXP 	rot_line_precue: ori = 186.7642405619777
35.8581 	EXP 	rot_line_precue: ori = 187.084972329679
35.8663 	EXP 	rot_line_precue: ori = 187.3943123964254
35.8743 	EXP 	rot_line_precue: ori = 187.77654023887868
35.8828 	EXP 	rot_line_precue: ori = 188.10925703418096
35.8908 	EXP 	rot_line_precue: ori = 188.41422842972042
35.8996 	EXP 	rot_line_precue: ori = 188.75818162857323
35.9084 	EXP 	rot_line_precue: ori = 189.21626422731035
35.9167 	EXP 	rot_line_precue: ori = 189.52511346976274
35.9248 	EXP 	rot_line_precue: ori = 189.88135536725687
35.9330 	EXP 	rot_line_precue: ori = 190.23674468838738
35.9418 	EXP 	rot_line_precue: ori = 190.6470659340748
35.9497 	EXP 	rot_line_precue: ori = 191.06506310845316
35.9582 	EXP 	rot_line_precue: ori = 191.45350387523655
35.9666 	EXP 	rot_line_precue: ori = 191.77786672748323
35.9748 	EXP 	rot_line_precue: ori = 192.09795099732992
35.9829 	EXP 	rot_line_precue: ori = 192.4100898410677
35.9916 	EXP 	rot_line_precue: ori = 192.80603308394384
36.0000 	EXP 	rot_line_precue: ori = 193.23165563524918
36.0080 	EXP 	rot_line_precue: ori = 193.55238815885082
36.0161 	EXP 	rot_line_precue: ori = 193.89900114924268
36.0247 	EXP 	rot_line_precue: ori = 194.3238330935174
36.0327 	EXP 	rot_line_precue: ori = 194.71490917505454
36.0413 	EXP 	rot_line_precue: ori = 195.01722898221263
36.0492 	EXP 	rot_line_precue: ori = 195.76945728507087
36.0588 	EXP 	rot_line_precue: ori = 196.16606435674151
36.0673 	EXP 	rot_line_precue: ori = 196.66586833692938
36.0751 	EXP 	rot_line_precue: ori = 196.96799186778944
36.0832 	EXP 	rot_line_precue: ori = 197.26355128912
36.0913 	EXP 	rot_line_precue: ori = 197.5888802311316
36.1001 	EXP 	rot_line_precue: ori = 198.00241808105775
36.1082 	EXP 	rot_line_precue: ori = 198.34457482154593
36.1164 	EXP 	rot_line_precue: ori = 198.6439188691659
36.1243 	EXP 	rot_line_precue: ori = 198.96463889600886
36.1330 	EXP 	rot_line_precue: ori = 199.27958022311998
36.1421 	EXP 	rot_line_precue: ori = 199.72838434878676
36.1501 	EXP 	rot_line_precue: ori = 200.0472870365706
36.1581 	EXP 	rot_line_precue: ori = 200.43269364079868
36.1663 	EXP 	rot_line_precue: ori = 200.76655062383725
36.1749 	EXP 	rot_line_precue: ori = 201.22490434906823
36.1835 	EXP 	rot_line_precue: ori = 201.62030892478163
36.1919 	EXP 	rot_line_precue: ori = 201.97384250858013
36.1998 	EXP 	rot_line_precue: ori = 202.28239186800025
36.2078 	EXP 	rot_line_precue: ori = 202.57832180162552
36.2165 	EXP 	rot_line_precue: ori = 202.93707809756054
36.2244 	EXP 	rot_line_precue: ori = 203.37288907235697
36.2330 	EXP 	rot_line_precue: ori = 203.79833777853145
36.2412 	EXP 	rot_line_precue: ori = 204.20105774263803
36.2494 	EXP 	rot_line_precue: ori = 204.62139752656512
36.2577 	EXP 	rot_line_precue: ori = 204.9224268695069
36.2663 	EXP 	rot_line_precue: ori = 205.4007076491082
36.2745 	EXP 	rot_line_precue: ori = 205.8991376958307
36.2838 	EXP 	rot_line_precue: ori = 206.19989946001238
36.2916 	EXP 	rot_line_precue: ori = 206.62249528832973
36.2997 	EXP 	rot_line_precue: ori = 206.95453908949443
36.3083 	EXP 	rot_line_precue: ori = 207.25941321519483
36.3163 	EXP 	rot_line_precue: ori = 207.67566762848944
36.3249 	EXP 	rot_line_precue: ori = 208.4496858466084
36.3331 	EXP 	rot_line_precue: ori = 208.77273368932578
36.3416 	EXP 	rot_line_precue: ori = 209.23561411206967
36.3501 	EXP 	rot_line_precue: ori = 209.9081455742914
36.3581 	EXP 	rot_line_precue: ori = 210.4069775780686
36.3668 	EXP 	rot_line_precue: ori = 210.77471118751328
36.3749 	EXP 	rot_line_precue: ori = 211.14232546829268
36.3836 	EXP 	rot_line_precue: ori = 211.45202229572755
36.3918 	EXP 	rot_line_precue: ori = 211.89650081034685
36.4009 	EXP 	rot_line_precue: ori = 212.350100146459
36.4095 	EXP 	rot_line_precue: ori = 212.77675409834546
36.4168 	EXP 	rot_line_precue: ori = 213.10429796547464
36.4254 	EXP 	rot_line_precue: ori = 213.61683911673754
36.4329 	EXP 	rot_line_precue: ori = 214.0403476301732
36.4415 	EXP 	rot_line_precue: ori = 214.35803155632152
36.4498 	EXP 	rot_line_precue: ori = 214.86929274957706
36.4577 	EXP 	rot_line_precue: ori = 215.52542225230403
36.4660 	EXP 	rot_line_precue: ori = 215.82530836993573
36.4745 	EXP 	rot_line_precue: ori = 216.1268228875523
36.4829 	EXP 	rot_line_precue: ori = 216.45454841285417
36.4912 	EXP 	rot_line_precue: ori = 216.76254935769492
36.5001 	EXP 	rot_line_precue: ori = 217.23758444062867
36.5087 	EXP 	rot_line_precue: ori = 217.6844321432431
36.5161 	EXP 	rot_line_precue: ori = 218.14233411441097
36.5241 	EXP 	rot_line_precue: ori = 218.45544721797253
36.5330 	EXP 	rot_line_precue: ori = 219.11001871112134
36.5412 	EXP 	rot_line_precue: ori = 219.41650158691002
36.5496 	EXP 	rot_line_precue: ori = 219.74850139965437
36.5580 	EXP 	rot_line_precue: ori = 220.07608860928764
36.5669 	EXP 	rot_line_precue: ori = 220.5195399596405
36.5749 	EXP 	rot_line_precue: ori = 220.90013745018004
36.5831 	EXP 	rot_line_precue: ori = 221.3633663282479
36.5912 	EXP 	rot_line_precue: ori = 221.66353327762832
36.5997 	EXP 	rot_line_precue: ori = 222.03857715429095
36.6089 	EXP 	rot_line_precue: ori = 222.37805009327622
36.6169 	EXP 	rot_line_precue: ori = 222.765784897143
36.6248 	EXP 	rot_line_precue: ori = 223.09862295225585
36.6335 	EXP 	rot_line_precue: ori = 223.43003279955295
36.6415 	EXP 	rot_line_precue: ori = 223.73000332206433
36.6504 	EXP 	rot_line_precue: ori = 224.31339993163743
36.6583 	EXP 	rot_line_precue: ori = 224.68905333678535
36.6663 	EXP 	rot_line_precue: ori = 225.1700988601178
36.6744 	EXP 	rot_line_precue: ori = 225.70464144080728
36.6830 	EXP 	rot_line_precue: ori = 226.0477011529578
36.6912 	EXP 	rot_line_precue: ori = 226.56444368977574
36.6991 	EXP 	rot_line_precue: ori = 226.8735826057156
36.7086 	EXP 	rot_line_precue: ori = 227.28859921411313
36.7163 	EXP 	rot_line_precue: ori = 227.59949674918036
36.7245 	EXP 	rot_line_precue: ori = 227.9197188578558
36.7325 	EXP 	rot_line_precue: ori = 228.41122688944236
36.7413 	EXP 	rot_line_precue: ori = 228.71672771017685
36.7492 	EXP 	rot_line_precue: ori = 229.15318473994174
36.7575 	EXP 	rot_line_precue: ori = 229.4914638244557
36.7664 	EXP 	rot_line_precue: ori = 229.80383127852286
36.7745 	EXP 	rot_line_precue: ori = 230.10809439109252
36.7833 	EXP 	rot_line_precue: ori = 230.410154761539
36.7914 	EXP 	rot_line_precue: ori = 230.84027609878473
36.7996 	EXP 	rot_line_precue: ori = 231.1496009401798
36.8081 	EXP 	rot_line_precue: ori = 231.50865983122878
36.8165 	EXP 	rot_line_precue: ori = 231.81001701479886
36.8246 	EXP 	rot_line_precue: ori = 232.1061277443111
36.8336 	EXP 	rot_line_precue: ori = 232.46032777198707
36.8415 	EXP 	rot_line_precue: ori = 232.84458197451374
36.8499 	EXP 	rot_line_precue: ori = 233.59145937808944
36.8582 	EXP 	rot_line_precue: ori = 233.93596822396398
36.8673 	EXP 	rot_line_precue: ori = 234.2487923866937
36.8750 	EXP 	rot_line_precue: ori = 234.58176337167524
36.8837 	EXP 	rot_line_precue: ori = 234.91579579345114
36.8916 	EXP 	rot_line_precue: ori = 235.2602011104542
36.8996 	EXP 	rot_line_precue: ori = 235.80153174471064
36.9077 	EXP 	rot_line_precue: ori = 236.10153706072663
36.9165 	EXP 	rot_line_precue: ori = 236.44502982266812
36.9246 	EXP 	rot_line_precue: ori = 236.79878915420974
36.9328 	EXP 	rot_line_precue: ori = 237.0988503394008
36.9410 	EXP 	rot_line_precue: ori = 237.6804920692903
36.9495 	EXP 	rot_line_precue: ori = 238.12665954390565
36.9578 	EXP 	rot_line_precue: ori = 238.4836941541798
36.9659 	EXP 	rot_line_precue: ori = 238.9234870191707
36.9748 	EXP 	rot_line_precue: ori = 239.26807798064777
36.9828 	EXP 	rot_line_precue: ori = 239.6875042419812
36.9910 	EXP 	rot_line_precue: ori = 239.98530103152532
36.9997 	EXP 	rot_line_precue: ori = 240.50551274093954
37.0080 	EXP 	rot_line_precue: ori = 240.82911974401026
37.0166 	EXP 	rot_line_precue: ori = 241.1644646487982
37.0256 	EXP 	rot_line_precue: ori = 241.83077816451885
37.0336 	EXP 	rot_line_precue: ori = 242.28880124951746
37.0419 	EXP 	rot_line_precue: ori = 242.69144814652927
37.0497 	EXP 	rot_line_precue: ori = 243.00708545598923
37.0584 	EXP 	rot_line_precue: ori = 243.30381514245175
37.0665 	EXP 	rot_line_precue: ori = 243.7396150801164
37.0754 	EXP 	rot_line_precue: ori = 244.21456331705392
37.0839 	EXP 	rot_line_precue: ori = 244.76425852295392
37.0925 	EXP 	rot_line_precue: ori = 245.43280366090326
37.1008 	EXP 	rot_line_precue: ori = 245.7386549098649
37.1085 	EXP 	rot_line_precue: ori = 246.17319434331534
37.1168 	EXP 	rot_line_precue: ori = 246.8734421069175
37.1248 	EXP 	rot_line_precue: ori = 247.38291130855052
37.1330 	EXP 	rot_line_precue: ori = 247.68077383526108
37.1412 	EXP 	rot_line_precue: ori = 247.99415971605677
37.1494 	EXP 	rot_line_precue: ori = 248.32844334669582
37.1581 	EXP 	rot_line_precue: ori = 248.6248627038296
37.1660 	EXP 	rot_line_precue: ori = 248.96037501253042
37.1743 	EXP 	rot_line_precue: ori = 249.43514119927212
37.1830 	EXP 	rot_line_precue: ori = 249.9037889942077
37.1911 	EXP 	rot_line_precue: ori = 250.22320848906557
37.1991 	EXP 	rot_line_precue: ori = 250.76287161792163
37.2076 	EXP 	rot_line_precue: ori = 251.0718826389123
37.2161 	EXP 	rot_line_precue: ori = 251.71737591320473
37.2243 	EXP 	rot_line_precue: ori = 252.33254258277887
37.2330 	EXP 	rot_line_precue: ori = 252.6691161146395
37.2415 	EXP 	rot_line_precue: ori = 252.9666329779098
37.2494 	EXP 	rot_line_precue: ori = 253.3679983851114
37.2583 	EXP 	rot_line_precue: ori = 254.02385493936384
37.2665 	EXP 	rot_line_precue: ori = 254.3563913737608
37.2750 	EXP 	rot_line_precue: ori = 254.88407255160632
37.2834 	EXP 	rot_line_precue: ori = 255.54355828611443
37.2915 	EXP 	rot_line_precue: ori = 256.1979808362524
37.2995 	EXP 	rot_line_precue: ori = 256.65688867369227
37.3082 	EXP 	rot_line_precue: ori = 257.0354013620916
37.3166 	EXP 	rot_line_precue: ori = 257.3351130948163
37.3247 	EXP 	rot_line_precue: ori = 257.644381173851
37.3334 	EXP 	rot_line_precue: ori = 257.96130802393697
37.3415 	EXP 	rot_line_precue: ori = 258.50418151244304
37.3497 	EXP 	rot_line_precue: ori = 258.90891480777174
37.3584 	EXP 	rot_line_precue: ori = 259.2565620477238
37.3666 	EXP 	rot_line_precue: ori = 259.622334919955
37.3744 	EXP 	rot_line_precue: ori = 259.9198888367528
37.3828 	EXP 	rot_line_precue: ori = 260.2901991465539
37.3914 	EXP 	rot_line_precue: ori = 260.8258049494012
37.3995 	EXP 	rot_line_precue: ori = 261.2605030290322
37.4077 	EXP 	rot_line_precue: ori = 261.6092345542953
37.4166 	EXP 	rot_line_precue: ori = 262.2979273230715
37.4258 	EXP 	rot_line_precue: ori = 262.61663487879815
37.4326 	EXP 	rot_line_precue: ori = 262.9891989535129
37.4415 	EXP 	rot_line_precue: ori = 263.4187548058622
37.4498 	EXP 	rot_line_precue: ori = 263.71639148753655
37.4578 	EXP 	rot_line_precue: ori = 264.26668173537024
37.4658 	EXP 	rot_line_precue: ori = 264.5627421860555
37.4744 	EXP 	rot_line_precue: ori = 264.91938762922905
37.4830 	EXP 	rot_line_precue: ori = 265.21980455192244
37.4915 	EXP 	rot_line_precue: ori = 265.5393271058188
37.4998 	EXP 	rot_line_precue: ori = 265.8425279350811
37.5085 	EXP 	rot_line_precue: ori = 266.17500738439134
37.5166 	EXP 	rot_line_precue: ori = 266.48633522751913
37.5252 	EXP 	rot_line_precue: ori = 266.9291666864931
37.5334 	EXP 	rot_line_precue: ori = 267.6237466779764
37.5411 	EXP 	rot_line_precue: ori = 267.9531068831571
37.5498 	EXP 	rot_line_precue: ori = 268.24930777903654
37.5583 	EXP 	rot_line_precue: ori = 268.5536054561424
37.5670 	EXP 	rot_line_precue: ori = 268.8587057333027
37.5750 	EXP 	rot_line_precue: ori = 269.1715224327884
37.5834 	EXP 	rot_line_precue: ori = 269.56219372984657
37.5918 	EXP 	rot_line_precue: ori = 269.86548652241635
37.6003 	EXP 	rot_line_precue: ori = 270.21852601654007
37.6079 	EXP 	rot_line_precue: ori = 271.003638216961
37.6161 	EXP 	rot_line_precue: ori = 271.3189104859005
37.6252 	EXP 	rot_line_precue: ori = 271.7100886921765
37.6329 	EXP 	rot_line_precue: ori = 272.168363569278
37.6416 	EXP 	rot_line_precue: ori = 272.69287081614186
37.6494 	EXP 	rot_line_precue: ori = 273.057397945216
37.6582 	EXP 	rot_line_precue: ori = 273.8139543262361
37.6663 	EXP 	rot_line_precue: ori = 274.24510449240734
37.6749 	EXP 	rot_line_precue: ori = 274.5783758987321
37.6829 	EXP 	rot_line_precue: ori = 274.9143726512116
37.6910 	EXP 	rot_line_precue: ori = 275.21550753384935
37.6991 	EXP 	rot_line_precue: ori = 275.69486517903135
37.7079 	EXP 	rot_line_precue: ori = 276.1173711145336
37.7157 	EXP 	rot_line_precue: ori = 276.42307591620755
37.7246 	EXP 	rot_line_precue: ori = 276.7616881648057
37.7331 	EXP 	rot_line_precue: ori = 277.18288983538764
37.7416 	EXP 	rot_line_precue: ori = 277.61035883562613
37.7432 	EXP 	New trial (rep=4, index=14): <Trial 14 (14 in rep 4) data={'pic_name': 'pics/left_hand.JPG', 'class_mi': 'left_hand', 'thisN': 14, 'thisTrialN': 14, 'thisRepN': 4}>
37.7502 	EXP 	hor_line_precue: autoDraw = False
37.7502 	EXP 	ver_line_precue: autoDraw = False
37.7502 	EXP 	rot_line_precue: autoDraw = False
37.7502 	EXP 	rot_line_precue: ori = 277.9376911258139
37.7502 	EXP 	point_left: autoDraw = False
37.7502 	EXP 	point_right: autoDraw = False
37.7502 	EXP 	dot_precue: autoDraw = False
37.7502 	EXP 	hor_line_precue: autoDraw = False
37.7502 	EXP 	ver_line_precue: autoDraw = False
37.7502 	EXP 	rot_line_precue: autoDraw = False
37.7502 	EXP 	point_left: autoDraw = False
37.7502 	EXP 	point_right: autoDraw = False
37.7502 	EXP 	dot_precue: autoDraw = False
37.7502 	EXP 	hor_line_precue: autoDraw = True
37.7502 	EXP 	ver_line_precue: autoDraw = True
37.7502 	EXP 	rot_line_precue: autoDraw = True
37.7502 	EXP 	rot_line_precue: ori = 278.25199969529586
37.7502 	EXP 	point_left: autoDraw = True
37.7502 	EXP 	point_right: autoDraw = True
37.7502 	EXP 	dot_precue: autoDraw = True
37.7584 	EXP 	rot_line_precue: ori = 278.5531255677911
37.7665 	EXP 	rot_line_precue: ori = 278.85683957950255
37.7746 	EXP 	rot_line_precue: ori = 279.1896667668312
37.7829 	EXP 	rot_line_precue: ori = 279.5051245591849
37.7913 	EXP 	rot_line_precue: ori = 280.10019113415126
37.8000 	EXP 	rot_line_precue: ori = 280.52621697189124
37.8085 	EXP 	rot_line_precue: ori = 281.0045486662045
37.8165 	EXP 	rot_line_precue: ori = 281.43279274881905
37.8252 	EXP 	rot_line_precue: ori = 282.0924314102049
37.8337 	EXP 	rot_line_precue: ori = 282.53662063180946
37.8414 	EXP 	rot_line_precue: ori = 282.9752561711213
37.8504 	EXP 	rot_line_precue: ori = 283.33210778464206
37.8578 	EXP 	rot_line_precue: ori = 284.05990535136766
37.8667 	EXP 	rot_line_precue: ori = 284.487846054429
37.8747 	EXP 	rot_line_precue: ori = 284.82835896762975
37.8826 	EXP 	rot_line_precue: ori = 285.1538838834484
37.8913 	EXP 	rot_line_precue: ori = 285.4640087708713
37.8997 	EXP 	rot_line_precue: ori = 285.8913988489184
37.9077 	EXP 	rot_line_precue: ori = 286.4072601612045
37.9163 	EXP 	rot_line_precue: ori = 286.8309639236411
37.9246 	EXP 	rot_line_precue: ori = 287.13300358205066
37.9326 	EXP 	rot_line_precue: ori = 287.5255740321854
37.9414 	EXP 	rot_line_precue: ori = 288.1669283023895
37.9492 	EXP 	rot_line_precue: ori = 288.5259003841927
37.9579 	EXP 	rot_line_precue: ori = 288.9016454018036
37.9667 	EXP 	rot_line_precue: ori = 289.22991463274815
37.9751 	EXP 	rot_line_precue: ori = 289.5361536607544
37.9835 	EXP 	rot_line_precue: ori = 289.88066398982244
37.9917 	EXP 	rot_line_precue: ori = 290.61047350700807
37.9998 	EXP 	rot_line_precue: ori = 291.16761983550265
38.0078 	EXP 	rot_line_precue: ori = 291.4642571556345
38.0161 	EXP 	rot_line_precue: ori = 291.9929933433773
38.0247 	EXP 	rot_line_precue: ori = 292.2962928481206
38.0343 	EXP 	rot_line_precue: ori = 292.713592458111
38.0424 	EXP 	rot_line_precue: ori = 293.23794358198256
38.0500 	EXP 	rot_line_precue: ori = 293.72240420594716
38.0584 	EXP 	rot_line_precue: ori = 294.06779033909123
38.0667 	EXP 	rot_line_precue: ori = 294.4351171781801
38.0753 	EXP 	rot_line_precue: ori = 294.80961741328275
38.0835 	EXP 	rot_line_precue: ori = 295.14005066243124
38.0913 	EXP 	rot_line_precue: ori = 295.4559953845702
38.0991 	EXP 	rot_line_precue: ori = 295.856555573387
38.1078 	EXP 	rot_line_precue: ori = 296.29149796021903
38.1160 	EXP 	rot_line_precue: ori = 296.98006742926697
38.1246 	EXP 	rot_line_precue: ori = 297.6575715270207
38.1328 	EXP 	rot_line_precue: ori = 298.0439771578601
38.1412 	EXP 	rot_line_precue: ori = 298.44527256577186
38.1497 	EXP 	rot_line_precue: ori = 298.7663296015793
38.1580 	EXP 	rot_line_precue: ori = 299.3452040059021
38.1661 	EXP 	rot_line_precue: ori = 299.87429607339214
38.1742 	EXP 	rot_line_precue: ori = 300.17024933055023
38.1828 	EXP 	rot_line_precue: ori = 300.6776101534563
38.1914 	EXP 	rot_line_precue: ori = 301.2832880546615
38.1998 	EXP 	rot_line_precue: ori = 301.63435864406097
38.2080 	EXP 	rot_line_precue: ori = 302.01762007489555
38.2163 	EXP 	rot_line_precue: ori = 302.3176539089042
38.2251 	EXP 	rot_line_precue: ori = 302.6471398786146
38.2333 	EXP 	rot_line_precue: ori = 302.9530131201913
38.2421 	EXP 	rot_line_precue: ori = 303.30260086882686
38.2496 	EXP 	rot_line_precue: ori = 303.9538866047926
38.2583 	EXP 	rot_line_precue: ori = 304.2815367929116
38.2665 	EXP 	rot_line_precue: ori = 304.67776260808046
38.2751 	EXP 	rot_line_precue: ori = 304.97974150375177
38.2835 	EXP 	rot_line_precue: ori = 305.7508906221686
38.2916 	EXP 	rot_line_precue: ori = 306.1469639080923
38.3003 	EXP 	rot_line_precue: ori = 306.46818355256795
38.3084 	EXP 	rot_line_precue: ori = 307.03413209747896
38.3166 	EXP 	rot_line_precue: ori = 307.49650095121916
38.3248 	EXP 	rot_line_precue: ori = 308.00769112983977
38.3327 	EXP 	rot_line_precue: ori = 308.66747881582467
38.3413 	EXP 	rot_line_precue: ori = 309.0089827227448
38.3492 	EXP 	rot_line_precue: ori = 309.47169339821744
38.3577 	EXP 	rot_line_precue: ori = 309.8380858998015
38.3664 	EXP 	rot_line_precue: ori = 310.216618924492
38.3744 	EXP 	rot_line_precue: ori = 310.74168533335785
38.3827 	EXP 	rot_line_precue: ori = 311.0917960852693
38.3914 	EXP 	rot_line_precue: ori = 311.6272178039021
38.3991 	EXP 	rot_line_precue: ori = 311.969072940952
38.4079 	EXP 	rot_line_precue: ori = 312.2898608841298
38.4159 	EXP 	rot_line_precue: ori = 312.70460332247006
38.4246 	EXP 	rot_line_precue: ori = 313.1117092553823
38.4329 	EXP 	rot_line_precue: ori = 313.4414609116792
38.4414 	EXP 	rot_line_precue: ori = 313.91531712500654
38.4498 	EXP 	rot_line_precue: ori = 314.30571443063013
38.4588 	EXP 	rot_line_precue: ori = 314.6233138475395
38.4666 	EXP 	rot_line_precue: ori = 315.1101408746862
38.4749 	EXP 	rot_line_precue: ori = 315.44486422922296
38.4828 	EXP 	rot_line_precue: ori = 315.98685516069173
38.4918 	EXP 	rot_line_precue: ori = 316.53767045714943
38.5004 	EXP 	rot_line_precue: ori = 317.1118806099906
38.5085 	EXP 	rot_line_precue: ori = 317.89632017039503
38.5168 	EXP 	rot_line_precue: ori = 318.2047007979736
38.5249 	EXP 	rot_line_precue: ori = 318.5124935697122
38.5337 	EXP 	rot_line_precue: ori = 318.86787023807943
38.5416 	EXP 	rot_line_precue: ori = 319.19610205149837
38.5498 	EXP 	rot_line_precue: ori = 319.53858775167305
38.5578 	EXP 	rot_line_precue: ori = 319.9541042228929
38.5660 	EXP 	rot_line_precue: ori = 320.32701938880314
38.5748 	EXP 	rot_line_precue: ori = 320.73068796434666
38.5827 	EXP 	rot_line_precue: ori = 321.089988262486
38.5912 	EXP 	rot_line_precue: ori = 321.40227823057876
38.5997 	EXP 	rot_line_precue: ori = 321.7829868042786
38.6077 	EXP 	rot_line_precue: ori = 322.150040643815
38.6162 	EXP 	rot_line_precue: ori = 322.56134123718994
38.6246 	EXP 	rot_line_precue: ori = 322.8678342013096
38.6328 	EXP 	rot_line_precue: ori = 323.1737940237183
38.6408 	EXP 	rot_line_precue: ori = 323.4983442127858
38.6491 	EXP 	rot_line_precue: ori = 323.8033604431692
38.6579 	EXP 	rot_line_precue: ori = 324.10388297971195
38.6660 	EXP 	rot_line_precue: ori = 324.6819673033318
38.6742 	EXP 	rot_line_precue: ori = 325.0068243282643
38.6832 	EXP 	rot_line_precue: ori = 325.4371209824662
38.6918 	EXP 	rot_line_precue: ori = 325.7823001877708
38.7004 	EXP 	rot_line_precue: ori = 326.44976801928277
38.7084 	EXP 	rot_line_precue: ori = 326.79451450291117
38.7164 	EXP 	rot_line_precue: ori = 327.4286836420272
38.7251 	EXP 	rot_line_precue: ori = 327.74523102413957
38.7333 	EXP 	rot_line_precue: ori = 328.1280868668772
38.7415 	EXP 	rot_line_precue: ori = 328.53850653750266
38.7500 	EXP 	rot_line_precue: ori = 328.99767507466385
38.7583 	EXP 	rot_line_precue: ori = 329.730653933932
38.7669 	EXP 	rot_line_precue: ori = 330.15901116791025
38.7748 	EXP 	rot_line_precue: ori = 330.5453001481197
38.7834 	EXP 	rot_line_precue: ori = 331.0253719916626
38.7916 	EXP 	rot_line_precue: ori = 331.32893428927235
38.7994 	EXP 	rot_line_precue: ori = 331.94095836380853
38.8076 	EXP 	rot_line_precue: ori = 332.25523140160595
38.8172 	EXP 	rot_line_precue: ori = 332.7200066176766
38.8251 	EXP 	rot_line_precue: ori = 333.45067424183253
38.8329 	EXP 	rot_line_precue: ori = 333.9019579188437
38.8413 	EXP 	rot_line_precue: ori = 334.3913824110552
38.8501 	EXP 	rot_line_precue: ori = 334.9528866627313
38.8581 	EXP 	rot_line_precue: ori = 335.3404140252751
38.8666 	EXP 	rot_line_precue: ori = 335.6943817021663
38.8744 	EXP 	rot_line_precue: ori = 336.0462439720305
38.8826 	EXP 	rot_line_precue: ori = 336.4479512472084
38.8915 	EXP 	rot_line_precue: ori = 336.779513557918
38.8994 	EXP 	rot_line_precue: ori = 337.14761093391263
38.9079 	EXP 	rot_line_precue: ori = 337.71881696165025
38.9165 	EXP 	rot_line_precue: ori = 338.13499462498544
38.9244 	EXP 	rot_line_precue: ori = 338.8700865456762
38.9333 	EXP 	rot_line_precue: ori = 339.3502187143069
38.9414 	EXP 	rot_line_precue: ori = 339.726481002666
38.9498 	EXP 	rot_line_precue: ori = 340.1432756416007
38.9583 	EXP 	rot_line_precue: ori = 340.44561510623566
38.9666 	EXP 	rot_line_precue: ori = 340.76754398603003
38.9747 	EXP 	rot_line_precue: ori = 341.07665976211206
38.9833 	EXP 	rot_line_precue: ori = 341.5940235497751
38.9916 	EXP 	rot_line_precue: ori = 341.96574377740416
38.9999 	EXP 	rot_line_precue: ori = 342.31030864826135
39.0084 	EXP 	rot_line_precue: ori = 342.73147059567793
39.0166 	EXP 	rot_line_precue: ori = 343.17406191066505
39.0249 	EXP 	rot_line_precue: ori = 343.4864129599085
39.0329 	EXP 	rot_line_precue: ori = 344.00615316959244
39.0413 	EXP 	rot_line_precue: ori = 344.36558827575163
39.0498 	EXP 	rot_line_precue: ori = 344.6912214425088
39.0580 	EXP 	rot_line_precue: ori = 345.0383304923966
39.0668 	EXP 	rot_line_precue: ori = 345.369612184335
39.0746 	EXP 	rot_line_precue: ori = 345.70919240704205
39.0828 	EXP 	rot_line_precue: ori = 346.18828906082
39.0910 	EXP 	rot_line_precue: ori = 346.54174485560765
39.0997 	EXP 	rot_line_precue: ori = 346.8638379629313
39.1079 	EXP 	rot_line_precue: ori = 347.23439187619664
39.1170 	EXP 	rot_line_precue: ori = 347.5786534244998
39.1244 	EXP 	rot_line_precue: ori = 347.9309353618857
39.1329 	EXP 	rot_line_precue: ori = 348.3297815540916
39.1411 	EXP 	rot_line_precue: ori = 348.67152100203106
39.1497 	EXP 	rot_line_precue: ori = 349.1333214769927
39.1580 	EXP 	rot_line_precue: ori = 349.5495271109086
39.1661 	EXP 	rot_line_precue: ori = 350.1462347844956
39.1750 	EXP 	rot_line_precue: ori = 350.46757105950735
39.1833 	EXP 	rot_line_precue: ori = 350.7926730740329
39.1919 	EXP 	rot_line_precue: ori = 351.14142924376495
39.2000 	EXP 	rot_line_precue: ori = 351.4634545079682
39.2090 	EXP 	rot_line_precue: ori = 352.196845912812
39.2168 	EXP 	rot_line_precue: ori = 352.6091699951956
39.2250 	EXP 	rot_line_precue: ori = 352.9740479631333
39.2339 	EXP 	rot_line_precue: ori = 353.5629817507124
39.2418 	EXP 	rot_line_precue: ori = 353.96258516255034
39.2500 	EXP 	rot_line_precue: ori = 354.30355909222703
39.2587 	EXP 	rot_line_precue: ori = 354.6423047646737
39.2663 	EXP 	rot_line_precue: ori = 355.3177984836717
39.2745 	EXP 	rot_line_precue: ori = 355.6522989233829
39.2829 	EXP 	rot_line_precue: ori = 356.09174892074066
39.2912 	EXP 	rot_line_precue: ori = 356.4908512476231
39.2993 	EXP 	rot_line_precue: ori = 356.80138177681374
39.3076 	EXP 	rot_line_precue: ori = 357.26415615425475
39.3163 	EXP 	rot_line_precue: ori = 357.6139680113146
39.3255 	EXP 	rot_line_precue: ori = 357.9115573942913
39.3331 	EXP 	rot_line_precue: ori = 358.24278630267355
39.3413 	EXP 	rot_line_precue: ori = 358.53847899022617
39.3493 	EXP 	rot_line_precue: ori = 358.97141991292796
39.3581 	EXP 	rot_line_precue: ori = 359.43874090490783
39.3672 	EXP 	rot_line_precue: ori = 359.76234357360386
39.3746 	EXP 	rot_line_precue: ori = 0.5588701623930774
39.3832 	EXP 	rot_line_precue: ori = 0.9383447885679701
39.3911 	EXP 	rot_line_precue: ori = 1.2649402346316578
39.3997 	EXP 	rot_line_precue: ori = 1.636418542785293
39.4085 	EXP 	rot_line_precue: ori = 2.1380709326378033
39.4166 	EXP 	rot_line_precue: ori = 2.4467615370930567
39.4253 	EXP 	rot_line_precue: ori = 2.7604553012094746
39.4333 	EXP 	rot_line_precue: ori = 3.1025856812697583
39.4415 	EXP 	rot_line_precue: ori = 3.438117624839946
39.4497 	EXP 	rot_line_precue: ori = 3.7438515991388224
39.4583 	EXP 	rot_line_precue: ori = 4.045417446221356
39.4664 	EXP 	rot_line_precue: ori = 4.363245728876563
39.4752 	EXP 	rot_line_precue: ori = 4.741176672721933
39.4835 	EXP 	rot_line_precue: ori = 5.0803670587612135
39.4915 	EXP 	rot_line_precue: ori = 5.426907685057674
39.4999 	EXP 	rot_line_precue: ori = 5.759618395659753
39.5081 	EXP 	rot_line_precue: ori = 6.479639121553273
39.5160 	EXP 	rot_line_precue: ori = 6.789292377002726
39.5255 	EXP 	rot_line_precue: ori = 7.183987959087401
39.5335 	EXP 	rot_line_precue: ori = 7.786610830510456
39.5413 	EXP 	rot_line_precue: ori = 8.168803999135967
39.5497 	EXP 	rot_line_precue: ori = 8.535342015720945
39.5579 	EXP 	rot_line_precue: ori = 8.944381279453511
39.5667 	EXP 	rot_line_precue: ori = 9.355683716542536
39.5744 	EXP 	rot_line_precue: ori = 9.6539457882349
39.5832 	EXP 	rot_line_precue: ori = 10.421807561788677
39.5911 	EXP 	rot_line_precue: ori = 10.869583444056047
39.5997 	EXP 	rot_line_precue: ori = 11.290144870467547
39.6077 	EXP 	rot_line_precue: ori = 11.710937289908149
39.6161 	EXP 	rot_line_precue: ori = 12.162427667153173
39.6248 	EXP 	rot_line_precue: ori = 12.621369353741468
39.6329 	EXP 	rot_line_precue: ori = 12.983593619124251
39.6412 	EXP 	rot_line_precue: ori = 13.3057188203823
39.6500 	EXP 	rot_line_precue: ori = 13.602435012568094
39.6581 	EXP 	rot_line_precue: ori = 13.912826559265234
39.6668 	EXP 	rot_line_precue: ori = 14.241516635754643
39.6749 	EXP 	rot_line_precue: ori = 14.833268637663455
39.6833 	EXP 	rot_line_precue: ori = 15.143823829975554
39.6919 	EXP 	rot_line_precue: ori = 15.529335465856555
39.6997 	EXP 	rot_line_precue: ori = 15.866206502420473
39.7083 	EXP 	rot_line_precue: ori = 16.24832075524841
39.7167 	EXP 	rot_line_precue: ori = 16.61574279219942
39.7247 	EXP 	rot_line_precue: ori = 16.988166325882787
39.7333 	EXP 	rot_line_precue: ori = 17.28520420985027
39.7350 	EXP 	New trial (rep=8, index=15): <Trial 15 (15 in rep 8) data={'pic_name': 'pics/feet.JPG', 'class_mi': 'feet', 'thisN': 15, 'thisTrialN': 15, 'thisRepN': 8}>
39.7429 	EXP 	hor_line_precue: autoDraw = False
39.7429 	EXP 	ver_line_precue: autoDraw = False
39.7429 	EXP 	rot_line_precue: autoDraw = False
39.7429 	EXP 	rot_line_precue: ori = 17.685494388437913
39.7429 	EXP 	point_left: autoDraw = False
39.7429 	EXP 	point_right: autoDraw = False
39.7429 	EXP 	dot_precue: autoDraw = False
39.7429 	EXP 	hor_line_precue: autoDraw = False
39.7429 	EXP 	ver_line_precue: autoDraw = False
39.7429 	EXP 	rot_line_precue: autoDraw = False
39.7429 	EXP 	point_left: autoDraw = False
39.7429 	EXP 	point_right: autoDraw = False
39.7429 	EXP 	dot_precue: autoDraw = False
39.7429 	EXP 	hor_line_precue: autoDraw = True
39.7429 	EXP 	ver_line_precue: autoDraw = True
39.7429 	EXP 	rot_line_precue: autoDraw = True
39.7429 	EXP 	rot_line_precue: ori = 18.00993050012754
39.7429 	EXP 	point_left: autoDraw = True
39.7429 	EXP 	point_right: autoDraw = True
39.7429 	EXP 	dot_precue: autoDraw = True
39.7503 	EXP 	rot_line_precue: ori = 18.394191883302096
39.7582 	EXP 	rot_line_precue: ori = 18.70509891837158
39.7664 	EXP 	rot_line_precue: ori = 19.0736034912379
39.7748 	EXP 	rot_line_precue: ori = 19.398851821704813
39.7834 	EXP 	rot_line_precue: ori = 19.88535575818982
39.7914 	EXP 	rot_line_precue: ori = 20.367269677840362
39.7995 	EXP 	rot_line_precue: ori = 20.664242954143326
39.8081 	EXP 	rot_line_precue: ori = 21.287862580141873
39.8164 	EXP 	rot_line_precue: ori = 21.594673897349473
39.8244 	EXP 	rot_line_precue: ori = 22.068880396312906
39.8332 	EXP 	rot_line_precue: ori = 22.49294023036434
39.8414 	EXP 	rot_line_precue: ori = 23.218320120196033
39.8494 	EXP 	rot_line_precue: ori = 23.67736062740369
39.8576 	EXP 	rot_line_precue: ori = 23.979991729862075
39.8663 	EXP 	rot_line_precue: ori = 24.30250915735405
39.8744 	EXP 	rot_line_precue: ori = 24.632198365727533
39.8832 	EXP 	rot_line_precue: ori = 25.39898527789609
39.8919 	EXP 	rot_line_precue: ori = 25.697159175805588
39.9001 	EXP 	rot_line_precue: ori = 26.320567300202868
39.9081 	EXP 	rot_line_precue: ori = 26.627110808704696
39.9164 	EXP 	rot_line_precue: ori = 27.062241277248315
39.9246 	EXP 	rot_line_precue: ori = 27.400442036286783
39.9330 	EXP 	rot_line_precue: ori = 27.724499111741043
39.9424 	EXP 	rot_line_precue: ori = 28.0733265425318
39.9504 	EXP 	rot_line_precue: ori = 28.37817037468166
39.9587 	EXP 	rot_line_precue: ori = 29.143429167149044
39.9666 	EXP 	rot_line_precue: ori = 29.44569579009369
39.9746 	EXP 	rot_line_precue: ori = 29.78114115648027
39.9834 	EXP 	rot_line_precue: ori = 30.157142569789375
39.9920 	EXP 	rot_line_precue: ori = 30.491785961981087
39.9999 	EXP 	rot_line_precue: ori = 30.849339316112086
40.0079 	EXP 	rot_line_precue: ori = 31.48047877471051
40.0165 	EXP 	rot_line_precue: ori = 31.791143131394
40.0244 	EXP 	rot_line_precue: ori = 32.19413502920582
40.0329 	EXP 	rot_line_precue: ori = 32.560848881096916
40.0414 	EXP 	rot_line_precue: ori = 32.86372711298376
40.0498 	EXP 	rot_line_precue: ori = 33.47411027930444
40.0578 	EXP 	rot_line_precue: ori = 33.8196485693517
40.0660 	EXP 	rot_line_precue: ori = 34.17388468811731
40.0747 	EXP 	rot_line_precue: ori = 34.498198670906596
40.0827 	EXP 	rot_line_precue: ori = 34.9123597334072
40.0910 	EXP 	rot_line_precue: ori = 35.21140911767124
40.0997 	EXP 	rot_line_precue: ori = 35.50697347263089
40.1078 	EXP 	rot_line_precue: ori = 35.85580581079662
40.1167 	EXP 	rot_line_precue: ori = 36.46928646397118
40.1247 	EXP 	rot_line_precue: ori = 36.77118474166704
40.1331 	EXP 	rot_line_precue: ori = 37.0711037849365
40.1419 	EXP 	rot_line_precue: ori = 37.407528031646756
40.1499 	EXP 	rot_line_precue: ori = 37.97981403540297
40.1587 	EXP 	rot_line_precue: ori = 38.31404081992777
40.1664 	EXP 	rot_line_precue: ori = 38.77477321039366
40.1749 	EXP 	rot_line_precue: ori = 39.16533368046726
40.1837 	EXP 	rot_line_precue: ori = 39.95544990097402
40.1918 	EXP 	rot_line_precue: ori = 40.449672198096884
40.2000 	EXP 	rot_line_precue: ori = 40.827775491550945
40.2086 	EXP 	rot_line_precue: ori = 41.34266571327792
40.2170 	EXP 	rot_line_precue: ori = 41.68383287723291
40.2253 	EXP 	rot_line_precue: ori = 42.10972526064818
40.2332 	EXP 	rot_line_precue: ori = 42.4311417451675
40.2417 	EXP 	rot_line_precue: ori = 42.72654282887791
40.2498 	EXP 	rot_line_precue: ori = 43.26057022819749
40.2582 	EXP 	rot_line_precue: ori = 43.570642469771265
40.2664 	EXP 	rot_line_precue: ori = 43.943194812168215
40.2743 	EXP 	rot_line_precue: ori = 44.30689163139225
40.2833 	EXP 	rot_line_precue: ori = 44.61671748465064
40.2921 	EXP 	rot_line_precue: ori = 45.288736551854164
40.2996 	EXP 	rot_line_precue: ori = 45.64693126860224
40.3080 	EXP 	rot_line_precue: ori = 45.94917383191922
40.3164 	EXP 	rot_line_precue: ori = 46.255872852924554
40.3242 	EXP 	rot_line_precue: ori = 46.56516043009222
40.3330 	EXP 	rot_line_precue: ori = 46.88921306935269
40.3414 	EXP 	rot_line_precue: ori = 47.21846997109664
40.3495 	EXP 	rot_line_precue: ori = 47.530761381903524
40.3585 	EXP 	rot_line_precue: ori = 47.83095618454259
40.3669 	EXP 	rot_line_precue: ori = 48.27901001274715
40.3749 	EXP 	rot_line_precue: ori = 48.58128234726677
40.3835 	EXP 	rot_line_precue: ori = 49.08003676428108
40.3915 	EXP 	rot_line_precue: ori = 49.69323163409695
40.4000 	EXP 	rot_line_precue: ori = 50.00149706222727
40.4087 	EXP 	rot_line_precue: ori = 50.58218279959988
40.4172 	EXP 	rot_line_precue: ori = 51.04027262350759
40.4251 	EXP 	rot_line_precue: ori = 51.47370349872854
40.4336 	EXP 	rot_line_precue: ori = 51.78465053701545
40.4421 	EXP 	rot_line_precue: ori = 52.08759562405191
40.4504 	EXP 	rot_line_precue: ori = 52.55804336382683
40.4587 	EXP 	rot_line_precue: ori = 53.11257910021384
40.4670 	EXP 	rot_line_precue: ori = 53.70720254664888
40.4752 	EXP 	rot_line_precue: ori = 54.02762227846091
40.4838 	EXP 	rot_line_precue: ori = 54.68351136079198
40.4919 	EXP 	rot_line_precue: ori = 55.26308231326539
40.4998 	EXP 	rot_line_precue: ori = 55.879752160152925
40.5083 	EXP 	rot_line_precue: ori = 56.25739356761743
40.5162 	EXP 	rot_line_precue: ori = 56.57160016638595
40.5246 	EXP 	rot_line_precue: ori = 56.90644034316378
40.5333 	EXP 	rot_line_precue: ori = 57.23894545727273
40.5413 	EXP 	rot_line_precue: ori = 57.71666766458147
40.5494 	EXP 	rot_line_precue: ori = 58.04574155711044
40.5578 	EXP 	rot_line_precue: ori = 58.61600522300065
40.5665 	EXP 	rot_line_precue: ori = 59.34111540080858
40.5750 	EXP 	rot_line_precue: ori = 59.89357143568936
40.5827 	EXP 	rot_line_precue: ori = 60.250345011091596
40.5912 	EXP 	rot_line_precue: ori = 60.61372066186895
40.5998 	EXP 	rot_line_precue: ori = 61.04078213131977
40.6080 	EXP 	rot_line_precue: ori = 61.558771013091885
40.6166 	EXP 	rot_line_precue: ori = 62.33464062243743
40.6250 	EXP 	rot_line_precue: ori = 62.97441278465112
40.6332 	EXP 	rot_line_precue: ori = 63.28248915380303
40.6419 	EXP 	rot_line_precue: ori = 63.59035234343637
40.6497 	EXP 	rot_line_precue: ori = 64.32470108039571
40.6580 	EXP 	rot_line_precue: ori = 64.98837911717031
40.6669 	EXP 	rot_line_precue: ori = 65.30670054333436
40.6754 	EXP 	rot_line_precue: ori = 65.67700081100175
40.6834 	EXP 	rot_line_precue: ori = 65.9952594311996
40.6916 	EXP 	rot_line_precue: ori = 66.29079230231133
40.7010 	EXP 	rot_line_precue: ori = 66.60108257497882
40.7087 	EXP 	rot_line_precue: ori = 66.95804705338251
40.7164 	EXP 	rot_line_precue: ori = 67.66567691211428
40.7248 	EXP 	rot_line_precue: ori = 67.9740388241995
40.7328 	EXP 	rot_line_precue: ori = 68.31863657415916
40.7413 	EXP 	rot_line_precue: ori = 68.78859251335196
40.7492 	EXP 	rot_line_precue: ori = 69.18205384621034
40.7580 	EXP 	rot_line_precue: ori = 69.53514197254971
40.7662 	EXP 	rot_line_precue: ori = 69.84064529709138
40.7743 	EXP 	rot_line_precue: ori = 70.22596701091713
40.7837 	EXP 	rot_line_precue: ori = 70.55467479713778
40.7915 	EXP 	rot_line_precue: ori = 70.9482376706511
40.7995 	EXP 	rot_line_precue: ori = 71.39268891850433
40.8082 	EXP 	rot_line_precue: ori = 71.710942867801
40.8162 	EXP 	rot_line_precue: ori = 72.12575537140046
40.8243 	EXP 	rot_line_precue: ori = 72.44931368382092
40.8331 	EXP 	rot_line_precue: ori = 72.97767192608283
40.8414 	EXP 	rot_line_precue: ori = 73.3058822316592
40.8503 	EXP 	rot_line_precue: ori = 73.62524002028474
40.8583 	EXP 	rot_line_precue: ori = 73.97403438732606
40.8665 	EXP 	rot_line_precue: ori = 74.31734514968954
40.8756 	EXP 	rot_line_precue: ori = 74.61930207367686
40.8832 	EXP 	rot_line_precue: ori = 74.93625489240105
40.8914 	EXP 	rot_line_precue: ori = 75.28702462860471
40.9000 	EXP 	rot_line_precue: ori = 75.59763547023145
40.9083 	EXP 	rot_line_precue: ori = 76.06311634366223
40.9166 	EXP 	rot_line_precue: ori = 76.72784530911025
40.9251 	EXP 	rot_line_precue: ori = 77.05981528414543
40.9332 	EXP 	rot_line_precue: ori = 77.50949208878828
40.9418 	EXP 	rot_line_precue: ori = 78.2328289531427
40.9503 	EXP 	rot_line_precue: ori = 78.52994699549534
40.9579 	EXP 	rot_line_precue: ori = 78.8786242579484
40.9666 	EXP 	rot_line_precue: ori = 79.18606845965063
40.9745 	EXP 	rot_line_precue: ori = 79.6885680012783
40.9827 	EXP 	rot_line_precue: ori = 79.98542143418085
40.9915 	EXP 	rot_line_precue: ori = 80.28840640520065
40.9996 	EXP 	rot_line_precue: ori = 80.62829071956018
41.0085 	EXP 	rot_line_precue: ori = 81.16336288991103
41.0162 	EXP 	rot_line_precue: ori = 81.57992494619054
41.0248 	EXP 	rot_line_precue: ori = 81.8856374792783
41.0328 	EXP 	rot_line_precue: ori = 82.6734143846162
41.0413 	EXP 	rot_line_precue: ori = 83.20977913922795
41.0497 	EXP 	rot_line_precue: ori = 83.53456773981532
41.0576 	EXP 	rot_line_precue: ori = 83.85796217440313
41.0661 	EXP 	rot_line_precue: ori = 84.33964958737884
41.0748 	EXP 	rot_line_precue: ori = 84.97617805946206
41.0837 	EXP 	rot_line_precue: ori = 85.66429855998503
41.0914 	EXP 	rot_line_precue: ori = 85.96056738572186
41.0998 	EXP 	rot_line_precue: ori = 86.27867141032654
41.1086 	EXP 	rot_line_precue: ori = 86.62260369507408
41.1164 	EXP 	rot_line_precue: ori = 87.00439790839698
41.1258 	EXP 	rot_line_precue: ori = 87.33300127978733
41.1336 	EXP 	rot_line_precue: ori = 87.79539590778111
41.1418 	EXP 	rot_line_precue: ori = 88.18998860779558
41.1499 	EXP 	rot_line_precue: ori = 88.87519439923238
41.1584 	EXP 	rot_line_precue: ori = 89.19448032582555
41.1670 	EXP 	rot_line_precue: ori = 89.52531904045628
41.1753 	EXP 	rot_line_precue: ori = 89.96826646544051
41.1830 	EXP 	rot_line_precue: ori = 90.57258227123388
41.1922 	EXP 	rot_line_precue: ori = 91.23984955820838
41.2006 	EXP 	rot_line_precue: ori = 91.71802087729196
41.2087 	EXP 	rot_line_precue: ori = 92.06639547223998
41.2167 	EXP 	rot_line_precue: ori = 92.60110665940599
41.2249 	EXP 	rot_line_precue: ori = 93.33878258690918
41.2328 	EXP 	rot_line_precue: ori = 93.68822082662494
41.2419 	EXP 	rot_line_precue: ori = 93.98395600899704
41.2494 	EXP 	rot_line_precue: ori = 94.33918272312931
41.2581 	EXP 	rot_line_precue: ori = 94.71553249058417
41.2660 	EXP 	rot_line_precue: ori = 95.07494169649746
41.2741 	EXP 	rot_line_precue: ori = 95.49730236928063
41.2831 	EXP 	rot_line_precue: ori = 95.80827940155206
41.2911 	EXP 	rot_line_precue: ori = 96.40582600779237
41.2994 	EXP 	rot_line_precue: ori = 96.79225294835184
41.3081 	EXP 	rot_line_precue: ori = 97.10914921296798
41.3163 	EXP 	rot_line_precue: ori = 97.46659730476604
41.3250 	EXP 	rot_line_precue: ori = 97.7987388668841
41.3333 	EXP 	rot_line_precue: ori = 98.20690640644699
41.3415 	EXP 	rot_line_precue: ori = 98.71097651838595
41.3498 	EXP 	rot_line_precue: ori = 99.02876314744978
41.3582 	EXP 	rot_line_precue: ori = 99.43458341391091
41.3670 	EXP 	rot_line_precue: ori = 99.74432842296608
41.3751 	EXP 	rot_line_precue: ori = 100.33593183125183
41.3841 	EXP 	rot_line_precue: ori = 100.63266146346882
41.3915 	EXP 	rot_line_precue: ori = 101.11192311281418
41.4005 	EXP 	rot_line_precue: ori = 101.47894481642032
41.4088 	EXP 	rot_line_precue: ori = 101.77759654028817
41.4171 	EXP 	rot_line_precue: ori = 102.46028711376852
41.4247 	EXP 	rot_line_precue: ori = 102.77815457527805
41.4332 	EXP 	rot_line_precue: ori = 103.24919554597818
41.4415 	EXP 	rot_line_precue: ori = 103.75340549816327
41.4494 	EXP 	rot_line_precue: ori = 104.1954852938793
41.4582 	EXP 	rot_line_precue: ori = 104.62404556413341
41.4666 	EXP 	rot_line_precue: ori = 104.92412369278223
41.4745 	EXP 	rot_line_precue: ori = 105.34060884447355
41.4828 	EXP 	rot_line_precue: ori = 105.64505979136811
41.4915 	EXP 	rot_line_precue: ori = 106.2125641314426
41.4996 	EXP 	rot_line_precue: ori = 106.64954115063362
41.5078 	EXP 	rot_line_precue: ori = 106.97945481314386
41.5163 	EXP 	rot_line_precue: ori = 107.43867359777364
41.5246 	EXP 	rot_line_precue: ori = 107.85831433932358
41.5327 	EXP 	rot_line_precue: ori = 108.41081861961332
41.5413 	EXP 	rot_line_precue: ori = 108.81776428944099
41.5495 	EXP 	rot_line_precue: ori = 109.12304993929745
41.5591 	EXP 	rot_line_precue: ori = 109.49773915447747
41.5672 	EXP 	rot_line_precue: ori = 109.8424322105491
41.5747 	EXP 	rot_line_precue: ori = 110.22640528146334
41.5836 	EXP 	rot_line_precue: ori = 110.53099387267065
41.5923 	EXP 	rot_line_precue: ori = 110.93577584004956
41.6008 	EXP 	rot_line_precue: ori = 111.25272946004041
41.6085 	EXP 	rot_line_precue: ori = 111.83256942937126
41.6177 	EXP 	rot_line_precue: ori = 112.21362498196363
41.6258 	EXP 	rot_line_precue: ori = 112.89626691411617
41.6334 	EXP 	rot_line_precue: ori = 113.4029180656692
41.6416 	EXP 	rot_line_precue: ori = 113.7168625120974
41.6500 	EXP 	rot_line_precue: ori = 114.02050481460144
41.6583 	EXP 	rot_line_precue: ori = 114.32902644821637
41.6669 	EXP 	rot_line_precue: ori = 114.68153624066584
41.6751 	EXP 	rot_line_precue: ori = 115.10509107290646
41.6831 	EXP 	rot_line_precue: ori = 115.45744076685408
41.6912 	EXP 	rot_line_precue: ori = 115.84177701751302
41.6998 	EXP 	rot_line_precue: ori = 116.36413478194146
41.7080 	EXP 	rot_line_precue: ori = 116.89506622460969
41.7159 	EXP 	rot_line_precue: ori = 117.24441242988605
41.7247 	EXP 	rot_line_precue: ori = 117.54533194596101
41.7327 	EXP 	rot_line_precue: ori = 117.94080597451466
41.7346 	EXP 	New trial (rep=2, index=16): <Trial 16 (16 in rep 2) data={'pic_name': 'pics/none.JPG', 'class_mi': 'rest', 'thisN': 16, 'thisTrialN': 16, 'thisRepN': 2}>
41.7414 	EXP 	hor_line_precue: autoDraw = False
41.7414 	EXP 	ver_line_precue: autoDraw = False
41.7414 	EXP 	rot_line_precue: autoDraw = False
41.7414 	EXP 	rot_line_precue: ori = 118.24279974535344
41.7414 	EXP 	point_left: autoDraw = False
41.7414 	EXP 	point_right: autoDraw = False
41.7414 	EXP 	dot_precue: autoDraw = False
41.7414 	EXP 	hor_line_precue: autoDraw = False
41.7414 	EXP 	ver_line_precue: autoDraw = False
41.7414 	EXP 	rot_line_precue: autoDraw = False
41.7414 	EXP 	point_left: autoDraw = False
41.7414 	EXP 	point_right: autoDraw = False
41.7414 	EXP 	dot_precue: autoDraw = False
41.7414 	EXP 	hor_line_precue: autoDraw = True
41.7414 	EXP 	ver_line_precue: autoDraw = True
41.7414 	EXP 	rot_line_precue: autoDraw = True
41.7414 	EXP 	rot_line_precue: ori = 118.611062724464
41.7414 	EXP 	point_left: autoDraw = True
41.7414 	EXP 	point_right: autoDraw = True
41.7414 	EXP 	dot_precue: autoDraw = True
41.7500 	EXP 	rot_line_precue: ori = 119.0284906678112
41.7576 	EXP 	rot_line_precue: ori = 119.66779628799969
41.7661 	EXP 	rot_line_precue: ori = 119.96979548158812
41.7741 	EXP 	rot_line_precue: ori = 120.45891328131756
41.7830 	EXP 	rot_line_precue: ori = 120.79221295377398
41.7911 	EXP 	rot_line_precue: ori = 121.11148387786008
41.7993 	EXP 	rot_line_precue: ori = 121.49179854778787
41.8083 	EXP 	rot_line_precue: ori = 121.80424394564142
41.8166 	EXP 	rot_line_precue: ori = 122.15672117059341
41.8257 	EXP 	rot_line_precue: ori = 122.4791845085159
41.8334 	EXP 	rot_line_precue: ori = 122.78019951356994
41.8422 	EXP 	rot_line_precue: ori = 123.33980190576564
41.8502 	EXP 	rot_line_precue: ori = 123.69357740416625
41.8586 	EXP 	rot_line_precue: ori = 124.05985417849735
41.8666 	EXP 	rot_line_precue: ori = 124.42404569697295
41.8750 	EXP 	rot_line_precue: ori = 124.9406971384141
41.8832 	EXP 	rot_line_precue: ori = 125.2705405817653
41.8914 	EXP 	rot_line_precue: ori = 125.58163053548567
41.9003 	EXP 	rot_line_precue: ori = 126.14632680249154
41.9085 	EXP 	rot_line_precue: ori = 126.94926425310535
41.9167 	EXP 	rot_line_precue: ori = 127.2573288762808
41.9246 	EXP 	rot_line_precue: ori = 127.59503336954863
41.9330 	EXP 	rot_line_precue: ori = 128.08114310642338
41.9413 	EXP 	rot_line_precue: ori = 128.53809218344645
41.9495 	EXP 	rot_line_precue: ori = 128.99965085641986
41.9585 	EXP 	rot_line_precue: ori = 129.34198013566396
41.9662 	EXP 	rot_line_precue: ori = 129.70067526995643
41.9746 	EXP 	rot_line_precue: ori = 130.15802937860386
41.9827 	EXP 	rot_line_precue: ori = 130.5115963686578
41.9915 	EXP 	rot_line_precue: ori = 130.8673949465359
41.9993 	EXP 	rot_line_precue: ori = 131.26403506359836
42.0077 	EXP 	rot_line_precue: ori = 131.55999324922772
42.0164 	EXP 	rot_line_precue: ori = 132.1870948967917
42.0243 	EXP 	rot_line_precue: ori = 132.51820842914898
42.0336 	EXP 	rot_line_precue: ori = 132.88385199355346
42.0413 	EXP 	rot_line_precue: ori = 133.4583502177388
42.0496 	EXP 	rot_line_precue: ori = 134.22876926684498
42.0584 	EXP 	rot_line_precue: ori = 134.798175903847
42.0667 	EXP 	rot_line_precue: ori = 135.1033040170573
42.0749 	EXP 	rot_line_precue: ori = 135.4323015663342
42.0838 	EXP 	rot_line_precue: ori = 135.83549064579626
42.0918 	EXP 	rot_line_precue: ori = 136.27732821326228
42.1002 	EXP 	rot_line_precue: ori = 136.76347788874233
42.1084 	EXP 	rot_line_precue: ori = 137.5332215371785
42.1166 	EXP 	rot_line_precue: ori = 138.00244492602747
42.1249 	EXP 	rot_line_precue: ori = 138.34509775397208
42.1335 	EXP 	rot_line_precue: ori = 139.05346656785525
42.1420 	EXP 	rot_line_precue: ori = 139.35743089800627
42.1499 	EXP 	rot_line_precue: ori = 139.68274268826522
42.1580 	EXP 	rot_line_precue: ori = 140.1166797693961
42.1661 	EXP 	rot_line_precue: ori = 140.70312222796488
42.1748 	EXP 	rot_line_precue: ori = 141.03989772178747
42.1828 	EXP 	rot_line_precue: ori = 141.34479116236653
42.1910 	EXP 	rot_line_precue: ori = 141.75331310658478
42.1997 	EXP 	rot_line_precue: ori = 142.47212634715257
42.2082 	EXP 	rot_line_precue: ori = 142.77734576765525
42.2160 	EXP 	rot_line_precue: ori = 143.07825767070292
42.2248 	EXP 	rot_line_precue: ori = 143.37545046359412
42.2333 	EXP 	rot_line_precue: ori = 143.9658467869467
42.2416 	EXP 	rot_line_precue: ori = 144.75660815440781
42.2495 	EXP 	rot_line_precue: ori = 145.0566453945147
42.2581 	EXP 	rot_line_precue: ori = 145.35558432090676
42.2663 	EXP 	rot_line_precue: ori = 145.7588377764186
42.2742 	EXP 	rot_line_precue: ori = 146.27999570774696
42.2832 	EXP 	rot_line_precue: ori = 146.78238411345527
42.2918 	EXP 	rot_line_precue: ori = 147.11735471461054
42.2997 	EXP 	rot_line_precue: ori = 147.4741872447652
42.3080 	EXP 	rot_line_precue: ori = 147.85686764501372
42.3168 	EXP 	rot_line_precue: ori = 148.15695436957054
42.3252 	EXP 	rot_line_precue: ori = 148.55801489672007
42.3334 	EXP 	rot_line_precue: ori = 148.9924764515572
42.3421 	EXP 	rot_line_precue: ori = 149.29178472995468
42.3499 	EXP 	rot_line_precue: ori = 149.58820784625556
42.3585 	EXP 	rot_line_precue: ori = 149.9179719750804
42.3664 	EXP 	rot_line_precue: ori = 150.35603807054952
42.3743 	EXP 	rot_line_precue: ori = 150.9989739010686
42.3834 	EXP 	rot_line_precue: ori = 151.54200656780776
42.3916 	EXP 	rot_line_precue: ori = 152.1358058451028
42.3994 	EXP 	rot_line_precue: ori = 152.4544483903354
42.4081 	EXP 	rot_line_precue: ori = 152.76699206619514
42.4161 	EXP 	rot_line_precue: ori = 153.2071513314534
42.4244 	EXP 	rot_line_precue: ori = 153.89390925552271
42.4333 	EXP 	rot_line_precue: ori = 154.2058468717329
42.4415 	EXP 	rot_line_precue: ori = 154.60024727582874
42.4504 	EXP 	rot_line_precue: ori = 154.96556571807008
42.4580 	EXP 	rot_line_precue: ori = 155.3127358684616
42.4664 	EXP 	rot_line_precue: ori = 155.8842410446832
42.4743 	EXP 	rot_line_precue: ori = 156.18604230832358
42.4826 	EXP 	rot_line_precue: ori = 156.4922227358713
42.4914 	EXP 	rot_line_precue: ori = 156.79618536564703
42.4995 	EXP 	rot_line_precue: ori = 157.2554243903162
42.5077 	EXP 	rot_line_precue: ori = 157.99762643280792
42.5165 	EXP 	rot_line_precue: ori = 158.6066708151667
42.5247 	EXP 	rot_line_precue: ori = 158.98749237153135
42.5332 	EXP 	rot_line_precue: ori = 159.41798665847014
42.5423 	EXP 	rot_line_precue: ori = 159.74557946138316
42.5502 	EXP 	rot_line_precue: ori = 160.11749948595025
42.5588 	EXP 	rot_line_precue: ori = 160.52419141984134
42.5670 	EXP 	rot_line_precue: ori = 160.98264740259225
42.5751 	EXP 	rot_line_precue: ori = 161.76293265213423
42.5837 	EXP 	rot_line_precue: ori = 162.3811876210329
42.5918 	EXP 	rot_line_precue: ori = 162.7592595077738
42.6004 	EXP 	rot_line_precue: ori = 163.23218024493747
42.6085 	EXP 	rot_line_precue: ori = 163.55237126518006
42.6164 	EXP 	rot_line_precue: ori = 164.09284776742157
42.6248 	EXP 	rot_line_precue: ori = 164.40974873798262
42.6335 	EXP 	rot_line_precue: ori = 164.83149623060163
42.6428 	EXP 	rot_line_precue: ori = 165.20097581891747
42.6500 	EXP 	rot_line_precue: ori = 165.50875391199526
42.6589 	EXP 	rot_line_precue: ori = 165.9708890547871
42.6664 	EXP 	rot_line_precue: ori = 166.3777392221121
42.6749 	EXP 	rot_line_precue: ori = 166.85495969184484
42.6828 	EXP 	rot_line_precue: ori = 167.39294140228486
42.6918 	EXP 	rot_line_precue: ori = 167.6916985480151
42.6999 	EXP 	rot_line_precue: ori = 168.44769633722547
42.7080 	EXP 	rot_line_precue: ori = 169.2114088678999
42.7162 	EXP 	rot_line_precue: ori = 169.51755928687334
42.7247 	EXP 	rot_line_precue: ori = 169.89792205185861
42.7328 	EXP 	rot_line_precue: ori = 170.20220804274527
42.7414 	EXP 	rot_line_precue: ori = 170.52391682435132
42.7492 	EXP 	rot_line_precue: ori = 170.85693693939308
42.7580 	EXP 	rot_line_precue: ori = 171.1533834782062
42.7662 	EXP 	rot_line_precue: ori = 171.49735806478245
42.7750 	EXP 	rot_line_precue: ori = 171.85460279291112
42.7834 	EXP 	rot_line_precue: ori = 172.24148744869802
42.7921 	EXP 	rot_line_precue: ori = 172.6003045876742
42.8002 	EXP 	rot_line_precue: ori = 172.9286524833596
42.8092 	EXP 	rot_line_precue: ori = 173.56480529950693
42.8171 	EXP 	rot_line_precue: ori = 173.90969361107582
42.8250 	EXP 	rot_line_precue: ori = 174.35120919858562
42.8333 	EXP 	rot_line_precue: ori = 174.74444345882716
42.8420 	EXP 	rot_line_precue: ori = 175.04936565931436
42.8503 	EXP 	rot_line_precue: ori = 175.37678325796728
42.8581 	EXP 	rot_line_precue: ori = 175.69219930153028
42.8673 	EXP 	rot_line_precue: ori = 176.05285971175252
42.8751 	EXP 	rot_line_precue: ori = 176.63604973957445
42.8834 	EXP 	rot_line_precue: ori = 176.95907008059024
42.8914 	EXP 	rot_line_precue: ori = 177.2989080849399
42.8993 	EXP 	rot_line_precue: ori = 177.65353804404774
42.9082 	EXP 	rot_line_precue: ori = 177.96667600742992
42.9161 	EXP 	rot_line_precue: ori = 178.3349625106776
42.9246 	EXP 	rot_line_precue: ori = 178.65988768473306
42.9331 	EXP 	rot_line_precue: ori = 179.0280267901004
42.9410 	EXP 	rot_line_precue: ori = 179.4234673930857
42.9496 	EXP 	rot_line_precue: ori = 179.7436377212917
42.9581 	EXP 	rot_line_precue: ori = 180.07278847923928
42.9665 	EXP 	rot_line_precue: ori = 180.5945122957499
42.9741 	EXP 	rot_line_precue: ori = 180.95722024862016
42.9828 	EXP 	rot_line_precue: ori = 181.315962160177
42.9913 	EXP 	rot_line_precue: ori = 181.64776639681227
42.9996 	EXP 	rot_line_precue: ori = 181.95517939886957
43.0086 	EXP 	rot_line_precue: ori = 182.2725237280395
43.0168 	EXP 	rot_line_precue: ori = 182.5778576743617
43.0254 	EXP 	rot_line_precue: ori = 182.94759297296818
43.0335 	EXP 	rot_line_precue: ori = 183.2543149700944
43.0418 	EXP 	rot_line_precue: ori = 183.607173957501
43.0502 	EXP 	rot_line_precue: ori = 184.10255499359997
43.0584 	EXP 	rot_line_precue: ori = 184.83580464767866
43.0672 	EXP 	rot_line_precue: ori = 185.16786530988452
43.0751 	EXP 	rot_line_precue: ori = 185.56619427978399
43.0835 	EXP 	rot_line_precue: ori = 186.05855592200817
43.0917 	EXP 	rot_line_precue: ori = 186.4123509599515
43.1001 	EXP 	rot_line_precue: ori = 186.8141896665003
43.1080 	EXP 	rot_line_precue: ori = 187.18849697999292
43.1166 	EXP 	rot_line_precue: ori = 187.69887962259864
43.1248 	EXP 	rot_line_precue: ori = 188.06121974762814
43.1329 	EXP 	rot_line_precue: ori = 188.46087156353488
43.1416 	EXP 	rot_line_precue: ori = 188.80742906296732
43.1494 	EXP 	rot_line_precue: ori = 189.19411329480369
43.1581 	EXP 	rot_line_precue: ori = 189.52265037744365
43.1660 	EXP 	rot_line_precue: ori = 189.8228947824352
43.1751 	EXP 	rot_line_precue: ori = 190.35427292598652
43.1829 	EXP 	rot_line_precue: ori = 190.87045935071544
43.1912 	EXP 	rot_line_precue: ori = 191.18883496437965
43.1998 	EXP 	rot_line_precue: ori = 191.92955431132305
43.2078 	EXP 	rot_line_precue: ori = 192.2375279790046
43.2163 	EXP 	rot_line_precue: ori = 192.75024332210697
43.2248 	EXP 	rot_line_precue: ori = 193.22976404512534
43.2328 	EXP 	rot_line_precue: ori = 193.57777555336176
43.2412 	EXP 	rot_line_precue: ori = 193.89405047206
43.2498 	EXP 	rot_line_precue: ori = 194.34442132973518
43.2581 	EXP 	rot_line_precue: ori = 194.80948977314702
43.2666 	EXP 	rot_line_precue: ori = 195.1053775550002
43.2751 	EXP 	rot_line_precue: ori = 195.4172849445185
43.2836 	EXP 	rot_line_precue: ori = 195.73713540126994
43.2916 	EXP 	rot_line_precue: ori = 196.12350563947606
43.2998 	EXP 	rot_line_precue: ori = 196.5508782903414
43.3080 	EXP 	rot_line_precue: ori = 196.88355919933076
43.3162 	EXP 	rot_line_precue: ori = 197.3021879940682
43.3248 	EXP 	rot_line_precue: ori = 197.61212343958223
43.3331 	EXP 	rot_line_precue: ori = 197.95517716300174
43.3414 	EXP 	rot_line_precue: ori = 198.29291159964006
43.3496 	EXP 	rot_line_precue: ori = 198.6095897006377
43.3582 	EXP 	rot_line_precue: ori = 198.92935698575718
43.3662 	EXP 	rot_line_precue: ori = 199.3235365421508
43.3746 	EXP 	rot_line_precue: ori = 199.67711363823665
43.3830 	EXP 	rot_line_precue: ori = 200.20926112230873
43.3913 	EXP 	rot_line_precue: ori = 200.74193680872241
43.3999 	EXP 	rot_line_precue: ori = 201.5468245596788
43.4081 	EXP 	rot_line_precue: ori = 201.93239379876627
43.4163 	EXP 	rot_line_precue: ori = 202.36780418357654
43.4243 	EXP 	rot_line_precue: ori = 202.6980024102356
43.4333 	EXP 	rot_line_precue: ori = 203.00329896155404
43.4411 	EXP 	rot_line_precue: ori = 203.53553962500365
43.4496 	EXP 	rot_line_precue: ori = 203.89397155914003
43.4581 	EXP 	rot_line_precue: ori = 204.19906612528487
43.4662 	EXP 	rot_line_precue: ori = 204.6290508276034
43.4744 	EXP 	rot_line_precue: ori = 205.00010949392532
43.4832 	EXP 	rot_line_precue: ori = 205.3900048025715
43.4918 	EXP 	rot_line_precue: ori = 206.09445868769726
43.4996 	EXP 	rot_line_precue: ori = 206.64103906337735
43.5082 	EXP 	rot_line_precue: ori = 206.9545935607346
43.5167 	EXP 	rot_line_precue: ori = 207.33241390046618
43.5252 	EXP 	rot_line_precue: ori = 207.66168732543605
43.5332 	EXP 	rot_line_precue: ori = 207.9834756327735
43.5418 	EXP 	rot_line_precue: ori = 208.32297935999173
43.5504 	EXP 	rot_line_precue: ori = 208.807431976846
43.5584 	EXP 	rot_line_precue: ori = 209.11456626414179
43.5667 	EXP 	rot_line_precue: ori = 209.84478869249565
43.5746 	EXP 	rot_line_precue: ori = 210.21103752190402
43.5828 	EXP 	rot_line_precue: ori = 210.5331029407678
43.5917 	EXP 	rot_line_precue: ori = 210.976714567123
43.5998 	EXP 	rot_line_precue: ori = 211.30446575683402
43.6079 	EXP 	rot_line_precue: ori = 211.85311067641175
43.6164 	EXP 	rot_line_precue: ori = 212.23815620548123
43.6248 	EXP 	rot_line_precue: ori = 212.72107317296437
43.6331 	EXP 	rot_line_precue: ori = 213.07714963259534
43.6419 	EXP 	rot_line_precue: ori = 213.40883477225836
43.6495 	EXP 	rot_line_precue: ori = 214.04662209709443
43.6579 	EXP 	rot_line_precue: ori = 214.44997289257734
43.6665 	EXP 	rot_line_precue: ori = 214.80096674198626
43.6746 	EXP 	rot_line_precue: ori = 215.22776380945328
43.6829 	EXP 	rot_line_precue: ori = 215.64138990974595
43.6909 	EXP 	rot_line_precue: ori = 216.14422352291837
43.6995 	EXP 	rot_line_precue: ori = 216.89664008811977
43.7080 	EXP 	rot_line_precue: ori = 217.2070764541585
43.7160 	EXP 	rot_line_precue: ori = 217.58621233845687
43.7247 	EXP 	rot_line_precue: ori = 217.8822532425558
43.7262 	EXP 	New trial (rep=3, index=17): <Trial 17 (17 in rep 3) data={'pic_name': 'pics/none.JPG', 'class_mi': 'rest', 'thisN': 17, 'thisTrialN': 17, 'thisRepN': 3}>
43.7329 	EXP 	hor_line_precue: autoDraw = False
43.7329 	EXP 	ver_line_precue: autoDraw = False
43.7329 	EXP 	rot_line_precue: autoDraw = False
43.7329 	EXP 	rot_line_precue: ori = 218.18858325873413
43.7329 	EXP 	point_left: autoDraw = False
43.7329 	EXP 	point_right: autoDraw = False
43.7329 	EXP 	dot_precue: autoDraw = False
43.7329 	EXP 	hor_line_precue: autoDraw = False
43.7329 	EXP 	ver_line_precue: autoDraw = False
43.7329 	EXP 	rot_line_precue: autoDraw = False
43.7329 	EXP 	point_left: autoDraw = False
43.7329 	EXP 	point_right: autoDraw = False
43.7329 	EXP 	dot_precue: autoDraw = False
43.7329 	EXP 	hor_line_precue: autoDraw = True
43.7329 	EXP 	ver_line_precue: autoDraw = True
43.7329 	EXP 	rot_line_precue: autoDraw = True
43.7329 	EXP 	rot_line_precue: ori = 218.93820617895935
43.7329 	EXP 	point_left: autoDraw = True
43.7329 	EXP 	point_right: autoDraw = True
43.7329 	EXP 	dot_precue: autoDraw = True
43.7419 	EXP 	rot_line_precue: ori = 219.40257065747704
43.7495 	EXP 	rot_line_precue: ori = 219.70490638082552
43.7582 	EXP 	rot_line_precue: ori = 220.09490819140282
43.7667 	EXP 	rot_line_precue: ori = 220.39062088639258
43.7751 	EXP 	rot_line_precue: ori = 221.06984490706657
43.7837 	EXP 	rot_line_precue: ori = 221.46195130816392
43.7920 	EXP 	rot_line_precue: ori = 221.84274678754804
43.8000 	EXP 	rot_line_precue: ori = 222.2636314143188
43.8085 	EXP 	rot_line_precue: ori = 222.559573474993
43.8163 	EXP 	rot_line_precue: ori = 223.0376894197838
43.8251 	EXP 	rot_line_precue: ori = 223.33764361082504
43.8332 	EXP 	rot_line_precue: ori = 223.82915943089685
43.8418 	EXP 	rot_line_precue: ori = 224.1555848306354
43.8504 	EXP 	rot_line_precue: ori = 224.74282296552812
43.8581 	EXP 	rot_line_precue: ori = 225.13819128206745
43.8663 	EXP 	rot_line_precue: ori = 225.62965661668446
43.8753 	EXP 	rot_line_precue: ori = 226.02961158117748
43.8835 	EXP 	rot_line_precue: ori = 226.39086456808005
43.8914 	EXP 	rot_line_precue: ori = 226.70860477116778
43.8995 	EXP 	rot_line_precue: ori = 227.21916013569074
43.9080 	EXP 	rot_line_precue: ori = 227.53224689561912
43.9164 	EXP 	rot_line_precue: ori = 227.82935802324533
43.9244 	EXP 	rot_line_precue: ori = 228.17354302900387
43.9333 	EXP 	rot_line_precue: ori = 228.62862465004622
43.9412 	EXP 	rot_line_precue: ori = 229.0349617205434
43.9494 	EXP 	rot_line_precue: ori = 229.34019324588505
43.9582 	EXP 	rot_line_precue: ori = 229.78820509434084
43.9663 	EXP 	rot_line_precue: ori = 230.11896436603607
43.9745 	EXP 	rot_line_precue: ori = 230.44854634217126
43.9832 	EXP 	rot_line_precue: ori = 230.85638230100713
43.9916 	EXP 	rot_line_precue: ori = 231.41845554487452
43.9999 	EXP 	rot_line_precue: ori = 232.0319541835864
44.0081 	EXP 	rot_line_precue: ori = 232.47540092324252
44.0166 	EXP 	rot_line_precue: ori = 232.7715153494265
44.0246 	EXP 	rot_line_precue: ori = 233.35342221248303
44.0334 	EXP 	rot_line_precue: ori = 233.68913958326343
44.0416 	EXP 	rot_line_precue: ori = 234.20111322141256
44.0497 	EXP 	rot_line_precue: ori = 234.5907203618967
44.0584 	EXP 	rot_line_precue: ori = 235.10945419973876
44.0664 	EXP 	rot_line_precue: ori = 235.61046167813691
44.0753 	EXP 	rot_line_precue: ori = 235.99464613385717
44.0831 	EXP 	rot_line_precue: ori = 236.4599494794732
44.0915 	EXP 	rot_line_precue: ori = 236.93582987239682
44.1002 	EXP 	rot_line_precue: ori = 237.50177563167105
44.1086 	EXP 	rot_line_precue: ori = 237.9006802036808
44.1170 	EXP 	rot_line_precue: ori = 238.23860044622143
44.1251 	EXP 	rot_line_precue: ori = 238.7273631280747
44.1335 	EXP 	rot_line_precue: ori = 239.06198971704396
44.1415 	EXP 	rot_line_precue: ori = 239.43450671941991
44.1495 	EXP 	rot_line_precue: ori = 239.81049821461224
44.1578 	EXP 	rot_line_precue: ori = 240.15916825880493
44.1660 	EXP 	rot_line_precue: ori = 240.57785819956572
44.1749 	EXP 	rot_line_precue: ori = 241.3203460296712
44.1829 	EXP 	rot_line_precue: ori = 241.61927708199218
44.1910 	EXP 	rot_line_precue: ori = 241.9355055218889
44.1999 	EXP 	rot_line_precue: ori = 242.2340725205506
44.2079 	EXP 	rot_line_precue: ori = 242.55390936774992
44.2161 	EXP 	rot_line_precue: ori = 243.11188195645622
44.2247 	EXP 	rot_line_precue: ori = 243.4552108395717
44.2329 	EXP 	rot_line_precue: ori = 243.88646081911924
44.2412 	EXP 	rot_line_precue: ori = 244.4850785559056
44.2503 	EXP 	rot_line_precue: ori = 245.2011605721284
44.2589 	EXP 	rot_line_precue: ori = 245.82348958387303
44.2668 	EXP 	rot_line_precue: ori = 246.13071419973275
44.2750 	EXP 	rot_line_precue: ori = 246.53943148936526
44.2832 	EXP 	rot_line_precue: ori = 246.84606993236696
44.2918 	EXP 	rot_line_precue: ori = 247.2362665029192
44.2997 	EXP 	rot_line_precue: ori = 247.55248937431026
44.3079 	EXP 	rot_line_precue: ori = 247.95777177827728
44.3161 	EXP 	rot_line_precue: ori = 248.4436737225285
44.3253 	EXP 	rot_line_precue: ori = 248.95668566017088
44.3334 	EXP 	rot_line_precue: ori = 249.2855929001505
44.3413 	EXP 	rot_line_precue: ori = 250.01956052771908
44.3497 	EXP 	rot_line_precue: ori = 250.38761438007256
44.3582 	EXP 	rot_line_precue: ori = 251.1281228962966
44.3662 	EXP 	rot_line_precue: ori = 251.42598483718706
44.3750 	EXP 	rot_line_precue: ori = 251.84498506814074
44.3829 	EXP 	rot_line_precue: ori = 252.18376917074994
44.3915 	EXP 	rot_line_precue: ori = 252.5010235878976
44.3995 	EXP 	rot_line_precue: ori = 252.8477927438345
44.4083 	EXP 	rot_line_precue: ori = 253.4205166894282
44.4163 	EXP 	rot_line_precue: ori = 253.748649411471
44.4245 	EXP 	rot_line_precue: ori = 254.07349685778004
44.4331 	EXP 	rot_line_precue: ori = 254.37002405699263
44.4415 	EXP 	rot_line_precue: ori = 254.72565558054742
44.4492 	EXP 	rot_line_precue: ori = 255.03101959291598
44.4576 	EXP 	rot_line_precue: ori = 255.34580919097556
44.4662 	EXP 	rot_line_precue: ori = 255.77839723597663
44.4745 	EXP 	rot_line_precue: ori = 256.30453356410476
44.4836 	EXP 	rot_line_precue: ori = 256.6148144266145
44.4933 	EXP 	rot_line_precue: ori = 256.91410385395494
44.5015 	EXP 	rot_line_precue: ori = 257.5013108885996
44.5094 	EXP 	rot_line_precue: ori = 258.20251915238134
44.5174 	EXP 	rot_line_precue: ori = 258.5194322943115
44.5256 	EXP 	rot_line_precue: ori = 258.8740863000137
44.5341 	EXP 	rot_line_precue: ori = 259.62320106280765
44.5422 	EXP 	rot_line_precue: ori = 259.97496328851935
44.5497 	EXP 	rot_line_precue: ori = 260.5502720548107
44.5582 	EXP 	rot_line_precue: ori = 261.1957142902589
44.5664 	EXP 	rot_line_precue: ori = 261.82770957517016
44.5747 	EXP 	rot_line_precue: ori = 262.135448854465
44.5835 	EXP 	rot_line_precue: ori = 262.44340517586386
44.5917 	EXP 	rot_line_precue: ori = 262.74899442499645
44.5995 	EXP 	rot_line_precue: ori = 263.1834536810702
44.6084 	EXP 	rot_line_precue: ori = 263.5306128650685
44.6167 	EXP 	rot_line_precue: ori = 264.0415015548531
44.6257 	EXP 	rot_line_precue: ori = 264.33801010081527
44.6332 	EXP 	rot_line_precue: ori = 264.7342641863779
44.6414 	EXP 	rot_line_precue: ori = 265.0299260248464
44.6498 	EXP 	rot_line_precue: ori = 265.37984847103604
44.6578 	EXP 	rot_line_precue: ori = 265.71196510994974
44.6660 	EXP 	rot_line_precue: ori = 266.0075183117776
44.6747 	EXP 	rot_line_precue: ori = 266.30422800271145
44.6830 	EXP 	rot_line_precue: ori = 266.606647193199
44.6915 	EXP 	rot_line_precue: ori = 266.9343415062646
44.6998 	EXP 	rot_line_precue: ori = 267.27500341265113
44.7078 	EXP 	rot_line_precue: ori = 267.6523209992371
44.7160 	EXP 	rot_line_precue: ori = 268.1675874744615
44.7246 	EXP 	rot_line_precue: ori = 268.5561565458644
44.7332 	EXP 	rot_line_precue: ori = 268.85381597020694
44.7419 	EXP 	rot_line_precue: ori = 269.15920777916466
44.7499 	EXP 	rot_line_precue: ori = 269.7443693225299
44.7582 	EXP 	rot_line_precue: ori = 270.4798683797067
44.7666 	EXP 	rot_line_precue: ori = 270.8769221591866
44.7748 	EXP 	rot_line_precue: ori = 271.2193158169714
44.7837 	EXP 	rot_line_precue: ori = 271.799212513642
44.7921 	EXP 	rot_line_precue: ori = 272.1278742946201
44.7997 	EXP 	rot_line_precue: ori = 272.4489813578022
44.8082 	EXP 	rot_line_precue: ori = 273.0430178268246
44.8170 	EXP 	rot_line_precue: ori = 273.3888931111075
44.8248 	EXP 	rot_line_precue: ori = 273.97162723531994
44.8332 	EXP 	rot_line_precue: ori = 274.3211206983633
44.8411 	EXP 	rot_line_precue: ori = 274.6661255871627
44.8498 	EXP 	rot_line_precue: ori = 275.20658473895776
44.8586 	EXP 	rot_line_precue: ori = 275.6185399782969
44.8663 	EXP 	rot_line_precue: ori = 276.1420618852486
44.8748 	EXP 	rot_line_precue: ori = 276.89072026079947
44.8832 	EXP 	rot_line_precue: ori = 277.4326124055735
44.8913 	EXP 	rot_line_precue: ori = 277.7577328314507
44.8998 	EXP 	rot_line_precue: ori = 278.16865004044314
44.9079 	EXP 	rot_line_precue: ori = 278.5879163074249
44.9164 	EXP 	rot_line_precue: ori = 278.8847983322083
44.9244 	EXP 	rot_line_precue: ori = 279.1828960736816
44.9332 	EXP 	rot_line_precue: ori = 279.61651681452526
44.9420 	EXP 	rot_line_precue: ori = 280.1213914629095
44.9497 	EXP 	rot_line_precue: ori = 280.5464695260756
44.9582 	EXP 	rot_line_precue: ori = 280.8422331065755
44.9600 	EXP 	Device response: <KeyPress from None: t=44.95832009999867, value=escape, duration=None>
44.9617 	DATA 	Keypress: escape
44.9664 	EXP 	rot_line_precue: ori = 281.49356465661504
44.9743 	EXP 	rot_line_precue: ori = 281.78935187636364
44.9833 	EXP 	rot_line_precue: ori = 282.4301791449208
44.9915 	EXP 	rot_line_precue: ori = 282.73064114933914
45.0000 	EXP 	rot_line_precue: ori = 283.0356412692188
45.0085 	EXP 	rot_line_precue: ori = 283.4036579052077
45.0167 	EXP 	rot_line_precue: ori = 283.74149230167797
45.0255 	EXP 	rot_line_precue: ori = 284.12469927104814
45.0334 	EXP 	rot_line_precue: ori = 284.477872726093
45.0422 	EXP 	rot_line_precue: ori = 285.0184251003602
45.0441 	EXP 	Device response: <KeyPress from None: t=44.95832009999867, value=escape, duration=0.08334319999994477>
45.0442 	EXP 	bci_racingteam: status = STOPPED
45.0497 	EXP 	rot_line_precue: ori = 285.4664939675345
45.0497 	EXP 	hor_line_precue: autoDraw = False
45.0497 	EXP 	ver_line_precue: autoDraw = False
45.0497 	EXP 	rot_line_precue: autoDraw = False
45.0497 	EXP 	point_left: autoDraw = False
45.0497 	EXP 	point_right: autoDraw = False
45.0497 	EXP 	dot_precue: autoDraw = False
45.0499 	EXP 	bci_racingteam: status = STOPPED
