3.5178 	WARNING 	Requested an unavailable screen number - using first available.
3.5194 	WARNING 	User requested fullscreen with size [1920 1080], but screen is actually [1707, 1067]. Using actual size
3.8599 	EXP 	Created window1 = Window(allowGUI=False, allowStencil=False, autoLog=True, backendConf=UNKNOWN, backgroundFit=<method-wrapper '__getattribute__' of attributeSetter object at 0x000001241F87CF40>, backgroundImage=<method-wrapper '__getattribute__' of attributeSetter object at 0x000001241F87CEE0>, bitsMode=UNKNOWN, blendMode='avg', bpc=(8, 8, 8), color=array([0, 0, 0]), colorSpace='rgb', depthBits=8, fullscr=True, gamma=None, gammaErrorPolicy='raise', infoMsg=UNKNOWN, lms=UNKNOWN, monitor=<psychopy.monitors.calibTools.Monitor object at 0x000001241FAC5C30>, multiSample=False, name='window1', numSamples=2, pos=[np.float64(0.0), np.float64(0.0)], screen=1, size=array([1707, 1067]), stencilBits=0, stereo=False, title='PsychoPy', units='height', useFBO=True, useRetina=False, viewOri=0.0, viewPos=None, viewScale=None, waitBlanking=True, winType='pyglet')
3.8600 	EXP 	window1: backgroundImage = ''
3.8600 	EXP 	window1: backgroundFit = 'none'
4.4224 	EXP 	window1: Attempting to measure frame rate of screen (1) ...
4.4225 	EXP 	window1: recordFrameIntervals = False
4.5065 	EXP 	window1: recordFrameIntervals = True
5.3411 	EXP 	window1: recordFrameIntervals = False
5.3412 	EXP 	Screen (1) actual frame rate measured at 119.02Hz
8.4956 	EXP 	bci_racingteam: status = STARTED
8.6269 	EXP 	Created text_pre_block = TextStim(__class__=<class 'psychopy.visual.text.TextStim'>, alignHoriz=method-wrapper(...), alignText='center', alignVert=method-wrapper(...), anchorHoriz='center', anchorVert='center', antialias=True, autoDraw=False, autoLog=True, bold=False, color=array([1., 1., 1.]), colorSpace='rgb', contrast=1.0, depth=0.0, draggable=False, flipHoriz=False, flipVert=False, font='Open Sans', fontFiles=[], height=np.float64(0.05), italic=False, languageStyle='LTR', name='text_pre_block', opacity=1, ori=0.0, pos=array([0., 0.]), rgb=UNKNOWN, text='Press any key to start ...', units='height', win=Window(...), wrapWidth=1)
8.6283 	EXP 	Created text_2 = TextStim(__class__=<class 'psychopy.visual.text.TextStim'>, alignHoriz=method-wrapper(...), alignText='center', alignVert=method-wrapper(...), anchorHoriz='center', anchorVert='center', antialias=True, autoDraw=False, autoLog=True, bold=False, color=array([1., 1., 1.]), colorSpace='rgb', contrast=1.0, depth=0.0, draggable=False, flipHoriz=False, flipVert=False, font='Arial', fontFiles=[], height=np.float64(0.05), italic=False, languageStyle='LTR', name='text_2', opacity=1, ori=0.0, pos=array([0., 0.]), rgb=UNKNOWN, text='', units='height', win=Window(...), wrapWidth=1)
8.6315 	EXP 	Created hor_line_precue = Line(__class__=<class 'psychopy.visual.line.Line'>, anchor=('center', 'center'), autoDraw=False, autoLog=True, closeShape=False, color=array([1., 1., 1.]), colorSpace='rgb', contrast=None, depth=0.0, draggable=False, fillColor=array([1, 1, 1]), fillColorSpace='rgb', fillRGB=array([1, 1, 1]), interpolate=True, lineColor=array([1., 1., 1.]), lineColorSpace='rgb', lineRGB=array([1, 1, 1]), lineWidth=5.0, name='hor_line_precue', opacity=1, ori=-45.0, pos=array([0., 0.]), size=array([0.35, 0.35]), units='height', vertices=array([[-0.5, -0.5],
       [ 0.5,  0.5]]), win=Window(...), windingRule=None)
8.6329 	EXP 	Created ver_line_precue = Line(__class__=<class 'psychopy.visual.line.Line'>, anchor=('center', 'center'), autoDraw=False, autoLog=True, closeShape=False, color=array([1., 1., 1.]), colorSpace='rgb', contrast=None, depth=-1.0, draggable=False, fillColor=array([1, 1, 1]), fillColorSpace='rgb', fillRGB=array([1, 1, 1]), interpolate=True, lineColor=array([1., 1., 1.]), lineColorSpace='rgb', lineRGB=array([1, 1, 1]), lineWidth=5.0, name='ver_line_precue', opacity=1, ori=45.0, pos=array([0., 0.]), size=array([0.35, 0.35]), units='height', vertices=array([[-0.5, -0.5],
       [ 0.5,  0.5]]), win=Window(...), windingRule=None)
8.6344 	EXP 	Created rot_line_precue = Line(__class__=<class 'psychopy.visual.line.Line'>, anchor=('center', 'center'), autoDraw=False, autoLog=True, closeShape=False, color=array([1., 1., 1.]), colorSpace='rgb', contrast=None, depth=-2.0, draggable=False, fillColor=array([1, 1, 1]), fillColorSpace='rgb', fillRGB=array([1, 1, 1]), interpolate=True, lineColor=array([1., 1., 1.]), lineColorSpace='rgb', lineRGB=array([1, 1, 1]), lineWidth=5.0, name='rot_line_precue', opacity=1, ori=1.0, pos=array([0., 0.]), size=array([0.35, 0.35]), units='height', vertices=array([[-0.5, -0.5],
       [ 0.5,  0.5]]), win=Window(...), windingRule=None)
8.6409 	EXP 	Created text = TextStim(__class__=<class 'psychopy.visual.text.TextStim'>, alignHoriz=method-wrapper(...), alignText='center', alignVert=method-wrapper(...), anchorHoriz='center', anchorVert='center', antialias=True, autoDraw=False, autoLog=True, bold=False, color=array([1., 1., 1.]), colorSpace='rgb', contrast=1.0, depth=0.0, draggable=False, flipHoriz=False, flipVert=False, font='Arial', fontFiles=[], height=np.float64(0.05), italic=False, languageStyle='LTR', name='text', opacity=1, ori=0.0, pos=array([0., 0.]), rgb=UNKNOWN, text='Run Finished', units='height', win=Window(...), wrapWidth=1)
8.6480 	EXP 	Created text_post_run = TextStim(__class__=<class 'psychopy.visual.text.TextStim'>, alignHoriz=method-wrapper(...), alignText='center', alignVert=method-wrapper(...), anchorHoriz='center', anchorVert='center', antialias=True, autoDraw=False, autoLog=True, bold=False, color=array([1., 1., 1.]), colorSpace='rgb', contrast=1.0, depth=0.0, draggable=False, flipHoriz=False, flipVert=False, font='Open Sans', fontFiles=[], height=np.float64(0.05), italic=False, languageStyle='LTR', name='text_post_run', opacity=1, ori=0.0, pos=array([0., 0.]), rgb=UNKNOWN, text='Block Finished. Yuhu!', units='height', win=Window(...), wrapWidth=1)
0.0029 	EXP 	rot_line_precue: ori = 0
0.0088 	EXP 	text_pre_block: autoDraw = True
0.4800 	EXP 	Device response: <KeyPress from None: t=0.47032510000281036, value=space, duration=None>
0.4806 	EXP 	New trial (rep=0, index=0): <Trial 0 (0 in rep 0) data={'thisN': 0, 'thisTrialN': 0, 'thisRepN': 0}>
0.4843 	EXP 	text_pre_block: autoDraw = False
0.4843 	EXP 	text_2: autoDraw = True
0.5261 	EXP 	Device response: <KeyPress from None: t=0.47032510000281036, value=space, duration=0.05368620000081137>
3.4742 	EXP 	Imported classes.csv as conditions, 3 conditions, 2 params
3.4746 	EXP 	New trial (rep=0, index=0): <Trial 0 (0 in rep 0) data={'pic_name': 'pics/feet.JPG', 'class_mi': 'feet', 'thisN': 0, 'thisTrialN': 0, 'thisRepN': 0}>
3.4795 	EXP 	text_2: autoDraw = False
3.4795 	EXP 	text_2: autoDraw = False
3.4795 	EXP 	hor_line_precue: autoDraw = True
3.4795 	EXP 	ver_line_precue: autoDraw = True
3.4795 	EXP 	rot_line_precue: autoDraw = True
3.4795 	EXP 	rot_line_precue: ori = np.float64(0.7592141299355935)
3.4841 	EXP 	rot_line_precue: ori = np.float64(1.0988930803393142)
3.4920 	EXP 	rot_line_precue: ori = np.float64(1.4767009654164263)
3.5004 	EXP 	rot_line_precue: ori = np.float64(1.8199876088034077)
3.5087 	EXP 	rot_line_precue: ori = np.float64(2.410976990077855)
3.5172 	EXP 	rot_line_precue: ori = np.float64(2.8747680536613203)
3.5255 	EXP 	rot_line_precue: ori = np.float64(3.2395926147932297)
3.5337 	EXP 	rot_line_precue: ori = np.float64(3.70980424535062)
3.5422 	EXP 	rot_line_precue: ori = np.float64(4.378184958623781)
3.5506 	EXP 	rot_line_precue: ori = np.float64(4.684494463516723)
3.5593 	EXP 	rot_line_precue: ori = np.float64(5.188238252421855)
3.5676 	EXP 	rot_line_precue: ori = np.float64(5.544273461933119)
3.5758 	EXP 	rot_line_precue: ori = np.float64(5.975330056215198)
3.5842 	EXP 	rot_line_precue: ori = np.float64(6.336468539061214)
3.5926 	EXP 	rot_line_precue: ori = np.float64(7.130378096949983)
3.6009 	EXP 	rot_line_precue: ori = np.float64(7.473128368889651)
3.6093 	EXP 	rot_line_precue: ori = np.float64(7.828120149953898)
3.6177 	EXP 	rot_line_precue: ori = np.float64(8.144966530254491)
3.6257 	EXP 	rot_line_precue: ori = np.float64(8.628569822325456)
3.6338 	EXP 	rot_line_precue: ori = np.float64(9.129379874234266)
3.6419 	EXP 	rot_line_precue: ori = np.float64(9.514240619719615)
3.6505 	EXP 	rot_line_precue: ori = np.float64(9.83073711527933)
3.6588 	EXP 	rot_line_precue: ori = np.float64(10.358991169495233)
3.6670 	EXP 	rot_line_precue: ori = np.float64(10.664986184949846)
3.6756 	EXP 	rot_line_precue: ori = np.float64(10.962393416113843)
3.6837 	EXP 	rot_line_precue: ori = np.float64(11.3517858212447)
3.6920 	EXP 	rot_line_precue: ori = np.float64(11.675247327176765)
3.7006 	EXP 	rot_line_precue: ori = np.float64(12.244124033170472)
3.7087 	EXP 	rot_line_precue: ori = np.float64(12.552737747226425)
3.7170 	EXP 	rot_line_precue: ori = np.float64(13.182990766903899)
3.7258 	EXP 	rot_line_precue: ori = np.float64(13.535607797724403)
3.7342 	EXP 	rot_line_precue: ori = np.float64(14.154409601348164)
3.7427 	EXP 	rot_line_precue: ori = np.float64(14.471016908353754)
3.7509 	EXP 	rot_line_precue: ori = np.float64(15.274486747696391)
3.7592 	EXP 	rot_line_precue: ori = np.float64(15.624526132836388)
3.7679 	EXP 	rot_line_precue: ori = np.float64(15.940294197401464)
3.7757 	EXP 	rot_line_precue: ori = np.float64(16.342979214558774)
3.7842 	EXP 	rot_line_precue: ori = np.float64(16.65874459099298)
3.7922 	EXP 	rot_line_precue: ori = np.float64(16.975882492223594)
3.8008 	EXP 	rot_line_precue: ori = np.float64(17.314793980766098)
3.8089 	EXP 	rot_line_precue: ori = np.float64(17.96757465186045)
3.8173 	EXP 	rot_line_precue: ori = np.float64(18.513391799007724)
3.8254 	EXP 	rot_line_precue: ori = np.float64(18.830912048926)
3.8345 	EXP 	rot_line_precue: ori = np.float64(19.212183926711944)
3.8423 	EXP 	rot_line_precue: ori = np.float64(19.869915708827705)
3.8503 	EXP 	rot_line_precue: ori = np.float64(20.236314990062667)
3.8588 	EXP 	rot_line_precue: ori = np.float64(20.575017619329167)
3.8671 	EXP 	rot_line_precue: ori = np.float64(20.884752625804186)
3.8753 	EXP 	rot_line_precue: ori = np.float64(21.218245297426858)
3.8838 	EXP 	rot_line_precue: ori = np.float64(21.916575399200006)
3.8921 	EXP 	rot_line_precue: ori = np.float64(22.494415334718546)
3.9009 	EXP 	rot_line_precue: ori = np.float64(23.286702112362747)
3.9094 	EXP 	rot_line_precue: ori = np.float64(23.616940729461334)
3.9179 	EXP 	rot_line_precue: ori = np.float64(23.98311818117787)
3.9263 	EXP 	rot_line_precue: ori = np.float64(24.330894190457197)
3.9344 	EXP 	rot_line_precue: ori = np.float64(24.843635631261076)
3.9424 	EXP 	rot_line_precue: ori = np.float64(25.235047371107086)
3.9505 	EXP 	rot_line_precue: ori = np.float64(25.631176029557057)
3.9592 	EXP 	rot_line_precue: ori = np.float64(26.10236208836325)
3.9674 	EXP 	rot_line_precue: ori = np.float64(26.40955838820876)
3.9762 	EXP 	rot_line_precue: ori = np.float64(27.057136479219146)
3.9840 	EXP 	rot_line_precue: ori = np.float64(27.413577282048564)
3.9927 	EXP 	rot_line_precue: ori = np.float64(27.72554232363338)
4.0007 	EXP 	rot_line_precue: ori = np.float64(28.045907433231015)
4.0087 	EXP 	rot_line_precue: ori = np.float64(28.584520969346865)
4.0171 	EXP 	rot_line_precue: ori = np.float64(28.937764678270103)
4.0254 	EXP 	rot_line_precue: ori = np.float64(29.431036323405362)
4.0337 	EXP 	rot_line_precue: ori = np.float64(29.81787705407136)
4.0422 	EXP 	rot_line_precue: ori = np.float64(30.38114555169292)
4.0507 	EXP 	rot_line_precue: ori = np.float64(30.829260660214597)
4.0587 	EXP 	rot_line_precue: ori = np.float64(31.204197053768908)
4.0672 	EXP 	rot_line_precue: ori = np.float64(31.64519306569258)
4.0755 	EXP 	rot_line_precue: ori = np.float64(31.967012065792748)
4.0839 	EXP 	rot_line_precue: ori = np.float64(32.525364677822274)
4.0925 	EXP 	rot_line_precue: ori = np.float64(33.28051767770991)
4.1008 	EXP 	rot_line_precue: ori = np.float64(33.714227959557796)
4.1094 	EXP 	rot_line_precue: ori = np.float64(34.41449261827654)
4.1176 	EXP 	rot_line_precue: ori = np.float64(34.72788870431553)
4.1258 	EXP 	rot_line_precue: ori = np.float64(35.142844208187505)
4.1339 	EXP 	rot_line_precue: ori = np.float64(35.445279871432646)
4.1437 	EXP 	rot_line_precue: ori = np.float64(35.852937618223876)
4.1506 	EXP 	rot_line_precue: ori = np.float64(36.293355883907445)
4.1589 	EXP 	rot_line_precue: ori = np.float64(36.71106615406133)
4.1673 	EXP 	rot_line_precue: ori = np.float64(37.076589817923974)
4.1756 	EXP 	rot_line_precue: ori = np.float64(37.38232221846777)
4.1839 	EXP 	rot_line_precue: ori = np.float64(37.69461577836681)
4.1920 	EXP 	rot_line_precue: ori = np.float64(38.036800772662)
4.2005 	EXP 	rot_line_precue: ori = np.float64(38.55449128082347)
4.2088 	EXP 	rot_line_precue: ori = np.float64(38.85258819214261)
4.2170 	EXP 	rot_line_precue: ori = np.float64(39.1982811854676)
4.2256 	EXP 	rot_line_precue: ori = np.float64(39.56571593722183)
4.2338 	EXP 	rot_line_precue: ori = np.float64(39.88603637679807)
4.2421 	EXP 	rot_line_precue: ori = np.float64(40.1888324864713)
4.2506 	EXP 	rot_line_precue: ori = np.float64(40.87336040216024)
4.2590 	EXP 	rot_line_precue: ori = np.float64(41.37472004086787)
4.2677 	EXP 	rot_line_precue: ori = np.float64(41.73914643465608)
4.2759 	EXP 	rot_line_precue: ori = np.float64(42.188928876108626)
4.2842 	EXP 	rot_line_precue: ori = np.float64(42.53543109710427)
4.2927 	EXP 	rot_line_precue: ori = np.float64(43.04182054934636)
4.3010 	EXP 	rot_line_precue: ori = np.float64(43.37024270716811)
4.3092 	EXP 	rot_line_precue: ori = np.float64(43.67263222032018)
4.3172 	EXP 	rot_line_precue: ori = np.float64(44.090301889998564)
4.3258 	EXP 	rot_line_precue: ori = np.float64(44.79724306229703)
4.3340 	EXP 	rot_line_precue: ori = np.float64(45.097278795565146)
4.3424 	EXP 	rot_line_precue: ori = np.float64(45.432110196622084)
4.3508 	EXP 	rot_line_precue: ori = np.float64(45.7279046054243)
4.3589 	EXP 	rot_line_precue: ori = np.float64(46.240291664633965)
4.3672 	EXP 	rot_line_precue: ori = np.float64(46.549745185284785)
4.3755 	EXP 	rot_line_precue: ori = np.float64(46.89866405468625)
4.3839 	EXP 	rot_line_precue: ori = np.float64(47.26772910278811)
4.3921 	EXP 	rot_line_precue: ori = np.float64(47.75979750936128)
4.4005 	EXP 	rot_line_precue: ori = np.float64(48.11469540307752)
4.4089 	EXP 	rot_line_precue: ori = np.float64(48.41207050456965)
4.4171 	EXP 	rot_line_precue: ori = np.float64(48.82003159570399)
4.4254 	EXP 	rot_line_precue: ori = np.float64(49.25807059194001)
4.4342 	EXP 	rot_line_precue: ori = np.float64(49.56004444901588)
4.4424 	EXP 	rot_line_precue: ori = np.float64(49.984640721836904)
4.4510 	EXP 	rot_line_precue: ori = np.float64(50.31405013278617)
4.4592 	EXP 	rot_line_precue: ori = np.float64(50.62663665675567)
4.4679 	EXP 	rot_line_precue: ori = np.float64(51.0101518409633)
4.4760 	EXP 	rot_line_precue: ori = np.float64(51.34047038932075)
4.4842 	EXP 	rot_line_precue: ori = np.float64(51.70305831934797)
4.4924 	EXP 	rot_line_precue: ori = np.float64(52.1059823196762)
4.5009 	EXP 	rot_line_precue: ori = np.float64(52.47139615413017)
4.5094 	EXP 	rot_line_precue: ori = np.float64(52.81880154536931)
4.5173 	EXP 	rot_line_precue: ori = np.float64(53.19221121735106)
4.5256 	EXP 	rot_line_precue: ori = np.float64(53.50716613340197)
4.5343 	EXP 	rot_line_precue: ori = np.float64(53.83329334898765)
4.5422 	EXP 	rot_line_precue: ori = np.float64(54.39027764673486)
4.5505 	EXP 	rot_line_precue: ori = np.float64(54.69030311933598)
4.5588 	EXP 	rot_line_precue: ori = np.float64(55.265574916202745)
4.5673 	EXP 	rot_line_precue: ori = np.float64(56.02966057242856)
4.5755 	EXP 	rot_line_precue: ori = np.float64(56.34870696432518)
4.5837 	EXP 	rot_line_precue: ori = np.float64(56.86131188898218)
4.5922 	EXP 	rot_line_precue: ori = np.float64(57.16185233099438)
4.6005 	EXP 	rot_line_precue: ori = np.float64(57.469890551863735)
4.6087 	EXP 	rot_line_precue: ori = np.float64(57.785252655508685)
4.6173 	EXP 	rot_line_precue: ori = np.float64(58.16921793600946)
4.6258 	EXP 	rot_line_precue: ori = np.float64(58.83828106434782)
4.6343 	EXP 	rot_line_precue: ori = np.float64(59.17101709957088)
4.6426 	EXP 	rot_line_precue: ori = np.float64(59.55025646415479)
4.6509 	EXP 	rot_line_precue: ori = np.float64(59.88363713422524)
4.6606 	EXP 	rot_line_precue: ori = np.float64(60.27637056863175)
4.6670 	EXP 	rot_line_precue: ori = np.float64(60.58205006395064)
4.6758 	EXP 	rot_line_precue: ori = np.float64(61.165881766710534)
4.6839 	EXP 	rot_line_precue: ori = np.float64(61.464384407734464)
4.6924 	EXP 	rot_line_precue: ori = np.float64(61.84381363041209)
4.7008 	EXP 	rot_line_precue: ori = np.float64(62.357155988989746)
4.7089 	EXP 	rot_line_precue: ori = np.float64(62.721348798122875)
4.7170 	EXP 	rot_line_precue: ori = np.float64(63.06432923880034)
4.7255 	EXP 	rot_line_precue: ori = np.float64(63.49176487018177)
4.7338 	EXP 	rot_line_precue: ori = np.float64(63.80116390172956)
4.7420 	EXP 	rot_line_precue: ori = np.float64(64.25373389668478)
4.7505 	EXP 	rot_line_precue: ori = np.float64(64.65419154539877)
4.7589 	EXP 	rot_line_precue: ori = np.float64(65.00938487511561)
4.7670 	EXP 	rot_line_precue: ori = np.float64(65.32632869407759)
4.7755 	EXP 	rot_line_precue: ori = np.float64(65.66809519671084)
4.7837 	EXP 	rot_line_precue: ori = np.float64(66.04616121126396)
4.7920 	EXP 	rot_line_precue: ori = np.float64(66.3449224685751)
4.8006 	EXP 	rot_line_precue: ori = np.float64(66.77555883025695)
4.8096 	EXP 	rot_line_precue: ori = np.float64(67.1262566713161)
4.8178 	EXP 	rot_line_precue: ori = np.float64(67.56978197786515)
4.8261 	EXP 	rot_line_precue: ori = np.float64(68.00676959369366)
4.8347 	EXP 	rot_line_precue: ori = np.float64(68.3598217175033)
4.8419 	EXP 	rot_line_precue: ori = np.float64(69.12283661627359)
4.8508 	EXP 	rot_line_precue: ori = np.float64(69.42674634225071)
4.8592 	EXP 	rot_line_precue: ori = np.float64(69.79050912524889)
4.8677 	EXP 	rot_line_precue: ori = np.float64(70.16808554867654)
4.8758 	EXP 	rot_line_precue: ori = np.float64(70.58754682560924)
4.8839 	EXP 	rot_line_precue: ori = np.float64(70.88592866368073)
4.8920 	EXP 	rot_line_precue: ori = np.float64(71.19476067156772)
4.9004 	EXP 	rot_line_precue: ori = np.float64(71.55479794773447)
4.9088 	EXP 	rot_line_precue: ori = np.float64(72.09355659077075)
4.9170 	EXP 	rot_line_precue: ori = np.float64(72.53581027846612)
4.9254 	EXP 	rot_line_precue: ori = np.float64(72.8991018950828)
4.9345 	EXP 	rot_line_precue: ori = np.float64(73.29477067972067)
4.9421 	EXP 	rot_line_precue: ori = np.float64(73.59359400675365)
4.9505 	EXP 	rot_line_precue: ori = np.float64(73.90128287432425)
4.9588 	EXP 	rot_line_precue: ori = np.float64(74.20401451607137)
4.9672 	EXP 	rot_line_precue: ori = np.float64(74.70530349614015)
4.9754 	EXP 	rot_line_precue: ori = np.float64(75.0272970841856)
4.9837 	EXP 	rot_line_precue: ori = np.float64(75.33932502913677)
4.9923 	EXP 	rot_line_precue: ori = np.float64(75.7188321519286)
5.0010 	EXP 	rot_line_precue: ori = np.float64(76.02412721379682)
5.0092 	EXP 	rot_line_precue: ori = np.float64(76.3368823089394)
5.0175 	EXP 	rot_line_precue: ori = np.float64(76.64757265728018)
5.0262 	EXP 	rot_line_precue: ori = np.float64(77.02865520633812)
5.0342 	EXP 	rot_line_precue: ori = np.float64(77.41364652837136)
5.0426 	EXP 	rot_line_precue: ori = np.float64(77.81099189585197)
5.0506 	EXP 	rot_line_precue: ori = np.float64(78.3183377482607)
5.0591 	EXP 	rot_line_precue: ori = np.float64(78.64024412516447)
5.0673 	EXP 	rot_line_precue: ori = np.float64(78.99617506823634)
5.0756 	EXP 	rot_line_precue: ori = np.float64(79.38581384999225)
5.0838 	EXP 	rot_line_precue: ori = np.float64(79.87546754894139)
5.0922 	EXP 	rot_line_precue: ori = np.float64(80.33863616460357)
5.1005 	EXP 	rot_line_precue: ori = np.float64(80.66492004314169)
5.1088 	EXP 	rot_line_precue: ori = np.float64(81.3125148139345)
5.1173 	EXP 	rot_line_precue: ori = np.float64(81.64401159394296)
5.1255 	EXP 	rot_line_precue: ori = np.float64(81.97675831650336)
5.1338 	EXP 	rot_line_precue: ori = np.float64(82.27204583638199)
5.1423 	EXP 	rot_line_precue: ori = np.float64(82.69188823051209)
5.1505 	EXP 	rot_line_precue: ori = np.float64(83.03932837146105)
5.1588 	EXP 	rot_line_precue: ori = np.float64(83.48341982985531)
5.1673 	EXP 	rot_line_precue: ori = np.float64(83.85308923436118)
5.1756 	EXP 	rot_line_precue: ori = np.float64(84.17660317413622)
5.1844 	EXP 	rot_line_precue: ori = np.float64(84.76305403365889)
5.1927 	EXP 	rot_line_precue: ori = np.float64(85.14859805815118)
5.2009 	EXP 	rot_line_precue: ori = np.float64(85.58705472233879)
5.2094 	EXP 	rot_line_precue: ori = np.float64(85.88341496919152)
5.2175 	EXP 	rot_line_precue: ori = np.float64(86.39105232559884)
5.2258 	EXP 	rot_line_precue: ori = np.float64(86.69410330739854)
5.2340 	EXP 	rot_line_precue: ori = np.float64(87.47422163416256)
5.2425 	EXP 	rot_line_precue: ori = np.float64(87.85585566579164)
5.2513 	EXP 	rot_line_precue: ori = np.float64(88.18466744869816)
5.2590 	EXP 	rot_line_precue: ori = np.float64(88.55318141890798)
5.2671 	EXP 	rot_line_precue: ori = np.float64(88.85675023644791)
5.2756 	EXP 	rot_line_precue: ori = np.float64(89.23636105825732)
5.2839 	EXP 	rot_line_precue: ori = np.float64(89.83485848075942)
5.2921 	EXP 	rot_line_precue: ori = np.float64(90.18906092852576)
5.3007 	EXP 	rot_line_precue: ori = np.float64(90.50695624063661)
5.3088 	EXP 	rot_line_precue: ori = np.float64(90.84124918616544)
5.3171 	EXP 	rot_line_precue: ori = np.float64(91.31273827745532)
5.3274 	EXP 	rot_line_precue: ori = np.float64(91.62479864670003)
5.3342 	EXP 	rot_line_precue: ori = np.float64(92.15865600691919)
5.3427 	EXP 	rot_line_precue: ori = np.float64(92.4985453396039)
5.3509 	EXP 	rot_line_precue: ori = np.float64(92.86616719419118)
5.3592 	EXP 	rot_line_precue: ori = np.float64(93.20373493094088)
5.3679 	EXP 	rot_line_precue: ori = np.float64(93.50946689057868)
5.3761 	EXP 	rot_line_precue: ori = np.float64(93.837264291457)
5.3851 	EXP 	rot_line_precue: ori = np.float64(94.16745371597764)
5.3944 	EXP 	rot_line_precue: ori = np.float64(94.72169271208969)
5.4016 	EXP 	rot_line_precue: ori = np.float64(95.0246176072119)
5.4097 	EXP 	rot_line_precue: ori = np.float64(95.78144144207559)
5.4173 	EXP 	rot_line_precue: ori = np.float64(96.10463670069129)
5.4261 	EXP 	rot_line_precue: ori = np.float64(96.8488539025927)
5.4341 	EXP 	rot_line_precue: ori = np.float64(97.30540804092772)
5.4422 	EXP 	rot_line_precue: ori = np.float64(97.67964450138794)
5.4504 	EXP 	rot_line_precue: ori = np.float64(98.06446239591179)
5.4589 	EXP 	rot_line_precue: ori = np.float64(98.37532562352125)
5.4671 	EXP 	rot_line_precue: ori = np.float64(98.74451045659066)
5.4677 	EXP 	New trial (rep=1, index=1): <Trial 1 (1 in rep 1) data={'pic_name': 'pics/feet.JPG', 'class_mi': 'feet', 'thisN': 1, 'thisTrialN': 1, 'thisRepN': 1}>
5.4755 	EXP 	hor_line_precue: autoDraw = False
5.4755 	EXP 	ver_line_precue: autoDraw = False
5.4755 	EXP 	rot_line_precue: autoDraw = False
5.4755 	EXP 	rot_line_precue: ori = np.float64(99.08165078968575)
5.4755 	EXP 	hor_line_precue: autoDraw = False
5.4755 	EXP 	ver_line_precue: autoDraw = False
5.4755 	EXP 	rot_line_precue: autoDraw = False
5.4755 	EXP 	hor_line_precue: autoDraw = True
5.4755 	EXP 	ver_line_precue: autoDraw = True
5.4755 	EXP 	rot_line_precue: autoDraw = True
5.4755 	EXP 	rot_line_precue: ori = np.float64(99.39136449188382)
5.4839 	EXP 	rot_line_precue: ori = np.float64(100.06763240684498)
5.4921 	EXP 	rot_line_precue: ori = np.float64(100.38030960619548)
5.5004 	EXP 	rot_line_precue: ori = np.float64(100.71955270865286)
5.5086 	EXP 	rot_line_precue: ori = np.float64(101.02849377337256)
5.5173 	EXP 	rot_line_precue: ori = np.float64(101.39920908125877)
5.5256 	EXP 	rot_line_precue: ori = np.float64(101.75838805125966)
5.5342 	EXP 	rot_line_precue: ori = np.float64(102.07510864291221)
5.5425 	EXP 	rot_line_precue: ori = np.float64(102.3899528408369)
5.5513 	EXP 	rot_line_precue: ori = np.float64(102.70829641307809)
5.5596 	EXP 	rot_line_precue: ori = np.float64(103.35130871910992)
5.5678 	EXP 	rot_line_precue: ori = np.float64(103.65750912693106)
5.5765 	EXP 	rot_line_precue: ori = np.float64(103.98995691203274)
5.5847 	EXP 	rot_line_precue: ori = np.float64(104.71718001906162)
5.5932 	EXP 	rot_line_precue: ori = np.float64(105.10084284937533)
5.6016 	EXP 	rot_line_precue: ori = np.float64(105.70193889628938)
5.6094 	EXP 	rot_line_precue: ori = np.float64(106.03540211562523)
5.6175 	EXP 	rot_line_precue: ori = np.float64(106.62441106977832)
5.6257 	EXP 	rot_line_precue: ori = np.float64(106.91995451233973)
5.6342 	EXP 	rot_line_precue: ori = np.float64(107.31693514245883)
5.6423 	EXP 	rot_line_precue: ori = np.float64(107.66036469462588)
5.6506 	EXP 	rot_line_precue: ori = np.float64(108.10319272934507)
5.6589 	EXP 	rot_line_precue: ori = np.float64(108.48866854969098)
5.6675 	EXP 	rot_line_precue: ori = np.float64(108.86755619304869)
5.6756 	EXP 	rot_line_precue: ori = np.float64(109.17263462233828)
5.6839 	EXP 	rot_line_precue: ori = np.float64(109.93773398463172)
5.6923 	EXP 	rot_line_precue: ori = np.float64(110.35292233954883)
5.7006 	EXP 	rot_line_precue: ori = np.float64(110.69315898399817)
5.7088 	EXP 	rot_line_precue: ori = np.float64(111.01771642624654)
5.7170 	EXP 	rot_line_precue: ori = np.float64(111.48137327020426)
5.7255 	EXP 	rot_line_precue: ori = np.float64(111.93370913186544)
5.7344 	EXP 	rot_line_precue: ori = np.float64(112.47580560016958)
5.7427 	EXP 	rot_line_precue: ori = np.float64(112.82641745885181)
5.7509 	EXP 	rot_line_precue: ori = np.float64(113.14495384535236)
5.7595 	EXP 	rot_line_precue: ori = np.float64(113.45551900795391)
5.7676 	EXP 	rot_line_precue: ori = np.float64(113.90656217449848)
5.7759 	EXP 	rot_line_precue: ori = np.float64(114.25965956593454)
5.7840 	EXP 	rot_line_precue: ori = np.float64(114.64506433447744)
5.7925 	EXP 	rot_line_precue: ori = np.float64(114.99922558210966)
5.8007 	EXP 	rot_line_precue: ori = np.float64(115.3181054609409)
5.8090 	EXP 	rot_line_precue: ori = np.float64(115.61667228649269)
5.8174 	EXP 	rot_line_precue: ori = np.float64(115.93684959538662)
5.8259 	EXP 	rot_line_precue: ori = np.float64(116.23549094059344)
5.8338 	EXP 	rot_line_precue: ori = np.float64(116.6642744033909)
5.8421 	EXP 	rot_line_precue: ori = np.float64(117.32800122650508)
5.8504 	EXP 	rot_line_precue: ori = np.float64(117.66897381933302)
5.8597 	EXP 	rot_line_precue: ori = np.float64(118.33356715727376)
5.8671 	EXP 	rot_line_precue: ori = np.float64(118.99276395422432)
5.8754 	EXP 	rot_line_precue: ori = np.float64(119.28875513843028)
5.8839 	EXP 	rot_line_precue: ori = np.float64(119.63649722926557)
5.8921 	EXP 	rot_line_precue: ori = np.float64(120.06439403980012)
5.9008 	EXP 	rot_line_precue: ori = np.float64(120.36139107211406)
5.9095 	EXP 	rot_line_precue: ori = np.float64(120.76859390491026)
5.9179 	EXP 	rot_line_precue: ori = np.float64(121.08855417559629)
5.9261 	EXP 	rot_line_precue: ori = np.float64(121.4035545986631)
5.9343 	EXP 	rot_line_precue: ori = np.float64(121.71103703780743)
5.9430 	EXP 	rot_line_precue: ori = np.float64(122.02756289767886)
5.9513 	EXP 	rot_line_precue: ori = np.float64(122.43824425712376)
5.9594 	EXP 	rot_line_precue: ori = np.float64(122.96560401055645)
5.9680 	EXP 	rot_line_precue: ori = np.float64(123.26173234733936)
5.9760 	EXP 	rot_line_precue: ori = np.float64(123.81819023696609)
5.9843 	EXP 	rot_line_precue: ori = np.float64(124.12515409772523)
5.9924 	EXP 	rot_line_precue: ori = np.float64(124.67422335432697)
6.0005 	EXP 	rot_line_precue: ori = np.float64(125.14822087309274)
6.0090 	EXP 	rot_line_precue: ori = np.float64(125.88989695543115)
6.0171 	EXP 	rot_line_precue: ori = np.float64(126.22422549716454)
6.0254 	EXP 	rot_line_precue: ori = np.float64(126.61059967624793)
6.0340 	EXP 	rot_line_precue: ori = np.float64(126.92678666744966)
6.0422 	EXP 	rot_line_precue: ori = np.float64(127.40592914597876)
6.0505 	EXP 	rot_line_precue: ori = np.float64(127.74981842859611)
6.0586 	EXP 	rot_line_precue: ori = np.float64(128.04967014073574)
6.0672 	EXP 	rot_line_precue: ori = np.float64(128.40482127221406)
6.0755 	EXP 	rot_line_precue: ori = np.float64(128.70084753098234)
6.0852 	EXP 	rot_line_precue: ori = np.float64(129.0436606747433)
6.0925 	EXP 	rot_line_precue: ori = np.float64(129.39458923490167)
6.1014 	EXP 	rot_line_precue: ori = np.float64(129.6974501888718)
6.1093 	EXP 	rot_line_precue: ori = np.float64(130.0087969402315)
6.1177 	EXP 	rot_line_precue: ori = np.float64(130.33002886991414)
6.1264 	EXP 	rot_line_precue: ori = np.float64(130.67667855399353)
6.1346 	EXP 	rot_line_precue: ori = np.float64(131.16024272203234)
6.1428 	EXP 	rot_line_precue: ori = np.float64(131.59539552779057)
6.1514 	EXP 	rot_line_precue: ori = np.float64(132.26326454360705)
6.1592 	EXP 	rot_line_precue: ori = np.float64(132.97054312051594)
6.1674 	EXP 	rot_line_precue: ori = np.float64(133.5927820909468)
6.1756 	EXP 	rot_line_precue: ori = np.float64(133.99745323436974)
6.1839 	EXP 	rot_line_precue: ori = np.float64(134.29801904576246)
6.1924 	EXP 	rot_line_precue: ori = np.float64(134.60593175396176)
6.2005 	EXP 	rot_line_precue: ori = np.float64(135.00518659121664)
6.2088 	EXP 	rot_line_precue: ori = np.float64(135.33607226751167)
6.2171 	EXP 	rot_line_precue: ori = np.float64(136.12321317875103)
6.2256 	EXP 	rot_line_precue: ori = np.float64(136.4671193919691)
6.2338 	EXP 	rot_line_precue: ori = np.float64(136.99953666092273)
6.2421 	EXP 	rot_line_precue: ori = np.float64(137.52634300227533)
6.2506 	EXP 	rot_line_precue: ori = np.float64(138.12142199876965)
6.2588 	EXP 	rot_line_precue: ori = np.float64(138.42037296267065)
6.2675 	EXP 	rot_line_precue: ori = np.float64(138.74209482026828)
6.2761 	EXP 	rot_line_precue: ori = np.float64(139.03784336228378)
6.2841 	EXP 	rot_line_precue: ori = np.float64(139.3849395357489)
6.2926 	EXP 	rot_line_precue: ori = np.float64(139.69700013211823)
6.3010 	EXP 	rot_line_precue: ori = np.float64(140.14883469941094)
6.3092 	EXP 	rot_line_precue: ori = np.float64(140.4841896703978)
6.3177 	EXP 	rot_line_precue: ori = np.float64(140.88809763276294)
6.3259 	EXP 	rot_line_precue: ori = np.float64(141.31818057587498)
6.3341 	EXP 	rot_line_precue: ori = np.float64(141.6802047543346)
6.3422 	EXP 	rot_line_precue: ori = np.float64(142.43187484148538)
6.3508 	EXP 	rot_line_precue: ori = np.float64(142.83216451320018)
6.3591 	EXP 	rot_line_precue: ori = np.float64(143.12845232009357)
6.3677 	EXP 	rot_line_precue: ori = np.float64(143.47939893505176)
6.3757 	EXP 	rot_line_precue: ori = np.float64(143.8184547815512)
6.3838 	EXP 	rot_line_precue: ori = np.float64(144.1153101053176)
6.3921 	EXP 	rot_line_precue: ori = np.float64(144.5070103161502)
6.4009 	EXP 	rot_line_precue: ori = np.float64(144.85455751352782)
6.4090 	EXP 	rot_line_precue: ori = np.float64(145.16613768930503)
6.4172 	EXP 	rot_line_precue: ori = np.float64(145.46205731518296)
6.4254 	EXP 	rot_line_precue: ori = np.float64(146.00245316335358)
6.4344 	EXP 	rot_line_precue: ori = np.float64(146.38596960112577)
6.4425 	EXP 	rot_line_precue: ori = np.float64(146.6874034504267)
6.4511 	EXP 	rot_line_precue: ori = np.float64(147.02909362309887)
6.4592 	EXP 	rot_line_precue: ori = np.float64(147.42907134498887)
6.4672 	EXP 	rot_line_precue: ori = np.float64(147.8374488542197)
6.4764 	EXP 	rot_line_precue: ori = np.float64(148.31051674022598)
6.4863 	EXP 	rot_line_precue: ori = np.float64(148.64785932670947)
6.4955 	EXP 	rot_line_precue: ori = np.float64(149.09197338295868)
6.5013 	EXP 	rot_line_precue: ori = np.float64(149.60890271391946)
6.5093 	EXP 	rot_line_precue: ori = np.float64(150.0885406223096)
6.5175 	EXP 	rot_line_precue: ori = np.float64(150.45199483152035)
6.5260 	EXP 	rot_line_precue: ori = np.float64(150.91328730419335)
6.5341 	EXP 	rot_line_precue: ori = np.float64(151.23542307449492)
6.5424 	EXP 	rot_line_precue: ori = np.float64(151.74411938087252)
6.5506 	EXP 	rot_line_precue: ori = np.float64(152.30610192926062)
6.5591 	EXP 	rot_line_precue: ori = np.float64(152.6106350929503)
6.5673 	EXP 	rot_line_precue: ori = np.float64(152.91844379225066)
6.5762 	EXP 	rot_line_precue: ori = np.float64(153.21928657634624)
6.5838 	EXP 	rot_line_precue: ori = np.float64(153.61194569770754)
6.5921 	EXP 	rot_line_precue: ori = np.float64(153.99781624115622)
6.6005 	EXP 	rot_line_precue: ori = np.float64(154.3013772184324)
6.6091 	EXP 	rot_line_precue: ori = np.float64(154.60162149861785)
6.6172 	EXP 	rot_line_precue: ori = np.float64(154.9115769688174)
6.6260 	EXP 	rot_line_precue: ori = np.float64(155.21773327809058)
6.6344 	EXP 	rot_line_precue: ori = np.float64(155.76809016037947)
6.6432 	EXP 	rot_line_precue: ori = np.float64(156.2021084778963)
6.6512 	EXP 	rot_line_precue: ori = np.float64(156.50508604923454)
6.6592 	EXP 	rot_line_precue: ori = np.float64(157.0864753192186)
6.6676 	EXP 	rot_line_precue: ori = np.float64(157.4175712731884)
6.6759 	EXP 	rot_line_precue: ori = np.float64(157.77187476864057)
6.6852 	EXP 	rot_line_precue: ori = np.float64(158.08718161072414)
6.6926 	EXP 	rot_line_precue: ori = np.float64(158.43658197113473)
6.7015 	EXP 	rot_line_precue: ori = np.float64(158.73896754792565)
6.7087 	EXP 	rot_line_precue: ori = np.float64(159.07715504081605)
6.7174 	EXP 	rot_line_precue: ori = np.float64(159.51131221356007)
6.7258 	EXP 	rot_line_precue: ori = np.float64(159.85584844114112)
6.7340 	EXP 	rot_line_precue: ori = np.float64(160.1724648571063)
6.7424 	EXP 	rot_line_precue: ori = np.float64(160.84325610556115)
6.7507 	EXP 	rot_line_precue: ori = np.float64(161.14168140849753)
6.7596 	EXP 	rot_line_precue: ori = np.float64(161.43961955357585)
6.7671 	EXP 	rot_line_precue: ori = np.float64(161.87351984573812)
6.7756 	EXP 	rot_line_precue: ori = np.float64(162.59203976837512)
6.7838 	EXP 	rot_line_precue: ori = np.float64(163.00171253773217)
6.7920 	EXP 	rot_line_precue: ori = np.float64(163.30222854660477)
6.8006 	EXP 	rot_line_precue: ori = np.float64(163.65920582501465)
6.8092 	EXP 	rot_line_precue: ori = np.float64(163.99313058610397)
6.8176 	EXP 	rot_line_precue: ori = np.float64(164.29815237784518)
6.8262 	EXP 	rot_line_precue: ori = np.float64(164.59563513488257)
6.8346 	EXP 	rot_line_precue: ori = np.float64(164.9059812724312)
6.8425 	EXP 	rot_line_precue: ori = np.float64(165.26458728750598)
6.8509 	EXP 	rot_line_precue: ori = np.float64(165.65325071865016)
6.8596 	EXP 	rot_line_precue: ori = np.float64(165.951683509912)
6.8679 	EXP 	rot_line_precue: ori = np.float64(166.4345415533767)
6.8759 	EXP 	rot_line_precue: ori = np.float64(166.73015879101203)
6.8842 	EXP 	rot_line_precue: ori = np.float64(167.3409023534822)
6.8926 	EXP 	rot_line_precue: ori = np.float64(167.6758531078674)
6.9008 	EXP 	rot_line_precue: ori = np.float64(167.97241098819455)
6.9091 	EXP 	rot_line_precue: ori = np.float64(168.51041823717105)
6.9179 	EXP 	rot_line_precue: ori = np.float64(168.8537674905151)
6.9260 	EXP 	rot_line_precue: ori = np.float64(169.28882518415503)
6.9339 	EXP 	rot_line_precue: ori = np.float64(169.75536676624236)
6.9421 	EXP 	rot_line_precue: ori = np.float64(170.55835132114814)
6.9506 	EXP 	rot_line_precue: ori = np.float64(171.26132856596564)
6.9589 	EXP 	rot_line_precue: ori = np.float64(171.562098294409)
6.9672 	EXP 	rot_line_precue: ori = np.float64(172.0221165620582)
6.9753 	EXP 	rot_line_precue: ori = np.float64(172.4229320019241)
6.9841 	EXP 	rot_line_precue: ori = np.float64(172.83119161329765)
6.9924 	EXP 	rot_line_precue: ori = np.float64(173.16272319661988)
7.0011 	EXP 	rot_line_precue: ori = np.float64(173.51139990019243)
7.0099 	EXP 	rot_line_precue: ori = np.float64(173.9726892953)
7.0173 	EXP 	rot_line_precue: ori = np.float64(174.63554045228227)
7.0256 	EXP 	rot_line_precue: ori = np.float64(175.42607992388196)
7.0342 	EXP 	rot_line_precue: ori = np.float64(175.781452725594)
7.0426 	EXP 	rot_line_precue: ori = np.float64(176.12264342653907)
7.0511 	EXP 	rot_line_precue: ori = np.float64(176.60622081819943)
7.0592 	EXP 	rot_line_precue: ori = np.float64(177.2716937307812)
7.0673 	EXP 	rot_line_precue: ori = np.float64(177.57815770628875)
7.0757 	EXP 	rot_line_precue: ori = np.float64(178.01716868489723)
7.0845 	EXP 	rot_line_precue: ori = np.float64(178.34571610634436)
7.0924 	EXP 	rot_line_precue: ori = np.float64(178.88596040550422)
7.1006 	EXP 	rot_line_precue: ori = np.float64(179.4633072955238)
7.1097 	EXP 	rot_line_precue: ori = np.float64(180.17115664983913)
7.1173 	EXP 	rot_line_precue: ori = np.float64(180.47675458613014)
7.1258 	EXP 	rot_line_precue: ori = np.float64(181.17323080648532)
7.1342 	EXP 	rot_line_precue: ori = np.float64(181.51975659470088)
7.1424 	EXP 	rot_line_precue: ori = np.float64(181.8188741933469)
7.1509 	EXP 	rot_line_precue: ori = np.float64(182.128569183984)
7.1592 	EXP 	rot_line_precue: ori = np.float64(182.44299001599921)
7.1676 	EXP 	rot_line_precue: ori = np.float64(182.81332616512574)
7.1758 	EXP 	rot_line_precue: ori = np.float64(183.12946144430254)
7.1845 	EXP 	rot_line_precue: ori = np.float64(183.60277158574485)
7.1923 	EXP 	rot_line_precue: ori = np.float64(184.03272097231886)
7.2008 	EXP 	rot_line_precue: ori = np.float64(184.34660133828453)
7.2099 	EXP 	rot_line_precue: ori = np.float64(184.65657006012307)
7.2176 	EXP 	rot_line_precue: ori = np.float64(185.2287753660557)
7.2259 	EXP 	rot_line_precue: ori = np.float64(185.84151065645915)
7.2339 	EXP 	rot_line_precue: ori = np.float64(186.25673410821497)
7.2425 	EXP 	rot_line_precue: ori = np.float64(186.69477125452778)
7.2507 	EXP 	rot_line_precue: ori = np.float64(187.03121566561472)
7.2589 	EXP 	rot_line_precue: ori = np.float64(187.65065654628967)
7.2674 	EXP 	rot_line_precue: ori = np.float64(187.99730207549794)
7.2758 	EXP 	rot_line_precue: ori = np.float64(188.6780715284541)
7.2839 	EXP 	rot_line_precue: ori = np.float64(188.98854252419113)
7.2922 	EXP 	rot_line_precue: ori = np.float64(189.53877918758926)
7.3006 	EXP 	rot_line_precue: ori = np.float64(189.85741219796958)
7.3088 	EXP 	rot_line_precue: ori = np.float64(190.20162845497612)
7.3172 	EXP 	rot_line_precue: ori = np.float64(190.51109447151447)
7.3260 	EXP 	rot_line_precue: ori = np.float64(190.857640018551)
7.3345 	EXP 	rot_line_precue: ori = np.float64(191.51929935093165)
7.3427 	EXP 	rot_line_precue: ori = np.float64(192.15917282944372)
7.3510 	EXP 	rot_line_precue: ori = np.float64(192.4661384484703)
7.3591 	EXP 	rot_line_precue: ori = np.float64(193.1259628782431)
7.3677 	EXP 	rot_line_precue: ori = np.float64(193.44246699913853)
7.3760 	EXP 	rot_line_precue: ori = np.float64(193.74389827496728)
7.3842 	EXP 	rot_line_precue: ori = np.float64(194.09506780146822)
7.3928 	EXP 	rot_line_precue: ori = np.float64(194.39405423578538)
7.4009 	EXP 	rot_line_precue: ori = np.float64(194.80608790647395)
7.4090 	EXP 	rot_line_precue: ori = np.float64(195.1257069621915)
7.4180 	EXP 	rot_line_precue: ori = np.float64(195.48172927258983)
7.4258 	EXP 	rot_line_precue: ori = np.float64(195.78615493445838)
7.4341 	EXP 	rot_line_precue: ori = np.float64(196.16536634591037)
7.4423 	EXP 	rot_line_precue: ori = np.float64(196.5383486313683)
7.4508 	EXP 	rot_line_precue: ori = np.float64(197.28809724538303)
7.4590 	EXP 	rot_line_precue: ori = np.float64(197.90545787931518)
7.4597 	EXP 	New trial (rep=2, index=2): <Trial 2 (2 in rep 2) data={'pic_name': 'pics/feet.JPG', 'class_mi': 'feet', 'thisN': 2, 'thisTrialN': 2, 'thisRepN': 2}>
7.4672 	EXP 	hor_line_precue: autoDraw = False
7.4672 	EXP 	ver_line_precue: autoDraw = False
7.4672 	EXP 	rot_line_precue: autoDraw = False
7.4672 	EXP 	rot_line_precue: ori = np.float64(198.28534315238437)
7.4672 	EXP 	hor_line_precue: autoDraw = False
7.4672 	EXP 	ver_line_precue: autoDraw = False
7.4672 	EXP 	rot_line_precue: autoDraw = False
7.4672 	EXP 	hor_line_precue: autoDraw = True
7.4672 	EXP 	ver_line_precue: autoDraw = True
7.4672 	EXP 	rot_line_precue: autoDraw = True
7.4672 	EXP 	rot_line_precue: ori = np.float64(198.59736407320824)
7.4763 	EXP 	rot_line_precue: ori = np.float64(198.8946844300216)
7.4839 	EXP 	rot_line_precue: ori = np.float64(199.19704818837803)
7.4928 	EXP 	rot_line_precue: ori = np.float64(199.71212260019345)
7.5010 	EXP 	rot_line_precue: ori = np.float64(200.1118593533464)
7.5093 	EXP 	rot_line_precue: ori = np.float64(200.59536957999603)
7.5174 	EXP 	rot_line_precue: ori = np.float64(201.07792891087016)
7.5260 	EXP 	rot_line_precue: ori = np.float64(201.54694646975483)
7.5340 	EXP 	rot_line_precue: ori = np.float64(201.8998296273399)
7.5424 	EXP 	rot_line_precue: ori = np.float64(202.32280338075458)
7.5512 	EXP 	rot_line_precue: ori = np.float64(202.63024596998773)
7.5595 	EXP 	rot_line_precue: ori = np.float64(202.9899332149249)
7.5678 	EXP 	rot_line_precue: ori = np.float64(203.6248790814775)
7.5760 	EXP 	rot_line_precue: ori = np.float64(203.96902186542158)
7.5841 	EXP 	rot_line_precue: ori = np.float64(204.35497892410473)
7.5923 	EXP 	rot_line_precue: ori = np.float64(204.77727694079763)
7.6005 	EXP 	rot_line_precue: ori = np.float64(205.43889794282205)
7.6092 	EXP 	rot_line_precue: ori = np.float64(205.78702989888882)
7.6173 	EXP 	rot_line_precue: ori = np.float64(206.1081499427225)
7.6255 	EXP 	rot_line_precue: ori = np.float64(206.42822145239472)
7.6337 	EXP 	rot_line_precue: ori = np.float64(206.7371674874689)
7.6423 	EXP 	rot_line_precue: ori = np.float64(207.0695837643043)
7.6506 	EXP 	rot_line_precue: ori = np.float64(207.5808471202614)
7.6588 	EXP 	rot_line_precue: ori = np.float64(208.17368377245955)
7.6676 	EXP 	rot_line_precue: ori = np.float64(208.47006758432332)
7.6758 	EXP 	rot_line_precue: ori = np.float64(208.79120579991132)
7.6840 	EXP 	rot_line_precue: ori = np.float64(209.12597465462974)
7.6928 	EXP 	rot_line_precue: ori = np.float64(209.74693879379896)
7.7012 	EXP 	rot_line_precue: ori = np.float64(210.04486565090832)
7.7088 	EXP 	rot_line_precue: ori = np.float64(210.48900520215184)
7.7176 	EXP 	rot_line_precue: ori = np.float64(210.7898291462227)
7.7259 	EXP 	rot_line_precue: ori = np.float64(211.28423943954905)
7.7345 	EXP 	rot_line_precue: ori = np.float64(211.6347910574452)
7.7427 	EXP 	rot_line_precue: ori = np.float64(212.10473956055347)
7.7508 	EXP 	rot_line_precue: ori = np.float64(212.62007613184448)
7.7589 	EXP 	rot_line_precue: ori = np.float64(212.98930261150397)
7.7675 	EXP 	rot_line_precue: ori = np.float64(213.2984411001877)
7.7758 	EXP 	rot_line_precue: ori = np.float64(213.66164480859754)
7.7839 	EXP 	rot_line_precue: ori = np.float64(214.03802997407058)
7.7924 	EXP 	rot_line_precue: ori = np.float64(214.58569280276762)
7.8007 	EXP 	rot_line_precue: ori = np.float64(214.90565764958873)
7.8088 	EXP 	rot_line_precue: ori = np.float64(215.2759367950932)
7.8171 	EXP 	rot_line_precue: ori = np.float64(215.64403658177238)
7.8256 	EXP 	rot_line_precue: ori = np.float64(216.0738881291548)
7.8338 	EXP 	rot_line_precue: ori = np.float64(216.5249955441772)
7.8421 	EXP 	rot_line_precue: ori = np.float64(216.9089496939573)
7.8507 	EXP 	rot_line_precue: ori = np.float64(217.30901489529697)
7.8592 	EXP 	rot_line_precue: ori = np.float64(217.65583351162766)
7.8678 	EXP 	rot_line_precue: ori = np.float64(218.00013020286804)
7.8760 	EXP 	rot_line_precue: ori = np.float64(218.40705979591965)
7.8847 	EXP 	rot_line_precue: ori = np.float64(218.72945930977653)
7.8930 	EXP 	rot_line_precue: ori = np.float64(219.03043315481887)
7.9011 	EXP 	rot_line_precue: ori = np.float64(219.44569359069058)
7.9097 	EXP 	rot_line_precue: ori = np.float64(220.00773158685539)
7.9178 	EXP 	rot_line_precue: ori = np.float64(220.7132262261212)
7.9263 	EXP 	rot_line_precue: ori = np.float64(221.24290680963006)
7.9340 	EXP 	rot_line_precue: ori = np.float64(221.91701202176054)
7.9427 	EXP 	rot_line_precue: ori = np.float64(222.26822234959178)
7.9508 	EXP 	rot_line_precue: ori = np.float64(222.58494322660704)
7.9590 	EXP 	rot_line_precue: ori = np.float64(222.91838038329894)
7.9671 	EXP 	rot_line_precue: ori = np.float64(223.64546953394125)
7.9753 	EXP 	rot_line_precue: ori = np.float64(224.19962043376552)
7.9839 	EXP 	rot_line_precue: ori = np.float64(224.9987950672017)
7.9921 	EXP 	rot_line_precue: ori = np.float64(225.31440547878194)
8.0003 	EXP 	rot_line_precue: ori = np.float64(225.6165129024381)
8.0088 	EXP 	rot_line_precue: ori = np.float64(226.28444898465992)
8.0170 	EXP 	rot_line_precue: ori = np.float64(226.94523518908503)
8.0258 	EXP 	rot_line_precue: ori = np.float64(227.31488386351612)
8.0343 	EXP 	rot_line_precue: ori = np.float64(227.6129766965067)
8.0429 	EXP 	rot_line_precue: ori = np.float64(228.25060785873214)
8.0512 	EXP 	rot_line_precue: ori = np.float64(228.60473984226314)
8.0594 	EXP 	rot_line_precue: ori = np.float64(229.0814865887222)
8.0673 	EXP 	rot_line_precue: ori = np.float64(229.41501310860525)
8.0762 	EXP 	rot_line_precue: ori = np.float64(230.08132642337597)
8.0844 	EXP 	rot_line_precue: ori = np.float64(230.41504087535685)
8.0925 	EXP 	rot_line_precue: ori = np.float64(230.71035909901306)
8.1017 	EXP 	rot_line_precue: ori = np.float64(231.05115313619018)
8.1091 	EXP 	rot_line_precue: ori = np.float64(231.73626160158057)
8.1174 	EXP 	rot_line_precue: ori = np.float64(232.05958433583015)
8.1256 	EXP 	rot_line_precue: ori = np.float64(232.36983987337086)
8.1345 	EXP 	rot_line_precue: ori = np.float64(233.16485768345842)
8.1424 	EXP 	rot_line_precue: ori = np.float64(233.4887804907323)
8.1508 	EXP 	rot_line_precue: ori = np.float64(233.8327002803719)
8.1591 	EXP 	rot_line_precue: ori = np.float64(234.15340347188575)
8.1673 	EXP 	rot_line_precue: ori = np.float64(234.51050703343026)
8.1755 	EXP 	rot_line_precue: ori = np.float64(234.82917118008882)
8.1838 	EXP 	rot_line_precue: ori = np.float64(235.42478194022763)
8.1923 	EXP 	rot_line_precue: ori = np.float64(235.7230823962593)
8.2005 	EXP 	rot_line_precue: ori = np.float64(236.06064434600447)
8.2088 	EXP 	rot_line_precue: ori = np.float64(236.50811835266876)
8.2173 	EXP 	rot_line_precue: ori = np.float64(237.09779988837786)
8.2258 	EXP 	rot_line_precue: ori = np.float64(237.4076876839719)
8.2345 	EXP 	rot_line_precue: ori = np.float64(237.71042989057202)
8.2425 	EXP 	rot_line_precue: ori = np.float64(238.3914239922281)
8.2510 	EXP 	rot_line_precue: ori = np.float64(238.6907553430139)
8.2595 	EXP 	rot_line_precue: ori = np.float64(239.21568111586558)
8.2676 	EXP 	rot_line_precue: ori = np.float64(239.52038835735289)
8.2764 	EXP 	rot_line_precue: ori = np.float64(239.85873789185266)
8.2839 	EXP 	rot_line_precue: ori = np.float64(240.15816142413516)
8.2927 	EXP 	rot_line_precue: ori = np.float64(240.49305502422573)
8.3009 	EXP 	rot_line_precue: ori = np.float64(240.80488382162878)
8.3090 	EXP 	rot_line_precue: ori = np.float64(241.1703778327423)
8.3174 	EXP 	rot_line_precue: ori = np.float64(241.52794037703185)
8.3256 	EXP 	rot_line_precue: ori = np.float64(241.84210132428873)
8.3339 	EXP 	rot_line_precue: ori = np.float64(242.32573011715093)
8.3425 	EXP 	rot_line_precue: ori = np.float64(242.63854441387213)
8.3507 	EXP 	rot_line_precue: ori = np.float64(242.97599150829026)
8.3589 	EXP 	rot_line_precue: ori = np.float64(243.27399743370796)
8.3671 	EXP 	rot_line_precue: ori = np.float64(243.95698845412784)
8.3756 	EXP 	rot_line_precue: ori = np.float64(244.55312890418693)
8.3840 	EXP 	rot_line_precue: ori = np.float64(244.88956454292972)
8.3927 	EXP 	rot_line_precue: ori = np.float64(245.19834072199367)
8.4010 	EXP 	rot_line_precue: ori = np.float64(245.51523050896856)
8.4096 	EXP 	rot_line_precue: ori = np.float64(245.94312787976457)
8.4171 	EXP 	rot_line_precue: ori = np.float64(246.24981224956704)
8.4261 	EXP 	rot_line_precue: ori = np.float64(246.74685027414782)
8.4348 	EXP 	rot_line_precue: ori = np.float64(247.07961842854277)
8.4427 	EXP 	rot_line_precue: ori = np.float64(247.43138727084082)
8.4508 	EXP 	rot_line_precue: ori = np.float64(247.735112516964)
8.4591 	EXP 	rot_line_precue: ori = np.float64(248.0610337294217)
8.4671 	EXP 	rot_line_precue: ori = np.float64(248.36361573975287)
8.4753 	EXP 	rot_line_precue: ori = np.float64(248.66861173603996)
8.4839 	EXP 	rot_line_precue: ori = np.float64(249.25502798324152)
8.4923 	EXP 	rot_line_precue: ori = np.float64(249.66069326239455)
8.5005 	EXP 	rot_line_precue: ori = np.float64(249.9651789259756)
8.5089 	EXP 	rot_line_precue: ori = np.float64(250.28119185662)
8.5171 	EXP 	rot_line_precue: ori = np.float64(250.61292217355663)
8.5254 	EXP 	rot_line_precue: ori = np.float64(250.97489772263313)
8.5339 	EXP 	rot_line_precue: ori = np.float64(251.28893995370242)
8.5420 	EXP 	rot_line_precue: ori = np.float64(251.6122683469274)
8.5505 	EXP 	rot_line_precue: ori = np.float64(251.93274202709003)
8.5591 	EXP 	rot_line_precue: ori = np.float64(252.38734729646956)
8.5674 	EXP 	rot_line_precue: ori = np.float64(252.73043441831965)
8.5759 	EXP 	rot_line_precue: ori = np.float64(253.14131176907821)
8.5840 	EXP 	rot_line_precue: ori = np.float64(253.55213693467346)
8.5922 	EXP 	rot_line_precue: ori = np.float64(254.04791795870787)
8.6006 	EXP 	rot_line_precue: ori = np.float64(254.55036443112903)
8.6090 	EXP 	rot_line_precue: ori = np.float64(255.08336659620724)
8.6173 	EXP 	rot_line_precue: ori = np.float64(255.54048057168148)
8.6256 	EXP 	rot_line_precue: ori = np.float64(255.87491871363804)
8.6341 	EXP 	rot_line_precue: ori = np.float64(256.17921336369307)
8.6422 	EXP 	rot_line_precue: ori = np.float64(256.4915820544597)
8.6505 	EXP 	rot_line_precue: ori = np.float64(256.88763011209)
8.6602 	EXP 	rot_line_precue: ori = np.float64(257.2356680665422)
8.6686 	EXP 	rot_line_precue: ori = np.float64(257.7570778026194)
8.6771 	EXP 	rot_line_precue: ori = np.float64(258.1980812112576)
8.6843 	EXP 	rot_line_precue: ori = np.float64(258.78682947606165)
8.6922 	EXP 	rot_line_precue: ori = np.float64(259.2783304831648)
8.7005 	EXP 	rot_line_precue: ori = np.float64(259.78885778041763)
8.7087 	EXP 	rot_line_precue: ori = np.float64(260.19890355149835)
8.7173 	EXP 	rot_line_precue: ori = np.float64(260.8464037472986)
8.7257 	EXP 	rot_line_precue: ori = np.float64(261.1784737564867)
8.7343 	EXP 	rot_line_precue: ori = np.float64(261.65977748912445)
8.7425 	EXP 	rot_line_precue: ori = np.float64(261.9884800858156)
8.7505 	EXP 	rot_line_precue: ori = np.float64(262.3366639682316)
8.7588 	EXP 	rot_line_precue: ori = np.float64(262.64187081432146)
8.7674 	EXP 	rot_line_precue: ori = np.float64(262.96268781765235)
8.7756 	EXP 	rot_line_precue: ori = np.float64(263.3239844260753)
8.7838 	EXP 	rot_line_precue: ori = np.float64(263.79515612468293)
8.7925 	EXP 	rot_line_precue: ori = np.float64(264.0956230433715)
8.8008 	EXP 	rot_line_precue: ori = np.float64(264.39463798918126)
8.8090 	EXP 	rot_line_precue: ori = np.float64(264.71348057980293)
8.8174 	EXP 	rot_line_precue: ori = np.float64(265.03833657086074)
8.8256 	EXP 	rot_line_precue: ori = np.float64(265.368922015728)
8.8338 	EXP 	rot_line_precue: ori = np.float64(265.6898831811061)
8.8421 	EXP 	rot_line_precue: ori = np.float64(266.0397723943079)
8.8517 	EXP 	rot_line_precue: ori = np.float64(266.3918823195793)
8.8588 	EXP 	rot_line_precue: ori = np.float64(266.7453191617073)
8.8670 	EXP 	rot_line_precue: ori = np.float64(267.18215642885406)
8.8756 	EXP 	rot_line_precue: ori = np.float64(267.5060602591726)
8.8838 	EXP 	rot_line_precue: ori = np.float64(267.903205836583)
8.8927 	EXP 	rot_line_precue: ori = np.float64(268.36925469343913)
8.9007 	EXP 	rot_line_precue: ori = np.float64(269.00469537010235)
8.9092 	EXP 	rot_line_precue: ori = np.float64(269.35040225913605)
8.9176 	EXP 	rot_line_precue: ori = np.float64(269.7503483224197)
8.9258 	EXP 	rot_line_precue: ori = np.float64(270.21394208505154)
8.9339 	EXP 	rot_line_precue: ori = np.float64(270.52595256884103)
8.9421 	EXP 	rot_line_precue: ori = np.float64(270.87406573925017)
8.9507 	EXP 	rot_line_precue: ori = np.float64(271.6489565675005)
8.9591 	EXP 	rot_line_precue: ori = np.float64(272.04563768560314)
8.9673 	EXP 	rot_line_precue: ori = np.float64(272.35089192034786)
8.9759 	EXP 	rot_line_precue: ori = np.float64(273.05295576736535)
8.9843 	EXP 	rot_line_precue: ori = np.float64(273.37587681261124)
8.9922 	EXP 	rot_line_precue: ori = np.float64(273.74222968426363)
9.0010 	EXP 	rot_line_precue: ori = np.float64(274.1632757640062)
9.0090 	EXP 	rot_line_precue: ori = np.float64(274.476132795139)
9.0172 	EXP 	rot_line_precue: ori = np.float64(274.7718824174784)
9.0255 	EXP 	rot_line_precue: ori = np.float64(275.0967399187725)
9.0339 	EXP 	rot_line_precue: ori = np.float64(275.6178674423539)
9.0421 	EXP 	rot_line_precue: ori = np.float64(276.1221849574615)
9.0504 	EXP 	rot_line_precue: ori = np.float64(276.512613735065)
9.0594 	EXP 	rot_line_precue: ori = np.float64(276.862793797185)
9.0672 	EXP 	rot_line_precue: ori = np.float64(277.33843349734184)
9.0756 	EXP 	rot_line_precue: ori = np.float64(277.8246063434158)
9.0841 	EXP 	rot_line_precue: ori = np.float64(278.3266310492028)
9.0924 	EXP 	rot_line_precue: ori = np.float64(278.69985314329654)
9.1005 	EXP 	rot_line_precue: ori = np.float64(279.0444677910328)
9.1090 	EXP 	rot_line_precue: ori = np.float64(279.4235848614035)
9.1172 	EXP 	rot_line_precue: ori = np.float64(279.8840425540752)
9.1256 	EXP 	rot_line_precue: ori = np.float64(280.1872245815902)
9.1342 	EXP 	rot_line_precue: ori = np.float64(280.6146696371889)
9.1426 	EXP 	rot_line_precue: ori = np.float64(281.0496378489007)
9.1507 	EXP 	rot_line_precue: ori = np.float64(281.3684290569326)
9.1592 	EXP 	rot_line_precue: ori = np.float64(281.910017063304)
9.1672 	EXP 	rot_line_precue: ori = np.float64(282.52153020606704)
9.1756 	EXP 	rot_line_precue: ori = np.float64(282.89431615680803)
9.1837 	EXP 	rot_line_precue: ori = np.float64(283.2169539476142)
9.1923 	EXP 	rot_line_precue: ori = np.float64(283.6479027404519)
9.2005 	EXP 	rot_line_precue: ori = np.float64(283.97305782993163)
9.2087 	EXP 	rot_line_precue: ori = np.float64(284.27299437275815)
9.2171 	EXP 	rot_line_precue: ori = np.float64(284.6098418729866)
9.2255 	EXP 	rot_line_precue: ori = np.float64(284.93443007515503)
9.2345 	EXP 	rot_line_precue: ori = np.float64(285.2324343747552)
9.2424 	EXP 	rot_line_precue: ori = np.float64(285.6005928400801)
9.2509 	EXP 	rot_line_precue: ori = np.float64(286.12911623894666)
9.2593 	EXP 	rot_line_precue: ori = np.float64(286.48193303737884)
9.2675 	EXP 	rot_line_precue: ori = np.float64(286.8857561554453)
9.2756 	EXP 	rot_line_precue: ori = np.float64(287.41694756708563)
9.2840 	EXP 	rot_line_precue: ori = np.float64(287.99928476261414)
9.2923 	EXP 	rot_line_precue: ori = np.float64(288.33815102581616)
9.3007 	EXP 	rot_line_precue: ori = np.float64(288.6404726940602)
9.3090 	EXP 	rot_line_precue: ori = np.float64(288.9784048945342)
9.3176 	EXP 	rot_line_precue: ori = np.float64(289.5256935365972)
9.3257 	EXP 	rot_line_precue: ori = np.float64(290.10588596836885)
9.3339 	EXP 	rot_line_precue: ori = np.float64(290.40410921334046)
9.3424 	EXP 	rot_line_precue: ori = np.float64(290.74830009694324)
9.3508 	EXP 	rot_line_precue: ori = np.float64(291.2627708082181)
9.3590 	EXP 	rot_line_precue: ori = np.float64(291.6245201768113)
9.3671 	EXP 	rot_line_precue: ori = np.float64(291.9197678976534)
9.3755 	EXP 	rot_line_precue: ori = np.float64(292.22263916418683)
9.3838 	EXP 	rot_line_precue: ori = np.float64(292.5269970977321)
9.3921 	EXP 	rot_line_precue: ori = np.float64(293.12019479468125)
9.4003 	EXP 	rot_line_precue: ori = np.float64(293.44474618740736)
9.4090 	EXP 	rot_line_precue: ori = np.float64(293.75927094334844)
9.4172 	EXP 	rot_line_precue: ori = np.float64(294.1904655951486)
9.4259 	EXP 	rot_line_precue: ori = np.float64(294.8382601484512)
9.4340 	EXP 	rot_line_precue: ori = np.float64(295.2203130284008)
9.4426 	EXP 	rot_line_precue: ori = np.float64(295.57992029623506)
9.4506 	EXP 	rot_line_precue: ori = np.float64(295.8770614256325)
9.4515 	EXP 	New trial (rep=0, index=3): <Trial 3 (3 in rep 0) data={'pic_name': 'pics/left_hand.JPG', 'class_mi': 'left_hand', 'thisN': 3, 'thisTrialN': 3, 'thisRepN': 0}>
9.4589 	EXP 	hor_line_precue: autoDraw = False
9.4589 	EXP 	ver_line_precue: autoDraw = False
9.4589 	EXP 	rot_line_precue: autoDraw = False
9.4589 	EXP 	rot_line_precue: ori = np.float64(296.18512807232486)
9.4589 	EXP 	hor_line_precue: autoDraw = False
9.4589 	EXP 	ver_line_precue: autoDraw = False
9.4589 	EXP 	rot_line_precue: autoDraw = False
9.4589 	EXP 	hor_line_precue: autoDraw = True
9.4589 	EXP 	ver_line_precue: autoDraw = True
9.4589 	EXP 	rot_line_precue: autoDraw = True
9.4589 	EXP 	rot_line_precue: ori = np.float64(296.61089186548395)
9.4671 	EXP 	rot_line_precue: ori = np.float64(297.0367842728778)
9.4759 	EXP 	rot_line_precue: ori = np.float64(297.43432876737273)
9.4841 	EXP 	rot_line_precue: ori = np.float64(298.0331921118945)
9.4922 	EXP 	rot_line_precue: ori = np.float64(298.40172524721345)
9.5008 	EXP 	rot_line_precue: ori = np.float64(298.71069257572833)
9.5088 	EXP 	rot_line_precue: ori = np.float64(299.0199556133158)
9.5172 	EXP 	rot_line_precue: ori = np.float64(299.60380021142714)
9.5253 	EXP 	rot_line_precue: ori = np.float64(300.08898136688015)
9.5340 	EXP 	rot_line_precue: ori = np.float64(300.3858438811315)
9.5421 	EXP 	rot_line_precue: ori = np.float64(300.68426803038557)
9.5508 	EXP 	rot_line_precue: ori = np.float64(301.2298215766923)
9.5589 	EXP 	rot_line_precue: ori = np.float64(301.666407771792)
9.5672 	EXP 	rot_line_precue: ori = np.float64(302.05446261172614)
9.5755 	EXP 	rot_line_precue: ori = np.float64(302.5290820257111)
9.5840 	EXP 	rot_line_precue: ori = np.float64(303.0078605225859)
9.5923 	EXP 	rot_line_precue: ori = np.float64(303.3364363680966)
9.6010 	EXP 	rot_line_precue: ori = np.float64(303.7420942566802)
9.6091 	EXP 	rot_line_precue: ori = np.float64(304.0706818108351)
9.6171 	EXP 	rot_line_precue: ori = np.float64(304.40826709787547)
9.6255 	EXP 	rot_line_precue: ori = np.float64(304.87829031702637)
9.6336 	EXP 	rot_line_precue: ori = np.float64(305.23972970108497)
9.6421 	EXP 	rot_line_precue: ori = np.float64(305.5529401108629)
9.6505 	EXP 	rot_line_precue: ori = np.float64(305.8488258620522)
9.6591 	EXP 	rot_line_precue: ori = np.float64(306.2457632241137)
9.6682 	EXP 	rot_line_precue: ori = np.float64(306.54755400523806)
9.6761 	EXP 	rot_line_precue: ori = np.float64(307.23402119990556)
9.6841 	EXP 	rot_line_precue: ori = np.float64(307.6599097724489)
9.6923 	EXP 	rot_line_precue: ori = np.float64(308.00935289819785)
9.7005 	EXP 	rot_line_precue: ori = np.float64(308.42681543451596)
9.7091 	EXP 	rot_line_precue: ori = np.float64(309.13207295392914)
9.7173 	EXP 	rot_line_precue: ori = np.float64(309.5725479439)
9.7255 	EXP 	rot_line_precue: ori = np.float64(309.8759269341372)
9.7337 	EXP 	rot_line_precue: ori = np.float64(310.6644696752839)
9.7419 	EXP 	rot_line_precue: ori = np.float64(311.2951513707089)
9.7506 	EXP 	rot_line_precue: ori = np.float64(311.790540268848)
9.7591 	EXP 	rot_line_precue: ori = np.float64(312.36542970163333)
9.7675 	EXP 	rot_line_precue: ori = np.float64(312.67279566522456)
9.7758 	EXP 	rot_line_precue: ori = np.float64(312.9716512234402)
9.7842 	EXP 	rot_line_precue: ori = np.float64(313.3786561494467)
9.7922 	EXP 	rot_line_precue: ori = np.float64(313.7026456586989)
9.8005 	EXP 	rot_line_precue: ori = np.float64(314.06920677667756)
9.8089 	EXP 	rot_line_precue: ori = np.float64(314.5198453995349)
9.8172 	EXP 	rot_line_precue: ori = np.float64(314.84516780738)
9.8258 	EXP 	rot_line_precue: ori = np.float64(315.27954535479375)
9.8340 	EXP 	rot_line_precue: ori = np.float64(315.61639774403835)
9.8425 	EXP 	rot_line_precue: ori = np.float64(315.92853349820655)
9.8506 	EXP 	rot_line_precue: ori = np.float64(316.3757630624145)
9.8587 	EXP 	rot_line_precue: ori = np.float64(316.8757210676539)
9.8672 	EXP 	rot_line_precue: ori = np.float64(317.6319791850741)
9.8757 	EXP 	rot_line_precue: ori = np.float64(318.0073654946262)
9.8839 	EXP 	rot_line_precue: ori = np.float64(318.31573640193835)
9.8921 	EXP 	rot_line_precue: ori = np.float64(318.76218354984525)
9.9004 	EXP 	rot_line_precue: ori = np.float64(319.08638536622936)
9.9089 	EXP 	rot_line_precue: ori = np.float64(319.4113437662272)
9.9170 	EXP 	rot_line_precue: ori = np.float64(319.83602893614426)
9.9256 	EXP 	rot_line_precue: ori = np.float64(320.1818222001381)
9.9341 	EXP 	rot_line_precue: ori = np.float64(320.54448975312414)
9.9426 	EXP 	rot_line_precue: ori = np.float64(321.15900142354695)
9.9508 	EXP 	rot_line_precue: ori = np.float64(321.71528111020774)
9.9589 	EXP 	rot_line_precue: ori = np.float64(322.01463120937575)
9.9670 	EXP 	rot_line_precue: ori = np.float64(322.31291330414393)
9.9757 	EXP 	rot_line_precue: ori = np.float64(322.72002727133423)
9.9840 	EXP 	rot_line_precue: ori = np.float64(323.0731182044733)
9.9922 	EXP 	rot_line_precue: ori = np.float64(323.46626150544216)
10.0009 	EXP 	rot_line_precue: ori = np.float64(323.7881251271797)
10.0091 	EXP 	rot_line_precue: ori = np.float64(324.123197658315)
10.0172 	EXP 	rot_line_precue: ori = np.float64(324.4749713796178)
10.0253 	EXP 	rot_line_precue: ori = np.float64(324.7871612542828)
10.0339 	EXP 	rot_line_precue: ori = np.float64(325.0936953339629)
10.0421 	EXP 	rot_line_precue: ori = np.float64(325.6095269010575)
10.0506 	EXP 	rot_line_precue: ori = np.float64(325.9958916893632)
10.0589 	EXP 	rot_line_precue: ori = np.float64(326.3693892432651)
10.0670 	EXP 	rot_line_precue: ori = np.float64(326.72296425789654)
10.0765 	EXP 	rot_line_precue: ori = np.float64(327.14738320809886)
10.0838 	EXP 	rot_line_precue: ori = np.float64(327.58732133501314)
10.0922 	EXP 	rot_line_precue: ori = np.float64(327.89145602754655)
10.1005 	EXP 	rot_line_precue: ori = np.float64(328.1876670057776)
10.1091 	EXP 	rot_line_precue: ori = np.float64(328.53268301657295)
10.1174 	EXP 	rot_line_precue: ori = np.float64(328.8390681434181)
10.1260 	EXP 	rot_line_precue: ori = np.float64(329.14168617536393)
10.1340 	EXP 	rot_line_precue: ori = np.float64(329.57676796373954)
10.1422 	EXP 	rot_line_precue: ori = np.float64(329.89469190115)
10.1505 	EXP 	rot_line_precue: ori = np.float64(330.2394828794733)
10.1590 	EXP 	rot_line_precue: ori = np.float64(330.63197396994906)
10.1674 	EXP 	rot_line_precue: ori = np.float64(331.11156655820236)
10.1760 	EXP 	rot_line_precue: ori = np.float64(331.40992449953825)
10.1842 	EXP 	rot_line_precue: ori = np.float64(332.09164032578326)
10.1923 	EXP 	rot_line_precue: ori = np.float64(332.53132512773396)
10.2004 	EXP 	rot_line_precue: ori = np.float64(332.9711793916941)
10.2091 	EXP 	rot_line_precue: ori = np.float64(333.51239838514664)
10.2174 	EXP 	rot_line_precue: ori = np.float64(333.8885529611496)
10.2256 	EXP 	rot_line_precue: ori = np.float64(334.19674309780714)
10.2338 	EXP 	rot_line_precue: ori = np.float64(334.6038884337168)
10.2421 	EXP 	rot_line_precue: ori = np.float64(334.90617001943986)
10.2505 	EXP 	rot_line_precue: ori = np.float64(335.27891969714386)
10.2588 	EXP 	rot_line_precue: ori = np.float64(335.583327769937)
10.2673 	EXP 	rot_line_precue: ori = np.float64(335.97029872417534)
10.2758 	EXP 	rot_line_precue: ori = np.float64(336.6047247354724)
10.2847 	EXP 	rot_line_precue: ori = np.float64(336.9810318543416)
10.2925 	EXP 	rot_line_precue: ori = np.float64(337.3278032293831)
10.3009 	EXP 	rot_line_precue: ori = np.float64(337.7500586271945)
10.3088 	EXP 	rot_line_precue: ori = np.float64(338.10132874957714)
10.3173 	EXP 	rot_line_precue: ori = np.float64(338.487697114647)
10.3258 	EXP 	rot_line_precue: ori = np.float64(338.7998366903681)
10.3340 	EXP 	rot_line_precue: ori = np.float64(339.1116326549676)
10.3424 	EXP 	rot_line_precue: ori = np.float64(339.6116522219377)
10.3508 	EXP 	rot_line_precue: ori = np.float64(339.90718800017055)
10.3590 	EXP 	rot_line_precue: ori = np.float64(340.23688027330155)
10.3674 	EXP 	rot_line_precue: ori = np.float64(340.69056612361936)
10.3757 	EXP 	rot_line_precue: ori = np.float64(341.01514816649666)
10.3838 	EXP 	rot_line_precue: ori = np.float64(341.37217115769647)
10.3920 	EXP 	rot_line_precue: ori = np.float64(341.67642908039466)
10.4007 	EXP 	rot_line_precue: ori = np.float64(342.3518760649745)
10.4089 	EXP 	rot_line_precue: ori = np.float64(342.66026782029604)
10.4171 	EXP 	rot_line_precue: ori = np.float64(342.96487350707423)
10.4255 	EXP 	rot_line_precue: ori = np.float64(343.26184862042146)
10.4342 	EXP 	rot_line_precue: ori = np.float64(343.55842830245376)
10.4421 	EXP 	rot_line_precue: ori = np.float64(343.85940684105447)
10.4509 	EXP 	rot_line_precue: ori = np.float64(344.1645660566278)
10.4591 	EXP 	rot_line_precue: ori = np.float64(344.56111630219874)
10.4676 	EXP 	rot_line_precue: ori = np.float64(344.86475964042313)
10.4759 	EXP 	rot_line_precue: ori = np.float64(345.16711605337866)
10.4841 	EXP 	rot_line_precue: ori = np.float64(345.4662958257487)
10.4921 	EXP 	rot_line_precue: ori = np.float64(345.92507642977284)
10.5008 	EXP 	rot_line_precue: ori = np.float64(346.3879463247108)
10.5091 	EXP 	rot_line_precue: ori = np.float64(346.76381890607433)
10.5177 	EXP 	rot_line_precue: ori = np.float64(347.09387270025655)
10.5257 	EXP 	rot_line_precue: ori = np.float64(347.61016034039017)
10.5341 	EXP 	rot_line_precue: ori = np.float64(348.0761200801516)
10.5421 	EXP 	rot_line_precue: ori = np.float64(348.6336823024671)
10.5504 	EXP 	rot_line_precue: ori = np.float64(348.96649329886856)
10.5591 	EXP 	rot_line_precue: ori = np.float64(349.2880860837267)
10.5672 	EXP 	rot_line_precue: ori = np.float64(349.69974740881497)
10.5754 	EXP 	rot_line_precue: ori = np.float64(349.9982363111709)
10.5836 	EXP 	rot_line_precue: ori = np.float64(350.37614653637974)
10.5921 	EXP 	rot_line_precue: ori = np.float64(350.7377486777859)
10.6005 	EXP 	rot_line_precue: ori = np.float64(351.21109970650315)
10.6089 	EXP 	rot_line_precue: ori = np.float64(351.50876315780397)
10.6174 	EXP 	rot_line_precue: ori = np.float64(351.8758596294094)
10.6260 	EXP 	rot_line_precue: ori = np.float64(352.27684040587997)
10.6342 	EXP 	rot_line_precue: ori = np.float64(352.7048695510081)
10.6423 	EXP 	rot_line_precue: ori = np.float64(353.0987649738582)
10.6504 	EXP 	rot_line_precue: ori = np.float64(353.40068600133975)
10.6590 	EXP 	rot_line_precue: ori = np.float64(353.9635527533053)
10.6674 	EXP 	rot_line_precue: ori = np.float64(354.5809934310312)
10.6756 	EXP 	rot_line_precue: ori = np.float64(354.89810141505313)
10.6842 	EXP 	rot_line_precue: ori = np.float64(355.2157063805442)
10.6924 	EXP 	rot_line_precue: ori = np.float64(355.9942387988274)
10.7007 	EXP 	rot_line_precue: ori = np.float64(356.3656882895755)
10.7090 	EXP 	rot_line_precue: ori = np.float64(356.8667378820698)
10.7172 	EXP 	rot_line_precue: ori = np.float64(357.1630502125207)
10.7255 	EXP 	rot_line_precue: ori = np.float64(357.4705820802334)
10.7337 	EXP 	rot_line_precue: ori = np.float64(357.7746470416262)
10.7423 	EXP 	rot_line_precue: ori = np.float64(358.1086208235593)
10.7505 	EXP 	rot_line_precue: ori = np.float64(358.8258557990067)
10.7588 	EXP 	rot_line_precue: ori = np.float64(359.15179712179923)
10.7669 	EXP 	rot_line_precue: ori = np.float64(359.7196665085466)
10.7755 	EXP 	rot_line_precue: ori = np.float64(0.09454623992439792)
10.7842 	EXP 	rot_line_precue: ori = np.float64(0.3917785368043658)
10.7925 	EXP 	rot_line_precue: ori = np.float64(0.7251891021885011)
10.8008 	EXP 	rot_line_precue: ori = np.float64(1.0802335401321104)
10.8093 	EXP 	rot_line_precue: ori = np.float64(1.3960412759643794)
10.8174 	EXP 	rot_line_precue: ori = np.float64(1.8611431897984985)
10.8255 	EXP 	rot_line_precue: ori = np.float64(2.2714302714019876)
10.8338 	EXP 	rot_line_precue: ori = np.float64(2.6403681146625835)
10.8431 	EXP 	rot_line_precue: ori = np.float64(2.9550992210894256)
10.8549 	EXP 	rot_line_precue: ori = np.float64(3.251299421203302)
10.8609 	EXP 	rot_line_precue: ori = np.float64(3.802939931701901)
10.8674 	EXP 	rot_line_precue: ori = np.float64(4.257568840453676)
10.8756 	EXP 	rot_line_precue: ori = np.float64(4.878396963597622)
10.8840 	EXP 	rot_line_precue: ori = np.float64(5.176656255012174)
10.8925 	EXP 	rot_line_precue: ori = np.float64(5.570939903333424)
10.9005 	EXP 	rot_line_precue: ori = np.float64(5.883900537465923)
10.9089 	EXP 	rot_line_precue: ori = np.float64(6.616776533611036)
10.9171 	EXP 	rot_line_precue: ori = np.float64(7.3066204534296615)
10.9257 	EXP 	rot_line_precue: ori = np.float64(7.822015698675141)
10.9338 	EXP 	rot_line_precue: ori = np.float64(8.230542888009674)
10.9421 	EXP 	rot_line_precue: ori = np.float64(8.643775430806002)
10.9511 	EXP 	rot_line_precue: ori = np.float64(9.335641859925069)
10.9588 	EXP 	rot_line_precue: ori = np.float64(9.64514071726089)
10.9671 	EXP 	rot_line_precue: ori = np.float64(10.013851206244057)
10.9758 	EXP 	rot_line_precue: ori = np.float64(10.33440367929534)
10.9841 	EXP 	rot_line_precue: ori = np.float64(10.6354325043031)
10.9926 	EXP 	rot_line_precue: ori = np.float64(11.022414360153274)
11.0008 	EXP 	rot_line_precue: ori = np.float64(11.603455979297632)
11.0089 	EXP 	rot_line_precue: ori = np.float64(11.998225354416068)
11.0172 	EXP 	rot_line_precue: ori = np.float64(12.608622461456143)
11.0258 	EXP 	rot_line_precue: ori = np.float64(13.315705227181907)
11.0341 	EXP 	rot_line_precue: ori = np.float64(13.828373077312918)
11.0423 	EXP 	rot_line_precue: ori = np.float64(14.307177885687322)
11.0513 	EXP 	rot_line_precue: ori = np.float64(14.78072588047138)
11.0591 	EXP 	rot_line_precue: ori = np.float64(15.567134211740495)
11.0672 	EXP 	rot_line_precue: ori = np.float64(15.995453429407151)
11.0757 	EXP 	rot_line_precue: ori = np.float64(16.62287095974107)
11.0841 	EXP 	rot_line_precue: ori = np.float64(17.06604253307306)
11.0922 	EXP 	rot_line_precue: ori = np.float64(17.436086032139983)
11.1006 	EXP 	rot_line_precue: ori = np.float64(17.79163338317176)
11.1089 	EXP 	rot_line_precue: ori = np.float64(18.10133176278814)
11.1171 	EXP 	rot_line_precue: ori = np.float64(18.44148239978404)
11.1262 	EXP 	rot_line_precue: ori = np.float64(18.79853249217425)
11.1339 	EXP 	rot_line_precue: ori = np.float64(19.32873332382399)
11.1422 	EXP 	rot_line_precue: ori = np.float64(19.820693218728945)
11.1510 	EXP 	rot_line_precue: ori = np.float64(20.161145042139626)
11.1592 	EXP 	rot_line_precue: ori = np.float64(20.470573163736933)
11.1675 	EXP 	rot_line_precue: ori = np.float64(20.779820111936075)
11.1755 	EXP 	rot_line_precue: ori = np.float64(21.095589777796505)
11.1840 	EXP 	rot_line_precue: ori = np.float64(21.553428887541738)
11.1922 	EXP 	rot_line_precue: ori = np.float64(21.884040061549406)
11.2006 	EXP 	rot_line_precue: ori = np.float64(22.313027938696838)
11.2091 	EXP 	rot_line_precue: ori = np.float64(22.63322638649887)
11.2175 	EXP 	rot_line_precue: ori = np.float64(23.255667866987807)
11.2257 	EXP 	rot_line_precue: ori = np.float64(23.623428305346085)
11.2342 	EXP 	rot_line_precue: ori = np.float64(24.00791502796006)
11.2423 	EXP 	rot_line_precue: ori = np.float64(24.311616051595628)
11.2506 	EXP 	rot_line_precue: ori = np.float64(24.885262790067912)
11.2588 	EXP 	rot_line_precue: ori = np.float64(25.186156176402356)
11.2674 	EXP 	rot_line_precue: ori = np.float64(25.483036085293133)
11.2756 	EXP 	rot_line_precue: ori = np.float64(25.948112541002104)
11.2838 	EXP 	rot_line_precue: ori = np.float64(26.247045550236987)
11.2922 	EXP 	rot_line_precue: ori = np.float64(26.589848815029384)
11.3005 	EXP 	rot_line_precue: ori = np.float64(26.946280199591556)
11.3088 	EXP 	rot_line_precue: ori = np.float64(27.24513398024845)
11.3175 	EXP 	rot_line_precue: ori = np.float64(27.856480547331365)
11.3259 	EXP 	rot_line_precue: ori = np.float64(28.48148283171054)
11.3343 	EXP 	rot_line_precue: ori = np.float64(28.8280504592826)
11.3424 	EXP 	rot_line_precue: ori = np.float64(29.131972957576156)
11.3505 	EXP 	rot_line_precue: ori = np.float64(29.550253296239593)
11.3588 	EXP 	rot_line_precue: ori = np.float64(30.125931430906178)
11.3673 	EXP 	rot_line_precue: ori = np.float64(30.527454977956115)
11.3757 	EXP 	rot_line_precue: ori = np.float64(30.938898796824695)
11.3839 	EXP 	rot_line_precue: ori = np.float64(31.701038497425152)
11.3925 	EXP 	rot_line_precue: ori = np.float64(32.00606565628457)
11.4009 	EXP 	rot_line_precue: ori = np.float64(32.37285363422868)
11.4089 	EXP 	rot_line_precue: ori = np.float64(32.76460749293354)
11.4174 	EXP 	rot_line_precue: ori = np.float64(33.12748475631044)
11.4257 	EXP 	rot_line_precue: ori = np.float64(33.49621082402334)
11.4340 	EXP 	rot_line_precue: ori = np.float64(33.86495632538184)
11.4424 	EXP 	rot_line_precue: ori = np.float64(34.20314805720445)
11.4432 	EXP 	New trial (rep=1, index=4): <Trial 4 (4 in rep 1) data={'pic_name': 'pics/left_hand.JPG', 'class_mi': 'left_hand', 'thisN': 4, 'thisTrialN': 4, 'thisRepN': 1}>
11.4506 	EXP 	hor_line_precue: autoDraw = False
11.4506 	EXP 	ver_line_precue: autoDraw = False
11.4506 	EXP 	rot_line_precue: autoDraw = False
11.4506 	EXP 	rot_line_precue: ori = np.float64(34.88289469565299)
11.4506 	EXP 	hor_line_precue: autoDraw = False
11.4506 	EXP 	ver_line_precue: autoDraw = False
11.4506 	EXP 	rot_line_precue: autoDraw = False
11.4506 	EXP 	hor_line_precue: autoDraw = True
11.4506 	EXP 	ver_line_precue: autoDraw = True
11.4506 	EXP 	rot_line_precue: autoDraw = True
11.4506 	EXP 	rot_line_precue: ori = np.float64(35.35537697046864)
11.4588 	EXP 	rot_line_precue: ori = np.float64(35.67036906464655)
11.4671 	EXP 	rot_line_precue: ori = np.float64(36.37534497428679)
11.4756 	EXP 	rot_line_precue: ori = np.float64(36.69983979842205)
11.4838 	EXP 	rot_line_precue: ori = np.float64(37.08563978723535)
11.4922 	EXP 	rot_line_precue: ori = np.float64(37.42522476361004)
11.5010 	EXP 	rot_line_precue: ori = np.float64(37.78330206510451)
11.5090 	EXP 	rot_line_precue: ori = np.float64(38.10382921434565)
11.5177 	EXP 	rot_line_precue: ori = np.float64(38.52622187035043)
11.5258 	EXP 	rot_line_precue: ori = np.float64(39.02222390215129)
11.5340 	EXP 	rot_line_precue: ori = np.float64(39.41824200115527)
11.5421 	EXP 	rot_line_precue: ori = np.float64(39.73531057719959)
11.5509 	EXP 	rot_line_precue: ori = np.float64(40.209250641435034)
11.5591 	EXP 	rot_line_precue: ori = np.float64(40.568652730988724)
11.5673 	EXP 	rot_line_precue: ori = np.float64(40.989832117627735)
11.5759 	EXP 	rot_line_precue: ori = np.float64(41.32739197121099)
11.5839 	EXP 	rot_line_precue: ori = np.float64(41.66984206643598)
11.5922 	EXP 	rot_line_precue: ori = np.float64(41.96553557508077)
11.6004 	EXP 	rot_line_precue: ori = np.float64(42.67335261575084)
11.6091 	EXP 	rot_line_precue: ori = np.float64(42.99514406566219)
11.6172 	EXP 	rot_line_precue: ori = np.float64(43.40117852904321)
11.6254 	EXP 	rot_line_precue: ori = np.float64(43.70318286820943)
11.6339 	EXP 	rot_line_precue: ori = np.float64(44.04893286143298)
11.6422 	EXP 	rot_line_precue: ori = np.float64(44.4162082277344)
11.6505 	EXP 	rot_line_precue: ori = np.float64(44.74936112547715)
11.6591 	EXP 	rot_line_precue: ori = np.float64(45.41288887598453)
11.6674 	EXP 	rot_line_precue: ori = np.float64(45.90656601560173)
11.6760 	EXP 	rot_line_precue: ori = np.float64(46.25058066581918)
11.6841 	EXP 	rot_line_precue: ori = np.float64(46.63831309655216)
11.6921 	EXP 	rot_line_precue: ori = np.float64(47.03050184654198)
11.7004 	EXP 	rot_line_precue: ori = np.float64(47.329525971050415)
11.7090 	EXP 	rot_line_precue: ori = np.float64(47.983303504829586)
11.7173 	EXP 	rot_line_precue: ori = np.float64(48.38095434579347)
11.7256 	EXP 	rot_line_precue: ori = np.float64(48.679897858380045)
11.7345 	EXP 	rot_line_precue: ori = np.float64(49.021197316868935)
11.7425 	EXP 	rot_line_precue: ori = np.float64(49.320075655570655)
11.7506 	EXP 	rot_line_precue: ori = np.float64(49.83130899271523)
11.7587 	EXP 	rot_line_precue: ori = np.float64(50.21120998086861)
11.7673 	EXP 	rot_line_precue: ori = np.float64(50.652739990769106)
11.7756 	EXP 	rot_line_precue: ori = np.float64(51.27437709217923)
11.7841 	EXP 	rot_line_precue: ori = np.float64(51.64340022615104)
11.7922 	EXP 	rot_line_precue: ori = np.float64(52.070910019310894)
11.8006 	EXP 	rot_line_precue: ori = np.float64(52.391034348348995)
11.8088 	EXP 	rot_line_precue: ori = np.float64(52.70672946345113)
11.8173 	EXP 	rot_line_precue: ori = np.float64(53.017396511617285)
11.8265 	EXP 	rot_line_precue: ori = np.float64(53.63194814541906)
11.8337 	EXP 	rot_line_precue: ori = np.float64(54.017024542604986)
11.8425 	EXP 	rot_line_precue: ori = np.float64(54.37003231326224)
11.8508 	EXP 	rot_line_precue: ori = np.float64(54.689435330004976)
11.8594 	EXP 	rot_line_precue: ori = np.float64(55.10988206473356)
11.8674 	EXP 	rot_line_precue: ori = np.float64(55.48801362418627)
11.8755 	EXP 	rot_line_precue: ori = np.float64(55.89720741093457)
11.8838 	EXP 	rot_line_precue: ori = np.float64(56.29212705020668)
11.8924 	EXP 	rot_line_precue: ori = np.float64(56.73966251960836)
11.9009 	EXP 	rot_line_precue: ori = np.float64(57.28897745427738)
11.9090 	EXP 	rot_line_precue: ori = np.float64(57.94662383692979)
11.9175 	EXP 	rot_line_precue: ori = np.float64(58.258455945518236)
11.9257 	EXP 	rot_line_precue: ori = np.float64(58.847755183357236)
11.9339 	EXP 	rot_line_precue: ori = np.float64(59.188589458165445)
11.9421 	EXP 	rot_line_precue: ori = np.float64(59.58602938469416)
11.9507 	EXP 	rot_line_precue: ori = np.float64(59.926406677655)
11.9589 	EXP 	rot_line_precue: ori = np.float64(60.260169772033265)
11.9671 	EXP 	rot_line_precue: ori = np.float64(60.606003197953406)
11.9756 	EXP 	rot_line_precue: ori = np.float64(60.909578393910365)
11.9838 	EXP 	rot_line_precue: ori = np.float64(61.328944778124566)
11.9921 	EXP 	rot_line_precue: ori = np.float64(61.647997747095694)
12.0006 	EXP 	rot_line_precue: ori = np.float64(61.98477351868777)
12.0091 	EXP 	rot_line_precue: ori = np.float64(62.30151327012854)
12.0176 	EXP 	rot_line_precue: ori = np.float64(62.7224246836019)
12.0259 	EXP 	rot_line_precue: ori = np.float64(63.13261151420905)
12.0341 	EXP 	rot_line_precue: ori = np.float64(63.446494565991216)
12.0421 	EXP 	rot_line_precue: ori = np.float64(64.1954534570172)
12.0509 	EXP 	rot_line_precue: ori = np.float64(64.70451517675214)
12.0589 	EXP 	rot_line_precue: ori = np.float64(65.06064361561583)
12.0677 	EXP 	rot_line_precue: ori = np.float64(65.40271676988904)
12.0759 	EXP 	rot_line_precue: ori = np.float64(65.79273528457823)
12.0843 	EXP 	rot_line_precue: ori = np.float64(66.20831455057146)
12.0923 	EXP 	rot_line_precue: ori = np.float64(66.5546814345283)
12.1008 	EXP 	rot_line_precue: ori = np.float64(66.85844742840136)
12.1089 	EXP 	rot_line_precue: ori = np.float64(67.16610530605222)
12.1172 	EXP 	rot_line_precue: ori = np.float64(67.68830275751299)
12.1256 	EXP 	rot_line_precue: ori = np.float64(68.01780150502215)
12.1340 	EXP 	rot_line_precue: ori = np.float64(68.37038311679639)
12.1422 	EXP 	rot_line_precue: ori = np.float64(69.07481078074503)
12.1505 	EXP 	rot_line_precue: ori = np.float64(69.44081556555508)
12.1590 	EXP 	rot_line_precue: ori = np.float64(70.1090186859379)
12.1672 	EXP 	rot_line_precue: ori = np.float64(70.41384472126293)
12.1755 	EXP 	rot_line_precue: ori = np.float64(71.12658244505815)
12.1842 	EXP 	rot_line_precue: ori = np.float64(71.42604648609314)
12.1924 	EXP 	rot_line_precue: ori = np.float64(71.7455102466499)
12.2006 	EXP 	rot_line_precue: ori = np.float64(72.46886987323415)
12.2090 	EXP 	rot_line_precue: ori = np.float64(72.79986831356503)
12.2177 	EXP 	rot_line_precue: ori = np.float64(73.10686227220907)
12.2255 	EXP 	rot_line_precue: ori = np.float64(73.41047473659589)
12.2343 	EXP 	rot_line_precue: ori = np.float64(73.99688804587024)
12.2424 	EXP 	rot_line_precue: ori = np.float64(74.32795446479395)
12.2507 	EXP 	rot_line_precue: ori = np.float64(74.6322323285342)
12.2594 	EXP 	rot_line_precue: ori = np.float64(75.02205853294265)
12.2673 	EXP 	rot_line_precue: ori = np.float64(75.3331566908548)
12.2755 	EXP 	rot_line_precue: ori = np.float64(75.7480647428389)
12.2837 	EXP 	rot_line_precue: ori = np.float64(76.20821476496717)
12.2926 	EXP 	rot_line_precue: ori = np.float64(76.54427986596944)
12.3005 	EXP 	rot_line_precue: ori = np.float64(76.98469903200136)
12.3088 	EXP 	rot_line_precue: ori = np.float64(77.32052166645157)
12.3172 	EXP 	rot_line_precue: ori = np.float64(77.81801361657122)
12.3257 	EXP 	rot_line_precue: ori = np.float64(78.42415343809968)
12.3337 	EXP 	rot_line_precue: ori = np.float64(78.72352389178067)
12.3422 	EXP 	rot_line_precue: ori = np.float64(79.16905823913206)
12.3506 	EXP 	rot_line_precue: ori = np.float64(79.54711937047345)
12.3589 	EXP 	rot_line_precue: ori = np.float64(80.24940452898029)
12.3675 	EXP 	rot_line_precue: ori = np.float64(80.63150828535247)
12.3758 	EXP 	rot_line_precue: ori = np.float64(81.0568580139386)
12.3838 	EXP 	rot_line_precue: ori = np.float64(81.42421252131733)
12.3925 	EXP 	rot_line_precue: ori = np.float64(81.76314241503536)
12.4006 	EXP 	rot_line_precue: ori = np.float64(82.41984182062501)
12.4088 	EXP 	rot_line_precue: ori = np.float64(82.71719458844744)
12.4174 	EXP 	rot_line_precue: ori = np.float64(83.24101001840208)
12.4258 	EXP 	rot_line_precue: ori = np.float64(83.59201076203128)
12.4340 	EXP 	rot_line_precue: ori = np.float64(84.20660064992227)
12.4425 	EXP 	rot_line_precue: ori = np.float64(84.59842618761537)
12.4507 	EXP 	rot_line_precue: ori = np.float64(85.08921012396182)
12.4589 	EXP 	rot_line_precue: ori = np.float64(85.46758585853509)
12.4673 	EXP 	rot_line_precue: ori = np.float64(85.7744501095941)
12.4757 	EXP 	rot_line_precue: ori = np.float64(86.16639714821879)
12.4838 	EXP 	rot_line_precue: ori = np.float64(86.46235761598321)
12.4921 	EXP 	rot_line_precue: ori = np.float64(86.79351965178371)
12.5007 	EXP 	rot_line_precue: ori = np.float64(87.1030544494197)
12.5088 	EXP 	rot_line_precue: ori = np.float64(87.66095238036776)
12.5170 	EXP 	rot_line_precue: ori = np.float64(87.97916094023712)
12.5258 	EXP 	rot_line_precue: ori = np.float64(88.29869952974528)
12.5342 	EXP 	rot_line_precue: ori = np.float64(88.60564995101049)
12.5428 	EXP 	rot_line_precue: ori = np.float64(88.95598710756272)
12.5509 	EXP 	rot_line_precue: ori = np.float64(89.41119280827355)
12.5591 	EXP 	rot_line_precue: ori = np.float64(90.14765900768712)
12.5671 	EXP 	rot_line_precue: ori = np.float64(90.86712661615586)
12.5757 	EXP 	rot_line_precue: ori = np.float64(91.23782295726086)
12.5841 	EXP 	rot_line_precue: ori = np.float64(91.56896928610661)
12.5923 	EXP 	rot_line_precue: ori = np.float64(91.91294855836509)
12.6009 	EXP 	rot_line_precue: ori = np.float64(92.23253725767104)
12.6091 	EXP 	rot_line_precue: ori = np.float64(92.57597639112267)
12.6172 	EXP 	rot_line_precue: ori = np.float64(92.93700027520639)
12.6254 	EXP 	rot_line_precue: ori = np.float64(93.54630662295021)
12.6339 	EXP 	rot_line_precue: ori = np.float64(93.92720701108215)
12.6422 	EXP 	rot_line_precue: ori = np.float64(94.60151946930043)
12.6506 	EXP 	rot_line_precue: ori = np.float64(95.18141644573936)
12.6590 	EXP 	rot_line_precue: ori = np.float64(95.56397830663249)
12.6678 	EXP 	rot_line_precue: ori = np.float64(96.06979040316335)
12.6755 	EXP 	rot_line_precue: ori = np.float64(96.74439810142529)
12.6839 	EXP 	rot_line_precue: ori = np.float64(97.1553477015752)
12.6922 	EXP 	rot_line_precue: ori = np.float64(97.45558825849932)
12.7010 	EXP 	rot_line_precue: ori = np.float64(97.79131162580939)
12.7093 	EXP 	rot_line_precue: ori = np.float64(98.16433827148954)
12.7175 	EXP 	rot_line_precue: ori = np.float64(98.63928711404469)
12.7255 	EXP 	rot_line_precue: ori = np.float64(99.3579082821814)
12.7340 	EXP 	rot_line_precue: ori = np.float64(99.78667269874622)
12.7426 	EXP 	rot_line_precue: ori = np.float64(100.14439697596633)
12.7505 	EXP 	rot_line_precue: ori = np.float64(100.54823734087515)
12.7591 	EXP 	rot_line_precue: ori = np.float64(100.84927108099124)
12.7674 	EXP 	rot_line_precue: ori = np.float64(101.16383630095342)
12.7758 	EXP 	rot_line_precue: ori = np.float64(101.46433179267223)
12.7841 	EXP 	rot_line_precue: ori = np.float64(101.77079720564997)
12.7924 	EXP 	rot_line_precue: ori = np.float64(102.26447927216546)
12.8006 	EXP 	rot_line_precue: ori = np.float64(102.61782189025405)
12.8091 	EXP 	rot_line_precue: ori = np.float64(103.00106547033762)
12.8174 	EXP 	rot_line_precue: ori = np.float64(103.30323963312526)
12.8256 	EXP 	rot_line_precue: ori = np.float64(103.61834776543941)
12.8338 	EXP 	rot_line_precue: ori = np.float64(103.97285880369809)
12.8422 	EXP 	rot_line_precue: ori = np.float64(104.32227680971846)
12.8505 	EXP 	rot_line_precue: ori = np.float64(104.69749346086681)
12.8595 	EXP 	rot_line_precue: ori = np.float64(105.13518841853225)
12.8673 	EXP 	rot_line_precue: ori = np.float64(105.44975389674353)
12.8757 	EXP 	rot_line_precue: ori = np.float64(105.7575139980602)
12.8843 	EXP 	rot_line_precue: ori = np.float64(106.13014848722179)
12.8925 	EXP 	rot_line_precue: ori = np.float64(106.60394336076442)
12.9007 	EXP 	rot_line_precue: ori = np.float64(107.0745926864309)
12.9088 	EXP 	rot_line_precue: ori = np.float64(107.39565673136532)
12.9174 	EXP 	rot_line_precue: ori = np.float64(107.70013827875869)
12.9259 	EXP 	rot_line_precue: ori = np.float64(108.05807725955383)
12.9341 	EXP 	rot_line_precue: ori = np.float64(108.40028580952614)
12.9430 	EXP 	rot_line_precue: ori = np.float64(108.78596385116188)
12.9509 	EXP 	rot_line_precue: ori = np.float64(109.27571473406935)
12.9590 	EXP 	rot_line_precue: ori = np.float64(109.99604405434742)
12.9674 	EXP 	rot_line_precue: ori = np.float64(110.37166375908978)
12.9758 	EXP 	rot_line_precue: ori = np.float64(110.7808657276547)
12.9839 	EXP 	rot_line_precue: ori = np.float64(111.20790998177749)
12.9921 	EXP 	rot_line_precue: ori = np.float64(111.58988359085852)
13.0005 	EXP 	rot_line_precue: ori = np.float64(111.9034937276569)
13.0090 	EXP 	rot_line_precue: ori = np.float64(112.4636270526066)
13.0171 	EXP 	rot_line_precue: ori = np.float64(112.93997743213025)
13.0256 	EXP 	rot_line_precue: ori = np.float64(113.27389954173555)
13.0339 	EXP 	rot_line_precue: ori = np.float64(113.67364632801402)
13.0442 	EXP 	rot_line_precue: ori = np.float64(113.9812026100049)
13.0515 	EXP 	rot_line_precue: ori = np.float64(114.35623374786279)
13.0597 	EXP 	rot_line_precue: ori = np.float64(114.68014145449234)
13.0678 	EXP 	rot_line_precue: ori = np.float64(115.22711723335789)
13.0758 	EXP 	rot_line_precue: ori = np.float64(115.59953686037191)
13.0849 	EXP 	rot_line_precue: ori = np.float64(115.94409487241732)
13.0922 	EXP 	rot_line_precue: ori = np.float64(116.39007940188706)
13.1008 	EXP 	rot_line_precue: ori = np.float64(116.71223144017141)
13.1092 	EXP 	rot_line_precue: ori = np.float64(117.0717271522679)
13.1174 	EXP 	rot_line_precue: ori = np.float64(117.44863554150956)
13.1261 	EXP 	rot_line_precue: ori = np.float64(117.93443879674263)
13.1341 	EXP 	rot_line_precue: ori = np.float64(118.60882139065994)
13.1422 	EXP 	rot_line_precue: ori = np.float64(118.9138702395429)
13.1504 	EXP 	rot_line_precue: ori = np.float64(119.34298059006262)
13.1591 	EXP 	rot_line_precue: ori = np.float64(120.06191824588855)
13.1673 	EXP 	rot_line_precue: ori = np.float64(120.3619477031761)
13.1754 	EXP 	rot_line_precue: ori = np.float64(120.66799399064185)
13.1844 	EXP 	rot_line_precue: ori = np.float64(120.99882689389855)
13.1922 	EXP 	rot_line_precue: ori = np.float64(121.49867892790976)
13.2010 	EXP 	rot_line_precue: ori = np.float64(121.95009786501481)
13.2088 	EXP 	rot_line_precue: ori = np.float64(122.43226138775175)
13.2172 	EXP 	rot_line_precue: ori = np.float64(123.0088932494955)
13.2260 	EXP 	rot_line_precue: ori = np.float64(123.34063027988144)
13.2342 	EXP 	rot_line_precue: ori = np.float64(123.69009230835012)
13.2426 	EXP 	rot_line_precue: ori = np.float64(124.00810468849839)
13.2507 	EXP 	rot_line_precue: ori = np.float64(124.44524872553974)
13.2591 	EXP 	rot_line_precue: ori = np.float64(124.81574262692314)
13.2672 	EXP 	rot_line_precue: ori = np.float64(125.25555661684693)
13.2756 	EXP 	rot_line_precue: ori = np.float64(125.81768539303707)
13.2843 	EXP 	rot_line_precue: ori = np.float64(126.50802264752903)
13.2925 	EXP 	rot_line_precue: ori = np.float64(126.82406541165284)
13.3007 	EXP 	rot_line_precue: ori = np.float64(127.60295436990138)
13.3092 	EXP 	rot_line_precue: ori = np.float64(127.99428712570082)
13.3173 	EXP 	rot_line_precue: ori = np.float64(128.6594361955367)
13.3256 	EXP 	rot_line_precue: ori = np.float64(129.10280696846732)
13.3339 	EXP 	rot_line_precue: ori = np.float64(129.43407997013261)
13.3424 	EXP 	rot_line_precue: ori = np.float64(129.756257114398)
13.3506 	EXP 	rot_line_precue: ori = np.float64(130.15660288178128)
13.3595 	EXP 	rot_line_precue: ori = np.float64(130.56113798143932)
13.3673 	EXP 	rot_line_precue: ori = np.float64(130.96435930158586)
13.3756 	EXP 	rot_line_precue: ori = np.float64(131.2812294817799)
13.3838 	EXP 	rot_line_precue: ori = np.float64(131.5945545446803)
13.3923 	EXP 	rot_line_precue: ori = np.float64(132.02018442676282)
13.4007 	EXP 	rot_line_precue: ori = np.float64(132.3191936762831)
13.4093 	EXP 	rot_line_precue: ori = np.float64(132.7505602389179)
13.4175 	EXP 	rot_line_precue: ori = np.float64(133.07418466390337)
13.4258 	EXP 	rot_line_precue: ori = np.float64(133.45561899827578)
13.4338 	EXP 	rot_line_precue: ori = np.float64(134.03461282022914)
13.4348 	EXP 	New trial (rep=0, index=5): <Trial 5 (5 in rep 0) data={'pic_name': 'pics/none.JPG', 'class_mi': 'rest', 'thisN': 5, 'thisTrialN': 5, 'thisRepN': 0}>
13.4424 	EXP 	hor_line_precue: autoDraw = False
13.4424 	EXP 	ver_line_precue: autoDraw = False
13.4424 	EXP 	rot_line_precue: autoDraw = False
13.4424 	EXP 	rot_line_precue: ori = np.float64(134.45069688189338)
13.4424 	EXP 	hor_line_precue: autoDraw = False
13.4424 	EXP 	ver_line_precue: autoDraw = False
13.4424 	EXP 	rot_line_precue: autoDraw = False
13.4424 	EXP 	hor_line_precue: autoDraw = True
13.4424 	EXP 	ver_line_precue: autoDraw = True
13.4424 	EXP 	rot_line_precue: autoDraw = True
13.4424 	EXP 	rot_line_precue: ori = np.float64(134.87129817544962)
13.4508 	EXP 	rot_line_precue: ori = np.float64(135.18208219720174)
13.4591 	EXP 	rot_line_precue: ori = np.float64(135.51172848557596)
13.4676 	EXP 	rot_line_precue: ori = np.float64(135.84007132806275)
13.4758 	EXP 	rot_line_precue: ori = np.float64(136.1584150307594)
13.4839 	EXP 	rot_line_precue: ori = np.float64(136.47302259307105)
13.4925 	EXP 	rot_line_precue: ori = np.float64(136.81141851742157)
13.5006 	EXP 	rot_line_precue: ori = np.float64(137.13584813580707)
13.5090 	EXP 	rot_line_precue: ori = np.float64(137.72126627042712)
13.5172 	EXP 	rot_line_precue: ori = np.float64(138.0896175426268)
13.5254 	EXP 	rot_line_precue: ori = np.float64(138.48642085262574)
13.5340 	EXP 	rot_line_precue: ori = np.float64(138.95460052315286)
13.5421 	EXP 	rot_line_precue: ori = np.float64(139.28368893185373)
13.5506 	EXP 	rot_line_precue: ori = np.float64(139.7046837675352)
13.5589 	EXP 	rot_line_precue: ori = np.float64(140.18524164175653)
13.5672 	EXP 	rot_line_precue: ori = np.float64(140.7012681398445)
13.5759 	EXP 	rot_line_precue: ori = np.float64(141.0008629431405)
13.5842 	EXP 	rot_line_precue: ori = np.float64(141.41721103808777)
13.5927 	EXP 	rot_line_precue: ori = np.float64(141.72627369177792)
13.6012 	EXP 	rot_line_precue: ori = np.float64(142.45651199699245)
13.6089 	EXP 	rot_line_precue: ori = np.float64(143.2338202173036)
13.6172 	EXP 	rot_line_precue: ori = np.float64(143.60423663097805)
13.6260 	EXP 	rot_line_precue: ori = np.float64(143.96827402663385)
13.6343 	EXP 	rot_line_precue: ori = np.float64(144.30029961943086)
13.6424 	EXP 	rot_line_precue: ori = np.float64(144.87001012882882)
13.6508 	EXP 	rot_line_precue: ori = np.float64(145.30618532439814)
13.6590 	EXP 	rot_line_precue: ori = np.float64(145.66588810903642)
13.6673 	EXP 	rot_line_precue: ori = np.float64(146.02511773591155)
13.6754 	EXP 	rot_line_precue: ori = np.float64(146.34423905114383)
13.6840 	EXP 	rot_line_precue: ori = np.float64(146.75582928172577)
13.6922 	EXP 	rot_line_precue: ori = np.float64(147.13376745705023)
13.7006 	EXP 	rot_line_precue: ori = np.float64(147.51020132782236)
13.7089 	EXP 	rot_line_precue: ori = np.float64(147.85435637300463)
13.7172 	EXP 	rot_line_precue: ori = np.float64(148.17151893203408)
13.7254 	EXP 	rot_line_precue: ori = np.float64(148.52158932877288)
13.7345 	EXP 	rot_line_precue: ori = np.float64(148.82265728350967)
13.7423 	EXP 	rot_line_precue: ori = np.float64(149.12965820837667)
13.7510 	EXP 	rot_line_precue: ori = np.float64(149.43299359955034)
13.7594 	EXP 	rot_line_precue: ori = np.float64(149.74428989506538)
13.7674 	EXP 	rot_line_precue: ori = np.float64(150.05892717092811)
13.7755 	EXP 	rot_line_precue: ori = np.float64(150.68467999341073)
13.7841 	EXP 	rot_line_precue: ori = np.float64(151.0114205385899)
13.7925 	EXP 	rot_line_precue: ori = np.float64(151.31023856447703)
13.8008 	EXP 	rot_line_precue: ori = np.float64(151.6455575139378)
13.8093 	EXP 	rot_line_precue: ori = np.float64(152.07908521506386)
13.8175 	EXP 	rot_line_precue: ori = np.float64(152.65022936221462)
13.8257 	EXP 	rot_line_precue: ori = np.float64(152.97711088258052)
13.8341 	EXP 	rot_line_precue: ori = np.float64(153.27322137804103)
13.8423 	EXP 	rot_line_precue: ori = np.float64(153.69713101676982)
13.8507 	EXP 	rot_line_precue: ori = np.float64(153.99688574129658)
13.8589 	EXP 	rot_line_precue: ori = np.float64(154.31514514478368)
13.8673 	EXP 	rot_line_precue: ori = np.float64(154.71530986342012)
13.8756 	EXP 	rot_line_precue: ori = np.float64(155.0400691872251)
13.8838 	EXP 	rot_line_precue: ori = np.float64(155.41241770023802)
13.8922 	EXP 	rot_line_precue: ori = np.float64(155.71024683362646)
13.9005 	EXP 	rot_line_precue: ori = np.float64(156.01209365131186)
13.9089 	EXP 	rot_line_precue: ori = np.float64(156.41810456105082)
13.9175 	EXP 	rot_line_precue: ori = np.float64(156.92708719675457)
13.9259 	EXP 	rot_line_precue: ori = np.float64(157.2589395673035)
13.9344 	EXP 	rot_line_precue: ori = np.float64(157.91128806629155)
13.9426 	EXP 	rot_line_precue: ori = np.float64(158.21352323859054)
13.9508 	EXP 	rot_line_precue: ori = np.float64(158.77132703891527)
13.9589 	EXP 	rot_line_precue: ori = np.float64(159.10594965234907)
13.9675 	EXP 	rot_line_precue: ori = np.float64(159.41376134849924)
13.9759 	EXP 	rot_line_precue: ori = np.float64(159.84813059699178)
13.9841 	EXP 	rot_line_precue: ori = np.float64(160.16382468584266)
13.9926 	EXP 	rot_line_precue: ori = np.float64(160.83768845626363)
14.0007 	EXP 	rot_line_precue: ori = np.float64(161.13864372875747)
14.0089 	EXP 	rot_line_precue: ori = np.float64(161.53547821736257)
14.0174 	EXP 	rot_line_precue: ori = np.float64(161.9637077780469)
14.0257 	EXP 	rot_line_precue: ori = np.float64(162.30725909620773)
14.0340 	EXP 	rot_line_precue: ori = np.float64(162.60290603412457)
14.0420 	EXP 	rot_line_precue: ori = np.float64(163.0409721401785)
14.0507 	EXP 	rot_line_precue: ori = np.float64(163.3497981830556)
14.0592 	EXP 	rot_line_precue: ori = np.float64(163.68518259269678)
14.0672 	EXP 	rot_line_precue: ori = np.float64(163.9998289004256)
14.0757 	EXP 	rot_line_precue: ori = np.float64(164.31851432946797)
14.0839 	EXP 	rot_line_precue: ori = np.float64(164.9880433076115)
14.0922 	EXP 	rot_line_precue: ori = np.float64(165.54619371469195)
14.1008 	EXP 	rot_line_precue: ori = np.float64(166.01019601881896)
14.1092 	EXP 	rot_line_precue: ori = np.float64(166.33901082809203)
14.1177 	EXP 	rot_line_precue: ori = np.float64(166.64069253970823)
14.1260 	EXP 	rot_line_precue: ori = np.float64(167.14449887626682)
14.1341 	EXP 	rot_line_precue: ori = np.float64(167.5566100436579)
14.1429 	EXP 	rot_line_precue: ori = np.float64(167.873198151328)
14.1514 	EXP 	rot_line_precue: ori = np.float64(168.22098340259524)
14.1592 	EXP 	rot_line_precue: ori = np.float64(168.5443265849861)
14.1673 	EXP 	rot_line_precue: ori = np.float64(168.9037599526615)
14.1768 	EXP 	rot_line_precue: ori = np.float64(169.33985300003172)
14.1848 	EXP 	rot_line_precue: ori = np.float64(169.6377708933951)
14.1922 	EXP 	rot_line_precue: ori = np.float64(170.34512909284675)
14.2008 	EXP 	rot_line_precue: ori = np.float64(170.641684780247)
14.2090 	EXP 	rot_line_precue: ori = np.float64(171.32921551386997)
14.2171 	EXP 	rot_line_precue: ori = np.float64(171.79239060559726)
14.2254 	EXP 	rot_line_precue: ori = np.float64(172.09362227060748)
14.2339 	EXP 	rot_line_precue: ori = np.float64(172.48130474179658)
14.2422 	EXP 	rot_line_precue: ori = np.float64(172.7811955149445)
14.2504 	EXP 	rot_line_precue: ori = np.float64(173.1389083106415)
14.2591 	EXP 	rot_line_precue: ori = np.float64(173.92357296092786)
14.2671 	EXP 	rot_line_precue: ori = np.float64(174.2193328732798)
14.2757 	EXP 	rot_line_precue: ori = np.float64(174.83901631233124)
14.2845 	EXP 	rot_line_precue: ori = np.float64(175.43977879731233)
14.2930 	EXP 	rot_line_precue: ori = np.float64(175.869757385058)
14.3012 	EXP 	rot_line_precue: ori = np.float64(176.23631752497752)
14.3095 	EXP 	rot_line_precue: ori = np.float64(176.69055312359544)
14.3175 	EXP 	rot_line_precue: ori = np.float64(177.0518640956671)
14.3262 	EXP 	rot_line_precue: ori = np.float64(177.40543237085612)
14.3344 	EXP 	rot_line_precue: ori = np.float64(177.78199304312332)
14.3425 	EXP 	rot_line_precue: ori = np.float64(178.47875913889774)
14.3506 	EXP 	rot_line_precue: ori = np.float64(178.8179298021964)
14.3588 	EXP 	rot_line_precue: ori = np.float64(179.1456336272648)
14.3674 	EXP 	rot_line_precue: ori = np.float64(179.45112271977226)
14.3757 	EXP 	rot_line_precue: ori = np.float64(179.7551989097114)
14.3838 	EXP 	rot_line_precue: ori = np.float64(180.1541776616807)
14.3922 	EXP 	rot_line_precue: ori = np.float64(180.48367742855902)
14.4004 	EXP 	rot_line_precue: ori = np.float64(180.80722643143972)
14.4087 	EXP 	rot_line_precue: ori = np.float64(181.25738949175837)
14.4172 	EXP 	rot_line_precue: ori = np.float64(181.68652262419076)
14.4256 	EXP 	rot_line_precue: ori = np.float64(182.07736654663447)
14.4338 	EXP 	rot_line_precue: ori = np.float64(182.6039006088577)
14.4423 	EXP 	rot_line_precue: ori = np.float64(182.9653090131952)
14.4510 	EXP 	rot_line_precue: ori = np.float64(183.40663301710703)
14.4589 	EXP 	rot_line_precue: ori = np.float64(183.78915548337355)
14.4676 	EXP 	rot_line_precue: ori = np.float64(184.10101169976176)
14.4759 	EXP 	rot_line_precue: ori = np.float64(184.42431430175253)
14.4852 	EXP 	rot_line_precue: ori = np.float64(184.7488710454459)
14.4930 	EXP 	rot_line_precue: ori = np.float64(185.32010244556903)
14.5008 	EXP 	rot_line_precue: ori = np.float64(185.6560028079866)
14.5091 	EXP 	rot_line_precue: ori = np.float64(186.02010148916375)
14.5177 	EXP 	rot_line_precue: ori = np.float64(186.6988031972582)
14.5258 	EXP 	rot_line_precue: ori = np.float64(187.04308116453612)
14.5340 	EXP 	rot_line_precue: ori = np.float64(187.44344425827234)
14.5421 	EXP 	rot_line_precue: ori = np.float64(187.74082644779364)
14.5510 	EXP 	rot_line_precue: ori = np.float64(188.07894199222756)
14.5590 	EXP 	rot_line_precue: ori = np.float64(188.41934216623272)
14.5671 	EXP 	rot_line_precue: ori = np.float64(188.8104224425297)
14.5756 	EXP 	rot_line_precue: ori = np.float64(189.17879920957776)
14.5843 	EXP 	rot_line_precue: ori = np.float64(189.5467961746082)
14.5933 	EXP 	rot_line_precue: ori = np.float64(190.03379870746429)
14.6021 	EXP 	rot_line_precue: ori = np.float64(190.48468407573037)
14.6093 	EXP 	rot_line_precue: ori = np.float64(190.86130263651697)
14.6178 	EXP 	rot_line_precue: ori = np.float64(191.2396790566959)
14.6259 	EXP 	rot_line_precue: ori = np.float64(191.62316853067617)
14.6343 	EXP 	rot_line_precue: ori = np.float64(191.9658601372649)
14.6430 	EXP 	rot_line_precue: ori = np.float64(192.30251697520336)
14.6510 	EXP 	rot_line_precue: ori = np.float64(192.63948422436812)
14.6596 	EXP 	rot_line_precue: ori = np.float64(193.01454050600643)
14.6679 	EXP 	rot_line_precue: ori = np.float64(193.34363480273223)
14.6783 	EXP 	rot_line_precue: ori = np.float64(193.74352205108949)
14.6894 	EXP 	rot_line_precue: ori = np.float64(194.1698189175575)
14.6993 	EXP 	rot_line_precue: ori = np.float64(194.86987889930307)
14.7082 	EXP 	rot_line_precue: ori = np.float64(195.25647001822065)
14.7160 	EXP 	rot_line_precue: ori = np.float64(195.75628768140749)
14.7201 	EXP 	rot_line_precue: ori = np.float64(196.05371586143983)
14.7258 	EXP 	rot_line_precue: ori = np.float64(196.44102273742925)
14.7341 	EXP 	rot_line_precue: ori = np.float64(196.75789587200427)
14.7423 	EXP 	rot_line_precue: ori = np.float64(197.38254642909976)
14.7506 	EXP 	rot_line_precue: ori = np.float64(198.04022793088063)
14.7591 	EXP 	rot_line_precue: ori = np.float64(198.3740705129561)
14.7672 	EXP 	rot_line_precue: ori = np.float64(198.74084306510116)
14.7756 	EXP 	rot_line_precue: ori = np.float64(199.08737540603835)
14.7838 	EXP 	rot_line_precue: ori = np.float64(199.40402851402914)
14.7923 	EXP 	rot_line_precue: ori = np.float64(199.72362788158614)
14.8010 	EXP 	rot_line_precue: ori = np.float64(200.03299075863436)
14.8091 	EXP 	rot_line_precue: ori = np.float64(200.3693911632381)
14.8172 	EXP 	rot_line_precue: ori = np.float64(200.6683514060652)
14.8260 	EXP 	rot_line_precue: ori = np.float64(201.0835896393519)
14.8343 	EXP 	rot_line_precue: ori = np.float64(201.4675615129272)
14.8426 	EXP 	rot_line_precue: ori = np.float64(201.7692219218912)
14.8507 	EXP 	rot_line_precue: ori = np.float64(202.36142969525758)
14.8593 	EXP 	rot_line_precue: ori = np.float64(202.6745314182735)
14.8676 	EXP 	rot_line_precue: ori = np.float64(203.36827929684208)
14.8758 	EXP 	rot_line_precue: ori = np.float64(203.7185405338682)
14.8842 	EXP 	rot_line_precue: ori = np.float64(204.17054582935125)
14.8923 	EXP 	rot_line_precue: ori = np.float64(204.50850071954827)
14.9006 	EXP 	rot_line_precue: ori = np.float64(204.90722343513644)
14.9089 	EXP 	rot_line_precue: ori = np.float64(205.27090097531644)
14.9175 	EXP 	rot_line_precue: ori = np.float64(205.74515173054507)
14.9256 	EXP 	rot_line_precue: ori = np.float64(206.24944310020092)
14.9339 	EXP 	rot_line_precue: ori = np.float64(206.54767649630355)
14.9420 	EXP 	rot_line_precue: ori = np.float64(206.9860202243004)
14.9506 	EXP 	rot_line_precue: ori = np.float64(207.36937427684683)
14.9588 	EXP 	rot_line_precue: ori = np.float64(207.98901381358763)
14.9679 	EXP 	rot_line_precue: ori = np.float64(208.3842614344295)
14.9756 	EXP 	rot_line_precue: ori = np.float64(208.74654452729632)
14.9839 	EXP 	rot_line_precue: ori = np.float64(209.37092853376194)
14.9930 	EXP 	rot_line_precue: ori = np.float64(209.9672633127689)
15.0011 	EXP 	rot_line_precue: ori = np.float64(210.2761668776446)
15.0091 	EXP 	rot_line_precue: ori = np.float64(210.64767792608615)
15.0177 	EXP 	rot_line_precue: ori = np.float64(210.99153077910415)
15.0259 	EXP 	rot_line_precue: ori = np.float64(211.30873645024826)
15.0341 	EXP 	rot_line_precue: ori = np.float64(211.84130934259233)
15.0428 	EXP 	rot_line_precue: ori = np.float64(212.1384101180965)
15.0508 	EXP 	rot_line_precue: ori = np.float64(212.46582466904792)
15.0590 	EXP 	rot_line_precue: ori = np.float64(212.90479756534842)
15.0675 	EXP 	rot_line_precue: ori = np.float64(213.2020638191608)
15.0757 	EXP 	rot_line_precue: ori = np.float64(213.56393071913354)
15.0841 	EXP 	rot_line_precue: ori = np.float64(214.09625964672932)
15.0922 	EXP 	rot_line_precue: ori = np.float64(214.49200687919762)
15.1010 	EXP 	rot_line_precue: ori = np.float64(215.08694173200013)
15.1091 	EXP 	rot_line_precue: ori = np.float64(215.61905267457882)
15.1172 	EXP 	rot_line_precue: ori = np.float64(216.03896587430083)
15.1256 	EXP 	rot_line_precue: ori = np.float64(216.46253014997285)
15.1340 	EXP 	rot_line_precue: ori = np.float64(216.7665306611516)
15.1422 	EXP 	rot_line_precue: ori = np.float64(217.07528244214686)
15.1505 	EXP 	rot_line_precue: ori = np.float64(217.56679727036158)
15.1589 	EXP 	rot_line_precue: ori = np.float64(217.88228816301674)
15.1673 	EXP 	rot_line_precue: ori = np.float64(218.45667808719554)
15.1760 	EXP 	rot_line_precue: ori = np.float64(218.9815169637389)
15.1842 	EXP 	rot_line_precue: ori = np.float64(219.30043121412643)
15.1929 	EXP 	rot_line_precue: ori = np.float64(219.61774412308895)
15.2010 	EXP 	rot_line_precue: ori = np.float64(220.0409657161936)
15.2093 	EXP 	rot_line_precue: ori = np.float64(220.35560045345278)
15.2175 	EXP 	rot_line_precue: ori = np.float64(220.96051442742623)
15.2264 	EXP 	rot_line_precue: ori = np.float64(221.37449869835262)
15.2339 	EXP 	rot_line_precue: ori = np.float64(221.72945175786847)
15.2424 	EXP 	rot_line_precue: ori = np.float64(222.06076958682138)
15.2510 	EXP 	rot_line_precue: ori = np.float64(222.37652443410363)
15.2591 	EXP 	rot_line_precue: ori = np.float64(222.81382883725183)
15.2673 	EXP 	rot_line_precue: ori = np.float64(223.13412547599552)
15.2756 	EXP 	rot_line_precue: ori = np.float64(223.51845831293778)
15.2840 	EXP 	rot_line_precue: ori = np.float64(223.82178534244812)
15.2929 	EXP 	rot_line_precue: ori = np.float64(224.1308911763513)
15.3005 	EXP 	rot_line_precue: ori = np.float64(224.92645711309618)
15.3091 	EXP 	rot_line_precue: ori = np.float64(225.61598675142685)
15.3172 	EXP 	rot_line_precue: ori = np.float64(225.93453002231897)
15.3256 	EXP 	rot_line_precue: ori = np.float64(226.3709742646149)
15.3347 	EXP 	rot_line_precue: ori = np.float64(226.74260285949305)
15.3425 	EXP 	rot_line_precue: ori = np.float64(227.0427850419162)
15.3508 	EXP 	rot_line_precue: ori = np.float64(227.36047960142807)
15.3593 	EXP 	rot_line_precue: ori = np.float64(227.6958066310169)
15.3676 	EXP 	rot_line_precue: ori = np.float64(228.0249182440651)
15.3757 	EXP 	rot_line_precue: ori = np.float64(228.43063990240606)
15.3843 	EXP 	rot_line_precue: ori = np.float64(228.76172853365574)
15.3925 	EXP 	rot_line_precue: ori = np.float64(229.14484245670286)
15.4013 	EXP 	rot_line_precue: ori = np.float64(229.47246747564108)
15.4091 	EXP 	rot_line_precue: ori = np.float64(229.78286180005705)
15.4174 	EXP 	rot_line_precue: ori = np.float64(230.19591618612412)
15.4256 	EXP 	rot_line_precue: ori = np.float64(230.51429842596366)
15.4266 	EXP 	New trial (rep=1, index=6): <Trial 6 (6 in rep 1) data={'pic_name': 'pics/none.JPG', 'class_mi': 'rest', 'thisN': 6, 'thisTrialN': 6, 'thisRepN': 1}>
15.4339 	EXP 	hor_line_precue: autoDraw = False
15.4339 	EXP 	ver_line_precue: autoDraw = False
15.4339 	EXP 	rot_line_precue: autoDraw = False
15.4339 	EXP 	rot_line_precue: ori = np.float64(230.9145697656576)
15.4339 	EXP 	hor_line_precue: autoDraw = False
15.4339 	EXP 	ver_line_precue: autoDraw = False
15.4339 	EXP 	rot_line_precue: autoDraw = False
15.4339 	EXP 	hor_line_precue: autoDraw = True
15.4339 	EXP 	ver_line_precue: autoDraw = True
15.4339 	EXP 	rot_line_precue: autoDraw = True
15.4339 	EXP 	rot_line_precue: ori = np.float64(231.2889876547336)
15.4424 	EXP 	rot_line_precue: ori = np.float64(231.63728858648503)
15.4506 	EXP 	rot_line_precue: ori = np.float64(232.03558341060528)
15.4594 	EXP 	rot_line_precue: ori = np.float64(232.3506869963953)
15.4673 	EXP 	rot_line_precue: ori = np.float64(232.7859877563116)
15.4757 	EXP 	rot_line_precue: ori = np.float64(233.1386313657707)
15.4845 	EXP 	rot_line_precue: ori = np.float64(233.44630777493893)
15.4924 	EXP 	rot_line_precue: ori = np.float64(233.862252887416)
15.5010 	EXP 	rot_line_precue: ori = np.float64(234.24609333978867)
15.5089 	EXP 	rot_line_precue: ori = np.float64(234.5596360960539)
15.5176 	EXP 	rot_line_precue: ori = np.float64(234.92422266115355)
15.5260 	EXP 	rot_line_precue: ori = np.float64(235.26031014245825)
15.5341 	EXP 	rot_line_precue: ori = np.float64(235.60725096375123)
15.5425 	EXP 	rot_line_precue: ori = np.float64(235.9033818024591)
15.5510 	EXP 	rot_line_precue: ori = np.float64(236.27608412122555)
15.5596 	EXP 	rot_line_precue: ori = np.float64(236.61097838850495)
15.5677 	EXP 	rot_line_precue: ori = np.float64(236.97331828552265)
15.5758 	EXP 	rot_line_precue: ori = np.float64(237.74143512786085)
15.5839 	EXP 	rot_line_precue: ori = np.float64(238.0983182363977)
15.5922 	EXP 	rot_line_precue: ori = np.float64(238.67104275146457)
15.6008 	EXP 	rot_line_precue: ori = np.float64(238.98194462795442)
15.6096 	EXP 	rot_line_precue: ori = np.float64(239.27866781101997)
15.6174 	EXP 	rot_line_precue: ori = np.float64(239.74273295549818)
15.6260 	EXP 	rot_line_precue: ori = np.float64(240.05344609739015)
15.6342 	EXP 	rot_line_precue: ori = np.float64(240.36570949234476)
15.6427 	EXP 	rot_line_precue: ori = np.float64(240.7641476252454)
15.6510 	EXP 	rot_line_precue: ori = np.float64(241.11724391856885)
15.6588 	EXP 	rot_line_precue: ori = np.float64(241.42263913016168)
15.6679 	EXP 	rot_line_precue: ori = np.float64(241.76169518970858)
15.6762 	EXP 	rot_line_precue: ori = np.float64(242.0581659081564)
15.6843 	EXP 	rot_line_precue: ori = np.float64(242.80311245524385)
15.6928 	EXP 	rot_line_precue: ori = np.float64(243.12362135010653)
15.7010 	EXP 	rot_line_precue: ori = np.float64(243.60844788595216)
15.7097 	EXP 	rot_line_precue: ori = np.float64(244.14403881676546)
15.7178 	EXP 	rot_line_precue: ori = np.float64(244.44144895905043)
15.7263 	EXP 	rot_line_precue: ori = np.float64(244.79509869404185)
15.7343 	EXP 	rot_line_precue: ori = np.float64(245.21505850728846)
15.7424 	EXP 	rot_line_precue: ori = np.float64(245.53428857608594)
15.7509 	EXP 	rot_line_precue: ori = np.float64(245.8305158030298)
15.7590 	EXP 	rot_line_precue: ori = np.float64(246.16413092035003)
15.7674 	EXP 	rot_line_precue: ori = np.float64(246.48052337708992)
15.7760 	EXP 	rot_line_precue: ori = np.float64(246.78479010951827)
15.7839 	EXP 	rot_line_precue: ori = np.float64(247.2619458037107)
15.7923 	EXP 	rot_line_precue: ori = np.float64(247.79157321974375)
15.8013 	EXP 	rot_line_precue: ori = np.float64(248.12531050484625)
15.8091 	EXP 	rot_line_precue: ori = np.float64(248.48450019785352)
15.8173 	EXP 	rot_line_precue: ori = np.float64(248.78887843006902)
15.8257 	EXP 	rot_line_precue: ori = np.float64(249.1262979059621)
15.8338 	EXP 	rot_line_precue: ori = np.float64(249.46423379559204)
15.8423 	EXP 	rot_line_precue: ori = np.float64(249.77731372579987)
15.8508 	EXP 	rot_line_precue: ori = np.float64(250.09049611937755)
15.8592 	EXP 	rot_line_precue: ori = np.float64(250.69258049142255)
15.8676 	EXP 	rot_line_precue: ori = np.float64(250.99783902097195)
15.8761 	EXP 	rot_line_precue: ori = np.float64(251.4205113499507)
15.8841 	EXP 	rot_line_precue: ori = np.float64(251.762570716454)
15.8926 	EXP 	rot_line_precue: ori = np.float64(252.1018973174999)
15.9008 	EXP 	rot_line_precue: ori = np.float64(252.4391515661508)
15.9094 	EXP 	rot_line_precue: ori = np.float64(252.7633381258946)
15.9175 	EXP 	rot_line_precue: ori = np.float64(253.07481469887287)
15.9257 	EXP 	rot_line_precue: ori = np.float64(253.64192378909775)
15.9338 	EXP 	rot_line_precue: ori = np.float64(253.96382862292398)
15.9424 	EXP 	rot_line_precue: ori = np.float64(254.38073628557146)
15.9507 	EXP 	rot_line_precue: ori = np.float64(254.8071427920382)
15.9589 	EXP 	rot_line_precue: ori = np.float64(255.19034180731575)
15.9671 	EXP 	rot_line_precue: ori = np.float64(255.48754898601194)
15.9757 	EXP 	rot_line_precue: ori = np.float64(255.92973548920608)
15.9846 	EXP 	rot_line_precue: ori = np.float64(256.22660417753644)
15.9918 	EXP 	rot_line_precue: ori = np.float64(256.54655096044013)
16.0006 	EXP 	rot_line_precue: ori = np.float64(256.859358302674)
16.0089 	EXP 	rot_line_precue: ori = np.float64(257.18927284258694)
16.0173 	EXP 	rot_line_precue: ori = np.float64(257.5141590281786)
16.0260 	EXP 	rot_line_precue: ori = np.float64(257.8736278681416)
16.0344 	EXP 	rot_line_precue: ori = np.float64(258.17392642093506)
16.0429 	EXP 	rot_line_precue: ori = np.float64(258.58554995543665)
16.0509 	EXP 	rot_line_precue: ori = np.float64(259.0107126623165)
16.0590 	EXP 	rot_line_precue: ori = np.float64(259.3149615306593)
16.0674 	EXP 	rot_line_precue: ori = np.float64(259.66088030733084)
16.0758 	EXP 	rot_line_precue: ori = np.float64(260.0475021707626)
16.0841 	EXP 	rot_line_precue: ori = np.float64(260.45632026975295)
16.0927 	EXP 	rot_line_precue: ori = np.float64(260.84286347597487)
16.1008 	EXP 	rot_line_precue: ori = np.float64(261.13934975930016)
16.1089 	EXP 	rot_line_precue: ori = np.float64(261.74340343110833)
16.1171 	EXP 	rot_line_precue: ori = np.float64(262.1350162351755)
16.1257 	EXP 	rot_line_precue: ori = np.float64(262.61053952748665)
16.1340 	EXP 	rot_line_precue: ori = np.float64(263.0358526336891)
16.1423 	EXP 	rot_line_precue: ori = np.float64(263.56241738773826)
16.1507 	EXP 	rot_line_precue: ori = np.float64(264.025750310509)
16.1589 	EXP 	rot_line_precue: ori = np.float64(264.5793672351951)
16.1672 	EXP 	rot_line_precue: ori = np.float64(264.88557541293244)
16.1757 	EXP 	rot_line_precue: ori = np.float64(265.3240764563715)
16.1839 	EXP 	rot_line_precue: ori = np.float64(265.8337274601986)
16.1923 	EXP 	rot_line_precue: ori = np.float64(266.1753048651802)
16.2008 	EXP 	rot_line_precue: ori = np.float64(266.61776751579697)
16.2089 	EXP 	rot_line_precue: ori = np.float64(267.17168281626135)
16.2174 	EXP 	rot_line_precue: ori = np.float64(267.52983821049213)
16.2262 	EXP 	rot_line_precue: ori = np.float64(268.02275824880996)
16.2343 	EXP 	rot_line_precue: ori = np.float64(268.35612763783683)
16.2424 	EXP 	rot_line_precue: ori = np.float64(268.7078808937408)
16.2512 	EXP 	rot_line_precue: ori = np.float64(269.01101168611495)
16.2592 	EXP 	rot_line_precue: ori = np.float64(269.4939757802192)
16.2674 	EXP 	rot_line_precue: ori = np.float64(270.0279968773142)
16.2760 	EXP 	rot_line_precue: ori = np.float64(270.68957107315987)
16.2841 	EXP 	rot_line_precue: ori = np.float64(271.0131853821803)
16.2926 	EXP 	rot_line_precue: ori = np.float64(271.3189899116487)
16.3011 	EXP 	rot_line_precue: ori = np.float64(271.6511914182762)
16.3091 	EXP 	rot_line_precue: ori = np.float64(271.98555189369694)
16.3175 	EXP 	rot_line_precue: ori = np.float64(272.316390635591)
16.3255 	EXP 	rot_line_precue: ori = np.float64(272.79760119745873)
16.3340 	EXP 	rot_line_precue: ori = np.float64(273.09706601106194)
16.3423 	EXP 	rot_line_precue: ori = np.float64(273.49748789555935)
16.3506 	EXP 	rot_line_precue: ori = np.float64(273.88356883813117)
16.3596 	EXP 	rot_line_precue: ori = np.float64(274.24449899241307)
16.3673 	EXP 	rot_line_precue: ori = np.float64(274.5811750728798)
16.3755 	EXP 	rot_line_precue: ori = np.float64(274.9657510369356)
16.3846 	EXP 	rot_line_precue: ori = np.float64(275.26513138865715)
16.3925 	EXP 	rot_line_precue: ori = np.float64(275.6716127800495)
16.4009 	EXP 	rot_line_precue: ori = np.float64(276.27030585164295)
16.4092 	EXP 	rot_line_precue: ori = np.float64(276.61939028804585)
16.4176 	EXP 	rot_line_precue: ori = np.float64(277.005201515192)
16.4262 	EXP 	rot_line_precue: ori = np.float64(277.3953661213634)
16.4345 	EXP 	rot_line_precue: ori = np.float64(277.7348203009365)
16.4425 	EXP 	rot_line_precue: ori = np.float64(278.03547616919974)
16.4507 	EXP 	rot_line_precue: ori = np.float64(278.4560547955886)
16.4589 	EXP 	rot_line_precue: ori = np.float64(278.93018574139165)
16.4674 	EXP 	rot_line_precue: ori = np.float64(279.24221479541535)
16.4757 	EXP 	rot_line_precue: ori = np.float64(279.6581125895806)
16.4839 	EXP 	rot_line_precue: ori = np.float64(280.01579365044597)
16.4923 	EXP 	rot_line_precue: ori = np.float64(280.5837273486307)
16.5006 	EXP 	rot_line_precue: ori = np.float64(280.93218588670675)
16.5089 	EXP 	rot_line_precue: ori = np.float64(281.31352906990696)
16.5173 	EXP 	rot_line_precue: ori = np.float64(281.6859443568753)
16.5256 	EXP 	rot_line_precue: ori = np.float64(281.99314902763757)
16.5339 	EXP 	rot_line_precue: ori = np.float64(282.3456237794553)
16.5424 	EXP 	rot_line_precue: ori = np.float64(282.73349270893846)
16.5507 	EXP 	rot_line_precue: ori = np.float64(283.02982472652263)
16.5590 	EXP 	rot_line_precue: ori = np.float64(283.4503205991334)
16.5676 	EXP 	rot_line_precue: ori = np.float64(283.9544501625585)
16.5759 	EXP 	rot_line_precue: ori = np.float64(284.50548591568275)
16.5841 	EXP 	rot_line_precue: ori = np.float64(285.0110215266251)
16.5925 	EXP 	rot_line_precue: ori = np.float64(285.47855890003666)
16.6009 	EXP 	rot_line_precue: ori = np.float64(285.84738277964067)
16.6091 	EXP 	rot_line_precue: ori = np.float64(286.15223125153176)
16.6177 	EXP 	rot_line_precue: ori = np.float64(286.50724925310675)
16.6259 	EXP 	rot_line_precue: ori = np.float64(286.8743940714517)
16.6341 	EXP 	rot_line_precue: ori = np.float64(287.4757167670138)
16.6421 	EXP 	rot_line_precue: ori = np.float64(288.02828457363125)
16.6511 	EXP 	rot_line_precue: ori = np.float64(288.7971038976973)
16.6590 	EXP 	rot_line_precue: ori = np.float64(289.10207421462076)
16.6672 	EXP 	rot_line_precue: ori = np.float64(289.67146796339983)
16.6757 	EXP 	rot_line_precue: ori = np.float64(289.97300007129195)
16.6843 	EXP 	rot_line_precue: ori = np.float64(290.6968248163181)
16.6923 	EXP 	rot_line_precue: ori = np.float64(291.1097104405086)
16.7007 	EXP 	rot_line_precue: ori = np.float64(291.42643471380484)
16.7089 	EXP 	rot_line_precue: ori = np.float64(291.7288033654302)
16.7174 	EXP 	rot_line_precue: ori = np.float64(292.029184096711)
16.7255 	EXP 	rot_line_precue: ori = np.float64(292.4183281616682)
16.7342 	EXP 	rot_line_precue: ori = np.float64(292.78025458180207)
16.7428 	EXP 	rot_line_precue: ori = np.float64(293.20349226882746)
16.7510 	EXP 	rot_line_precue: ori = np.float64(293.8674456324172)
16.7592 	EXP 	rot_line_precue: ori = np.float64(294.22599446557416)
16.7678 	EXP 	rot_line_precue: ori = np.float64(294.53276913310305)
16.7760 	EXP 	rot_line_precue: ori = np.float64(294.8363340392123)
16.7843 	EXP 	rot_line_precue: ori = np.float64(295.32633678336555)
16.7924 	EXP 	rot_line_precue: ori = np.float64(295.63235205323247)
16.8009 	EXP 	rot_line_precue: ori = np.float64(296.0260505619313)
16.8091 	EXP 	rot_line_precue: ori = np.float64(296.35190683476725)
16.8175 	EXP 	rot_line_precue: ori = np.float64(296.95753370565916)
16.8258 	EXP 	rot_line_precue: ori = np.float64(297.2582460783741)
16.8343 	EXP 	rot_line_precue: ori = np.float64(297.7247886647254)
16.8424 	EXP 	rot_line_precue: ori = np.float64(298.17493578885717)
16.8506 	EXP 	rot_line_precue: ori = np.float64(298.47304705062174)
16.8590 	EXP 	rot_line_precue: ori = np.float64(298.8518594220093)
16.8672 	EXP 	rot_line_precue: ori = np.float64(299.1661830318362)
16.8764 	EXP 	rot_line_precue: ori = np.float64(299.4956796349197)
16.8835 	EXP 	rot_line_precue: ori = np.float64(299.91514313484754)
16.8923 	EXP 	rot_line_precue: ori = np.float64(300.2174566517591)
16.9007 	EXP 	rot_line_precue: ori = np.float64(300.53119821329324)
16.9093 	EXP 	rot_line_precue: ori = np.float64(300.84468490553144)
16.9176 	EXP 	rot_line_precue: ori = np.float64(301.1491172794262)
16.9258 	EXP 	rot_line_precue: ori = np.float64(301.5854407075886)
16.9343 	EXP 	rot_line_precue: ori = np.float64(301.90846961887314)
16.9426 	EXP 	rot_line_precue: ori = np.float64(302.22973273181475)
16.9508 	EXP 	rot_line_precue: ori = np.float64(302.78732602150825)
16.9594 	EXP 	rot_line_precue: ori = np.float64(303.3960055489082)
16.9675 	EXP 	rot_line_precue: ori = np.float64(303.72434961397556)
16.9756 	EXP 	rot_line_precue: ori = np.float64(304.09054741481714)
16.9838 	EXP 	rot_line_precue: ori = np.float64(304.4487012738899)
16.9925 	EXP 	rot_line_precue: ori = np.float64(304.79494010613206)
17.0007 	EXP 	rot_line_precue: ori = np.float64(305.24817614314304)
17.0089 	EXP 	rot_line_precue: ori = np.float64(306.00760117044035)
17.0173 	EXP 	rot_line_precue: ori = np.float64(306.3376729925479)
17.0256 	EXP 	rot_line_precue: ori = np.float64(306.74001518787276)
17.0339 	EXP 	rot_line_precue: ori = np.float64(307.04585978961444)
17.0429 	EXP 	rot_line_precue: ori = np.float64(307.34954765533683)
17.0507 	EXP 	rot_line_precue: ori = np.float64(307.8935825118637)
17.0589 	EXP 	rot_line_precue: ori = np.float64(308.4118249152975)
17.0674 	EXP 	rot_line_precue: ori = np.float64(308.712967575026)
17.0759 	EXP 	rot_line_precue: ori = np.float64(309.0229399951755)
17.0844 	EXP 	rot_line_precue: ori = np.float64(309.36899476040065)
17.0926 	EXP 	rot_line_precue: ori = np.float64(309.732866661522)
17.1011 	EXP 	rot_line_precue: ori = np.float64(310.06668708965555)
17.1095 	EXP 	rot_line_precue: ori = np.float64(310.43102673473646)
17.1180 	EXP 	rot_line_precue: ori = np.float64(311.22620741871947)
17.1259 	EXP 	rot_line_precue: ori = np.float64(311.6211978488956)
17.1345 	EXP 	rot_line_precue: ori = np.float64(312.0837632523286)
17.1423 	EXP 	rot_line_precue: ori = np.float64(312.41757352901755)
17.1507 	EXP 	rot_line_precue: ori = np.float64(312.748084219434)
17.1589 	EXP 	rot_line_precue: ori = np.float64(313.06708978490434)
17.1672 	EXP 	rot_line_precue: ori = np.float64(313.7618611357575)
17.1758 	EXP 	rot_line_precue: ori = np.float64(314.05743462246306)
17.1839 	EXP 	rot_line_precue: ori = np.float64(314.57007375517566)
17.1923 	EXP 	rot_line_precue: ori = np.float64(315.07365197004117)
17.2007 	EXP 	rot_line_precue: ori = np.float64(315.41152310309565)
17.2089 	EXP 	rot_line_precue: ori = np.float64(316.1791362009915)
17.2177 	EXP 	rot_line_precue: ori = np.float64(316.6288672649833)
17.2258 	EXP 	rot_line_precue: ori = np.float64(316.9821147626294)
17.2340 	EXP 	rot_line_precue: ori = np.float64(317.5645973340662)
17.2423 	EXP 	rot_line_precue: ori = np.float64(317.96134141826485)
17.2509 	EXP 	rot_line_precue: ori = np.float64(318.2583124672817)
17.2593 	EXP 	rot_line_precue: ori = np.float64(318.59687333724054)
17.2679 	EXP 	rot_line_precue: ori = np.float64(319.04645171271187)
17.2760 	EXP 	rot_line_precue: ori = np.float64(319.37851841947816)
17.2841 	EXP 	rot_line_precue: ori = np.float64(319.8424154763129)
17.2930 	EXP 	rot_line_precue: ori = np.float64(320.59167959837214)
17.3011 	EXP 	rot_line_precue: ori = np.float64(320.98383358664285)
17.3092 	EXP 	rot_line_precue: ori = np.float64(321.4931810239263)
17.3173 	EXP 	rot_line_precue: ori = np.float64(321.8368611782298)
17.3255 	EXP 	rot_line_precue: ori = np.float64(322.30309381968857)
17.3341 	EXP 	rot_line_precue: ori = np.float64(322.61835791603636)
17.3424 	EXP 	rot_line_precue: ori = np.float64(322.98524707959535)
17.3506 	EXP 	rot_line_precue: ori = np.float64(323.77976631623085)
17.3590 	EXP 	rot_line_precue: ori = np.float64(324.3272464079717)
17.3672 	EXP 	rot_line_precue: ori = np.float64(324.64128188793296)
17.3756 	EXP 	rot_line_precue: ori = np.float64(324.97311737871996)
17.3841 	EXP 	rot_line_precue: ori = np.float64(325.26913020054087)
17.3923 	EXP 	rot_line_precue: ori = np.float64(325.7497470088891)
17.4005 	EXP 	rot_line_precue: ori = np.float64(326.21984870295967)
17.4088 	EXP 	rot_line_precue: ori = np.float64(326.5545414760828)
17.4173 	EXP 	rot_line_precue: ori = np.float64(326.9866119396959)
17.4182 	EXP 	New trial (rep=2, index=7): <Trial 7 (7 in rep 2) data={'pic_name': 'pics/none.JPG', 'class_mi': 'rest', 'thisN': 7, 'thisTrialN': 7, 'thisRepN': 2}>
17.4261 	EXP 	hor_line_precue: autoDraw = False
17.4261 	EXP 	ver_line_precue: autoDraw = False
17.4261 	EXP 	rot_line_precue: autoDraw = False
17.4261 	EXP 	rot_line_precue: ori = np.float64(327.314999396521)
17.4261 	EXP 	hor_line_precue: autoDraw = False
17.4261 	EXP 	ver_line_precue: autoDraw = False
17.4261 	EXP 	rot_line_precue: autoDraw = False
17.4261 	EXP 	hor_line_precue: autoDraw = True
17.4261 	EXP 	ver_line_precue: autoDraw = True
17.4261 	EXP 	rot_line_precue: autoDraw = True
17.4261 	EXP 	rot_line_precue: ori = np.float64(327.6109633850854)
17.4344 	EXP 	rot_line_precue: ori = np.float64(328.1652781173187)
17.4426 	EXP 	rot_line_precue: ori = np.float64(328.5141272208828)
17.4508 	EXP 	rot_line_precue: ori = np.float64(328.91478744250384)
17.4596 	EXP 	rot_line_precue: ori = np.float64(329.25572304951464)
17.4677 	EXP 	rot_line_precue: ori = np.float64(329.5936387550035)
17.4763 	EXP 	rot_line_precue: ori = np.float64(329.9166109622317)
17.4842 	EXP 	rot_line_precue: ori = np.float64(330.40738741588643)
17.4924 	EXP 	rot_line_precue: ori = np.float64(330.91571125379454)
17.5007 	EXP 	rot_line_precue: ori = np.float64(331.2114121350961)
17.5089 	EXP 	rot_line_precue: ori = np.float64(331.9467706586141)
17.5172 	EXP 	rot_line_precue: ori = np.float64(332.24334084261335)
17.5257 	EXP 	rot_line_precue: ori = np.float64(332.6490153387774)
17.5339 	EXP 	rot_line_precue: ori = np.float64(333.02984389562386)
17.5424 	EXP 	rot_line_precue: ori = np.float64(333.4541591628347)
17.5506 	EXP 	rot_line_precue: ori = np.float64(333.7581677746871)
17.5597 	EXP 	rot_line_precue: ori = np.float64(334.104064985791)
17.5672 	EXP 	rot_line_precue: ori = np.float64(334.671105100212)
17.5764 	EXP 	rot_line_precue: ori = np.float64(334.97391845610383)
17.5839 	EXP 	rot_line_precue: ori = np.float64(335.2939152839278)
17.5928 	EXP 	rot_line_precue: ori = np.float64(335.71224900722365)
17.6009 	EXP 	rot_line_precue: ori = np.float64(336.0314196775342)
17.6091 	EXP 	rot_line_precue: ori = np.float64(336.3348704610783)
17.6177 	EXP 	rot_line_precue: ori = np.float64(336.6592929790391)
17.6260 	EXP 	rot_line_precue: ori = np.float64(337.12632192720014)
17.6347 	EXP 	rot_line_precue: ori = np.float64(337.4772662254914)
17.6428 	EXP 	rot_line_precue: ori = np.float64(337.81538407380265)
17.6510 	EXP 	rot_line_precue: ori = np.float64(338.16932277689824)
17.6596 	EXP 	rot_line_precue: ori = np.float64(338.49991901535935)
17.6676 	EXP 	rot_line_precue: ori = np.float64(338.8118831781857)
17.6758 	EXP 	rot_line_precue: ori = np.float64(339.1826866147489)
17.6840 	EXP 	rot_line_precue: ori = np.float64(339.8432978318399)
17.6922 	EXP 	rot_line_precue: ori = np.float64(340.22559411995155)
17.7008 	EXP 	rot_line_precue: ori = np.float64(340.62586789948796)
17.7088 	EXP 	rot_line_precue: ori = np.float64(341.10485856859646)
17.7171 	EXP 	rot_line_precue: ori = np.float64(341.50307038934585)
17.7257 	EXP 	rot_line_precue: ori = np.float64(341.8779441386423)
17.7340 	EXP 	rot_line_precue: ori = np.float64(342.198342410627)
17.7422 	EXP 	rot_line_precue: ori = np.float64(342.51512456784275)
17.7512 	EXP 	rot_line_precue: ori = np.float64(342.89276962327096)
17.7589 	EXP 	rot_line_precue: ori = np.float64(343.23751385908776)
17.7678 	EXP 	rot_line_precue: ori = np.float64(343.84139854018633)
17.7756 	EXP 	rot_line_precue: ori = np.float64(344.2085912476914)
17.7840 	EXP 	rot_line_precue: ori = np.float64(344.6060858993364)
17.7928 	EXP 	rot_line_precue: ori = np.float64(345.33893534487316)
17.8013 	EXP 	rot_line_precue: ori = np.float64(345.752106830085)
17.8093 	EXP 	rot_line_precue: ori = np.float64(346.0526977648319)
17.8179 	EXP 	rot_line_precue: ori = np.float64(346.41635224974357)
17.8263 	EXP 	rot_line_precue: ori = np.float64(346.8180614798273)
17.8343 	EXP 	rot_line_precue: ori = np.float64(347.1255227939224)
17.8424 	EXP 	rot_line_precue: ori = np.float64(347.4691281343839)
17.8506 	EXP 	rot_line_precue: ori = np.float64(347.7927092214969)
17.8591 	EXP 	rot_line_precue: ori = np.float64(348.40128301949625)
17.8674 	EXP 	rot_line_precue: ori = np.float64(348.70156071875124)
17.8757 	EXP 	rot_line_precue: ori = np.float64(349.41323644221956)
17.8841 	EXP 	rot_line_precue: ori = np.float64(349.7817937955708)
17.8923 	EXP 	rot_line_precue: ori = np.float64(350.23435267632465)
17.9006 	EXP 	rot_line_precue: ori = np.float64(350.8743250314397)
17.9096 	EXP 	rot_line_precue: ori = np.float64(351.19566220614007)
17.9173 	EXP 	rot_line_precue: ori = np.float64(351.5566095014991)
17.9263 	EXP 	rot_line_precue: ori = np.float64(351.88305228529373)
17.9339 	EXP 	rot_line_precue: ori = np.float64(352.32954223043726)
17.9423 	EXP 	rot_line_precue: ori = np.float64(352.7318807692633)
17.9508 	EXP 	rot_line_precue: ori = np.float64(353.04868869696884)
17.9593 	EXP 	rot_line_precue: ori = np.float64(353.37000378506207)
17.9676 	EXP 	rot_line_precue: ori = np.float64(353.67929498691893)
17.9758 	EXP 	rot_line_precue: ori = np.float64(353.9949671384831)
17.9843 	EXP 	rot_line_precue: ori = np.float64(354.33742294834076)
17.9927 	EXP 	rot_line_precue: ori = np.float64(354.6956030731585)
18.0009 	EXP 	rot_line_precue: ori = np.float64(355.04958097674535)
18.0095 	EXP 	rot_line_precue: ori = np.float64(355.4860770726472)
18.0174 	EXP 	rot_line_precue: ori = np.float64(355.8396514502853)
18.0257 	EXP 	rot_line_precue: ori = np.float64(356.14474432931746)
18.0339 	EXP 	rot_line_precue: ori = np.float64(356.683819812855)
18.0426 	EXP 	rot_line_precue: ori = np.float64(356.9824572828159)
18.0507 	EXP 	rot_line_precue: ori = np.float64(357.2912997194196)
18.0589 	EXP 	rot_line_precue: ori = np.float64(357.89791931612484)
18.0674 	EXP 	rot_line_precue: ori = np.float64(358.42780798067025)
18.0764 	EXP 	rot_line_precue: ori = np.float64(358.7571666649621)
18.0840 	EXP 	rot_line_precue: ori = np.float64(359.072195173851)
18.0929 	EXP 	rot_line_precue: ori = np.float64(359.37456240553036)
18.1007 	EXP 	rot_line_precue: ori = np.float64(359.7397561431201)
18.1089 	EXP 	rot_line_precue: ori = np.float64(0.04165485723046913)
18.1175 	EXP 	rot_line_precue: ori = np.float64(0.36770311295446767)
18.1259 	EXP 	rot_line_precue: ori = np.float64(1.1514809778568809)
18.1346 	EXP 	rot_line_precue: ori = np.float64(1.804393317504221)
18.1429 	EXP 	rot_line_precue: ori = np.float64(2.219243646927114)
18.1509 	EXP 	rot_line_precue: ori = np.float64(2.644558598544716)
18.1591 	EXP 	rot_line_precue: ori = np.float64(2.9417794924052525)
18.1679 	EXP 	rot_line_precue: ori = np.float64(3.4521566375783803)
18.1761 	EXP 	rot_line_precue: ori = np.float64(3.776419938141553)
18.1845 	EXP 	rot_line_precue: ori = np.float64(4.186032095031473)
18.1922 	EXP 	rot_line_precue: ori = np.float64(4.5166442708491825)
18.2008 	EXP 	rot_line_precue: ori = np.float64(4.818069168383079)
18.2090 	EXP 	rot_line_precue: ori = np.float64(5.248948177799287)
18.2172 	EXP 	rot_line_precue: ori = np.float64(5.621383445078818)
18.2257 	EXP 	rot_line_precue: ori = np.float64(6.287474499952371)
18.2340 	EXP 	rot_line_precue: ori = np.float64(7.023947544646176)
18.2423 	EXP 	rot_line_precue: ori = np.float64(7.348925071748362)
18.2507 	EXP 	rot_line_precue: ori = np.float64(8.053563335617753)
18.2589 	EXP 	rot_line_precue: ori = np.float64(8.596767080636951)
18.2673 	EXP 	rot_line_precue: ori = np.float64(8.894520327529493)
18.2755 	EXP 	rot_line_precue: ori = np.float64(9.198910354589467)
18.2840 	EXP 	rot_line_precue: ori = np.float64(9.535587026525894)
18.2922 	EXP 	rot_line_precue: ori = np.float64(9.994949607187031)
18.3010 	EXP 	rot_line_precue: ori = np.float64(10.309820998482214)
18.3093 	EXP 	rot_line_precue: ori = np.float64(10.665761659655034)
18.3175 	EXP 	rot_line_precue: ori = np.float64(10.965822369623142)
18.3261 	EXP 	rot_line_precue: ori = np.float64(11.2719457589831)
18.3344 	EXP 	rot_line_precue: ori = np.float64(11.656102498792725)
18.3430 	EXP 	rot_line_precue: ori = np.float64(11.951814389116782)
18.3512 	EXP 	rot_line_precue: ori = np.float64(12.34973777008075)
18.3594 	EXP 	rot_line_precue: ori = np.float64(12.77441716058183)
18.3673 	EXP 	rot_line_precue: ori = np.float64(13.192951618950838)
18.3756 	EXP 	rot_line_precue: ori = np.float64(13.499291502600084)
18.3840 	EXP 	rot_line_precue: ori = np.float64(13.863292240541881)
18.3924 	EXP 	rot_line_precue: ori = np.float64(14.176697865216997)
18.4006 	EXP 	rot_line_precue: ori = np.float64(14.478162952169168)
18.4090 	EXP 	rot_line_precue: ori = np.float64(14.942033219169383)
18.4172 	EXP 	rot_line_precue: ori = np.float64(15.272429904382706)
18.4255 	EXP 	rot_line_precue: ori = np.float64(15.598440220270128)
18.4341 	EXP 	rot_line_precue: ori = np.float64(15.970222571306621)
18.4423 	EXP 	rot_line_precue: ori = np.float64(16.690215736494075)
18.4506 	EXP 	rot_line_precue: ori = np.float64(17.035540403143802)
18.4597 	EXP 	rot_line_precue: ori = np.float64(17.495123713715298)
18.4673 	EXP 	rot_line_precue: ori = np.float64(17.854296631730794)
18.4756 	EXP 	rot_line_precue: ori = np.float64(18.152423562587515)
18.4843 	EXP 	rot_line_precue: ori = np.float64(18.48076730898329)
18.4926 	EXP 	rot_line_precue: ori = np.float64(18.793917175435787)
18.5008 	EXP 	rot_line_precue: ori = np.float64(19.16100185805245)
18.5098 	EXP 	rot_line_precue: ori = np.float64(19.485847951160352)
18.5175 	EXP 	rot_line_precue: ori = np.float64(19.88912048025421)
18.5258 	EXP 	rot_line_precue: ori = np.float64(20.20081578938072)
18.5344 	EXP 	rot_line_precue: ori = np.float64(20.503252953555155)
18.5427 	EXP 	rot_line_precue: ori = np.float64(20.82261315181215)
18.5508 	EXP 	rot_line_precue: ori = np.float64(21.258638248995823)
18.5588 	EXP 	rot_line_precue: ori = np.float64(21.654807820280755)
18.5674 	EXP 	rot_line_precue: ori = np.float64(21.96718198486733)
18.5757 	EXP 	rot_line_precue: ori = np.float64(22.391712800064884)
18.5840 	EXP 	rot_line_precue: ori = np.float64(22.776122588748336)
18.5924 	EXP 	rot_line_precue: ori = np.float64(23.163181669600675)
18.6006 	EXP 	rot_line_precue: ori = np.float64(23.468546643240774)
18.6090 	EXP 	rot_line_precue: ori = np.float64(23.917982809271503)
18.6174 	EXP 	rot_line_precue: ori = np.float64(24.260928477034824)
18.6256 	EXP 	rot_line_precue: ori = np.float64(24.562474177938057)
18.6339 	EXP 	rot_line_precue: ori = np.float64(25.01234661690898)
18.6428 	EXP 	rot_line_precue: ori = np.float64(25.33210339448793)
18.6509 	EXP 	rot_line_precue: ori = np.float64(25.78607993460582)
18.6595 	EXP 	rot_line_precue: ori = np.float64(26.113909581744362)
18.6677 	EXP 	rot_line_precue: ori = np.float64(26.518256767130943)
18.6760 	EXP 	rot_line_precue: ori = np.float64(26.814717587119564)
18.6841 	EXP 	rot_line_precue: ori = np.float64(27.159102875383045)
18.6927 	EXP 	rot_line_precue: ori = np.float64(27.5350641276973)
18.7011 	EXP 	rot_line_precue: ori = np.float64(27.864655467079015)
18.7091 	EXP 	rot_line_precue: ori = np.float64(28.193414839704598)
18.7178 	EXP 	rot_line_precue: ori = np.float64(28.657324543381137)
18.7261 	EXP 	rot_line_precue: ori = np.float64(28.95336609161713)
18.7346 	EXP 	rot_line_precue: ori = np.float64(29.258964490960825)
18.7429 	EXP 	rot_line_precue: ori = np.float64(29.66246281027409)
18.7511 	EXP 	rot_line_precue: ori = np.float64(30.0500409655919)
18.7593 	EXP 	rot_line_precue: ori = np.float64(30.44371120831193)
18.7677 	EXP 	rot_line_precue: ori = np.float64(30.749772185357024)
18.7760 	EXP 	rot_line_precue: ori = np.float64(31.056174279611575)
18.7843 	EXP 	rot_line_precue: ori = np.float64(31.789051431376556)
18.7922 	EXP 	rot_line_precue: ori = np.float64(32.15240311550484)
18.8005 	EXP 	rot_line_precue: ori = np.float64(32.50228207845932)
18.8091 	EXP 	rot_line_precue: ori = np.float64(32.843850138130875)
18.8173 	EXP 	rot_line_precue: ori = np.float64(33.182121325955904)
18.8259 	EXP 	rot_line_precue: ori = np.float64(33.51457255491633)
18.8343 	EXP 	rot_line_precue: ori = np.float64(33.918415570092876)
18.8424 	EXP 	rot_line_precue: ori = np.float64(34.218971189220625)
18.8512 	EXP 	rot_line_precue: ori = np.float64(34.642476013844025)
18.8592 	EXP 	rot_line_precue: ori = np.float64(34.96707242086952)
18.8673 	EXP 	rot_line_precue: ori = np.float64(35.30401950265867)
18.8761 	EXP 	rot_line_precue: ori = np.float64(35.60052651258392)
18.8844 	EXP 	rot_line_precue: ori = np.float64(35.89875306324198)
18.8926 	EXP 	rot_line_precue: ori = np.float64(36.28916474023315)
18.9011 	EXP 	rot_line_precue: ori = np.float64(36.58849266839242)
18.9092 	EXP 	rot_line_precue: ori = np.float64(36.957888441339094)
18.9174 	EXP 	rot_line_precue: ori = np.float64(37.300686900953295)
18.9256 	EXP 	rot_line_precue: ori = np.float64(37.65149507901261)
18.9342 	EXP 	rot_line_precue: ori = np.float64(38.103409821582126)
18.9425 	EXP 	rot_line_precue: ori = np.float64(38.44044460515255)
18.9506 	EXP 	rot_line_precue: ori = np.float64(38.905303466552354)
18.9591 	EXP 	rot_line_precue: ori = np.float64(39.23203202460364)
18.9677 	EXP 	rot_line_precue: ori = np.float64(39.54701425422674)
18.9756 	EXP 	rot_line_precue: ori = np.float64(39.96632332075127)
18.9846 	EXP 	rot_line_precue: ori = np.float64(40.29404317037437)
18.9923 	EXP 	rot_line_precue: ori = np.float64(40.616175772209544)
19.0014 	EXP 	rot_line_precue: ori = np.float64(40.93228360262906)
19.0092 	EXP 	rot_line_precue: ori = np.float64(41.2334431188319)
19.0176 	EXP 	rot_line_precue: ori = np.float64(41.560701582107676)
19.0259 	EXP 	rot_line_precue: ori = np.float64(41.85856519593498)
19.0345 	EXP 	rot_line_precue: ori = np.float64(42.16456412185378)
19.0426 	EXP 	rot_line_precue: ori = np.float64(42.50614505850736)
19.0509 	EXP 	rot_line_precue: ori = np.float64(42.82704809053776)
19.0595 	EXP 	rot_line_precue: ori = np.float64(43.13978943763581)
19.0676 	EXP 	rot_line_precue: ori = np.float64(43.515954183517785)
19.0758 	EXP 	rot_line_precue: ori = np.float64(44.29533564993007)
19.0839 	EXP 	rot_line_precue: ori = np.float64(44.61122743949744)
19.0924 	EXP 	rot_line_precue: ori = np.float64(45.01452234541476)
19.1008 	EXP 	rot_line_precue: ori = np.float64(45.387109722768166)
19.1089 	EXP 	rot_line_precue: ori = np.float64(45.94236784486969)
19.1172 	EXP 	rot_line_precue: ori = np.float64(46.2960283839445)
19.1257 	EXP 	rot_line_precue: ori = np.float64(46.61664017847084)
19.1339 	EXP 	rot_line_precue: ori = np.float64(47.16164530141085)
19.1421 	EXP 	rot_line_precue: ori = np.float64(47.60025895419726)
19.1507 	EXP 	rot_line_precue: ori = np.float64(47.97683356334141)
19.1590 	EXP 	rot_line_precue: ori = np.float64(48.32834857096975)
19.1672 	EXP 	rot_line_precue: ori = np.float64(48.67729703423592)
19.1758 	EXP 	rot_line_precue: ori = np.float64(48.97628981432998)
19.1841 	EXP 	rot_line_precue: ori = np.float64(49.28439554491905)
19.1928 	EXP 	rot_line_precue: ori = np.float64(49.690428344692606)
19.2010 	EXP 	rot_line_precue: ori = np.float64(50.01109835504503)
19.2092 	EXP 	rot_line_precue: ori = np.float64(50.58177239762162)
19.2176 	EXP 	rot_line_precue: ori = np.float64(50.878470917323355)
19.2260 	EXP 	rot_line_precue: ori = np.float64(51.19734551002106)
19.2342 	EXP 	rot_line_precue: ori = np.float64(51.74005037806792)
19.2428 	EXP 	rot_line_precue: ori = np.float64(52.2978028150123)
19.2511 	EXP 	rot_line_precue: ori = np.float64(52.650220693381414)
19.2591 	EXP 	rot_line_precue: ori = np.float64(52.95549380779048)
19.2673 	EXP 	rot_line_precue: ori = np.float64(53.32734373195884)
19.2759 	EXP 	rot_line_precue: ori = np.float64(53.8348150065739)
19.2840 	EXP 	rot_line_precue: ori = np.float64(54.618521848646914)
19.2927 	EXP 	rot_line_precue: ori = np.float64(55.343954856918316)
19.3008 	EXP 	rot_line_precue: ori = np.float64(55.77167308042048)
19.3090 	EXP 	rot_line_precue: ori = np.float64(56.077999384361526)
19.3173 	EXP 	rot_line_precue: ori = np.float64(56.66628845672563)
19.3256 	EXP 	rot_line_precue: ori = np.float64(57.1401805887624)
19.3341 	EXP 	rot_line_precue: ori = np.float64(57.4515546745148)
19.3423 	EXP 	rot_line_precue: ori = np.float64(57.7521715192761)
19.3506 	EXP 	rot_line_precue: ori = np.float64(58.17936366077985)
19.3596 	EXP 	rot_line_precue: ori = np.float64(58.542039458139264)
19.3681 	EXP 	rot_line_precue: ori = np.float64(58.838829213523034)
19.3758 	EXP 	rot_line_precue: ori = np.float64(59.16005787091648)
19.3845 	EXP 	rot_line_precue: ori = np.float64(59.790527618300814)
19.3925 	EXP 	rot_line_precue: ori = np.float64(60.2298716710187)
19.4012 	EXP 	rot_line_precue: ori = np.float64(60.6816250850838)
19.4096 	EXP 	rot_line_precue: ori = np.float64(61.07122393233391)
19.4108 	EXP 	New trial (rep=2, index=8): <Trial 8 (8 in rep 2) data={'pic_name': 'pics/left_hand.JPG', 'class_mi': 'left_hand', 'thisN': 8, 'thisTrialN': 8, 'thisRepN': 2}>
19.4179 	EXP 	hor_line_precue: autoDraw = False
19.4179 	EXP 	ver_line_precue: autoDraw = False
19.4179 	EXP 	rot_line_precue: autoDraw = False
19.4179 	EXP 	rot_line_precue: ori = np.float64(61.41299335779177)
19.4179 	EXP 	hor_line_precue: autoDraw = False
19.4179 	EXP 	ver_line_precue: autoDraw = False
19.4179 	EXP 	rot_line_precue: autoDraw = False
19.4179 	EXP 	hor_line_precue: autoDraw = True
19.4179 	EXP 	ver_line_precue: autoDraw = True
19.4179 	EXP 	rot_line_precue: autoDraw = True
19.4179 	EXP 	rot_line_precue: ori = np.float64(61.788505108446586)
19.4260 	EXP 	rot_line_precue: ori = np.float64(62.38854809400774)
19.4342 	EXP 	rot_line_precue: ori = np.float64(62.802481395028494)
19.4424 	EXP 	rot_line_precue: ori = np.float64(63.13712216234203)
19.4506 	EXP 	rot_line_precue: ori = np.float64(63.54913332855474)
19.4589 	EXP 	rot_line_precue: ori = np.float64(63.885485565608164)
19.4673 	EXP 	rot_line_precue: ori = np.float64(64.32882813766854)
19.4755 	EXP 	rot_line_precue: ori = np.float64(64.81340872353783)
19.4841 	EXP 	rot_line_precue: ori = np.float64(65.1149975769549)
19.4923 	EXP 	rot_line_precue: ori = np.float64(65.4412447520014)
19.5008 	EXP 	rot_line_precue: ori = np.float64(66.20259354953214)
19.5090 	EXP 	rot_line_precue: ori = np.float64(66.49840637662754)
19.5174 	EXP 	rot_line_precue: ori = np.float64(67.22134362377217)
19.5256 	EXP 	rot_line_precue: ori = np.float64(67.62127267342144)
19.5339 	EXP 	rot_line_precue: ori = np.float64(68.01119252804703)
19.5424 	EXP 	rot_line_precue: ori = np.float64(68.34710029224775)
19.5508 	EXP 	rot_line_precue: ori = np.float64(68.83551578306103)
19.5594 	EXP 	rot_line_precue: ori = np.float64(69.16148856466481)
19.5676 	EXP 	rot_line_precue: ori = np.float64(69.67675678249758)
19.5757 	EXP 	rot_line_precue: ori = np.float64(70.02520040809878)
19.5843 	EXP 	rot_line_precue: ori = np.float64(70.33376650461693)
19.5928 	EXP 	rot_line_precue: ori = np.float64(70.64240963622515)
19.6009 	EXP 	rot_line_precue: ori = np.float64(71.14057703033833)
19.6093 	EXP 	rot_line_precue: ori = np.float64(71.52477993264712)
19.6177 	EXP 	rot_line_precue: ori = np.float64(71.85337136337112)
19.6257 	EXP 	rot_line_precue: ori = np.float64(72.264796557276)
19.6339 	EXP 	rot_line_precue: ori = np.float64(72.64491150266424)
19.6425 	EXP 	rot_line_precue: ori = np.float64(72.95644734101727)
19.6507 	EXP 	rot_line_precue: ori = np.float64(73.61500885345076)
19.6590 	EXP 	rot_line_precue: ori = np.float64(73.91512010631415)
19.6674 	EXP 	rot_line_precue: ori = np.float64(74.22734534973416)
19.6758 	EXP 	rot_line_precue: ori = np.float64(74.59153188949395)
19.6840 	EXP 	rot_line_precue: ori = np.float64(74.88829621689405)
19.6923 	EXP 	rot_line_precue: ori = np.float64(75.42682150080795)
19.7008 	EXP 	rot_line_precue: ori = np.float64(75.85426642313571)
19.7090 	EXP 	rot_line_precue: ori = np.float64(76.27788619669013)
19.7172 	EXP 	rot_line_precue: ori = np.float64(76.57751130263064)
19.7260 	EXP 	rot_line_precue: ori = np.float64(76.98628655991605)
19.7346 	EXP 	rot_line_precue: ori = np.float64(77.34684876784998)
19.7427 	EXP 	rot_line_precue: ori = np.float64(77.92485595903483)
19.7509 	EXP 	rot_line_precue: ori = np.float64(78.24331341229258)
19.7592 	EXP 	rot_line_precue: ori = np.float64(78.74895066571274)
19.7677 	EXP 	rot_line_precue: ori = np.float64(79.05658721578152)
19.7761 	EXP 	rot_line_precue: ori = np.float64(79.52573039170451)
19.7842 	EXP 	rot_line_precue: ori = np.float64(79.85484661098424)
19.7922 	EXP 	rot_line_precue: ori = np.float64(80.3252094051022)
19.8008 	EXP 	rot_line_precue: ori = np.float64(81.03587063075399)
19.8092 	EXP 	rot_line_precue: ori = np.float64(81.38426929440303)
19.8173 	EXP 	rot_line_precue: ori = np.float64(81.71636608885146)
19.8258 	EXP 	rot_line_precue: ori = np.float64(82.03059391950795)
19.8340 	EXP 	rot_line_precue: ori = np.float64(82.32706809076278)
19.8423 	EXP 	rot_line_precue: ori = np.float64(82.81005739969407)
19.8506 	EXP 	rot_line_precue: ori = np.float64(83.11147863604978)
19.8592 	EXP 	rot_line_precue: ori = np.float64(83.47459750393061)
19.8674 	EXP 	rot_line_precue: ori = np.float64(83.79010395332855)
19.8755 	EXP 	rot_line_precue: ori = np.float64(84.18486670303324)
19.8841 	EXP 	rot_line_precue: ori = np.float64(84.59357366053366)
19.8924 	EXP 	rot_line_precue: ori = np.float64(85.29363862160358)
19.9024 	EXP 	rot_line_precue: ori = np.float64(85.71623229044611)
19.9093 	EXP 	rot_line_precue: ori = np.float64(86.02452417035083)
19.9175 	EXP 	rot_line_precue: ori = np.float64(86.40121501245247)
19.9261 	EXP 	rot_line_precue: ori = np.float64(87.1651314209945)
19.9345 	EXP 	rot_line_precue: ori = np.float64(87.62262141911675)
19.9426 	EXP 	rot_line_precue: ori = np.float64(87.92400411207582)
19.9511 	EXP 	rot_line_precue: ori = np.float64(88.25051171662416)
19.9592 	EXP 	rot_line_precue: ori = np.float64(88.66366248902897)
19.9673 	EXP 	rot_line_precue: ori = np.float64(89.1184641914219)
19.9756 	EXP 	rot_line_precue: ori = np.float64(89.46493217712221)
19.9842 	EXP 	rot_line_precue: ori = np.float64(89.77368154762954)
19.9924 	EXP 	rot_line_precue: ori = np.float64(90.07159437865481)
20.0006 	EXP 	rot_line_precue: ori = np.float64(90.58212581569256)
20.0094 	EXP 	rot_line_precue: ori = np.float64(91.03123529947563)
20.0174 	EXP 	rot_line_precue: ori = np.float64(91.45888068569893)
20.0257 	EXP 	rot_line_precue: ori = np.float64(91.83655729843841)
20.0339 	EXP 	rot_line_precue: ori = np.float64(92.14709395560698)
20.0424 	EXP 	rot_line_precue: ori = np.float64(92.46319288834859)
20.0506 	EXP 	rot_line_precue: ori = np.float64(92.77928537667475)
20.0588 	EXP 	rot_line_precue: ori = np.float64(93.15355388016033)
20.0675 	EXP 	rot_line_precue: ori = np.float64(93.53031443898912)
20.0758 	EXP 	rot_line_precue: ori = np.float64(93.84016840687835)
20.0847 	EXP 	rot_line_precue: ori = np.float64(94.1869783842658)
20.0928 	EXP 	rot_line_precue: ori = np.float64(94.50473099285958)
20.1009 	EXP 	rot_line_precue: ori = np.float64(94.82623173450332)
20.1096 	EXP 	rot_line_precue: ori = np.float64(95.27617769376124)
20.1180 	EXP 	rot_line_precue: ori = np.float64(95.72428494042528)
20.1260 	EXP 	rot_line_precue: ori = np.float64(96.07806538793875)
20.1345 	EXP 	rot_line_precue: ori = np.float64(96.68476077488242)
20.1425 	EXP 	rot_line_precue: ori = np.float64(97.00366009953164)
20.1507 	EXP 	rot_line_precue: ori = np.float64(97.4412671066539)
20.1594 	EXP 	rot_line_precue: ori = np.float64(97.7451254015561)
20.1675 	EXP 	rot_line_precue: ori = np.float64(98.35151996966431)
20.1757 	EXP 	rot_line_precue: ori = np.float64(98.70272976766987)
20.1839 	EXP 	rot_line_precue: ori = np.float64(99.3377646360109)
20.1930 	EXP 	rot_line_precue: ori = np.float64(99.69959331825153)
20.2007 	EXP 	rot_line_precue: ori = np.float64(100.01791403035186)
20.2090 	EXP 	rot_line_precue: ori = np.float64(100.3211055427685)
20.2172 	EXP 	rot_line_precue: ori = np.float64(100.62860924721552)
20.2259 	EXP 	rot_line_precue: ori = np.float64(100.9266571959371)
20.2340 	EXP 	rot_line_precue: ori = np.float64(101.23656958853697)
20.2427 	EXP 	rot_line_precue: ori = np.float64(101.58132962851823)
20.2510 	EXP 	rot_line_precue: ori = np.float64(101.90170004901398)
20.2593 	EXP 	rot_line_precue: ori = np.float64(102.45225291969382)
20.2677 	EXP 	rot_line_precue: ori = np.float64(103.10594790177349)
20.2758 	EXP 	rot_line_precue: ori = np.float64(103.64972120564119)
20.2842 	EXP 	rot_line_precue: ori = np.float64(104.24648343671485)
20.2930 	EXP 	rot_line_precue: ori = np.float64(104.64607080335993)
20.3010 	EXP 	rot_line_precue: ori = np.float64(105.19514242108502)
20.3092 	EXP 	rot_line_precue: ori = np.float64(105.52565129482969)
20.3178 	EXP 	rot_line_precue: ori = np.float64(105.82101879907864)
20.3260 	EXP 	rot_line_precue: ori = np.float64(106.59489747249253)
20.3341 	EXP 	rot_line_precue: ori = np.float64(107.07120157953047)
20.3423 	EXP 	rot_line_precue: ori = np.float64(107.36904695051508)
20.3510 	EXP 	rot_line_precue: ori = np.float64(107.74297877204886)
20.3590 	EXP 	rot_line_precue: ori = np.float64(108.04489924086471)
20.3673 	EXP 	rot_line_precue: ori = np.float64(108.39378092800072)
20.3758 	EXP 	rot_line_precue: ori = np.float64(108.73012825830253)
20.3840 	EXP 	rot_line_precue: ori = np.float64(109.48545247329517)
20.3923 	EXP 	rot_line_precue: ori = np.float64(109.8780515103798)
20.4006 	EXP 	rot_line_precue: ori = np.float64(110.23488535339101)
20.4093 	EXP 	rot_line_precue: ori = np.float64(110.58913827313461)
20.4175 	EXP 	rot_line_precue: ori = np.float64(110.9079866870632)
20.4263 	EXP 	rot_line_precue: ori = np.float64(111.4420968980392)
20.4341 	EXP 	rot_line_precue: ori = np.float64(111.81293741415037)
20.4429 	EXP 	rot_line_precue: ori = np.float64(112.1365236631891)
20.4511 	EXP 	rot_line_precue: ori = np.float64(112.6985053688654)
20.4594 	EXP 	rot_line_precue: ori = np.float64(113.09549259246124)
20.4676 	EXP 	rot_line_precue: ori = np.float64(113.41495011842117)
20.4762 	EXP 	rot_line_precue: ori = np.float64(113.77687875148456)
20.4843 	EXP 	rot_line_precue: ori = np.float64(114.18598107398495)
20.4924 	EXP 	rot_line_precue: ori = np.float64(114.53686980940549)
20.5006 	EXP 	rot_line_precue: ori = np.float64(114.87141736095371)
20.5091 	EXP 	rot_line_precue: ori = np.float64(115.20040990559856)
20.5175 	EXP 	rot_line_precue: ori = np.float64(115.62531082935428)
20.5257 	EXP 	rot_line_precue: ori = np.float64(116.01390872464975)
20.5340 	EXP 	rot_line_precue: ori = np.float64(116.4838909028419)
20.5424 	EXP 	rot_line_precue: ori = np.float64(116.81447578051049)
20.5506 	EXP 	rot_line_precue: ori = np.float64(117.19293519110931)
20.5589 	EXP 	rot_line_precue: ori = np.float64(117.73436045291814)
20.5672 	EXP 	rot_line_precue: ori = np.float64(118.10254059029938)
20.5757 	EXP 	rot_line_precue: ori = np.float64(118.41481898338533)
20.5844 	EXP 	rot_line_precue: ori = np.float64(118.71072862484542)
20.5927 	EXP 	rot_line_precue: ori = np.float64(119.03145148976478)
20.6009 	EXP 	rot_line_precue: ori = np.float64(119.33669625247082)
20.6093 	EXP 	rot_line_precue: ori = np.float64(119.73225493431285)
20.6174 	EXP 	rot_line_precue: ori = np.float64(120.12911280550406)
20.6261 	EXP 	rot_line_precue: ori = np.float64(120.63272009383881)
20.6345 	EXP 	rot_line_precue: ori = np.float64(121.34478157436459)
20.6427 	EXP 	rot_line_precue: ori = np.float64(122.00428601173955)
20.6515 	EXP 	rot_line_precue: ori = np.float64(122.42039580001092)
20.6593 	EXP 	rot_line_precue: ori = np.float64(122.78741425457474)
20.6674 	EXP 	rot_line_precue: ori = np.float64(123.25036802312104)
20.6758 	EXP 	rot_line_precue: ori = np.float64(123.54944904040491)
20.6840 	EXP 	rot_line_precue: ori = np.float64(123.93789648801918)
20.6925 	EXP 	rot_line_precue: ori = np.float64(124.30025469938369)
20.7011 	EXP 	rot_line_precue: ori = np.float64(124.61152376749054)
20.7091 	EXP 	rot_line_precue: ori = np.float64(124.99717328388978)
20.7173 	EXP 	rot_line_precue: ori = np.float64(125.3528138255525)
20.7257 	EXP 	rot_line_precue: ori = np.float64(125.832163640697)
20.7347 	EXP 	rot_line_precue: ori = np.float64(126.13638891052393)
20.7421 	EXP 	rot_line_precue: ori = np.float64(126.57347249198538)
20.7509 	EXP 	rot_line_precue: ori = np.float64(126.8944709649543)
20.7596 	EXP 	rot_line_precue: ori = np.float64(127.19312292982316)
20.7677 	EXP 	rot_line_precue: ori = np.float64(127.91110191267167)
20.7760 	EXP 	rot_line_precue: ori = np.float64(128.41805523665823)
20.7840 	EXP 	rot_line_precue: ori = np.float64(128.76014295038425)
20.7926 	EXP 	rot_line_precue: ori = np.float64(129.07450781149927)
20.8011 	EXP 	rot_line_precue: ori = np.float64(129.52107345763773)
20.8098 	EXP 	rot_line_precue: ori = np.float64(130.07315481923817)
20.8181 	EXP 	rot_line_precue: ori = np.float64(130.7553249200711)
20.8259 	EXP 	rot_line_precue: ori = np.float64(131.0623363852255)
20.8340 	EXP 	rot_line_precue: ori = np.float64(131.43370723976167)
20.8422 	EXP 	rot_line_precue: ori = np.float64(131.8096673424781)
20.8508 	EXP 	rot_line_precue: ori = np.float64(132.32760325544882)
20.8592 	EXP 	rot_line_precue: ori = np.float64(132.72405882122024)
20.8674 	EXP 	rot_line_precue: ori = np.float64(133.0569796001925)
20.8757 	EXP 	rot_line_precue: ori = np.float64(133.7075823658318)
20.8841 	EXP 	rot_line_precue: ori = np.float64(134.03551739627542)
20.8923 	EXP 	rot_line_precue: ori = np.float64(134.3396219572775)
20.9006 	EXP 	rot_line_precue: ori = np.float64(134.7892838845692)
20.9090 	EXP 	rot_line_precue: ori = np.float64(135.42794799334806)
20.9174 	EXP 	rot_line_precue: ori = np.float64(135.77466996249873)
20.9261 	EXP 	rot_line_precue: ori = np.float64(136.12074996067417)
20.9344 	EXP 	rot_line_precue: ori = np.float64(136.5034463535013)
20.9426 	EXP 	rot_line_precue: ori = np.float64(136.80731456189426)
20.9512 	EXP 	rot_line_precue: ori = np.float64(137.11700938320058)
20.9592 	EXP 	rot_line_precue: ori = np.float64(137.5422839508296)
20.9675 	EXP 	rot_line_precue: ori = np.float64(137.86967249578373)
20.9762 	EXP 	rot_line_precue: ori = np.float64(138.16843330465997)
20.9844 	EXP 	rot_line_precue: ori = np.float64(138.53170908485907)
20.9926 	EXP 	rot_line_precue: ori = np.float64(138.83484074666183)
21.0012 	EXP 	rot_line_precue: ori = np.float64(139.17146790572264)
21.0092 	EXP 	rot_line_precue: ori = np.float64(139.50486369879476)
21.0174 	EXP 	rot_line_precue: ori = np.float64(139.88134424219757)
21.0258 	EXP 	rot_line_precue: ori = np.float64(140.27613037969238)
21.0343 	EXP 	rot_line_precue: ori = np.float64(140.5949724835772)
21.0423 	EXP 	rot_line_precue: ori = np.float64(140.8966274963143)
21.0506 	EXP 	rot_line_precue: ori = np.float64(141.25722884007837)
21.0589 	EXP 	rot_line_precue: ori = np.float64(141.74399679677217)
21.0674 	EXP 	rot_line_precue: ori = np.float64(142.07244360040528)
21.0763 	EXP 	rot_line_precue: ori = np.float64(142.65063606816372)
21.0840 	EXP 	rot_line_precue: ori = np.float64(143.12063324093435)
21.0925 	EXP 	rot_line_precue: ori = np.float64(143.6946431634713)
21.1008 	EXP 	rot_line_precue: ori = np.float64(144.19071092990526)
21.1094 	EXP 	rot_line_precue: ori = np.float64(144.53303075258856)
21.1176 	EXP 	rot_line_precue: ori = np.float64(144.9421321617942)
21.1258 	EXP 	rot_line_precue: ori = np.float64(145.44428508879005)
21.1342 	EXP 	rot_line_precue: ori = np.float64(146.16796196088967)
21.1426 	EXP 	rot_line_precue: ori = np.float64(146.76065697455508)
21.1509 	EXP 	rot_line_precue: ori = np.float64(147.17232954344365)
21.1594 	EXP 	rot_line_precue: ori = np.float64(147.48571740341092)
21.1677 	EXP 	rot_line_precue: ori = np.float64(148.04422879252886)
21.1758 	EXP 	rot_line_precue: ori = np.float64(148.58904193546294)
21.1844 	EXP 	rot_line_precue: ori = np.float64(149.00028863155023)
21.1925 	EXP 	rot_line_precue: ori = np.float64(149.38943345897277)
21.2008 	EXP 	rot_line_precue: ori = np.float64(149.855932436788)
21.2091 	EXP 	rot_line_precue: ori = np.float64(150.1598383475497)
21.2171 	EXP 	rot_line_precue: ori = np.float64(150.45752619962076)
21.2257 	EXP 	rot_line_precue: ori = np.float64(150.81678440278395)
21.2340 	EXP 	rot_line_precue: ori = np.float64(151.19112168464284)
21.2422 	EXP 	rot_line_precue: ori = np.float64(151.489166661423)
21.2516 	EXP 	rot_line_precue: ori = np.float64(151.86035952775447)
21.2590 	EXP 	rot_line_precue: ori = np.float64(152.2092650920897)
21.2676 	EXP 	rot_line_precue: ori = np.float64(152.51800725343426)
21.2761 	EXP 	rot_line_precue: ori = np.float64(152.98195767216018)
21.2842 	EXP 	rot_line_precue: ori = np.float64(153.32152875494938)
21.2928 	EXP 	rot_line_precue: ori = np.float64(153.65343265780987)
21.3009 	EXP 	rot_line_precue: ori = np.float64(153.96991526193125)
21.3090 	EXP 	rot_line_precue: ori = np.float64(154.27492140995375)
21.3178 	EXP 	rot_line_precue: ori = np.float64(154.6350086597669)
21.3261 	EXP 	rot_line_precue: ori = np.float64(155.2212341928298)
21.3343 	EXP 	rot_line_precue: ori = np.float64(155.55516979786552)
21.3428 	EXP 	rot_line_precue: ori = np.float64(155.96921270175034)
21.3508 	EXP 	rot_line_precue: ori = np.float64(156.33931045218355)
21.3592 	EXP 	rot_line_precue: ori = np.float64(156.66284216052398)
21.3673 	EXP 	rot_line_precue: ori = np.float64(156.98588020679438)
21.3760 	EXP 	rot_line_precue: ori = np.float64(157.3782141157519)
21.3842 	EXP 	rot_line_precue: ori = np.float64(157.8577048837926)
21.3924 	EXP 	rot_line_precue: ori = np.float64(158.59159213288905)
21.4006 	EXP 	rot_line_precue: ori = np.float64(159.0560583169409)
21.4013 	EXP 	New trial (rep=3, index=9): <Trial 9 (9 in rep 3) data={'pic_name': 'pics/none.JPG', 'class_mi': 'rest', 'thisN': 9, 'thisTrialN': 9, 'thisRepN': 3}>
21.4091 	EXP 	hor_line_precue: autoDraw = False
21.4091 	EXP 	ver_line_precue: autoDraw = False
21.4091 	EXP 	rot_line_precue: autoDraw = False
21.4091 	EXP 	rot_line_precue: ori = np.float64(159.63877386011245)
21.4091 	EXP 	hor_line_precue: autoDraw = False
21.4091 	EXP 	ver_line_precue: autoDraw = False
21.4091 	EXP 	rot_line_precue: autoDraw = False
21.4091 	EXP 	hor_line_precue: autoDraw = True
21.4091 	EXP 	ver_line_precue: autoDraw = True
21.4091 	EXP 	rot_line_precue: autoDraw = True
21.4091 	EXP 	rot_line_precue: ori = np.float64(159.98006396348836)
21.4173 	EXP 	rot_line_precue: ori = np.float64(160.30220321063084)
21.4260 	EXP 	rot_line_precue: ori = np.float64(161.07757220761448)
21.4340 	EXP 	rot_line_precue: ori = np.float64(161.44045758881842)
21.4424 	EXP 	rot_line_precue: ori = np.float64(161.82664368305495)
21.4511 	EXP 	rot_line_precue: ori = np.float64(162.14391639154616)
21.4595 	EXP 	rot_line_precue: ori = np.float64(162.46688812839685)
21.4675 	EXP 	rot_line_precue: ori = np.float64(162.80681829513028)
21.4756 	EXP 	rot_line_precue: ori = np.float64(163.22733080083663)
21.4843 	EXP 	rot_line_precue: ori = np.float64(163.52669162776786)
21.4930 	EXP 	rot_line_precue: ori = np.float64(163.82303546083253)
21.5010 	EXP 	rot_line_precue: ori = np.float64(164.1326771770371)
21.5094 	EXP 	rot_line_precue: ori = np.float64(164.57659805753937)
21.5176 	EXP 	rot_line_precue: ori = np.float64(164.95007115316983)
21.5256 	EXP 	rot_line_precue: ori = np.float64(165.28584978416575)
21.5342 	EXP 	rot_line_precue: ori = np.float64(165.65250593694154)
21.5424 	EXP 	rot_line_precue: ori = np.float64(165.9537154481602)
21.5509 	EXP 	rot_line_precue: ori = np.float64(166.31397319476304)
21.5592 	EXP 	rot_line_precue: ori = np.float64(166.64304216858542)
21.5674 	EXP 	rot_line_precue: ori = np.float64(166.95095506307615)
21.5757 	EXP 	rot_line_precue: ori = np.float64(167.31025170783428)
21.5840 	EXP 	rot_line_precue: ori = np.float64(167.75235689098156)
21.5924 	EXP 	rot_line_precue: ori = np.float64(168.13151574332636)
21.6007 	EXP 	rot_line_precue: ori = np.float64(168.5267276880216)
21.6093 	EXP 	rot_line_precue: ori = np.float64(168.83690184445155)
21.6177 	EXP 	rot_line_precue: ori = np.float64(169.13322710131084)
21.6263 	EXP 	rot_line_precue: ori = np.float64(169.44596859602996)
21.6345 	EXP 	rot_line_precue: ori = np.float64(169.7610248474339)
21.6426 	EXP 	rot_line_precue: ori = np.float64(170.0706254078635)
21.6508 	EXP 	rot_line_precue: ori = np.float64(170.6057530104872)
21.6589 	EXP 	rot_line_precue: ori = np.float64(170.98436124560865)
21.6676 	EXP 	rot_line_precue: ori = np.float64(171.34285257282178)
21.6759 	EXP 	rot_line_precue: ori = np.float64(171.7276464297992)
21.6845 	EXP 	rot_line_precue: ori = np.float64(172.1279220254326)
21.6929 	EXP 	rot_line_precue: ori = np.float64(172.80218791140666)
21.7009 	EXP 	rot_line_precue: ori = np.float64(173.3219038804211)
21.7090 	EXP 	rot_line_precue: ori = np.float64(174.02572382549081)
21.7176 	EXP 	rot_line_precue: ori = np.float64(174.32991631229623)
21.7258 	EXP 	rot_line_precue: ori = np.float64(174.65005664133116)
21.7341 	EXP 	rot_line_precue: ori = np.float64(174.98069086237874)
21.7424 	EXP 	rot_line_precue: ori = np.float64(175.32548532649957)
21.7507 	EXP 	rot_line_precue: ori = np.float64(175.663933441722)
21.7589 	EXP 	rot_line_precue: ori = np.float64(176.0269632136264)
21.7676 	EXP 	rot_line_precue: ori = np.float64(176.4536952275763)
21.7759 	EXP 	rot_line_precue: ori = np.float64(176.75059993427033)
21.7842 	EXP 	rot_line_precue: ori = np.float64(177.05064457017542)
21.7954 	EXP 	rot_line_precue: ori = np.float64(177.36437148238048)
21.8011 	EXP 	rot_line_precue: ori = np.float64(177.9112451943252)
21.8091 	EXP 	rot_line_precue: ori = np.float64(178.21587355563852)
21.8181 	EXP 	rot_line_precue: ori = np.float64(178.52815220777848)
21.8271 	EXP 	rot_line_precue: ori = np.float64(178.8357196276428)
21.8341 	EXP 	rot_line_precue: ori = np.float64(179.13889003403742)
21.8427 	EXP 	rot_line_precue: ori = np.float64(179.8643863595556)
21.8511 	EXP 	rot_line_precue: ori = np.float64(180.26961277038072)
21.8594 	EXP 	rot_line_precue: ori = np.float64(180.7555196758208)
21.8678 	EXP 	rot_line_precue: ori = np.float64(181.2064241678499)
21.8759 	EXP 	rot_line_precue: ori = np.float64(181.69272141940402)
21.8841 	EXP 	rot_line_precue: ori = np.float64(181.99222985623962)
21.8923 	EXP 	rot_line_precue: ori = np.float64(182.39478197103597)
21.9010 	EXP 	rot_line_precue: ori = np.float64(182.69611928225856)
21.9092 	EXP 	rot_line_precue: ori = np.float64(183.015279992834)
21.9173 	EXP 	rot_line_precue: ori = np.float64(183.44947649590614)
21.9256 	EXP 	rot_line_precue: ori = np.float64(183.90080802725342)
21.9344 	EXP 	rot_line_precue: ori = np.float64(184.28650507179017)
21.9423 	EXP 	rot_line_precue: ori = np.float64(185.03292749292828)
21.9507 	EXP 	rot_line_precue: ori = np.float64(185.4838751970976)
21.9591 	EXP 	rot_line_precue: ori = np.float64(186.1581628954902)
21.9675 	EXP 	rot_line_precue: ori = np.float64(186.49408554102112)
21.9763 	EXP 	rot_line_precue: ori = np.float64(186.87632291065296)
21.9846 	EXP 	rot_line_precue: ori = np.float64(187.33962921057955)
21.9926 	EXP 	rot_line_precue: ori = np.float64(188.01710240985)
22.0010 	EXP 	rot_line_precue: ori = np.float64(188.43569182447854)
22.0091 	EXP 	rot_line_precue: ori = np.float64(188.79009624637024)
22.0176 	EXP 	rot_line_precue: ori = np.float64(189.12601508928637)
22.0261 	EXP 	rot_line_precue: ori = np.float64(189.47569588457546)
22.0340 	EXP 	rot_line_precue: ori = np.float64(189.82810988462296)
22.0425 	EXP 	rot_line_precue: ori = np.float64(190.1564087023611)
22.0507 	EXP 	rot_line_precue: ori = np.float64(190.52360115545008)
22.0592 	EXP 	rot_line_precue: ori = np.float64(190.87586273692673)
22.0675 	EXP 	rot_line_precue: ori = np.float64(191.252322090597)
22.0758 	EXP 	rot_line_precue: ori = np.float64(191.66824080312617)
22.0843 	EXP 	rot_line_precue: ori = np.float64(192.12075331418924)
22.0925 	EXP 	rot_line_precue: ori = np.float64(192.4509853792644)
22.1007 	EXP 	rot_line_precue: ori = np.float64(192.75468411881295)
22.1090 	EXP 	rot_line_precue: ori = np.float64(193.52578295292057)
22.1174 	EXP 	rot_line_precue: ori = np.float64(193.91410115392708)
22.1257 	EXP 	rot_line_precue: ori = np.float64(194.2189929903884)
22.1340 	EXP 	rot_line_precue: ori = np.float64(194.6698600040157)
22.1426 	EXP 	rot_line_precue: ori = np.float64(195.04403889933445)
22.1509 	EXP 	rot_line_precue: ori = np.float64(195.3508148283813)
22.1595 	EXP 	rot_line_precue: ori = np.float64(195.6469758713509)
22.1677 	EXP 	rot_line_precue: ori = np.float64(195.96629336319032)
22.1757 	EXP 	rot_line_precue: ori = np.float64(196.7672994193151)
22.1839 	EXP 	rot_line_precue: ori = np.float64(197.15003123467807)
22.1925 	EXP 	rot_line_precue: ori = np.float64(197.49852197138654)
22.2009 	EXP 	rot_line_precue: ori = np.float64(197.90055905469467)
22.2094 	EXP 	rot_line_precue: ori = np.float64(198.25036073664396)
22.2177 	EXP 	rot_line_precue: ori = np.float64(198.63346133160593)
22.2260 	EXP 	rot_line_precue: ori = np.float64(199.1770159596362)
22.2344 	EXP 	rot_line_precue: ori = np.float64(199.57274358943258)
22.2425 	EXP 	rot_line_precue: ori = np.float64(199.87330132524812)
22.2508 	EXP 	rot_line_precue: ori = np.float64(200.17832581116596)
22.2590 	EXP 	rot_line_precue: ori = np.float64(200.48207140877142)
22.2676 	EXP 	rot_line_precue: ori = np.float64(200.84434501245158)
22.2758 	EXP 	rot_line_precue: ori = np.float64(201.2529587271322)
22.2839 	EXP 	rot_line_precue: ori = np.float64(201.6508955036513)
22.2921 	EXP 	rot_line_precue: ori = np.float64(202.04681102148194)
22.3008 	EXP 	rot_line_precue: ori = np.float64(202.46280559652496)
22.3091 	EXP 	rot_line_precue: ori = np.float64(202.764578821727)
22.3177 	EXP 	rot_line_precue: ori = np.float64(203.09076747647381)
22.3260 	EXP 	rot_line_precue: ori = np.float64(203.61225306192856)
22.3343 	EXP 	rot_line_precue: ori = np.float64(204.03525757629544)
22.3428 	EXP 	rot_line_precue: ori = np.float64(204.33088460699273)
22.3510 	EXP 	rot_line_precue: ori = np.float64(204.7839074517996)
22.3591 	EXP 	rot_line_precue: ori = np.float64(205.25236153003027)
22.3672 	EXP 	rot_line_precue: ori = np.float64(206.0346030010847)
22.3760 	EXP 	rot_line_precue: ori = np.float64(206.37573819995143)
22.3843 	EXP 	rot_line_precue: ori = np.float64(206.73226885608864)
22.3925 	EXP 	rot_line_precue: ori = np.float64(207.14087064355687)
22.4010 	EXP 	rot_line_precue: ori = np.float64(207.4371510439027)
22.4092 	EXP 	rot_line_precue: ori = np.float64(207.76379960264137)
22.4178 	EXP 	rot_line_precue: ori = np.float64(208.29174452956207)
22.4258 	EXP 	rot_line_precue: ori = np.float64(208.63233461426321)
22.4342 	EXP 	rot_line_precue: ori = np.float64(209.09153220040952)
22.4423 	EXP 	rot_line_precue: ori = np.float64(209.45681184278942)
22.4509 	EXP 	rot_line_precue: ori = np.float64(209.81047380183307)
22.4590 	EXP 	rot_line_precue: ori = np.float64(210.23503293463605)
22.4673 	EXP 	rot_line_precue: ori = np.float64(210.64144078918736)
22.4759 	EXP 	rot_line_precue: ori = np.float64(210.9485742373999)
22.4843 	EXP 	rot_line_precue: ori = np.float64(211.3314033234321)
22.4933 	EXP 	rot_line_precue: ori = np.float64(211.68908579977594)
22.5011 	EXP 	rot_line_precue: ori = np.float64(212.12398466647457)
22.5094 	EXP 	rot_line_precue: ori = np.float64(212.45566039079327)
22.5174 	EXP 	rot_line_precue: ori = np.float64(213.1519247494298)
22.5260 	EXP 	rot_line_precue: ori = np.float64(213.45352342985407)
22.5342 	EXP 	rot_line_precue: ori = np.float64(214.02342384545148)
22.5431 	EXP 	rot_line_precue: ori = np.float64(214.32966410206478)
22.5511 	EXP 	rot_line_precue: ori = np.float64(214.63197476492928)
22.5593 	EXP 	rot_line_precue: ori = np.float64(214.96566759057896)
22.5677 	EXP 	rot_line_precue: ori = np.float64(215.2824501479674)
22.5763 	EXP 	rot_line_precue: ori = np.float64(215.64189426333087)
22.5843 	EXP 	rot_line_precue: ori = np.float64(215.94356718902668)
22.5924 	EXP 	rot_line_precue: ori = np.float64(216.54452935152574)
22.6007 	EXP 	rot_line_precue: ori = np.float64(216.91023168911937)
22.6094 	EXP 	rot_line_precue: ori = np.float64(217.29849680763152)
22.6174 	EXP 	rot_line_precue: ori = np.float64(217.61651800728987)
22.6257 	EXP 	rot_line_precue: ori = np.float64(218.2268912887422)
22.6339 	EXP 	rot_line_precue: ori = np.float64(218.56823784320662)
22.6425 	EXP 	rot_line_precue: ori = np.float64(218.86807211002238)
22.6507 	EXP 	rot_line_precue: ori = np.float64(219.4211333915244)
22.6594 	EXP 	rot_line_precue: ori = np.float64(219.75564931071068)
22.6677 	EXP 	rot_line_precue: ori = np.float64(220.11087639547773)
22.6765 	EXP 	rot_line_precue: ori = np.float64(220.8446842751789)
22.6843 	EXP 	rot_line_precue: ori = np.float64(221.148964112017)
22.6924 	EXP 	rot_line_precue: ori = np.float64(221.5286155559245)
22.7007 	EXP 	rot_line_precue: ori = np.float64(222.17102951602666)
22.7097 	EXP 	rot_line_precue: ori = np.float64(222.47721740732874)
22.7176 	EXP 	rot_line_precue: ori = np.float64(222.93942814294942)
22.7259 	EXP 	rot_line_precue: ori = np.float64(223.23893235114744)
22.7345 	EXP 	rot_line_precue: ori = np.float64(223.5350739803918)
22.7427 	EXP 	rot_line_precue: ori = np.float64(223.87189343143956)
22.7508 	EXP 	rot_line_precue: ori = np.float64(224.3079817688282)
22.7590 	EXP 	rot_line_precue: ori = np.float64(224.64279071484972)
22.7676 	EXP 	rot_line_precue: ori = np.float64(225.10161461987113)
22.7759 	EXP 	rot_line_precue: ori = np.float64(225.41976845568496)
22.7840 	EXP 	rot_line_precue: ori = np.float64(225.8043371478944)
22.7926 	EXP 	rot_line_precue: ori = np.float64(226.23542328178792)
22.8007 	EXP 	rot_line_precue: ori = np.float64(227.01283838971773)
22.8090 	EXP 	rot_line_precue: ori = np.float64(227.3096171839345)
22.8173 	EXP 	rot_line_precue: ori = np.float64(227.81901169115122)
22.8260 	EXP 	rot_line_precue: ori = np.float64(228.15610357409722)
22.8342 	EXP 	rot_line_precue: ori = np.float64(228.4929555248825)
22.8428 	EXP 	rot_line_precue: ori = np.float64(229.1017293229874)
22.8510 	EXP 	rot_line_precue: ori = np.float64(229.46354726490537)
22.8592 	EXP 	rot_line_precue: ori = np.float64(230.18081927392606)
22.8672 	EXP 	rot_line_precue: ori = np.float64(230.5149660800892)
22.8760 	EXP 	rot_line_precue: ori = np.float64(230.8885727574294)
22.8842 	EXP 	rot_line_precue: ori = np.float64(231.18919705208918)
22.8928 	EXP 	rot_line_precue: ori = np.float64(231.51795994831429)
22.9012 	EXP 	rot_line_precue: ori = np.float64(231.82125836393487)
22.9093 	EXP 	rot_line_precue: ori = np.float64(232.3183504210104)
22.9177 	EXP 	rot_line_precue: ori = np.float64(232.64928243911064)
22.9259 	EXP 	rot_line_precue: ori = np.float64(233.04358659560086)
22.9341 	EXP 	rot_line_precue: ori = np.float64(233.34877684831395)
22.9424 	EXP 	rot_line_precue: ori = np.float64(233.74078778045308)
22.9510 	EXP 	rot_line_precue: ori = np.float64(234.15814132201194)
22.9592 	EXP 	rot_line_precue: ori = np.float64(234.47392201568678)
22.9673 	EXP 	rot_line_precue: ori = np.float64(234.98931634641477)
22.9757 	EXP 	rot_line_precue: ori = np.float64(235.46706597193793)
22.9841 	EXP 	rot_line_precue: ori = np.float64(235.80678499906898)
22.9923 	EXP 	rot_line_precue: ori = np.float64(236.10967451507514)
23.0011 	EXP 	rot_line_precue: ori = np.float64(236.69199946475896)
23.0094 	EXP 	rot_line_precue: ori = np.float64(237.04055030664236)
23.0180 	EXP 	rot_line_precue: ori = np.float64(237.350341242649)
23.0260 	EXP 	rot_line_precue: ori = np.float64(237.8345147779265)
23.0341 	EXP 	rot_line_precue: ori = np.float64(238.42685339651516)
23.0424 	EXP 	rot_line_precue: ori = np.float64(238.91780432018635)
23.0510 	EXP 	rot_line_precue: ori = np.float64(239.26365321503823)
23.0593 	EXP 	rot_line_precue: ori = np.float64(239.6512259461006)
23.0676 	EXP 	rot_line_precue: ori = np.float64(240.05426336571128)
23.0763 	EXP 	rot_line_precue: ori = np.float64(240.377918589795)
23.0844 	EXP 	rot_line_precue: ori = np.float64(240.68350113948466)
23.0926 	EXP 	rot_line_precue: ori = np.float64(240.99678853082236)
23.1007 	EXP 	rot_line_precue: ori = np.float64(241.57954766582185)
23.1092 	EXP 	rot_line_precue: ori = np.float64(242.3755528613056)
23.1175 	EXP 	rot_line_precue: ori = np.float64(243.12818271059925)
23.1258 	EXP 	rot_line_precue: ori = np.float64(243.42537730746733)
23.1343 	EXP 	rot_line_precue: ori = np.float64(244.15443080659958)
23.1424 	EXP 	rot_line_precue: ori = np.float64(244.66606137855072)
23.1507 	EXP 	rot_line_precue: ori = np.float64(245.17029013339933)
23.1590 	EXP 	rot_line_precue: ori = np.float64(245.50625591354563)
23.1675 	EXP 	rot_line_precue: ori = np.float64(245.85753138631335)
23.1759 	EXP 	rot_line_precue: ori = np.float64(246.2123144243834)
23.1845 	EXP 	rot_line_precue: ori = np.float64(246.54906272792516)
23.1926 	EXP 	rot_line_precue: ori = np.float64(246.84710440065103)
23.2009 	EXP 	rot_line_precue: ori = np.float64(247.17736409946008)
23.2095 	EXP 	rot_line_precue: ori = np.float64(247.53138872513895)
23.2177 	EXP 	rot_line_precue: ori = np.float64(248.12573346256704)
23.2258 	EXP 	rot_line_precue: ori = np.float64(248.5179568947977)
23.2344 	EXP 	rot_line_precue: ori = np.float64(248.82325301103913)
23.2428 	EXP 	rot_line_precue: ori = np.float64(249.12097418314127)
23.2510 	EXP 	rot_line_precue: ori = np.float64(249.69628227854614)
23.2596 	EXP 	rot_line_precue: ori = np.float64(250.4164232908476)
23.2675 	EXP 	rot_line_precue: ori = np.float64(250.81658076795262)
23.2758 	EXP 	rot_line_precue: ori = np.float64(251.15094045097163)
23.2840 	EXP 	rot_line_precue: ori = np.float64(251.66941217383555)
23.2925 	EXP 	rot_line_precue: ori = np.float64(251.9717582494379)
23.3008 	EXP 	rot_line_precue: ori = np.float64(252.28545391729733)
23.3090 	EXP 	rot_line_precue: ori = np.float64(252.6923459252528)
23.3175 	EXP 	rot_line_precue: ori = np.float64(253.2300076167716)
23.3257 	EXP 	rot_line_precue: ori = np.float64(253.5459854438239)
23.3339 	EXP 	rot_line_precue: ori = np.float64(253.90270042298548)
23.3427 	EXP 	rot_line_precue: ori = np.float64(254.2719165001338)
23.3511 	EXP 	rot_line_precue: ori = np.float64(254.60030488185342)
23.3593 	EXP 	rot_line_precue: ori = np.float64(254.92596805346014)
23.3678 	EXP 	rot_line_precue: ori = np.float64(255.27351040721132)
23.3759 	EXP 	rot_line_precue: ori = np.float64(255.5876570895379)
23.3841 	EXP 	rot_line_precue: ori = np.float64(256.03964192413497)
23.3930 	EXP 	rot_line_precue: ori = np.float64(256.35357114906486)
23.3938 	EXP 	New trial (rep=3, index=10): <Trial 10 (10 in rep 3) data={'pic_name': 'pics/left_hand.JPG', 'class_mi': 'left_hand', 'thisN': 10, 'thisTrialN': 10, 'thisRepN': 3}>
23.4012 	EXP 	hor_line_precue: autoDraw = False
23.4012 	EXP 	ver_line_precue: autoDraw = False
23.4012 	EXP 	rot_line_precue: autoDraw = False
23.4012 	EXP 	rot_line_precue: ori = np.float64(256.6675610953818)
23.4012 	EXP 	hor_line_precue: autoDraw = False
23.4012 	EXP 	ver_line_precue: autoDraw = False
23.4012 	EXP 	rot_line_precue: autoDraw = False
23.4012 	EXP 	hor_line_precue: autoDraw = True
23.4012 	EXP 	ver_line_precue: autoDraw = True
23.4012 	EXP 	rot_line_precue: autoDraw = True
23.4012 	EXP 	rot_line_precue: ori = np.float64(256.9769460955091)
23.4093 	EXP 	rot_line_precue: ori = np.float64(257.3067956504189)
23.4178 	EXP 	rot_line_precue: ori = np.float64(257.61281864016166)
23.4261 	EXP 	rot_line_precue: ori = np.float64(257.9333401148169)
23.4342 	EXP 	rot_line_precue: ori = np.float64(258.24400348638557)
23.4423 	EXP 	rot_line_precue: ori = np.float64(258.7709602547867)
23.4510 	EXP 	rot_line_precue: ori = np.float64(259.0883852726338)
23.4592 	EXP 	rot_line_precue: ori = np.float64(259.6133807368626)
23.4674 	EXP 	rot_line_precue: ori = np.float64(260.04906705610784)
23.4759 	EXP 	rot_line_precue: ori = np.float64(260.46024207020025)
23.4841 	EXP 	rot_line_precue: ori = np.float64(261.18807474198314)
23.4924 	EXP 	rot_line_precue: ori = np.float64(261.5635498591781)
23.5010 	EXP 	rot_line_precue: ori = np.float64(261.91155989967183)
23.5102 	EXP 	rot_line_precue: ori = np.float64(262.47123237513136)
23.5175 	EXP 	rot_line_precue: ori = np.float64(262.82929831978714)
23.5263 	EXP 	rot_line_precue: ori = np.float64(263.152958510868)
23.5344 	EXP 	rot_line_precue: ori = np.float64(263.4509773293869)
23.5425 	EXP 	rot_line_precue: ori = np.float64(264.0171866681543)
23.5506 	EXP 	rot_line_precue: ori = np.float64(264.3304790193736)
23.5593 	EXP 	rot_line_precue: ori = np.float64(264.86415304830166)
23.5675 	EXP 	rot_line_precue: ori = np.float64(265.39716288899405)
23.5762 	EXP 	rot_line_precue: ori = np.float64(265.695185900835)
23.5844 	EXP 	rot_line_precue: ori = np.float64(266.06776767741434)
23.5926 	EXP 	rot_line_precue: ori = np.float64(266.36729274949647)
23.6012 	EXP 	rot_line_precue: ori = np.float64(266.8432450489454)
23.6092 	EXP 	rot_line_precue: ori = np.float64(267.1521325757279)
23.6174 	EXP 	rot_line_precue: ori = np.float64(267.90530665608844)
23.6260 	EXP 	rot_line_precue: ori = np.float64(268.21653068782683)
23.6343 	EXP 	rot_line_precue: ori = np.float64(268.55965515921656)
23.6424 	EXP 	rot_line_precue: ori = np.float64(268.97017998369284)
23.6508 	EXP 	rot_line_precue: ori = np.float64(269.2691279952394)
23.6592 	EXP 	rot_line_precue: ori = np.float64(269.61326691504763)
23.6674 	EXP 	rot_line_precue: ori = np.float64(269.9337351528241)
23.6757 	EXP 	rot_line_precue: ori = np.float64(270.25713003725366)
23.6843 	EXP 	rot_line_precue: ori = np.float64(270.57925087506226)
23.6927 	EXP 	rot_line_precue: ori = np.float64(271.0456961367352)
23.7015 	EXP 	rot_line_precue: ori = np.float64(271.3505633445611)
23.7095 	EXP 	rot_line_precue: ori = np.float64(272.14259302281425)
23.7175 	EXP 	rot_line_precue: ori = np.float64(272.46841285398233)
23.7258 	EXP 	rot_line_precue: ori = np.float64(273.07871595395113)
23.7340 	EXP 	rot_line_precue: ori = np.float64(273.42239037748675)
23.7426 	EXP 	rot_line_precue: ori = np.float64(273.8008067931486)
23.7510 	EXP 	rot_line_precue: ori = np.float64(274.12118053171884)
23.7596 	EXP 	rot_line_precue: ori = np.float64(274.4628422530214)
23.7678 	EXP 	rot_line_precue: ori = np.float64(274.7798160505276)
23.7765 	EXP 	rot_line_precue: ori = np.float64(275.1218762085888)
23.7840 	EXP 	rot_line_precue: ori = np.float64(275.52146719990543)
23.7926 	EXP 	rot_line_precue: ori = np.float64(275.85251084686996)
23.8008 	EXP 	rot_line_precue: ori = np.float64(276.242391222649)
23.8091 	EXP 	rot_line_precue: ori = np.float64(276.54156823730824)
23.8175 	EXP 	rot_line_precue: ori = np.float64(276.94920836891987)
23.8258 	EXP 	rot_line_precue: ori = np.float64(277.34234595474896)
23.8341 	EXP 	rot_line_precue: ori = np.float64(277.8626318334666)
23.8430 	EXP 	rot_line_precue: ori = np.float64(278.2704372339431)
23.8508 	EXP 	rot_line_precue: ori = np.float64(278.7374260885957)
23.8592 	EXP 	rot_line_precue: ori = np.float64(279.4417242454033)
23.8678 	EXP 	rot_line_precue: ori = np.float64(279.7411615487721)
23.8761 	EXP 	rot_line_precue: ori = np.float64(280.0461772941522)
23.8846 	EXP 	rot_line_precue: ori = np.float64(280.38502154694083)
23.8923 	EXP 	rot_line_precue: ori = np.float64(280.9538930940499)
23.9009 	EXP 	rot_line_precue: ori = np.float64(281.3315173957709)
23.9091 	EXP 	rot_line_precue: ori = np.float64(281.64198059691387)
23.9178 	EXP 	rot_line_precue: ori = np.float64(282.29897044400633)
23.9261 	EXP 	rot_line_precue: ori = np.float64(282.7311790976091)
23.9343 	EXP 	rot_line_precue: ori = np.float64(283.02702690195844)
23.9428 	EXP 	rot_line_precue: ori = np.float64(283.3458958575788)
23.9507 	EXP 	rot_line_precue: ori = np.float64(283.7134283735017)
23.9592 	EXP 	rot_line_precue: ori = np.float64(284.04206831941104)
23.9673 	EXP 	rot_line_precue: ori = np.float64(284.4657654380017)
23.9766 	EXP 	rot_line_precue: ori = np.float64(284.7826183739082)
23.9847 	EXP 	rot_line_precue: ori = np.float64(285.1391081017562)
23.9932 	EXP 	rot_line_precue: ori = np.float64(285.482049911334)
24.0013 	EXP 	rot_line_precue: ori = np.float64(285.7833223912043)
24.0092 	EXP 	rot_line_precue: ori = np.float64(286.10626901312065)
24.0174 	EXP 	rot_line_precue: ori = np.float64(286.4111343424551)
24.0255 	EXP 	rot_line_precue: ori = np.float64(287.0331978385217)
24.0343 	EXP 	rot_line_precue: ori = np.float64(287.7740535274352)
24.0429 	EXP 	rot_line_precue: ori = np.float64(288.0864616671092)
24.0515 	EXP 	rot_line_precue: ori = np.float64(288.4330049909505)
24.0591 	EXP 	rot_line_precue: ori = np.float64(288.93450185773844)
24.0674 	EXP 	rot_line_precue: ori = np.float64(289.6744155209699)
24.0761 	EXP 	rot_line_precue: ori = np.float64(289.9795864835089)
24.0846 	EXP 	rot_line_precue: ori = np.float64(290.4373263756149)
24.0926 	EXP 	rot_line_precue: ori = np.float64(290.7552282735526)
24.1012 	EXP 	rot_line_precue: ori = np.float64(291.0960863629134)
24.1095 	EXP 	rot_line_precue: ori = np.float64(291.4100052162438)
24.1176 	EXP 	rot_line_precue: ori = np.float64(291.74253416042205)
24.1256 	EXP 	rot_line_precue: ori = np.float64(292.0550292085916)
24.1343 	EXP 	rot_line_precue: ori = np.float64(292.35117241061846)
24.1425 	EXP 	rot_line_precue: ori = np.float64(292.7569386930001)
24.1508 	EXP 	rot_line_precue: ori = np.float64(293.14053462503875)
24.1589 	EXP 	rot_line_precue: ori = np.float64(293.5869114482002)
24.1676 	EXP 	rot_line_precue: ori = np.float64(293.91757223861885)
24.1758 	EXP 	rot_line_precue: ori = np.float64(294.24665420332923)
24.1848 	EXP 	rot_line_precue: ori = np.float64(294.54817499917124)
24.1925 	EXP 	rot_line_precue: ori = np.float64(294.8437106307658)
24.2013 	EXP 	rot_line_precue: ori = np.float64(295.2066953840715)
24.2095 	EXP 	rot_line_precue: ori = np.float64(295.7570835812689)
24.2178 	EXP 	rot_line_precue: ori = np.float64(296.102523901678)
24.2263 	EXP 	rot_line_precue: ori = np.float64(296.4194424228233)
24.2344 	EXP 	rot_line_precue: ori = np.float64(296.8719715062121)
24.2425 	EXP 	rot_line_precue: ori = np.float64(297.27314083656586)
24.2508 	EXP 	rot_line_precue: ori = np.float64(297.56944471460633)
24.2595 	EXP 	rot_line_precue: ori = np.float64(297.87061876574757)
24.2677 	EXP 	rot_line_precue: ori = np.float64(298.20682757196045)
24.2760 	EXP 	rot_line_precue: ori = np.float64(298.53285807217156)
24.2845 	EXP 	rot_line_precue: ori = np.float64(298.92441240188333)
24.2927 	EXP 	rot_line_precue: ori = np.float64(299.36216972936575)
24.3009 	EXP 	rot_line_precue: ori = np.float64(299.67959989110386)
24.3090 	EXP 	rot_line_precue: ori = np.float64(299.98315298571845)
24.3174 	EXP 	rot_line_precue: ori = np.float64(300.4182856013948)
24.3259 	EXP 	rot_line_precue: ori = np.float64(300.9306955498037)
24.3341 	EXP 	rot_line_precue: ori = np.float64(301.2882697426508)
24.3425 	EXP 	rot_line_precue: ori = np.float64(301.5958875869476)
24.3507 	EXP 	rot_line_precue: ori = np.float64(301.93115513140054)
24.3596 	EXP 	rot_line_precue: ori = np.float64(302.29001810363627)
24.3676 	EXP 	rot_line_precue: ori = np.float64(302.60159844823164)
24.3760 	EXP 	rot_line_precue: ori = np.float64(302.96077181364825)
24.3846 	EXP 	rot_line_precue: ori = np.float64(303.35198795082346)
24.3928 	EXP 	rot_line_precue: ori = np.float64(304.097227882497)
24.4011 	EXP 	rot_line_precue: ori = np.float64(304.44033425949226)
24.4091 	EXP 	rot_line_precue: ori = np.float64(304.9554164410002)
24.4176 	EXP 	rot_line_precue: ori = np.float64(305.6882418082127)
24.4259 	EXP 	rot_line_precue: ori = np.float64(306.0456665616588)
24.4343 	EXP 	rot_line_precue: ori = np.float64(306.3427200057649)
24.4429 	EXP 	rot_line_precue: ori = np.float64(306.6893716296014)
24.4513 	EXP 	rot_line_precue: ori = np.float64(307.1630015462471)
24.4594 	EXP 	rot_line_precue: ori = np.float64(307.4718274308274)
24.4674 	EXP 	rot_line_precue: ori = np.float64(308.086699842666)
24.4759 	EXP 	rot_line_precue: ori = np.float64(308.7517556364497)
24.4842 	EXP 	rot_line_precue: ori = np.float64(309.2937499199331)
24.4929 	EXP 	rot_line_precue: ori = np.float64(309.69638470078934)
24.5010 	EXP 	rot_line_precue: ori = np.float64(310.03498502258543)
24.5092 	EXP 	rot_line_precue: ori = np.float64(310.4788366810728)
24.5174 	EXP 	rot_line_precue: ori = np.float64(311.1513979794133)
24.5264 	EXP 	rot_line_precue: ori = np.float64(311.4600194624191)
24.5341 	EXP 	rot_line_precue: ori = np.float64(312.0012530230689)
24.5425 	EXP 	rot_line_precue: ori = np.float64(312.4166211089511)
24.5512 	EXP 	rot_line_precue: ori = np.float64(312.8564165294711)
24.5595 	EXP 	rot_line_precue: ori = np.float64(313.2604647785398)
24.5680 	EXP 	rot_line_precue: ori = np.float64(313.65844348008477)
24.5757 	EXP 	rot_line_precue: ori = np.float64(313.969864674471)
24.5842 	EXP 	rot_line_precue: ori = np.float64(314.4802352519254)
24.5925 	EXP 	rot_line_precue: ori = np.float64(314.7992992520025)
24.6011 	EXP 	rot_line_precue: ori = np.float64(315.209422465517)
24.6094 	EXP 	rot_line_precue: ori = np.float64(315.52377985576135)
24.6176 	EXP 	rot_line_precue: ori = np.float64(315.82242437908195)
24.6264 	EXP 	rot_line_precue: ori = np.float64(316.4882197503129)
24.6343 	EXP 	rot_line_precue: ori = np.float64(316.82292534933663)
24.6425 	EXP 	rot_line_precue: ori = np.float64(317.1960439920931)
24.6507 	EXP 	rot_line_precue: ori = np.float64(317.8987601972396)
24.6593 	EXP 	rot_line_precue: ori = np.float64(318.36007916095315)
24.6676 	EXP 	rot_line_precue: ori = np.float64(318.81783617207003)
24.6758 	EXP 	rot_line_precue: ori = np.float64(319.1183383794019)
24.6840 	EXP 	rot_line_precue: ori = np.float64(319.4356021590382)
24.6925 	EXP 	rot_line_precue: ori = np.float64(319.9161663415156)
24.7008 	EXP 	rot_line_precue: ori = np.float64(320.2246549106986)
24.7091 	EXP 	rot_line_precue: ori = np.float64(320.52328147547513)
24.7177 	EXP 	rot_line_precue: ori = np.float64(320.8651180228757)
24.7259 	EXP 	rot_line_precue: ori = np.float64(321.21482541096276)
24.7346 	EXP 	rot_line_precue: ori = np.float64(321.7344420984128)
24.7427 	EXP 	rot_line_precue: ori = np.float64(322.0478469454894)
24.7508 	EXP 	rot_line_precue: ori = np.float64(322.49368232802874)
24.7593 	EXP 	rot_line_precue: ori = np.float64(322.80936488549327)
24.7676 	EXP 	rot_line_precue: ori = np.float64(323.1131634116933)
24.7766 	EXP 	rot_line_precue: ori = np.float64(323.44359191010636)
24.7847 	EXP 	rot_line_precue: ori = np.float64(323.9034078211239)
24.7928 	EXP 	rot_line_precue: ori = np.float64(324.40666754976735)
24.8011 	EXP 	rot_line_precue: ori = np.float64(324.8914463560637)
24.8096 	EXP 	rot_line_precue: ori = np.float64(325.201257231519)
24.8176 	EXP 	rot_line_precue: ori = np.float64(325.55104997225817)
24.8259 	EXP 	rot_line_precue: ori = np.float64(326.12650339241765)
24.8340 	EXP 	rot_line_precue: ori = np.float64(326.440864771351)
24.8427 	EXP 	rot_line_precue: ori = np.float64(326.7616515889064)
24.8509 	EXP 	rot_line_precue: ori = np.float64(327.06319435091916)
24.8591 	EXP 	rot_line_precue: ori = np.float64(327.46190470996765)
24.8675 	EXP 	rot_line_precue: ori = np.float64(327.7996983544263)
24.8758 	EXP 	rot_line_precue: ori = np.float64(328.35960395178074)
24.8847 	EXP 	rot_line_precue: ori = np.float64(329.0712133578476)
24.8928 	EXP 	rot_line_precue: ori = np.float64(329.58868097507406)
24.9011 	EXP 	rot_line_precue: ori = np.float64(329.9001547964035)
24.9096 	EXP 	rot_line_precue: ori = np.float64(330.5992759771497)
24.9178 	EXP 	rot_line_precue: ori = np.float64(330.8964682087008)
24.9264 	EXP 	rot_line_precue: ori = np.float64(331.20328501272934)
24.9341 	EXP 	rot_line_precue: ori = np.float64(331.5923457822653)
24.9426 	EXP 	rot_line_precue: ori = np.float64(331.9502598558157)
24.9511 	EXP 	rot_line_precue: ori = np.float64(332.4615455430545)
24.9593 	EXP 	rot_line_precue: ori = np.float64(333.26169846948596)
24.9680 	EXP 	rot_line_precue: ori = np.float64(333.629219548091)
24.9762 	EXP 	rot_line_precue: ori = np.float64(333.95067698813256)
24.9843 	EXP 	rot_line_precue: ori = np.float64(334.3066578731087)
24.9924 	EXP 	rot_line_precue: ori = np.float64(334.612364844386)
25.0010 	EXP 	rot_line_precue: ori = np.float64(334.9358938613931)
25.0092 	EXP 	rot_line_precue: ori = np.float64(335.236337534078)
25.0174 	EXP 	rot_line_precue: ori = np.float64(335.5432901271199)
25.0259 	EXP 	rot_line_precue: ori = np.float64(335.9368260179599)
25.0342 	EXP 	rot_line_precue: ori = np.float64(336.30862146261626)
25.0424 	EXP 	rot_line_precue: ori = np.float64(336.6831881369123)
25.0509 	EXP 	rot_line_precue: ori = np.float64(337.00049863797375)
25.0600 	EXP 	rot_line_precue: ori = np.float64(337.32301009476083)
25.0679 	EXP 	rot_line_precue: ori = np.float64(337.718946520654)
25.0764 	EXP 	rot_line_precue: ori = np.float64(338.07705959487487)
25.0844 	EXP 	rot_line_precue: ori = np.float64(338.5771234393198)
25.0926 	EXP 	rot_line_precue: ori = np.float64(339.06301069314856)
25.1010 	EXP 	rot_line_precue: ori = np.float64(339.3879435480061)
25.1093 	EXP 	rot_line_precue: ori = np.float64(339.691299268115)
25.1175 	EXP 	rot_line_precue: ori = np.float64(340.01028782454426)
25.1264 	EXP 	rot_line_precue: ori = np.float64(340.3861353515533)
25.1344 	EXP 	rot_line_precue: ori = np.float64(340.9601724357229)
25.1428 	EXP 	rot_line_precue: ori = np.float64(341.4497153493889)
25.1511 	EXP 	rot_line_precue: ori = np.float64(341.7504111890155)
25.1592 	EXP 	rot_line_precue: ori = np.float64(342.23053662151324)
25.1674 	EXP 	rot_line_precue: ori = np.float64(342.63282074194086)
25.1758 	EXP 	rot_line_precue: ori = np.float64(342.9708624493502)
25.1844 	EXP 	rot_line_precue: ori = np.float64(343.4331907200057)
25.1924 	EXP 	rot_line_precue: ori = np.float64(343.7321192883003)
25.2008 	EXP 	rot_line_precue: ori = np.float64(344.02971766320064)
25.2094 	EXP 	rot_line_precue: ori = np.float64(344.3787874543812)
25.2172 	EXP 	rot_line_precue: ori = np.float64(344.8628716258023)
25.2258 	EXP 	rot_line_precue: ori = np.float64(345.4150530867586)
25.2341 	EXP 	rot_line_precue: ori = np.float64(345.8969372855497)
25.2427 	EXP 	rot_line_precue: ori = np.float64(346.3126806119478)
25.2514 	EXP 	rot_line_precue: ori = np.float64(346.6456390887418)
25.2595 	EXP 	rot_line_precue: ori = np.float64(347.0213917745898)
25.2676 	EXP 	rot_line_precue: ori = np.float64(347.36584068124125)
25.2757 	EXP 	rot_line_precue: ori = np.float64(347.9694386625832)
25.2844 	EXP 	rot_line_precue: ori = np.float64(348.2979513084021)
25.2926 	EXP 	rot_line_precue: ori = np.float64(348.63842420280577)
25.3009 	EXP 	rot_line_precue: ori = np.float64(348.9675013519267)
25.3095 	EXP 	rot_line_precue: ori = np.float64(349.316092677623)
25.3179 	EXP 	rot_line_precue: ori = np.float64(349.6669738128967)
25.3259 	EXP 	rot_line_precue: ori = np.float64(350.0599757699248)
25.3343 	EXP 	rot_line_precue: ori = np.float64(350.6487465362012)
25.3426 	EXP 	rot_line_precue: ori = np.float64(350.97564968607173)
25.3510 	EXP 	rot_line_precue: ori = np.float64(351.278280028939)
25.3591 	EXP 	rot_line_precue: ori = np.float64(351.5843329736325)
25.3675 	EXP 	rot_line_precue: ori = np.float64(351.94937388983175)
25.3758 	EXP 	rot_line_precue: ori = np.float64(352.2700934716031)
25.3845 	EXP 	rot_line_precue: ori = np.float64(352.62300075749187)
25.3852 	EXP 	New trial (rep=4, index=11): <Trial 11 (11 in rep 4) data={'pic_name': 'pics/none.JPG', 'class_mi': 'rest', 'thisN': 11, 'thisTrialN': 11, 'thisRepN': 4}>
25.3925 	EXP 	hor_line_precue: autoDraw = False
25.3925 	EXP 	ver_line_precue: autoDraw = False
25.3925 	EXP 	rot_line_precue: autoDraw = False
25.3925 	EXP 	rot_line_precue: ori = np.float64(352.94663306666905)
25.3925 	EXP 	hor_line_precue: autoDraw = False
25.3925 	EXP 	ver_line_precue: autoDraw = False
25.3925 	EXP 	rot_line_precue: autoDraw = False
25.3925 	EXP 	hor_line_precue: autoDraw = True
25.3925 	EXP 	ver_line_precue: autoDraw = True
25.3925 	EXP 	rot_line_precue: autoDraw = True
25.3925 	EXP 	rot_line_precue: ori = np.float64(353.2708425623684)
25.4008 	EXP 	rot_line_precue: ori = np.float64(353.6240506138284)
25.4091 	EXP 	rot_line_precue: ori = np.float64(354.2852499968943)
25.4178 	EXP 	rot_line_precue: ori = np.float64(355.0458942110584)
25.4261 	EXP 	rot_line_precue: ori = np.float64(355.5014766281712)
25.4347 	EXP 	rot_line_precue: ori = np.float64(355.82884804564105)
25.4428 	EXP 	rot_line_precue: ori = np.float64(356.20109135893654)
25.4510 	EXP 	rot_line_precue: ori = np.float64(356.50364865563495)
25.4592 	EXP 	rot_line_precue: ori = np.float64(356.91144402396196)
25.4678 	EXP 	rot_line_precue: ori = np.float64(357.25657310299744)
25.4762 	EXP 	rot_line_precue: ori = np.float64(357.6390940336519)
25.4843 	EXP 	rot_line_precue: ori = np.float64(357.98946587654876)
25.4929 	EXP 	rot_line_precue: ori = np.float64(358.4009281458073)
25.5012 	EXP 	rot_line_precue: ori = np.float64(358.8332738737111)
25.5091 	EXP 	rot_line_precue: ori = np.float64(359.1351066111792)
25.5174 	EXP 	rot_line_precue: ori = np.float64(359.502085710829)
25.5259 	EXP 	rot_line_precue: ori = np.float64(0.07588123863177998)
25.5343 	EXP 	rot_line_precue: ori = np.float64(0.5054014842268658)
25.5431 	EXP 	rot_line_precue: ori = np.float64(0.8187309568967198)
25.5509 	EXP 	rot_line_precue: ori = np.float64(1.242508009439638)
25.5591 	EXP 	rot_line_precue: ori = np.float64(1.6599118523952843)
25.5673 	EXP 	rot_line_precue: ori = np.float64(2.030961499008283)
25.5757 	EXP 	rot_line_precue: ori = np.float64(2.569906184052723)
25.5843 	EXP 	rot_line_precue: ori = np.float64(3.1900191012186507)
25.5929 	EXP 	rot_line_precue: ori = np.float64(3.914046269233889)
25.6012 	EXP 	rot_line_precue: ori = np.float64(4.415486480635272)
25.6093 	EXP 	rot_line_precue: ori = np.float64(4.785294612116177)
25.6174 	EXP 	rot_line_precue: ori = np.float64(5.227599167091594)
25.6257 	EXP 	rot_line_precue: ori = np.float64(6.0173821878000755)
25.6342 	EXP 	rot_line_precue: ori = np.float64(6.3839185446814115)
25.6425 	EXP 	rot_line_precue: ori = np.float64(6.861631830553537)
25.6512 	EXP 	rot_line_precue: ori = np.float64(7.285906116131155)
25.6595 	EXP 	rot_line_precue: ori = np.float64(7.748285602664647)
25.6677 	EXP 	rot_line_precue: ori = np.float64(8.066969514456197)
25.6763 	EXP 	rot_line_precue: ori = np.float64(8.378694718256975)
25.6842 	EXP 	rot_line_precue: ori = np.float64(8.703552324442796)
25.6925 	EXP 	rot_line_precue: ori = np.float64(9.022724674950291)
25.7013 	EXP 	rot_line_precue: ori = np.float64(9.648839529050802)
25.7097 	EXP 	rot_line_precue: ori = np.float64(9.967443096487068)
25.7177 	EXP 	rot_line_precue: ori = np.float64(10.481655089834348)
25.7262 	EXP 	rot_line_precue: ori = np.float64(10.797544115834087)
25.7343 	EXP 	rot_line_precue: ori = np.float64(11.130356352262107)
25.7427 	EXP 	rot_line_precue: ori = np.float64(11.437987245787411)
25.7512 	EXP 	rot_line_precue: ori = np.float64(11.775842741140936)
25.7597 	EXP 	rot_line_precue: ori = np.float64(12.481683819544994)
25.7678 	EXP 	rot_line_precue: ori = np.float64(12.869765369195845)
25.7765 	EXP 	rot_line_precue: ori = np.float64(13.180264084640147)
25.7845 	EXP 	rot_line_precue: ori = np.float64(13.575482643300885)
25.7928 	EXP 	rot_line_precue: ori = np.float64(13.875567094903529)
25.8010 	EXP 	rot_line_precue: ori = np.float64(14.358993435367632)
25.8094 	EXP 	rot_line_precue: ori = np.float64(14.720824179112029)
25.8177 	EXP 	rot_line_precue: ori = np.float64(15.10866474548434)
25.8260 	EXP 	rot_line_precue: ori = np.float64(15.429264921359112)
25.8345 	EXP 	rot_line_precue: ori = np.float64(15.90961619857577)
25.8428 	EXP 	rot_line_precue: ori = np.float64(16.286554054470677)
25.8509 	EXP 	rot_line_precue: ori = np.float64(16.626549176919063)
25.8591 	EXP 	rot_line_precue: ori = np.float64(17.099007745592186)
25.8676 	EXP 	rot_line_precue: ori = np.float64(17.843066024624296)
25.8759 	EXP 	rot_line_precue: ori = np.float64(18.1627743031864)
25.8842 	EXP 	rot_line_precue: ori = np.float64(18.501274488725134)
25.8926 	EXP 	rot_line_precue: ori = np.float64(18.910268647365648)
25.9009 	EXP 	rot_line_precue: ori = np.float64(19.21357889796896)
25.9097 	EXP 	rot_line_precue: ori = np.float64(19.540502918579058)
25.9176 	EXP 	rot_line_precue: ori = np.float64(19.86147278412141)
25.9260 	EXP 	rot_line_precue: ori = np.float64(20.396038200083375)
25.9346 	EXP 	rot_line_precue: ori = np.float64(20.73638970437448)
25.9428 	EXP 	rot_line_precue: ori = np.float64(21.120565686856125)
25.9512 	EXP 	rot_line_precue: ori = np.float64(21.612366414055195)
25.9592 	EXP 	rot_line_precue: ori = np.float64(22.223647716868033)
25.9677 	EXP 	rot_line_precue: ori = np.float64(22.682286585435435)
25.9760 	EXP 	rot_line_precue: ori = np.float64(23.181977566125727)
25.9842 	EXP 	rot_line_precue: ori = np.float64(23.57670308294427)
25.9928 	EXP 	rot_line_precue: ori = np.float64(24.103841574450865)
26.0012 	EXP 	rot_line_precue: ori = np.float64(24.588044522715382)
26.0093 	EXP 	rot_line_precue: ori = np.float64(25.178995546110166)
26.0178 	EXP 	rot_line_precue: ori = np.float64(25.554727983204074)
26.0261 	EXP 	rot_line_precue: ori = np.float64(26.050636219267098)
26.0342 	EXP 	rot_line_precue: ori = np.float64(26.532568926047624)
26.0424 	EXP 	rot_line_precue: ori = np.float64(27.195504129649457)
26.0510 	EXP 	rot_line_precue: ori = np.float64(27.529279131906044)
26.0592 	EXP 	rot_line_precue: ori = np.float64(27.84554962714107)
26.0674 	EXP 	rot_line_precue: ori = np.float64(28.532356834801277)
26.0759 	EXP 	rot_line_precue: ori = np.float64(28.930397249294934)
26.0842 	EXP 	rot_line_precue: ori = np.float64(29.3007463676964)
26.0923 	EXP 	rot_line_precue: ori = np.float64(29.600682219286778)
26.1011 	EXP 	rot_line_precue: ori = np.float64(30.00581825895095)
26.1093 	EXP 	rot_line_precue: ori = np.float64(30.663943472384467)
26.1179 	EXP 	rot_line_precue: ori = np.float64(30.996534047448794)
26.1262 	EXP 	rot_line_precue: ori = np.float64(31.309305390964525)
26.1342 	EXP 	rot_line_precue: ori = np.float64(31.684734711341516)
26.1426 	EXP 	rot_line_precue: ori = np.float64(31.98298716170551)
26.1511 	EXP 	rot_line_precue: ori = np.float64(32.29844264843349)
26.1594 	EXP 	rot_line_precue: ori = np.float64(32.628958229036044)
26.1676 	EXP 	rot_line_precue: ori = np.float64(32.97525837559795)
26.1762 	EXP 	rot_line_precue: ori = np.float64(33.40053242161518)
26.1845 	EXP 	rot_line_precue: ori = np.float64(33.73070012892843)
26.1927 	EXP 	rot_line_precue: ori = np.float64(34.03960506248414)
26.2007 	EXP 	rot_line_precue: ori = np.float64(34.8088148427284)
26.2093 	EXP 	rot_line_precue: ori = np.float64(35.14727572783971)
26.2175 	EXP 	rot_line_precue: ori = np.float64(35.848515354414126)
26.2257 	EXP 	rot_line_precue: ori = np.float64(36.158549623645264)
26.2342 	EXP 	rot_line_precue: ori = np.float64(36.49330112480214)
26.2424 	EXP 	rot_line_precue: ori = np.float64(36.851614822276304)
26.2507 	EXP 	rot_line_precue: ori = np.float64(37.18269481961993)
26.2592 	EXP 	rot_line_precue: ori = np.float64(37.69334648193613)
26.2675 	EXP 	rot_line_precue: ori = np.float64(38.109405068371586)
26.2760 	EXP 	rot_line_precue: ori = np.float64(38.55756600728179)
26.2843 	EXP 	rot_line_precue: ori = np.float64(38.91363575403067)
26.2927 	EXP 	rot_line_precue: ori = np.float64(39.551007866109835)
26.3010 	EXP 	rot_line_precue: ori = np.float64(39.90154901331063)
26.3096 	EXP 	rot_line_precue: ori = np.float64(40.264670787464794)
26.3176 	EXP 	rot_line_precue: ori = np.float64(40.70249767403456)
26.3259 	EXP 	rot_line_precue: ori = np.float64(41.11429847612118)
26.3346 	EXP 	rot_line_precue: ori = np.float64(41.906589903012595)
26.3428 	EXP 	rot_line_precue: ori = np.float64(42.29265252582226)
26.3511 	EXP 	rot_line_precue: ori = np.float64(42.59490003434223)
26.3595 	EXP 	rot_line_precue: ori = np.float64(42.9153581756304)
26.3675 	EXP 	rot_line_precue: ori = np.float64(43.216458384638415)
26.3758 	EXP 	rot_line_precue: ori = np.float64(43.51938284211675)
26.3841 	EXP 	rot_line_precue: ori = np.float64(43.876033512740946)
26.3926 	EXP 	rot_line_precue: ori = np.float64(44.35980428407671)
26.4009 	EXP 	rot_line_precue: ori = np.float64(44.71278994180821)
26.4091 	EXP 	rot_line_precue: ori = np.float64(45.133400085154044)
26.4175 	EXP 	rot_line_precue: ori = np.float64(45.51594659398968)
26.4258 	EXP 	rot_line_precue: ori = np.float64(45.82197480075566)
26.4350 	EXP 	rot_line_precue: ori = np.float64(46.16009302963665)
26.4428 	EXP 	rot_line_precue: ori = np.float64(46.49298765116082)
26.4512 	EXP 	rot_line_precue: ori = np.float64(46.83666529647756)
26.4596 	EXP 	rot_line_precue: ori = np.float64(47.162549526067664)
26.4679 	EXP 	rot_line_precue: ori = np.float64(47.545438821347766)
26.4760 	EXP 	rot_line_precue: ori = np.float64(48.267431747953395)
26.4841 	EXP 	rot_line_precue: ori = np.float64(48.96483813499464)
26.4924 	EXP 	rot_line_precue: ori = np.float64(49.36876599217069)
26.5010 	EXP 	rot_line_precue: ori = np.float64(49.669087385602296)
26.5093 	EXP 	rot_line_precue: ori = np.float64(50.00854055053587)
26.5179 	EXP 	rot_line_precue: ori = np.float64(50.37380583511257)
26.5262 	EXP 	rot_line_precue: ori = np.float64(50.69709898664607)
26.5343 	EXP 	rot_line_precue: ori = np.float64(50.99511115497897)
26.5424 	EXP 	rot_line_precue: ori = np.float64(51.300909735151656)
26.5510 	EXP 	rot_line_precue: ori = np.float64(51.629482495483785)
26.5592 	EXP 	rot_line_precue: ori = np.float64(52.3028215056366)
26.5675 	EXP 	rot_line_precue: ori = np.float64(52.654207730255145)
26.5760 	EXP 	rot_line_precue: ori = np.float64(53.175449762284345)
26.5841 	EXP 	rot_line_precue: ori = np.float64(53.63213664695438)
26.5924 	EXP 	rot_line_precue: ori = np.float64(54.10612958788459)
26.6005 	EXP 	rot_line_precue: ori = np.float64(54.84129853338759)
26.6091 	EXP 	rot_line_precue: ori = np.float64(55.24230407999268)
26.6177 	EXP 	rot_line_precue: ori = np.float64(55.91674517893434)
26.6261 	EXP 	rot_line_precue: ori = np.float64(56.348946823668776)
26.6344 	EXP 	rot_line_precue: ori = np.float64(56.72024575433581)
26.6425 	EXP 	rot_line_precue: ori = np.float64(57.01599935363775)
26.6512 	EXP 	rot_line_precue: ori = np.float64(57.467593924324355)
26.6594 	EXP 	rot_line_precue: ori = np.float64(57.86420960668404)
26.6675 	EXP 	rot_line_precue: ori = np.float64(58.28045512967963)
26.6764 	EXP 	rot_line_precue: ori = np.float64(58.58467196179884)
26.6846 	EXP 	rot_line_precue: ori = np.float64(59.27157244531604)
26.6927 	EXP 	rot_line_precue: ori = np.float64(60.05946732460407)
26.7013 	EXP 	rot_line_precue: ori = np.float64(60.380752755567514)
26.7094 	EXP 	rot_line_precue: ori = np.float64(60.7842012582961)
26.7175 	EXP 	rot_line_precue: ori = np.float64(61.098769276865994)
26.7258 	EXP 	rot_line_precue: ori = np.float64(61.41869419309403)
26.7344 	EXP 	rot_line_precue: ori = np.float64(61.76761653278519)
26.7425 	EXP 	rot_line_precue: ori = np.float64(62.09009244488594)
26.7507 	EXP 	rot_line_precue: ori = np.float64(62.651980018861465)
26.7592 	EXP 	rot_line_precue: ori = np.float64(63.067674275387674)
26.7674 	EXP 	rot_line_precue: ori = np.float64(63.72423745580549)
26.7758 	EXP 	rot_line_precue: ori = np.float64(64.11927919790023)
26.7844 	EXP 	rot_line_precue: ori = np.float64(64.46863408443905)
26.7928 	EXP 	rot_line_precue: ori = np.float64(65.00294488427839)
26.8013 	EXP 	rot_line_precue: ori = np.float64(65.52517076180978)
26.8094 	EXP 	rot_line_precue: ori = np.float64(65.82910422069735)
26.8177 	EXP 	rot_line_precue: ori = np.float64(66.29525365081653)
26.8258 	EXP 	rot_line_precue: ori = np.float64(66.63987536628952)
26.8344 	EXP 	rot_line_precue: ori = np.float64(66.9535277887382)
26.8427 	EXP 	rot_line_precue: ori = np.float64(67.25744160551609)
26.8510 	EXP 	rot_line_precue: ori = np.float64(67.58739042848997)
26.8600 	EXP 	rot_line_precue: ori = np.float64(67.88320806944294)
26.8678 	EXP 	rot_line_precue: ori = np.float64(68.27369336723099)
26.8759 	EXP 	rot_line_precue: ori = np.float64(68.61289256431836)
26.8840 	EXP 	rot_line_precue: ori = np.float64(69.01588628063803)
26.8926 	EXP 	rot_line_precue: ori = np.float64(69.56068715164096)
26.9009 	EXP 	rot_line_precue: ori = np.float64(69.91310274759942)
26.9092 	EXP 	rot_line_precue: ori = np.float64(70.43502512861879)
26.9176 	EXP 	rot_line_precue: ori = np.float64(70.78180067578288)
26.9259 	EXP 	rot_line_precue: ori = np.float64(71.13715470134055)
26.9341 	EXP 	rot_line_precue: ori = np.float64(71.55324986630045)
26.9426 	EXP 	rot_line_precue: ori = np.float64(71.88971567082115)
26.9510 	EXP 	rot_line_precue: ori = np.float64(72.29571265198487)
26.9596 	EXP 	rot_line_precue: ori = np.float64(72.60982599890953)
26.9679 	EXP 	rot_line_precue: ori = np.float64(72.91579177424758)
26.9762 	EXP 	rot_line_precue: ori = np.float64(73.30876172034155)
26.9842 	EXP 	rot_line_precue: ori = np.float64(73.66186839010413)
26.9926 	EXP 	rot_line_precue: ori = np.float64(74.17613245828268)
27.0009 	EXP 	rot_line_precue: ori = np.float64(74.64289282862795)
27.0092 	EXP 	rot_line_precue: ori = np.float64(75.11701880821623)
27.0179 	EXP 	rot_line_precue: ori = np.float64(75.45513625960041)
27.0262 	EXP 	rot_line_precue: ori = np.float64(75.88985125857559)
27.0344 	EXP 	rot_line_precue: ori = np.float64(76.20988839500706)
27.0428 	EXP 	rot_line_precue: ori = np.float64(76.59065883691567)
27.0510 	EXP 	rot_line_precue: ori = np.float64(76.91945927133591)
27.0592 	EXP 	rot_line_precue: ori = np.float64(77.61492992137174)
27.0679 	EXP 	rot_line_precue: ori = np.float64(77.9140726335788)
27.0761 	EXP 	rot_line_precue: ori = np.float64(78.27125413816152)
27.0842 	EXP 	rot_line_precue: ori = np.float64(78.66515050604032)
27.0924 	EXP 	rot_line_precue: ori = np.float64(79.0649209761975)
27.1009 	EXP 	rot_line_precue: ori = np.float64(79.4157822179564)
27.1091 	EXP 	rot_line_precue: ori = np.float64(79.75798649347519)
27.1175 	EXP 	rot_line_precue: ori = np.float64(80.16450071047781)
27.1261 	EXP 	rot_line_precue: ori = np.float64(80.48874857573465)
27.1345 	EXP 	rot_line_precue: ori = np.float64(80.79315249883342)
27.1430 	EXP 	rot_line_precue: ori = np.float64(81.36111736981756)
27.1514 	EXP 	rot_line_precue: ori = np.float64(81.72015667325758)
27.1593 	EXP 	rot_line_precue: ori = np.float64(82.02211390693887)
27.1675 	EXP 	rot_line_precue: ori = np.float64(82.43730548851147)
27.1757 	EXP 	rot_line_precue: ori = np.float64(82.93931842393208)
27.1843 	EXP 	rot_line_precue: ori = np.float64(83.24183432418288)
27.1927 	EXP 	rot_line_precue: ori = np.float64(83.98834294411446)
27.2013 	EXP 	rot_line_precue: ori = np.float64(84.33030795966053)
27.2095 	EXP 	rot_line_precue: ori = np.float64(84.65252971162977)
27.2176 	EXP 	rot_line_precue: ori = np.float64(85.11976409728884)
27.2257 	EXP 	rot_line_precue: ori = np.float64(85.52374174326897)
27.2344 	EXP 	rot_line_precue: ori = np.float64(85.97707740540949)
27.2426 	EXP 	rot_line_precue: ori = np.float64(86.6240069857287)
27.2512 	EXP 	rot_line_precue: ori = np.float64(86.92947162773693)
27.2593 	EXP 	rot_line_precue: ori = np.float64(87.23111165896837)
27.2682 	EXP 	rot_line_precue: ori = np.float64(87.65221969071666)
27.2758 	EXP 	rot_line_precue: ori = np.float64(88.11814817152937)
27.2872 	EXP 	rot_line_precue: ori = np.float64(88.81052299358657)
27.2941 	EXP 	rot_line_precue: ori = np.float64(89.2025791764045)
27.3016 	EXP 	rot_line_precue: ori = np.float64(89.64890917712087)
27.3094 	EXP 	rot_line_precue: ori = np.float64(89.98396732328018)
27.3177 	EXP 	rot_line_precue: ori = np.float64(90.41079520681625)
27.3264 	EXP 	rot_line_precue: ori = np.float64(90.75298917700428)
27.3345 	EXP 	rot_line_precue: ori = np.float64(91.35038978241845)
27.3427 	EXP 	rot_line_precue: ori = np.float64(91.65751705453116)
27.3509 	EXP 	rot_line_precue: ori = np.float64(92.03108787168158)
27.3596 	EXP 	rot_line_precue: ori = np.float64(92.3613895428607)
27.3678 	EXP 	rot_line_precue: ori = np.float64(92.67499219810325)
27.3760 	EXP 	rot_line_precue: ori = np.float64(92.99367378775904)
27.3769 	EXP 	New trial (rep=4, index=12): <Trial 12 (12 in rep 4) data={'pic_name': 'pics/left_hand.JPG', 'class_mi': 'left_hand', 'thisN': 12, 'thisTrialN': 12, 'thisRepN': 4}>
27.3846 	EXP 	hor_line_precue: autoDraw = False
27.3846 	EXP 	ver_line_precue: autoDraw = False
27.3846 	EXP 	rot_line_precue: autoDraw = False
27.3846 	EXP 	rot_line_precue: ori = np.float64(93.54893098502752)
27.3846 	EXP 	hor_line_precue: autoDraw = False
27.3846 	EXP 	ver_line_precue: autoDraw = False
27.3846 	EXP 	rot_line_precue: autoDraw = False
27.3846 	EXP 	hor_line_precue: autoDraw = True
27.3846 	EXP 	ver_line_precue: autoDraw = True
27.3846 	EXP 	rot_line_precue: autoDraw = True
27.3846 	EXP 	rot_line_precue: ori = np.float64(93.87751243293766)
27.3926 	EXP 	rot_line_precue: ori = np.float64(94.24249290970607)
27.4009 	EXP 	rot_line_precue: ori = np.float64(94.59104937595691)
27.4092 	EXP 	rot_line_precue: ori = np.float64(94.9604222229312)
27.4176 	EXP 	rot_line_precue: ori = np.float64(95.43986158048835)
27.4259 	EXP 	rot_line_precue: ori = np.float64(96.221390973916)
27.4341 	EXP 	rot_line_precue: ori = np.float64(96.92870329870726)
27.4425 	EXP 	rot_line_precue: ori = np.float64(97.23643277757843)
27.4508 	EXP 	rot_line_precue: ori = np.float64(97.54424833979485)
27.4590 	EXP 	rot_line_precue: ori = np.float64(97.9688467301105)
27.4675 	EXP 	rot_line_precue: ori = np.float64(98.51051873803424)
27.4759 	EXP 	rot_line_precue: ori = np.float64(98.83945044077426)
27.4843 	EXP 	rot_line_precue: ori = np.float64(99.22969889065885)
27.4928 	EXP 	rot_line_precue: ori = np.float64(99.66324483089005)
27.5013 	EXP 	rot_line_precue: ori = np.float64(99.98334569848585)
27.5111 	EXP 	rot_line_precue: ori = np.float64(100.32366440264937)
27.5179 	EXP 	rot_line_precue: ori = np.float64(100.64360230977651)
27.5262 	EXP 	rot_line_precue: ori = np.float64(101.09629820697009)
27.5348 	EXP 	rot_line_precue: ori = np.float64(101.78523469046434)
27.5431 	EXP 	rot_line_precue: ori = np.float64(102.1497887601845)
27.5512 	EXP 	rot_line_precue: ori = np.float64(102.5507114743056)
27.5594 	EXP 	rot_line_precue: ori = np.float64(102.94217129592327)
27.5678 	EXP 	rot_line_precue: ori = np.float64(103.459088665707)
27.5761 	EXP 	rot_line_precue: ori = np.float64(103.79237099697485)
27.5842 	EXP 	rot_line_precue: ori = np.float64(104.09580329947676)
27.5925 	EXP 	rot_line_precue: ori = np.float64(104.4515810846581)
27.6009 	EXP 	rot_line_precue: ori = np.float64(104.79043345611493)
27.6092 	EXP 	rot_line_precue: ori = np.float64(105.11606662107776)
27.6174 	EXP 	rot_line_precue: ori = np.float64(105.59289774544735)
27.6260 	EXP 	rot_line_precue: ori = np.float64(105.95114745369901)
27.6350 	EXP 	rot_line_precue: ori = np.float64(106.25020100548514)
27.6425 	EXP 	rot_line_precue: ori = np.float64(106.60243005575109)
27.6514 	EXP 	rot_line_precue: ori = np.float64(106.90341278452176)
27.6593 	EXP 	rot_line_precue: ori = np.float64(107.26537105929116)
27.6675 	EXP 	rot_line_precue: ori = np.float64(107.67529968375597)
27.6763 	EXP 	rot_line_precue: ori = np.float64(108.09049212742408)
27.6846 	EXP 	rot_line_precue: ori = np.float64(108.398943365323)
27.6933 	EXP 	rot_line_precue: ori = np.float64(108.75216606236246)
27.7013 	EXP 	rot_line_precue: ori = np.float64(109.17176699772868)
27.7095 	EXP 	rot_line_precue: ori = np.float64(109.53058400217917)
27.7177 	EXP 	rot_line_precue: ori = np.float64(109.82901988631538)
27.7264 	EXP 	rot_line_precue: ori = np.float64(110.14032710739514)
27.7345 	EXP 	rot_line_precue: ori = np.float64(110.87624526089351)
27.7426 	EXP 	rot_line_precue: ori = np.float64(111.19382590756916)
27.7508 	EXP 	rot_line_precue: ori = np.float64(111.52502176893293)
27.7593 	EXP 	rot_line_precue: ori = np.float64(111.85739040100457)
27.7676 	EXP 	rot_line_precue: ori = np.float64(112.1656165903811)
27.7758 	EXP 	rot_line_precue: ori = np.float64(112.53230017334093)
27.7842 	EXP 	rot_line_precue: ori = np.float64(112.8502931535088)
27.7934 	EXP 	rot_line_precue: ori = np.float64(113.16701065959344)
27.8009 	EXP 	rot_line_precue: ori = np.float64(113.77149573835757)
27.8094 	EXP 	rot_line_precue: ori = np.float64(114.06898406311787)
27.8182 	EXP 	rot_line_precue: ori = np.float64(114.44307294116722)
27.8258 	EXP 	rot_line_precue: ori = np.float64(114.90483698728906)
27.8341 	EXP 	rot_line_precue: ori = np.float64(115.2074919540683)
27.8427 	EXP 	rot_line_precue: ori = np.float64(115.73833452169892)
27.8510 	EXP 	rot_line_precue: ori = np.float64(116.24729816461655)
27.8597 	EXP 	rot_line_precue: ori = np.float64(116.75158873859655)
27.8678 	EXP 	rot_line_precue: ori = np.float64(117.09041648312628)
27.8762 	EXP 	rot_line_precue: ori = np.float64(117.54154339522296)
27.8847 	EXP 	rot_line_precue: ori = np.float64(118.09574380885044)
27.8930 	EXP 	rot_line_precue: ori = np.float64(118.67633484341756)
27.9012 	EXP 	rot_line_precue: ori = np.float64(118.9757284166933)
27.9097 	EXP 	rot_line_precue: ori = np.float64(119.27494912451176)
27.9178 	EXP 	rot_line_precue: ori = np.float64(119.58219319134716)
27.9259 	EXP 	rot_line_precue: ori = np.float64(119.8988954353841)
27.9345 	EXP 	rot_line_precue: ori = np.float64(120.23279749434732)
27.9427 	EXP 	rot_line_precue: ori = np.float64(120.6457469923743)
27.9512 	EXP 	rot_line_precue: ori = np.float64(121.37935966293709)
27.9591 	EXP 	rot_line_precue: ori = np.float64(121.99288922290965)
27.9675 	EXP 	rot_line_precue: ori = np.float64(122.7017917489151)
27.9759 	EXP 	rot_line_precue: ori = np.float64(123.00553071427275)
27.9841 	EXP 	rot_line_precue: ori = np.float64(123.41970407493984)
27.9924 	EXP 	rot_line_precue: ori = np.float64(123.74151878355211)
28.0008 	EXP 	rot_line_precue: ori = np.float64(124.23617259394291)
28.0091 	EXP 	rot_line_precue: ori = np.float64(124.53561346728029)
28.0176 	EXP 	rot_line_precue: ori = np.float64(125.20998862376561)
28.0259 	EXP 	rot_line_precue: ori = np.float64(125.83586036520967)
28.0342 	EXP 	rot_line_precue: ori = np.float64(126.16459836642338)
28.0429 	EXP 	rot_line_precue: ori = np.float64(126.84258784661326)
28.0513 	EXP 	rot_line_precue: ori = np.float64(127.17389745325883)
28.0593 	EXP 	rot_line_precue: ori = np.float64(127.48484328170142)
28.0678 	EXP 	rot_line_precue: ori = np.float64(127.98870934814553)
28.0767 	EXP 	rot_line_precue: ori = np.float64(128.29960014638658)
28.0843 	EXP 	rot_line_precue: ori = np.float64(128.75880964109817)
28.0932 	EXP 	rot_line_precue: ori = np.float64(129.054996654116)
28.1011 	EXP 	rot_line_precue: ori = np.float64(129.46166951870293)
28.1093 	EXP 	rot_line_precue: ori = np.float64(129.77994488643915)
28.1174 	EXP 	rot_line_precue: ori = np.float64(130.11724593389187)
28.1261 	EXP 	rot_line_precue: ori = np.float64(130.61659267982677)
28.1343 	EXP 	rot_line_precue: ori = np.float64(130.91554540217768)
28.1425 	EXP 	rot_line_precue: ori = np.float64(131.2761054323801)
28.1510 	EXP 	rot_line_precue: ori = np.float64(131.68695345418493)
28.1591 	EXP 	rot_line_precue: ori = np.float64(131.99078960690875)
28.1681 	EXP 	rot_line_precue: ori = np.float64(132.44730352002028)
28.1758 	EXP 	rot_line_precue: ori = np.float64(132.92542617262822)
28.1842 	EXP 	rot_line_precue: ori = np.float64(133.33441159895915)
28.1925 	EXP 	rot_line_precue: ori = np.float64(133.716078562063)
28.2015 	EXP 	rot_line_precue: ori = np.float64(134.46462997858524)
28.2095 	EXP 	rot_line_precue: ori = np.float64(134.96879904973588)
28.2180 	EXP 	rot_line_precue: ori = np.float64(135.37433716851075)
28.2263 	EXP 	rot_line_precue: ori = np.float64(135.7256616035211)
28.2344 	EXP 	rot_line_precue: ori = np.float64(136.0213822875778)
28.2427 	EXP 	rot_line_precue: ori = np.float64(136.77014533783333)
28.2514 	EXP 	rot_line_precue: ori = np.float64(137.35877674099936)
28.2596 	EXP 	rot_line_precue: ori = np.float64(137.81405749224854)
28.2677 	EXP 	rot_line_precue: ori = np.float64(138.12262236804895)
28.2762 	EXP 	rot_line_precue: ori = np.float64(138.58510600932559)
28.2842 	EXP 	rot_line_precue: ori = np.float64(139.03471155466886)
28.2926 	EXP 	rot_line_precue: ori = np.float64(139.33073513102747)
28.3012 	EXP 	rot_line_precue: ori = np.float64(139.70401989596715)
28.3093 	EXP 	rot_line_precue: ori = np.float64(140.13342445542202)
28.3175 	EXP 	rot_line_precue: ori = np.float64(140.431442182367)
28.3257 	EXP 	rot_line_precue: ori = np.float64(140.73007438632106)
28.3341 	EXP 	rot_line_precue: ori = np.float64(141.1318545372737)
28.3424 	EXP 	rot_line_precue: ori = np.float64(141.4298146056734)
28.3507 	EXP 	rot_line_precue: ori = np.float64(141.73024492067455)
28.3591 	EXP 	rot_line_precue: ori = np.float64(142.04115619171571)
28.3681 	EXP 	rot_line_precue: ori = np.float64(142.34490201898458)
28.3762 	EXP 	rot_line_precue: ori = np.float64(142.6974241330451)
28.3846 	EXP 	rot_line_precue: ori = np.float64(143.1230702340458)
28.3928 	EXP 	rot_line_precue: ori = np.float64(143.4230952814212)
28.4010 	EXP 	rot_line_precue: ori = np.float64(143.75094689602705)
28.4094 	EXP 	rot_line_precue: ori = np.float64(144.10133588354893)
28.4178 	EXP 	rot_line_precue: ori = np.float64(144.40111666600444)
28.4261 	EXP 	rot_line_precue: ori = np.float64(144.9200176624623)
28.4346 	EXP 	rot_line_precue: ori = np.float64(145.38456190610324)
28.4428 	EXP 	rot_line_precue: ori = np.float64(145.9074278641621)
28.4509 	EXP 	rot_line_precue: ori = np.float64(146.24562469893223)
28.4591 	EXP 	rot_line_precue: ori = np.float64(146.68494612114986)
28.4677 	EXP 	rot_line_precue: ori = np.float64(147.11461568724417)
28.4760 	EXP 	rot_line_precue: ori = np.float64(147.5054430265013)
28.4843 	EXP 	rot_line_precue: ori = np.float64(147.8740964969371)
28.4926 	EXP 	rot_line_precue: ori = np.float64(148.28390535861172)
28.5010 	EXP 	rot_line_precue: ori = np.float64(148.64093120741157)
28.5092 	EXP 	rot_line_precue: ori = np.float64(148.94630417489734)
28.5178 	EXP 	rot_line_precue: ori = np.float64(149.2504111435531)
28.5259 	EXP 	rot_line_precue: ori = np.float64(149.5616987316632)
28.5342 	EXP 	rot_line_precue: ori = np.float64(150.15249808325547)
28.5424 	EXP 	rot_line_precue: ori = np.float64(150.59110910279355)
28.5511 	EXP 	rot_line_precue: ori = np.float64(151.0467460087459)
28.5596 	EXP 	rot_line_precue: ori = np.float64(151.3879544601098)
28.5679 	EXP 	rot_line_precue: ori = np.float64(151.70940362494184)
28.5762 	EXP 	rot_line_precue: ori = np.float64(152.00686217191802)
28.5843 	EXP 	rot_line_precue: ori = np.float64(152.314433965432)
28.5930 	EXP 	rot_line_precue: ori = np.float64(152.720571526442)
28.6012 	EXP 	rot_line_precue: ori = np.float64(153.02905632557483)
28.6094 	EXP 	rot_line_precue: ori = np.float64(153.36244477082232)
28.6178 	EXP 	rot_line_precue: ori = np.float64(153.6711615053025)
28.6260 	EXP 	rot_line_precue: ori = np.float64(154.19862499072613)
28.6343 	EXP 	rot_line_precue: ori = np.float64(154.51979144787424)
28.6428 	EXP 	rot_line_precue: ori = np.float64(154.88077913843819)
28.6511 	EXP 	rot_line_precue: ori = np.float64(155.34611828752293)
28.6592 	EXP 	rot_line_precue: ori = np.float64(155.96850512095406)
28.6675 	EXP 	rot_line_precue: ori = np.float64(156.32364467813267)
28.6760 	EXP 	rot_line_precue: ori = np.float64(156.69815514001664)
28.6842 	EXP 	rot_line_precue: ori = np.float64(157.04970219657213)
28.6924 	EXP 	rot_line_precue: ori = np.float64(157.37770451591393)
28.7016 	EXP 	rot_line_precue: ori = np.float64(158.11391163963228)
28.7092 	EXP 	rot_line_precue: ori = np.float64(158.49724198043342)
28.7181 	EXP 	rot_line_precue: ori = np.float64(158.85994264087668)
28.7261 	EXP 	rot_line_precue: ori = np.float64(159.16380953448157)
28.7345 	EXP 	rot_line_precue: ori = np.float64(159.48849725847836)
28.7426 	EXP 	rot_line_precue: ori = np.float64(159.967523700474)
28.7514 	EXP 	rot_line_precue: ori = np.float64(160.6771794145083)
28.7595 	EXP 	rot_line_precue: ori = np.float64(160.973180773347)
28.7682 	EXP 	rot_line_precue: ori = np.float64(161.4395980736621)
28.7764 	EXP 	rot_line_precue: ori = np.float64(161.79838130493746)
28.7847 	EXP 	rot_line_precue: ori = np.float64(162.10700609544534)
28.7926 	EXP 	rot_line_precue: ori = np.float64(162.41076671933368)
28.8008 	EXP 	rot_line_precue: ori = np.float64(162.84363094955611)
28.8094 	EXP 	rot_line_precue: ori = np.float64(163.14321441722961)
28.8175 	EXP 	rot_line_precue: ori = np.float64(163.4509872263021)
28.8259 	EXP 	rot_line_precue: ori = np.float64(163.94407535747806)
28.8342 	EXP 	rot_line_precue: ori = np.float64(164.3696957130292)
28.8425 	EXP 	rot_line_precue: ori = np.float64(164.8471745209239)
28.8507 	EXP 	rot_line_precue: ori = np.float64(165.18363705335616)
28.8592 	EXP 	rot_line_precue: ori = np.float64(165.52255720280897)
28.8674 	EXP 	rot_line_precue: ori = np.float64(166.02124842144022)
28.8767 	EXP 	rot_line_precue: ori = np.float64(166.3701572666646)
28.8844 	EXP 	rot_line_precue: ori = np.float64(166.70975748776058)
28.8926 	EXP 	rot_line_precue: ori = np.float64(167.1404789647619)
28.9010 	EXP 	rot_line_precue: ori = np.float64(167.4755205144885)
28.9095 	EXP 	rot_line_precue: ori = np.float64(167.80557471915978)
28.9179 	EXP 	rot_line_precue: ori = np.float64(168.14603634930947)
28.9261 	EXP 	rot_line_precue: ori = np.float64(168.49309038386792)
28.9348 	EXP 	rot_line_precue: ori = np.float64(168.83944490935318)
28.9428 	EXP 	rot_line_precue: ori = np.float64(169.17961034497935)
28.9512 	EXP 	rot_line_precue: ori = np.float64(169.4931940343183)
28.9598 	EXP 	rot_line_precue: ori = np.float64(169.80238615050197)
28.9677 	EXP 	rot_line_precue: ori = np.float64(170.10276148231617)
28.9759 	EXP 	rot_line_precue: ori = np.float64(170.4374859557753)
28.9841 	EXP 	rot_line_precue: ori = np.float64(170.758538858501)
28.9926 	EXP 	rot_line_precue: ori = np.float64(171.23900073357726)
29.0010 	EXP 	rot_line_precue: ori = np.float64(171.78901722788538)
29.0092 	EXP 	rot_line_precue: ori = np.float64(172.10881017215036)
29.0175 	EXP 	rot_line_precue: ori = np.float64(172.4054239091991)
29.0267 	EXP 	rot_line_precue: ori = np.float64(172.80544159121283)
29.0342 	EXP 	rot_line_precue: ori = np.float64(173.21189750445959)
29.0424 	EXP 	rot_line_precue: ori = np.float64(173.51668739874293)
29.0509 	EXP 	rot_line_precue: ori = np.float64(174.20526313479968)
29.0592 	EXP 	rot_line_precue: ori = np.float64(174.5432239197588)
29.0677 	EXP 	rot_line_precue: ori = np.float64(174.87271894950243)
29.0762 	EXP 	rot_line_precue: ori = np.float64(175.34550066930663)
29.0843 	EXP 	rot_line_precue: ori = np.float64(175.69675993434757)
29.0930 	EXP 	rot_line_precue: ori = np.float64(176.00557137148863)
29.1013 	EXP 	rot_line_precue: ori = np.float64(176.49801175197953)
29.1099 	EXP 	rot_line_precue: ori = np.float64(176.83222694052353)
29.1181 	EXP 	rot_line_precue: ori = np.float64(177.220256915673)
29.1265 	EXP 	rot_line_precue: ori = np.float64(177.5194289013019)
29.1344 	EXP 	rot_line_precue: ori = np.float64(177.84874100917034)
29.1428 	EXP 	rot_line_precue: ori = np.float64(178.21861583392706)
29.1511 	EXP 	rot_line_precue: ori = np.float64(178.54133270809527)
29.1593 	EXP 	rot_line_precue: ori = np.float64(178.88414549863393)
29.1674 	EXP 	rot_line_precue: ori = np.float64(179.2681188513287)
29.1760 	EXP 	rot_line_precue: ori = np.float64(179.80188197662434)
29.1842 	EXP 	rot_line_precue: ori = np.float64(180.1847414168884)
29.1924 	EXP 	rot_line_precue: ori = np.float64(180.53014828519687)
29.2010 	EXP 	rot_line_precue: ori = np.float64(180.86438675086387)
29.2091 	EXP 	rot_line_precue: ori = np.float64(181.3892366846232)
29.2174 	EXP 	rot_line_precue: ori = np.float64(181.70527565495738)
29.2260 	EXP 	rot_line_precue: ori = np.float64(182.36135245664258)
29.2342 	EXP 	rot_line_precue: ori = np.float64(182.75023213760514)
29.2425 	EXP 	rot_line_precue: ori = np.float64(183.05655335276433)
29.2512 	EXP 	rot_line_precue: ori = np.float64(183.49722056470185)
29.2595 	EXP 	rot_line_precue: ori = np.float64(183.8165336115847)
29.2676 	EXP 	rot_line_precue: ori = np.float64(184.35603571566054)
29.2763 	EXP 	rot_line_precue: ori = np.float64(184.67771550579388)
29.2847 	EXP 	rot_line_precue: ori = np.float64(184.9878154537051)
29.2927 	EXP 	rot_line_precue: ori = np.float64(185.30663918299544)
29.3016 	EXP 	rot_line_precue: ori = np.float64(185.60217801774013)
29.3095 	EXP 	rot_line_precue: ori = np.float64(185.90055867379)
29.3176 	EXP 	rot_line_precue: ori = np.float64(186.2593730583924)
29.3258 	EXP 	rot_line_precue: ori = np.float64(186.9257248490999)
29.3345 	EXP 	rot_line_precue: ori = np.float64(187.64857371990703)
29.3427 	EXP 	rot_line_precue: ori = np.float64(187.97748486516258)
29.3508 	EXP 	rot_line_precue: ori = np.float64(188.5773385293245)
29.3593 	EXP 	rot_line_precue: ori = np.float64(189.09426602750622)
29.3675 	EXP 	rot_line_precue: ori = np.float64(189.3917273047842)
29.3682 	EXP 	New trial (rep=3, index=13): <Trial 13 (13 in rep 3) data={'pic_name': 'pics/feet.JPG', 'class_mi': 'feet', 'thisN': 13, 'thisTrialN': 13, 'thisRepN': 3}>
29.3760 	EXP 	hor_line_precue: autoDraw = False
29.3760 	EXP 	ver_line_precue: autoDraw = False
29.3760 	EXP 	rot_line_precue: autoDraw = False
29.3760 	EXP 	rot_line_precue: ori = np.float64(189.8608014387629)
29.3760 	EXP 	hor_line_precue: autoDraw = False
29.3760 	EXP 	ver_line_precue: autoDraw = False
29.3760 	EXP 	rot_line_precue: autoDraw = False
29.3760 	EXP 	hor_line_precue: autoDraw = True
29.3760 	EXP 	ver_line_precue: autoDraw = True
29.3760 	EXP 	rot_line_precue: autoDraw = True
29.3760 	EXP 	rot_line_precue: ori = np.float64(190.33518784088886)
29.3844 	EXP 	rot_line_precue: ori = np.float64(190.63080814632377)
29.3925 	EXP 	rot_line_precue: ori = np.float64(190.92924921278194)
29.4008 	EXP 	rot_line_precue: ori = np.float64(191.39399614777824)
29.4094 	EXP 	rot_line_precue: ori = np.float64(191.7003472296426)
29.4177 	EXP 	rot_line_precue: ori = np.float64(191.99873901159947)
29.4265 	EXP 	rot_line_precue: ori = np.float64(192.34731520208248)
29.4356 	EXP 	rot_line_precue: ori = np.float64(192.9154188472536)
29.4430 	EXP 	rot_line_precue: ori = np.float64(193.45325920125043)
29.4511 	EXP 	rot_line_precue: ori = np.float64(194.0933782141384)
29.4599 	EXP 	rot_line_precue: ori = np.float64(194.40076567801722)
29.4678 	EXP 	rot_line_precue: ori = np.float64(194.90836542817513)
29.4765 	EXP 	rot_line_precue: ori = np.float64(195.2252527865347)
29.4846 	EXP 	rot_line_precue: ori = np.float64(195.5790142163471)
29.4929 	EXP 	rot_line_precue: ori = np.float64(196.01536769808175)
29.5010 	EXP 	rot_line_precue: ori = np.float64(196.35103514454863)
29.5095 	EXP 	rot_line_precue: ori = np.float64(196.78707748465058)
29.5178 	EXP 	rot_line_precue: ori = np.float64(197.40842811072505)
29.5259 	EXP 	rot_line_precue: ori = np.float64(197.7406927592448)
29.5345 	EXP 	rot_line_precue: ori = np.float64(198.04051805210767)
29.5427 	EXP 	rot_line_precue: ori = np.float64(198.3536062749043)
29.5509 	EXP 	rot_line_precue: ori = np.float64(198.72863518054137)
29.5593 	EXP 	rot_line_precue: ori = np.float64(199.12938308350286)
29.5676 	EXP 	rot_line_precue: ori = np.float64(199.50021595577334)
29.5763 	EXP 	rot_line_precue: ori = np.float64(199.8198381763424)
29.5842 	EXP 	rot_line_precue: ori = np.float64(200.116387227768)
29.5923 	EXP 	rot_line_precue: ori = np.float64(200.62595565209395)
29.6011 	EXP 	rot_line_precue: ori = np.float64(200.94313275594956)
29.6098 	EXP 	rot_line_precue: ori = np.float64(201.28589723800886)
29.6180 	EXP 	rot_line_precue: ori = np.float64(202.0396259807784)
29.6263 	EXP 	rot_line_precue: ori = np.float64(202.3379238788692)
29.6349 	EXP 	rot_line_precue: ori = np.float64(202.719221356269)
29.6430 	EXP 	rot_line_precue: ori = np.float64(203.05122504010623)
29.6512 	EXP 	rot_line_precue: ori = np.float64(203.64505648378147)
29.6594 	EXP 	rot_line_precue: ori = np.float64(203.96216555395685)
29.6679 	EXP 	rot_line_precue: ori = np.float64(204.2664214628727)
29.6761 	EXP 	rot_line_precue: ori = np.float64(204.57320634341042)
29.6843 	EXP 	rot_line_precue: ori = np.float64(204.88250044503957)
29.6925 	EXP 	rot_line_precue: ori = np.float64(205.24250221140065)
29.7010 	EXP 	rot_line_precue: ori = np.float64(205.7171676228601)
29.7091 	EXP 	rot_line_precue: ori = np.float64(206.04277104629165)
29.7174 	EXP 	rot_line_precue: ori = np.float64(206.3462930202458)
29.7260 	EXP 	rot_line_precue: ori = np.float64(206.8028605567895)
29.7342 	EXP 	rot_line_precue: ori = np.float64(207.15557841520044)
29.7425 	EXP 	rot_line_precue: ori = np.float64(207.4802516856678)
29.7508 	EXP 	rot_line_precue: ori = np.float64(207.79704483639156)
29.7592 	EXP 	rot_line_precue: ori = np.float64(208.24142410592887)
29.7682 	EXP 	rot_line_precue: ori = np.float64(208.53792467845435)
29.7758 	EXP 	rot_line_precue: ori = np.float64(208.87622400975505)
29.7851 	EXP 	rot_line_precue: ori = np.float64(209.20129829899415)
29.7931 	EXP 	rot_line_precue: ori = np.float64(209.50939252770206)
29.8015 	EXP 	rot_line_precue: ori = np.float64(209.8515650272355)
29.8096 	EXP 	rot_line_precue: ori = np.float64(210.5894700574606)
29.8176 	EXP 	rot_line_precue: ori = np.float64(210.91526592380959)
29.8258 	EXP 	rot_line_precue: ori = np.float64(211.45183682940524)
29.8345 	EXP 	rot_line_precue: ori = np.float64(211.7982100532084)
29.8426 	EXP 	rot_line_precue: ori = np.float64(212.09584518498477)
29.8514 	EXP 	rot_line_precue: ori = np.float64(212.43005567473045)
29.8594 	EXP 	rot_line_precue: ori = np.float64(212.74009382506955)
29.8676 	EXP 	rot_line_precue: ori = np.float64(213.11838278745842)
29.8759 	EXP 	rot_line_precue: ori = np.float64(213.55176177712534)
29.8844 	EXP 	rot_line_precue: ori = np.float64(213.89824907343268)
29.8925 	EXP 	rot_line_precue: ori = np.float64(214.21385348611636)
29.9017 	EXP 	rot_line_precue: ori = np.float64(214.5591814153748)
29.9089 	EXP 	rot_line_precue: ori = np.float64(214.93216749487647)
29.9176 	EXP 	rot_line_precue: ori = np.float64(215.31941855450071)
29.9266 	EXP 	rot_line_precue: ori = np.float64(215.81252545310332)
29.9342 	EXP 	rot_line_precue: ori = np.float64(216.14559683272446)
29.9426 	EXP 	rot_line_precue: ori = np.float64(216.53755395144822)
29.9508 	EXP 	rot_line_precue: ori = np.float64(216.8335335504657)
29.9595 	EXP 	rot_line_precue: ori = np.float64(217.49193467465585)
29.9679 	EXP 	rot_line_precue: ori = np.float64(218.01581303966893)
29.9766 	EXP 	rot_line_precue: ori = np.float64(218.46933293080272)
29.9846 	EXP 	rot_line_precue: ori = np.float64(218.8145404829684)
29.9927 	EXP 	rot_line_precue: ori = np.float64(219.18550351802713)
30.0015 	EXP 	rot_line_precue: ori = np.float64(219.50012686446715)
30.0097 	EXP 	rot_line_precue: ori = np.float64(219.9103018438759)
30.0178 	EXP 	rot_line_precue: ori = np.float64(220.21050868192398)
30.0261 	EXP 	rot_line_precue: ori = np.float64(220.60252914747753)
30.0343 	EXP 	rot_line_precue: ori = np.float64(220.91146252165063)
30.0427 	EXP 	rot_line_precue: ori = np.float64(221.23070219221324)
30.0509 	EXP 	rot_line_precue: ori = np.float64(221.60900905377784)
30.0592 	EXP 	rot_line_precue: ori = np.float64(221.91064250483066)
30.0674 	EXP 	rot_line_precue: ori = np.float64(222.21775458284696)
30.0767 	EXP 	rot_line_precue: ori = np.float64(222.55470204867473)
30.0842 	EXP 	rot_line_precue: ori = np.float64(222.89076993849397)
30.0927 	EXP 	rot_line_precue: ori = np.float64(223.3816509897859)
30.1010 	EXP 	rot_line_precue: ori = np.float64(223.7836361841193)
30.1092 	EXP 	rot_line_precue: ori = np.float64(224.0954237634138)
30.1177 	EXP 	rot_line_precue: ori = np.float64(224.43329804393048)
30.1260 	EXP 	rot_line_precue: ori = np.float64(224.80174343428868)
30.1344 	EXP 	rot_line_precue: ori = np.float64(225.17190721088437)
30.1430 	EXP 	rot_line_precue: ori = np.float64(225.62798558146295)
30.1513 	EXP 	rot_line_precue: ori = np.float64(225.92831098825152)
30.1595 	EXP 	rot_line_precue: ori = np.float64(226.24052526322933)
30.1678 	EXP 	rot_line_precue: ori = np.float64(226.60732475142876)
30.1761 	EXP 	rot_line_precue: ori = np.float64(227.0750965894982)
30.1844 	EXP 	rot_line_precue: ori = np.float64(227.44094847041978)
30.1928 	EXP 	rot_line_precue: ori = np.float64(227.76861644577815)
30.2012 	EXP 	rot_line_precue: ori = np.float64(228.1010751127556)
30.2093 	EXP 	rot_line_precue: ori = np.float64(228.6616492737046)
30.2175 	EXP 	rot_line_precue: ori = np.float64(229.03053830594746)
30.2259 	EXP 	rot_line_precue: ori = np.float64(229.5195250014066)
30.2346 	EXP 	rot_line_precue: ori = np.float64(229.8753514458425)
30.2425 	EXP 	rot_line_precue: ori = np.float64(230.23316892970922)
30.2515 	EXP 	rot_line_precue: ori = np.float64(230.64098096380943)
30.2592 	EXP 	rot_line_precue: ori = np.float64(231.11142032146344)
30.2675 	EXP 	rot_line_precue: ori = np.float64(231.48134523033133)
30.2766 	EXP 	rot_line_precue: ori = np.float64(231.8181656821354)
30.2843 	EXP 	rot_line_precue: ori = np.float64(232.12155989088185)
30.2933 	EXP 	rot_line_precue: ori = np.float64(232.45030287528505)
30.3009 	EXP 	rot_line_precue: ori = np.float64(232.8718130050542)
30.3096 	EXP 	rot_line_precue: ori = np.float64(233.39922306609364)
30.3179 	EXP 	rot_line_precue: ori = np.float64(233.83041284372104)
30.3265 	EXP 	rot_line_precue: ori = np.float64(234.31521432954167)
30.3348 	EXP 	rot_line_precue: ori = np.float64(234.8149885216118)
30.3428 	EXP 	rot_line_precue: ori = np.float64(235.4615791170302)
30.3513 	EXP 	rot_line_precue: ori = np.float64(235.9740833137275)
30.3595 	EXP 	rot_line_precue: ori = np.float64(236.32351600407569)
30.3677 	EXP 	rot_line_precue: ori = np.float64(236.84498567228871)
30.3763 	EXP 	rot_line_precue: ori = np.float64(237.46696459256106)
30.3844 	EXP 	rot_line_precue: ori = np.float64(237.8225468258109)
30.3924 	EXP 	rot_line_precue: ori = np.float64(238.12073697444507)
30.4009 	EXP 	rot_line_precue: ori = np.float64(238.79391649930344)
30.4090 	EXP 	rot_line_precue: ori = np.float64(239.13129951009785)
30.4175 	EXP 	rot_line_precue: ori = np.float64(239.44181868747526)
30.4258 	EXP 	rot_line_precue: ori = np.float64(239.7646529639762)
30.4340 	EXP 	rot_line_precue: ori = np.float64(240.15934604480694)
30.4427 	EXP 	rot_line_precue: ori = np.float64(240.46227931036793)
30.4508 	EXP 	rot_line_precue: ori = np.float64(240.78133623207032)
30.4590 	EXP 	rot_line_precue: ori = np.float64(241.14303425822754)
30.4675 	EXP 	rot_line_precue: ori = np.float64(241.71472114987827)
30.4767 	EXP 	rot_line_precue: ori = np.float64(242.037553164248)
30.4842 	EXP 	rot_line_precue: ori = np.float64(242.35397255599133)
30.4928 	EXP 	rot_line_precue: ori = np.float64(242.82074505081394)
30.5011 	EXP 	rot_line_precue: ori = np.float64(243.1267758857173)
30.5097 	EXP 	rot_line_precue: ori = np.float64(243.46713054929654)
30.5179 	EXP 	rot_line_precue: ori = np.float64(243.8409038480761)
30.5262 	EXP 	rot_line_precue: ori = np.float64(244.15371541211178)
30.5343 	EXP 	rot_line_precue: ori = np.float64(244.46489734228433)
30.5429 	EXP 	rot_line_precue: ori = np.float64(244.84865021931137)
30.5510 	EXP 	rot_line_precue: ori = np.float64(245.27139487329706)
30.5596 	EXP 	rot_line_precue: ori = np.float64(245.57259068882774)
30.5677 	EXP 	rot_line_precue: ori = np.float64(246.01076136695846)
30.5767 	EXP 	rot_line_precue: ori = np.float64(246.38966518121478)
30.5875 	EXP 	rot_line_precue: ori = np.float64(246.69760616924717)
30.5931 	EXP 	rot_line_precue: ori = np.float64(247.16489429777025)
30.6010 	EXP 	rot_line_precue: ori = np.float64(247.47223883490017)
30.6093 	EXP 	rot_line_precue: ori = np.float64(247.83082114742473)
30.6175 	EXP 	rot_line_precue: ori = np.float64(248.3573069011935)
30.6260 	EXP 	rot_line_precue: ori = np.float64(248.75909345837258)
30.6342 	EXP 	rot_line_precue: ori = np.float64(249.42882538193547)
30.6425 	EXP 	rot_line_precue: ori = np.float64(249.77852830043358)
30.6517 	EXP 	rot_line_precue: ori = np.float64(250.09577654615407)
30.6593 	EXP 	rot_line_precue: ori = np.float64(250.3973620503314)
30.6678 	EXP 	rot_line_precue: ori = np.float64(250.82783257872492)
30.6763 	EXP 	rot_line_precue: ori = np.float64(251.12908094357593)
30.6845 	EXP 	rot_line_precue: ori = np.float64(251.4622995420097)
30.6930 	EXP 	rot_line_precue: ori = np.float64(251.7682751068607)
30.7012 	EXP 	rot_line_precue: ori = np.float64(252.1733282972796)
30.7093 	EXP 	rot_line_precue: ori = np.float64(252.64158851752444)
30.7178 	EXP 	rot_line_precue: ori = np.float64(253.30115783911575)
30.7261 	EXP 	rot_line_precue: ori = np.float64(253.65201576593373)
30.7344 	EXP 	rot_line_precue: ori = np.float64(254.24031282172703)
30.7429 	EXP 	rot_line_precue: ori = np.float64(254.76615102797012)
30.7508 	EXP 	rot_line_precue: ori = np.float64(255.0895773429937)
30.7593 	EXP 	rot_line_precue: ori = np.float64(255.41258538730332)
30.7675 	EXP 	rot_line_precue: ori = np.float64(255.75282494862643)
30.7760 	EXP 	rot_line_precue: ori = np.float64(256.2912534883494)
30.7843 	EXP 	rot_line_precue: ori = np.float64(256.58723166920913)
30.7931 	EXP 	rot_line_precue: ori = np.float64(257.1102486902192)
30.8008 	EXP 	rot_line_precue: ori = np.float64(257.49895935505486)
30.8093 	EXP 	rot_line_precue: ori = np.float64(258.19698968133014)
30.8175 	EXP 	rot_line_precue: ori = np.float64(258.4922612802854)
30.8266 	EXP 	rot_line_precue: ori = np.float64(258.82700828405865)
30.8343 	EXP 	rot_line_precue: ori = np.float64(259.23224419613854)
30.8425 	EXP 	rot_line_precue: ori = np.float64(259.6354220821451)
30.8512 	EXP 	rot_line_precue: ori = np.float64(260.01336213910287)
30.8595 	EXP 	rot_line_precue: ori = np.float64(260.37471782767653)
30.8683 	EXP 	rot_line_precue: ori = np.float64(260.7210083207212)
30.8764 	EXP 	rot_line_precue: ori = np.float64(261.0301624189425)
30.8847 	EXP 	rot_line_precue: ori = np.float64(261.428705643162)
30.8927 	EXP 	rot_line_precue: ori = np.float64(261.97203744630576)
30.9019 	EXP 	rot_line_precue: ori = np.float64(262.3734793342333)
30.9095 	EXP 	rot_line_precue: ori = np.float64(263.1435041634308)
30.9180 	EXP 	rot_line_precue: ori = np.float64(263.47014277277947)
30.9263 	EXP 	rot_line_precue: ori = np.float64(264.1825741656621)
30.9343 	EXP 	rot_line_precue: ori = np.float64(264.9864417090349)
30.9426 	EXP 	rot_line_precue: ori = np.float64(265.57958554285375)
30.9508 	EXP 	rot_line_precue: ori = np.float64(265.90707156470717)
30.9590 	EXP 	rot_line_precue: ori = np.float64(266.37641916578707)
30.9675 	EXP 	rot_line_precue: ori = np.float64(266.73915392172586)
30.9759 	EXP 	rot_line_precue: ori = np.float64(267.1043113283854)
30.9841 	EXP 	rot_line_precue: ori = np.float64(267.5452971701703)
30.9926 	EXP 	rot_line_precue: ori = np.float64(268.1493854092579)
31.0009 	EXP 	rot_line_precue: ori = np.float64(268.7375899190476)
31.0091 	EXP 	rot_line_precue: ori = np.float64(269.0344571195025)
31.0176 	EXP 	rot_line_precue: ori = np.float64(269.3534273447722)
31.0262 	EXP 	rot_line_precue: ori = np.float64(269.73805935896246)
31.0342 	EXP 	rot_line_precue: ori = np.float64(270.04026146494357)
31.0429 	EXP 	rot_line_precue: ori = np.float64(270.6817457163596)
31.0517 	EXP 	rot_line_precue: ori = np.float64(271.00704555210626)
31.0596 	EXP 	rot_line_precue: ori = np.float64(271.53690822002636)
31.0680 	EXP 	rot_line_precue: ori = np.float64(271.95468279312246)
31.0760 	EXP 	rot_line_precue: ori = np.float64(272.2552023461618)
31.0846 	EXP 	rot_line_precue: ori = np.float64(272.66924832440657)
31.0928 	EXP 	rot_line_precue: ori = np.float64(273.29639137464676)
31.1011 	EXP 	rot_line_precue: ori = np.float64(273.6234766933004)
31.1093 	EXP 	rot_line_precue: ori = np.float64(273.94422651427965)
31.1176 	EXP 	rot_line_precue: ori = np.float64(274.26428015592523)
31.1259 	EXP 	rot_line_precue: ori = np.float64(274.6709478448516)
31.1342 	EXP 	rot_line_precue: ori = np.float64(275.0558741785863)
31.1425 	EXP 	rot_line_precue: ori = np.float64(275.5024267654574)
31.1509 	EXP 	rot_line_precue: ori = np.float64(275.8900370613946)
31.1592 	EXP 	rot_line_precue: ori = np.float64(276.18725474454266)
31.1675 	EXP 	rot_line_precue: ori = np.float64(276.60973676162695)
31.1760 	EXP 	rot_line_precue: ori = np.float64(277.0253951310728)
31.1849 	EXP 	rot_line_precue: ori = np.float64(277.32330682265757)
31.1925 	EXP 	rot_line_precue: ori = np.float64(277.6418157124428)
31.2010 	EXP 	rot_line_precue: ori = np.float64(278.0279083433341)
31.2093 	EXP 	rot_line_precue: ori = np.float64(278.736502407212)
31.2175 	EXP 	rot_line_precue: ori = np.float64(279.2308266740175)
31.2262 	EXP 	rot_line_precue: ori = np.float64(279.7986512273042)
31.2345 	EXP 	rot_line_precue: ori = np.float64(280.1328233958266)
31.2431 	EXP 	rot_line_precue: ori = np.float64(280.6919523305335)
31.2515 	EXP 	rot_line_precue: ori = np.float64(281.25236901489626)
31.2594 	EXP 	rot_line_precue: ori = np.float64(281.7507823361138)
31.2680 	EXP 	rot_line_precue: ori = np.float64(282.05618806118355)
31.2762 	EXP 	rot_line_precue: ori = np.float64(282.47261144410265)
31.2845 	EXP 	rot_line_precue: ori = np.float64(282.77049648390226)
31.2930 	EXP 	rot_line_precue: ori = np.float64(283.1604700415228)
31.3009 	EXP 	rot_line_precue: ori = np.float64(283.4694780346636)
31.3092 	EXP 	rot_line_precue: ori = np.float64(283.8106640695004)
31.3175 	EXP 	rot_line_precue: ori = np.float64(284.15995428880086)
31.3265 	EXP 	rot_line_precue: ori = np.float64(284.8697854134259)
31.3343 	EXP 	rot_line_precue: ori = np.float64(285.18350148115763)
31.3426 	EXP 	rot_line_precue: ori = np.float64(285.6396810785128)
31.3512 	EXP 	rot_line_precue: ori = np.float64(285.9475039494966)
31.3593 	EXP 	rot_line_precue: ori = np.float64(286.54442175350414)
31.3601 	EXP 	New trial (rep=5, index=14): <Trial 14 (14 in rep 5) data={'pic_name': 'pics/none.JPG', 'class_mi': 'rest', 'thisN': 14, 'thisTrialN': 14, 'thisRepN': 5}>
31.3676 	EXP 	hor_line_precue: autoDraw = False
31.3676 	EXP 	ver_line_precue: autoDraw = False
31.3676 	EXP 	rot_line_precue: autoDraw = False
31.3676 	EXP 	rot_line_precue: ori = np.float64(286.8509637644188)
31.3676 	EXP 	hor_line_precue: autoDraw = False
31.3676 	EXP 	ver_line_precue: autoDraw = False
31.3676 	EXP 	rot_line_precue: autoDraw = False
31.3676 	EXP 	hor_line_precue: autoDraw = True
31.3676 	EXP 	ver_line_precue: autoDraw = True
31.3676 	EXP 	rot_line_precue: autoDraw = True
31.3676 	EXP 	rot_line_precue: ori = np.float64(287.1609727443052)
31.3758 	EXP 	rot_line_precue: ori = np.float64(287.4677205324403)
31.3841 	EXP 	rot_line_precue: ori = np.float64(287.8724191058828)
31.3926 	EXP 	rot_line_precue: ori = np.float64(288.34194344853637)
31.4014 	EXP 	rot_line_precue: ori = np.float64(288.70405083986225)
31.4096 	EXP 	rot_line_precue: ori = np.float64(289.0143114556645)
31.4179 	EXP 	rot_line_precue: ori = np.float64(289.3698109592466)
31.4267 	EXP 	rot_line_precue: ori = np.float64(289.9199657275275)
31.4344 	EXP 	rot_line_precue: ori = np.float64(290.21842414962777)
31.4427 	EXP 	rot_line_precue: ori = np.float64(290.8248698605289)
31.4511 	EXP 	rot_line_precue: ori = np.float64(291.1242946583434)
31.4597 	EXP 	rot_line_precue: ori = np.float64(291.4809265265268)
31.4677 	EXP 	rot_line_precue: ori = np.float64(291.8322962705511)
31.4760 	EXP 	rot_line_precue: ori = np.float64(292.1533058732947)
31.4842 	EXP 	rot_line_precue: ori = np.float64(292.5044046382362)
31.4926 	EXP 	rot_line_precue: ori = np.float64(292.8900325919802)
31.5010 	EXP 	rot_line_precue: ori = np.float64(293.22974757356695)
31.5093 	EXP 	rot_line_precue: ori = np.float64(293.6191287884721)
31.5176 	EXP 	rot_line_precue: ori = np.float64(294.0141344328107)
31.5259 	EXP 	rot_line_precue: ori = np.float64(294.3450108975978)
31.5342 	EXP 	rot_line_precue: ori = np.float64(295.1206163974299)
31.5426 	EXP 	rot_line_precue: ori = np.float64(295.41706181934046)
31.5509 	EXP 	rot_line_precue: ori = np.float64(295.75245727768026)
31.5591 	EXP 	rot_line_precue: ori = np.float64(296.1687503692085)
31.5678 	EXP 	rot_line_precue: ori = np.float64(296.64766450363805)
31.5763 	EXP 	rot_line_precue: ori = np.float64(297.0845839765598)
31.5847 	EXP 	rot_line_precue: ori = np.float64(297.4979340919649)
31.5989 	EXP 	rot_line_precue: ori = np.float64(297.8978179065455)
31.6036 	EXP 	rot_line_precue: ori = np.float64(298.41279495696784)
31.6095 	EXP 	rot_line_precue: ori = np.float64(298.7121263307854)
31.6181 	EXP 	rot_line_precue: ori = np.float64(299.1328248819389)
31.6262 	EXP 	rot_line_precue: ori = np.float64(299.5912184055825)
31.6342 	EXP 	rot_line_precue: ori = np.float64(300.05545634301217)
31.6468 	EXP 	rot_line_precue: ori = np.float64(300.5357038636524)
31.6515 	EXP 	rot_line_precue: ori = np.float64(300.8537762214575)
31.6593 	EXP 	rot_line_precue: ori = np.float64(301.22235464070593)
31.6677 	EXP 	rot_line_precue: ori = np.float64(301.75271154660834)
31.6759 	EXP 	rot_line_precue: ori = np.float64(302.11761674192763)
31.6841 	EXP 	rot_line_precue: ori = np.float64(302.44374016071276)
31.6923 	EXP 	rot_line_precue: ori = np.float64(302.7644873781938)
31.7009 	EXP 	rot_line_precue: ori = np.float64(303.1949768658119)
31.7092 	EXP 	rot_line_precue: ori = np.float64(303.50165218841425)
31.7175 	EXP 	rot_line_precue: ori = np.float64(303.8646571126129)
31.7260 	EXP 	rot_line_precue: ori = np.float64(304.1740791084796)
31.7342 	EXP 	rot_line_precue: ori = np.float64(304.57370623871276)
31.7431 	EXP 	rot_line_precue: ori = np.float64(305.05494124185526)
31.7511 	EXP 	rot_line_precue: ori = np.float64(305.3839964589815)
31.7595 	EXP 	rot_line_precue: ori = np.float64(305.85045509500213)
31.7681 	EXP 	rot_line_precue: ori = np.float64(306.33293185415107)
31.7764 	EXP 	rot_line_precue: ori = np.float64(306.805643747705)
31.7847 	EXP 	rot_line_precue: ori = np.float64(307.13648759561084)
31.7930 	EXP 	rot_line_precue: ori = np.float64(307.62137096399897)
31.8012 	EXP 	rot_line_precue: ori = np.float64(307.94247261199627)
31.8094 	EXP 	rot_line_precue: ori = np.float64(308.4793424614482)
31.8176 	EXP 	rot_line_precue: ori = np.float64(308.787863823933)
31.8261 	EXP 	rot_line_precue: ori = np.float64(309.2632099997135)
31.8344 	EXP 	rot_line_precue: ori = np.float64(309.5918371219401)
31.8426 	EXP 	rot_line_precue: ori = np.float64(310.0192056857316)
31.8509 	EXP 	rot_line_precue: ori = np.float64(310.32780872054497)
31.8596 	EXP 	rot_line_precue: ori = np.float64(311.0769099380856)
31.8676 	EXP 	rot_line_precue: ori = np.float64(311.3872431264221)
31.8768 	EXP 	rot_line_precue: ori = np.float64(311.830576323044)
31.8844 	EXP 	rot_line_precue: ori = np.float64(312.21956449244425)
31.8926 	EXP 	rot_line_precue: ori = np.float64(312.54869311169483)
31.9009 	EXP 	rot_line_precue: ori = np.float64(312.87679604760154)
31.9094 	EXP 	rot_line_precue: ori = np.float64(313.1895358353913)
31.9176 	EXP 	rot_line_precue: ori = np.float64(313.551320828924)
31.9263 	EXP 	rot_line_precue: ori = np.float64(313.99698999466193)
31.9347 	EXP 	rot_line_precue: ori = np.float64(314.37064946072036)
31.9429 	EXP 	rot_line_precue: ori = np.float64(314.9096950424728)
31.9515 	EXP 	rot_line_precue: ori = np.float64(315.24949912835666)
31.9598 	EXP 	rot_line_precue: ori = np.float64(315.60420458982605)
31.9679 	EXP 	rot_line_precue: ori = np.float64(315.9203112367627)
31.9764 	EXP 	rot_line_precue: ori = np.float64(316.32742882719094)
31.9845 	EXP 	rot_line_precue: ori = np.float64(316.6316871618614)
31.9928 	EXP 	rot_line_precue: ori = np.float64(317.08628521627105)
32.0009 	EXP 	rot_line_precue: ori = np.float64(317.40722599243543)
32.0094 	EXP 	rot_line_precue: ori = np.float64(318.1526171406506)
32.0176 	EXP 	rot_line_precue: ori = np.float64(318.4479260101031)
32.0259 	EXP 	rot_line_precue: ori = np.float64(318.82776972146945)
32.0341 	EXP 	rot_line_precue: ori = np.float64(319.1622582762826)
32.0423 	EXP 	rot_line_precue: ori = np.float64(319.76325048875646)
32.0509 	EXP 	rot_line_precue: ori = np.float64(320.17722631208426)
32.0592 	EXP 	rot_line_precue: ori = np.float64(320.5733563189981)
32.0677 	EXP 	rot_line_precue: ori = np.float64(320.890056854342)
32.0758 	EXP 	rot_line_precue: ori = np.float64(321.358417030493)
32.0842 	EXP 	rot_line_precue: ori = np.float64(322.03389342362175)
32.0932 	EXP 	rot_line_precue: ori = np.float64(322.44340177745255)
32.1010 	EXP 	rot_line_precue: ori = np.float64(322.87933116432276)
32.1092 	EXP 	rot_line_precue: ori = np.float64(323.2079212073365)
32.1179 	EXP 	rot_line_precue: ori = np.float64(323.50654563855466)
32.1264 	EXP 	rot_line_precue: ori = np.float64(323.81038526395184)
32.1348 	EXP 	rot_line_precue: ori = np.float64(324.184330039825)
32.1430 	EXP 	rot_line_precue: ori = np.float64(324.6915757006977)
32.1511 	EXP 	rot_line_precue: ori = np.float64(325.34485138849595)
32.1596 	EXP 	rot_line_precue: ori = np.float64(325.83287825883144)
32.1677 	EXP 	rot_line_precue: ori = np.float64(326.1491122259681)
32.1762 	EXP 	rot_line_precue: ori = np.float64(326.4979625531946)
32.1843 	EXP 	rot_line_precue: ori = np.float64(327.1102063085735)
32.1930 	EXP 	rot_line_precue: ori = np.float64(327.4542685793186)
32.2011 	EXP 	rot_line_precue: ori = np.float64(327.7536801237366)
32.2093 	EXP 	rot_line_precue: ori = np.float64(328.1338461047166)
32.2174 	EXP 	rot_line_precue: ori = np.float64(328.4476295881166)
32.2261 	EXP 	rot_line_precue: ori = np.float64(328.925594284371)
32.2343 	EXP 	rot_line_precue: ori = np.float64(329.48441532879224)
32.2425 	EXP 	rot_line_precue: ori = np.float64(329.79013161177085)
32.2510 	EXP 	rot_line_precue: ori = np.float64(330.0926412969059)
32.2600 	EXP 	rot_line_precue: ori = np.float64(330.41220162486803)
32.2676 	EXP 	rot_line_precue: ori = np.float64(330.7565184931595)
32.2765 	EXP 	rot_line_precue: ori = np.float64(331.2368695950102)
32.2843 	EXP 	rot_line_precue: ori = np.float64(331.6686928492309)
32.2933 	EXP 	rot_line_precue: ori = np.float64(332.0696868615194)
32.3012 	EXP 	rot_line_precue: ori = np.float64(332.49645083377317)
32.3095 	EXP 	rot_line_precue: ori = np.float64(333.23258619760503)
32.3181 	EXP 	rot_line_precue: ori = np.float64(333.5533414074616)
32.3264 	EXP 	rot_line_precue: ori = np.float64(333.88544218277235)
32.3344 	EXP 	rot_line_precue: ori = np.float64(334.2077240639472)
32.3431 	EXP 	rot_line_precue: ori = np.float64(334.92712671634604)
32.3513 	EXP 	rot_line_precue: ori = np.float64(335.454779607032)
32.3594 	EXP 	rot_line_precue: ori = np.float64(336.06473764089384)
32.3676 	EXP 	rot_line_precue: ori = np.float64(336.38471507176075)
32.3762 	EXP 	rot_line_precue: ori = np.float64(336.6977654830576)
32.3844 	EXP 	rot_line_precue: ori = np.float64(337.094462296381)
32.3925 	EXP 	rot_line_precue: ori = np.float64(337.41006288416054)
32.4009 	EXP 	rot_line_precue: ori = np.float64(337.8451841748432)
32.4094 	EXP 	rot_line_precue: ori = np.float64(338.1595134129938)
32.4183 	EXP 	rot_line_precue: ori = np.float64(338.55739958977296)
32.4258 	EXP 	rot_line_precue: ori = np.float64(339.0392791425063)
32.4343 	EXP 	rot_line_precue: ori = np.float64(339.42021611467044)
32.4426 	EXP 	rot_line_precue: ori = np.float64(339.92711881444603)
32.4508 	EXP 	rot_line_precue: ori = np.float64(340.3286486667132)
32.4593 	EXP 	rot_line_precue: ori = np.float64(340.6256969346042)
32.4683 	EXP 	rot_line_precue: ori = np.float64(341.18885110573024)
32.4765 	EXP 	rot_line_precue: ori = np.float64(341.5135244524622)
32.4849 	EXP 	rot_line_precue: ori = np.float64(342.01632037897724)
32.4929 	EXP 	rot_line_precue: ori = np.float64(342.32257307060956)
32.5015 	EXP 	rot_line_precue: ori = np.float64(342.6774568544042)
32.5095 	EXP 	rot_line_precue: ori = np.float64(343.2874969121131)
32.5178 	EXP 	rot_line_precue: ori = np.float64(343.87386446598936)
32.5260 	EXP 	rot_line_precue: ori = np.float64(344.26668887760894)
32.5345 	EXP 	rot_line_precue: ori = np.float64(344.64268635560666)
32.5428 	EXP 	rot_line_precue: ori = np.float64(345.3156603086952)
32.5510 	EXP 	rot_line_precue: ori = np.float64(345.6779115585435)
32.5592 	EXP 	rot_line_precue: ori = np.float64(346.2785223636129)
32.5676 	EXP 	rot_line_precue: ori = np.float64(346.59336460952187)
32.5759 	EXP 	rot_line_precue: ori = np.float64(347.0231723070663)
32.5843 	EXP 	rot_line_precue: ori = np.float64(347.3436008291459)
32.5926 	EXP 	rot_line_precue: ori = np.float64(347.73931535699046)
32.6009 	EXP 	rot_line_precue: ori = np.float64(348.13351388752716)
32.6097 	EXP 	rot_line_precue: ori = np.float64(348.5246473184572)
32.6177 	EXP 	rot_line_precue: ori = np.float64(348.9907295710896)
32.6260 	EXP 	rot_line_precue: ori = np.float64(349.29503812584176)
32.6342 	EXP 	rot_line_precue: ori = np.float64(349.9009197062823)
32.6427 	EXP 	rot_line_precue: ori = np.float64(350.3369857590415)
32.6510 	EXP 	rot_line_precue: ori = np.float64(350.8629808333151)
32.6596 	EXP 	rot_line_precue: ori = np.float64(351.1913782715632)
32.6680 	EXP 	rot_line_precue: ori = np.float64(351.72762857861267)
32.6764 	EXP 	rot_line_precue: ori = np.float64(352.0327906961051)
32.6849 	EXP 	rot_line_precue: ori = np.float64(352.5582951696918)
32.6928 	EXP 	rot_line_precue: ori = np.float64(353.01514292769946)
32.7011 	EXP 	rot_line_precue: ori = np.float64(353.39872739367775)
32.7093 	EXP 	rot_line_precue: ori = np.float64(353.7346907570367)
32.7179 	EXP 	rot_line_precue: ori = np.float64(354.0389055272138)
32.7261 	EXP 	rot_line_precue: ori = np.float64(354.4996641845537)
32.7342 	EXP 	rot_line_precue: ori = np.float64(354.85182176228966)
32.7426 	EXP 	rot_line_precue: ori = np.float64(355.43673951253754)
32.7511 	EXP 	rot_line_precue: ori = np.float64(355.910398204399)
32.7592 	EXP 	rot_line_precue: ori = np.float64(356.36114111400167)
32.7675 	EXP 	rot_line_precue: ori = np.float64(356.6743969937202)
32.7764 	EXP 	rot_line_precue: ori = np.float64(356.9977111840251)
32.7843 	EXP 	rot_line_precue: ori = np.float64(357.2957661259299)
32.7933 	EXP 	rot_line_precue: ori = np.float64(357.67571076422854)
32.8010 	EXP 	rot_line_precue: ori = np.float64(358.044431920136)
32.8096 	EXP 	rot_line_precue: ori = np.float64(358.42697252320437)
32.8175 	EXP 	rot_line_precue: ori = np.float64(359.0175222100565)
32.8261 	EXP 	rot_line_precue: ori = np.float64(359.37885535858226)
32.8344 	EXP 	rot_line_precue: ori = np.float64(359.8319132998737)
32.8432 	EXP 	rot_line_precue: ori = np.float64(0.25549143182468015)
32.8514 	EXP 	rot_line_precue: ori = np.float64(0.5588846308559807)
32.8596 	EXP 	rot_line_precue: ori = np.float64(0.8627108007784228)
32.8680 	EXP 	rot_line_precue: ori = np.float64(1.2570582834804611)
32.8763 	EXP 	rot_line_precue: ori = np.float64(1.6015821292148988)
32.8846 	EXP 	rot_line_precue: ori = np.float64(2.186612139370083)
32.8926 	EXP 	rot_line_precue: ori = np.float64(2.741911123401459)
32.9012 	EXP 	rot_line_precue: ori = np.float64(3.1574991529841303)
32.9093 	EXP 	rot_line_precue: ori = np.float64(3.4845667791949118)
32.9175 	EXP 	rot_line_precue: ori = np.float64(3.9597944505956226)
32.9259 	EXP 	rot_line_precue: ori = np.float64(4.288237931527393)
32.9344 	EXP 	rot_line_precue: ori = np.float64(4.609490957926625)
32.9427 	EXP 	rot_line_precue: ori = np.float64(4.981285826343919)
32.9510 	EXP 	rot_line_precue: ori = np.float64(5.287705811470068)
32.9594 	EXP 	rot_line_precue: ori = np.float64(5.595865086078566)
32.9684 	EXP 	rot_line_precue: ori = np.float64(5.962287420075029)
32.9760 	EXP 	rot_line_precue: ori = np.float64(6.323189649514489)
32.9849 	EXP 	rot_line_precue: ori = np.float64(6.964422980068211)
32.9926 	EXP 	rot_line_precue: ori = np.float64(7.487853239754148)
33.0009 	EXP 	rot_line_precue: ori = np.float64(7.868970108774139)
33.0093 	EXP 	rot_line_precue: ori = np.float64(8.229335644664488)
33.0184 	EXP 	rot_line_precue: ori = np.float64(8.553894265854836)
33.0264 	EXP 	rot_line_precue: ori = np.float64(8.878868708964964)
33.0347 	EXP 	rot_line_precue: ori = np.float64(9.292135190717088)
33.0429 	EXP 	rot_line_precue: ori = np.float64(9.614542424121854)
33.0510 	EXP 	rot_line_precue: ori = np.float64(10.03207521068452)
33.0595 	EXP 	rot_line_precue: ori = np.float64(10.395274164377412)
33.0677 	EXP 	rot_line_precue: ori = np.float64(10.964639028920004)
33.0760 	EXP 	rot_line_precue: ori = np.float64(11.635780530318073)
33.0848 	EXP 	rot_line_precue: ori = np.float64(12.099291295540612)
33.0928 	EXP 	rot_line_precue: ori = np.float64(12.453520183261734)
33.1010 	EXP 	rot_line_precue: ori = np.float64(12.758136414831014)
33.1093 	EXP 	rot_line_precue: ori = np.float64(13.081804154178062)
33.1177 	EXP 	rot_line_precue: ori = np.float64(13.409764620491709)
33.1260 	EXP 	rot_line_precue: ori = np.float64(13.922301078242405)
33.1342 	EXP 	rot_line_precue: ori = np.float64(14.477827028537435)
33.1426 	EXP 	rot_line_precue: ori = np.float64(14.853628415523625)
33.1510 	EXP 	rot_line_precue: ori = np.float64(15.243192840382068)
33.1592 	EXP 	rot_line_precue: ori = np.float64(16.02688352500568)
33.1677 	EXP 	rot_line_precue: ori = np.float64(16.37364438088389)
33.1760 	EXP 	rot_line_precue: ori = np.float64(16.724150363257802)
33.1843 	EXP 	rot_line_precue: ori = np.float64(17.041361527738164)
33.1929 	EXP 	rot_line_precue: ori = np.float64(17.51847047566006)
33.2013 	EXP 	rot_line_precue: ori = np.float64(17.876445237899954)
33.2099 	EXP 	rot_line_precue: ori = np.float64(18.221601086180186)
33.2181 	EXP 	rot_line_precue: ori = np.float64(18.654540024578566)
33.2263 	EXP 	rot_line_precue: ori = np.float64(18.954914341271344)
33.2348 	EXP 	rot_line_precue: ori = np.float64(19.43754645777677)
33.2430 	EXP 	rot_line_precue: ori = np.float64(19.78586488569097)
33.2512 	EXP 	rot_line_precue: ori = np.float64(20.092462765089685)
33.2594 	EXP 	rot_line_precue: ori = np.float64(20.494219870543375)
33.2678 	EXP 	rot_line_precue: ori = np.float64(20.812167761333974)
33.2760 	EXP 	rot_line_precue: ori = np.float64(21.138443974008034)
33.2842 	EXP 	rot_line_precue: ori = np.float64(21.45978998307831)
33.2924 	EXP 	rot_line_precue: ori = np.float64(21.841115634812148)
33.3010 	EXP 	rot_line_precue: ori = np.float64(22.147234077021647)
33.3092 	EXP 	rot_line_precue: ori = np.float64(22.565307641314345)
33.3183 	EXP 	rot_line_precue: ori = np.float64(22.878485787504356)
33.3263 	EXP 	rot_line_precue: ori = np.float64(23.182743570146137)
33.3351 	EXP 	rot_line_precue: ori = np.float64(23.520541138961867)
33.3427 	EXP 	rot_line_precue: ori = np.float64(24.103868086470445)
33.3508 	EXP 	rot_line_precue: ori = np.float64(24.734758813593363)
33.3515 	EXP 	New trial (rep=4, index=15): <Trial 15 (15 in rep 4) data={'pic_name': 'pics/feet.JPG', 'class_mi': 'feet', 'thisN': 15, 'thisTrialN': 15, 'thisRepN': 4}>
33.3593 	EXP 	hor_line_precue: autoDraw = False
33.3593 	EXP 	ver_line_precue: autoDraw = False
33.3593 	EXP 	rot_line_precue: autoDraw = False
33.3593 	EXP 	rot_line_precue: ori = np.float64(25.053203641173194)
33.3593 	EXP 	hor_line_precue: autoDraw = False
33.3593 	EXP 	ver_line_precue: autoDraw = False
33.3593 	EXP 	rot_line_precue: autoDraw = False
33.3593 	EXP 	hor_line_precue: autoDraw = True
33.3593 	EXP 	ver_line_precue: autoDraw = True
33.3593 	EXP 	rot_line_precue: autoDraw = True
33.3593 	EXP 	rot_line_precue: ori = np.float64(25.381332065060604)
33.3676 	EXP 	rot_line_precue: ori = np.float64(25.79564222720252)
33.3766 	EXP 	rot_line_precue: ori = np.float64(26.177118503152375)
33.3846 	EXP 	rot_line_precue: ori = np.float64(26.482507467119245)
33.3936 	EXP 	rot_line_precue: ori = np.float64(27.021023107403447)
33.4014 	EXP 	rot_line_precue: ori = np.float64(27.399655156109464)
33.4095 	EXP 	rot_line_precue: ori = np.float64(27.695895772631182)
33.4180 	EXP 	rot_line_precue: ori = np.float64(28.082489863509895)
33.4263 	EXP 	rot_line_precue: ori = np.float64(28.548959186759763)
33.4344 	EXP 	rot_line_precue: ori = np.float64(29.263780870765924)
33.4431 	EXP 	rot_line_precue: ori = np.float64(29.58868475247239)
33.4513 	EXP 	rot_line_precue: ori = np.float64(30.22668902775111)
33.4594 	EXP 	rot_line_precue: ori = np.float64(30.584128159247328)
33.4676 	EXP 	rot_line_precue: ori = np.float64(30.997522535587912)
33.4760 	EXP 	rot_line_precue: ori = np.float64(31.307392032301397)
33.4844 	EXP 	rot_line_precue: ori = np.float64(31.62614855165104)
33.4925 	EXP 	rot_line_precue: ori = np.float64(31.967102535856615)
33.5009 	EXP 	rot_line_precue: ori = np.float64(32.29908555778433)
33.5094 	EXP 	rot_line_precue: ori = np.float64(32.61651607390281)
33.5176 	EXP 	rot_line_precue: ori = np.float64(32.92113979473889)
33.5259 	EXP 	rot_line_precue: ori = np.float64(33.35484313025882)
33.5344 	EXP 	rot_line_precue: ori = np.float64(33.75833434047453)
33.5426 	EXP 	rot_line_precue: ori = np.float64(34.07535549562219)
33.5510 	EXP 	rot_line_precue: ori = np.float64(34.45708766847991)
33.5596 	EXP 	rot_line_precue: ori = np.float64(34.78320731676771)
33.5679 	EXP 	rot_line_precue: ori = np.float64(35.13155079169813)
33.5766 	EXP 	rot_line_precue: ori = np.float64(35.612168074028574)
33.5847 	EXP 	rot_line_precue: ori = np.float64(36.00606419842515)
33.5928 	EXP 	rot_line_precue: ori = np.float64(36.33154702504764)
33.6011 	EXP 	rot_line_precue: ori = np.float64(36.688583413750194)
33.6096 	EXP 	rot_line_precue: ori = np.float64(36.987164906776314)
33.6177 	EXP 	rot_line_precue: ori = np.float64(37.33640645242011)
33.6261 	EXP 	rot_line_precue: ori = np.float64(37.65527423812157)
33.6342 	EXP 	rot_line_precue: ori = np.float64(37.999690153824524)
33.6427 	EXP 	rot_line_precue: ori = np.float64(38.664463363868734)
33.6510 	EXP 	rot_line_precue: ori = np.float64(39.004967854068155)
33.6592 	EXP 	rot_line_precue: ori = np.float64(39.3045225170612)
33.6677 	EXP 	rot_line_precue: ori = np.float64(39.61744409018808)
33.6761 	EXP 	rot_line_precue: ori = np.float64(39.94382916479505)
33.6842 	EXP 	rot_line_precue: ori = np.float64(40.3065503587554)
33.6927 	EXP 	rot_line_precue: ori = np.float64(40.618745998859865)
33.7010 	EXP 	rot_line_precue: ori = np.float64(40.92818580410004)
33.7092 	EXP 	rot_line_precue: ori = np.float64(41.3515999902337)
33.7175 	EXP 	rot_line_precue: ori = np.float64(41.675869696660804)
33.7261 	EXP 	rot_line_precue: ori = np.float64(42.01304702646733)
33.7348 	EXP 	rot_line_precue: ori = np.float64(42.3169433129071)
33.7430 	EXP 	rot_line_precue: ori = np.float64(43.11599581999385)
33.7513 	EXP 	rot_line_precue: ori = np.float64(43.651930960193745)
33.7600 	EXP 	rot_line_precue: ori = np.float64(44.00059225671788)
33.7681 	EXP 	rot_line_precue: ori = np.float64(44.31186095453004)
33.7763 	EXP 	rot_line_precue: ori = np.float64(44.615124358829796)
33.7844 	EXP 	rot_line_precue: ori = np.float64(45.05713867568747)
33.7930 	EXP 	rot_line_precue: ori = np.float64(45.37918548545904)
33.8011 	EXP 	rot_line_precue: ori = np.float64(45.70248793936332)
33.8094 	EXP 	rot_line_precue: ori = np.float64(46.302437989317696)
33.8179 	EXP 	rot_line_precue: ori = np.float64(47.017016658301785)
33.8262 	EXP 	rot_line_precue: ori = np.float64(47.335270892193286)
33.8350 	EXP 	rot_line_precue: ori = np.float64(47.89210517150173)
33.8456 	EXP 	rot_line_precue: ori = np.float64(48.312528736399074)
33.8516 	EXP 	rot_line_precue: ori = np.float64(48.640190397312935)
33.8593 	EXP 	rot_line_precue: ori = np.float64(48.93889152688985)
33.8675 	EXP 	rot_line_precue: ori = np.float64(49.381360793200564)
33.8759 	EXP 	rot_line_precue: ori = np.float64(49.67883975772529)
33.8843 	EXP 	rot_line_precue: ori = np.float64(50.01840067994045)
33.8927 	EXP 	rot_line_precue: ori = np.float64(50.33057259131557)
33.9017 	EXP 	rot_line_precue: ori = np.float64(50.66850848384737)
33.9093 	EXP 	rot_line_precue: ori = np.float64(50.990669230304164)
33.9184 	EXP 	rot_line_precue: ori = np.float64(51.33210267667944)
33.9262 	EXP 	rot_line_precue: ori = np.float64(51.6345693726945)
33.9346 	EXP 	rot_line_precue: ori = np.float64(51.93051591415231)
33.9431 	EXP 	rot_line_precue: ori = np.float64(52.313395145527885)
33.9514 	EXP 	rot_line_precue: ori = np.float64(52.639607509244826)
33.9597 	EXP 	rot_line_precue: ori = np.float64(52.94991246850606)
33.9678 	EXP 	rot_line_precue: ori = np.float64(53.2671288898268)
33.9762 	EXP 	rot_line_precue: ori = np.float64(53.56289031992326)
33.9844 	EXP 	rot_line_precue: ori = np.float64(53.95547443683318)
33.9928 	EXP 	rot_line_precue: ori = np.float64(54.26711179672727)
34.0014 	EXP 	rot_line_precue: ori = np.float64(54.66305744372959)
34.0095 	EXP 	rot_line_precue: ori = np.float64(54.96190276528738)
34.0176 	EXP 	rot_line_precue: ori = np.float64(55.2703610092315)
34.0260 	EXP 	rot_line_precue: ori = np.float64(55.5776360670867)
34.0344 	EXP 	rot_line_precue: ori = np.float64(56.044619867696575)
34.0429 	EXP 	rot_line_precue: ori = np.float64(56.41863761341634)
34.0509 	EXP 	rot_line_precue: ori = np.float64(56.73590726986457)
34.0599 	EXP 	rot_line_precue: ori = np.float64(57.28541323455611)
34.0676 	EXP 	rot_line_precue: ori = np.float64(57.85889343667858)
34.0765 	EXP 	rot_line_precue: ori = np.float64(58.180946997934015)
34.0844 	EXP 	rot_line_precue: ori = np.float64(58.557931141359624)
34.0930 	EXP 	rot_line_precue: ori = np.float64(59.07389354466803)
34.1009 	EXP 	rot_line_precue: ori = np.float64(59.487055684422764)
34.1100 	EXP 	rot_line_precue: ori = np.float64(60.02948540384388)
34.1178 	EXP 	rot_line_precue: ori = np.float64(60.334898458850354)
34.1262 	EXP 	rot_line_precue: ori = np.float64(60.646339148979386)
34.1348 	EXP 	rot_line_precue: ori = np.float64(61.043746632323895)
34.1430 	EXP 	rot_line_precue: ori = np.float64(61.34708415926051)
34.1516 	EXP 	rot_line_precue: ori = np.float64(61.67011829546286)
34.1595 	EXP 	rot_line_precue: ori = np.float64(62.04298430159706)
34.1680 	EXP 	rot_line_precue: ori = np.float64(62.34624873158493)
34.1761 	EXP 	rot_line_precue: ori = np.float64(62.99566537321385)
34.1849 	EXP 	rot_line_precue: ori = np.float64(63.34633531667302)
34.1928 	EXP 	rot_line_precue: ori = np.float64(63.82372547239701)
34.2010 	EXP 	rot_line_precue: ori = np.float64(64.12850839455416)
34.2092 	EXP 	rot_line_precue: ori = np.float64(64.70723226405887)
34.2177 	EXP 	rot_line_precue: ori = np.float64(65.39258218625913)
34.2260 	EXP 	rot_line_precue: ori = np.float64(65.75102087314238)
34.2351 	EXP 	rot_line_precue: ori = np.float64(66.04915513555143)
34.2426 	EXP 	rot_line_precue: ori = np.float64(66.3776358053121)
34.2510 	EXP 	rot_line_precue: ori = np.float64(66.74205011044903)
34.2593 	EXP 	rot_line_precue: ori = np.float64(67.13022782958973)
34.2675 	EXP 	rot_line_precue: ori = np.float64(67.45003233562682)
34.2760 	EXP 	rot_line_precue: ori = np.float64(67.77673697029729)
34.2843 	EXP 	rot_line_precue: ori = np.float64(68.11371453908326)
34.2933 	EXP 	rot_line_precue: ori = np.float64(68.43693590126453)
34.3011 	EXP 	rot_line_precue: ori = np.float64(69.18868368125543)
34.3099 	EXP 	rot_line_precue: ori = np.float64(69.60754590538698)
34.3181 	EXP 	rot_line_precue: ori = np.float64(70.11442517453237)
34.3264 	EXP 	rot_line_precue: ori = np.float64(70.41252330847705)
34.3349 	EXP 	rot_line_precue: ori = np.float64(70.7444950202462)
34.3430 	EXP 	rot_line_precue: ori = np.float64(71.15193380074913)
34.3513 	EXP 	rot_line_precue: ori = np.float64(71.61647202949506)
34.3594 	EXP 	rot_line_precue: ori = np.float64(71.9331188873365)
34.3683 	EXP 	rot_line_precue: ori = np.float64(72.30268095338192)
34.3762 	EXP 	rot_line_precue: ori = np.float64(72.59845226646283)
34.3843 	EXP 	rot_line_precue: ori = np.float64(72.97398381231012)
34.3924 	EXP 	rot_line_precue: ori = np.float64(73.30903423097475)
34.4010 	EXP 	rot_line_precue: ori = np.float64(73.71289293707942)
34.4092 	EXP 	rot_line_precue: ori = np.float64(74.01643721619193)
34.4176 	EXP 	rot_line_precue: ori = np.float64(74.35167413429035)
34.4259 	EXP 	rot_line_precue: ori = np.float64(74.69266347152791)
34.4343 	EXP 	rot_line_precue: ori = np.float64(75.08027197193131)
34.4426 	EXP 	rot_line_precue: ori = np.float64(75.4016214900782)
34.4510 	EXP 	rot_line_precue: ori = np.float64(75.72930134891286)
34.4594 	EXP 	rot_line_precue: ori = np.float64(76.13052471516879)
34.4675 	EXP 	rot_line_precue: ori = np.float64(76.45098561472761)
34.4763 	EXP 	rot_line_precue: ori = np.float64(76.7853550884589)
34.4846 	EXP 	rot_line_precue: ori = np.float64(77.12775316839144)
34.4933 	EXP 	rot_line_precue: ori = np.float64(77.4780335061444)
34.5015 	EXP 	rot_line_precue: ori = np.float64(77.80048734448187)
34.5098 	EXP 	rot_line_precue: ori = np.float64(78.1176856916633)
34.5178 	EXP 	rot_line_precue: ori = np.float64(78.53612621063402)
34.5264 	EXP 	rot_line_precue: ori = np.float64(78.84543639497238)
34.5346 	EXP 	rot_line_precue: ori = np.float64(79.1597936819023)
34.5427 	EXP 	rot_line_precue: ori = np.float64(79.49444108764828)
34.5518 	EXP 	rot_line_precue: ori = np.float64(79.85018438976724)
34.5594 	EXP 	rot_line_precue: ori = np.float64(80.18421026101856)
34.5676 	EXP 	rot_line_precue: ori = np.float64(80.48916840779096)
34.5760 	EXP 	rot_line_precue: ori = np.float64(80.81332131820915)
34.5844 	EXP 	rot_line_precue: ori = np.float64(81.12608324425196)
34.5926 	EXP 	rot_line_precue: ori = np.float64(81.50234271854595)
34.6010 	EXP 	rot_line_precue: ori = np.float64(81.81095258466136)
34.6094 	EXP 	rot_line_precue: ori = np.float64(82.45321398096098)
34.6176 	EXP 	rot_line_precue: ori = np.float64(82.8312871624579)
34.6259 	EXP 	rot_line_precue: ori = np.float64(83.22663221197439)
34.6342 	EXP 	rot_line_precue: ori = np.float64(83.52429182582594)
34.6426 	EXP 	rot_line_precue: ori = np.float64(83.82476632368211)
34.6509 	EXP 	rot_line_precue: ori = np.float64(84.20809460873811)
34.6600 	EXP 	rot_line_precue: ori = np.float64(84.51145166869196)
34.6679 	EXP 	rot_line_precue: ori = np.float64(84.84468531657949)
34.6767 	EXP 	rot_line_precue: ori = np.float64(85.59487057216138)
34.6847 	EXP 	rot_line_precue: ori = np.float64(86.07040543738972)
34.6930 	EXP 	rot_line_precue: ori = np.float64(86.44740553004142)
34.7012 	EXP 	rot_line_precue: ori = np.float64(86.76784483936433)
34.7097 	EXP 	rot_line_precue: ori = np.float64(87.09793046451341)
34.7178 	EXP 	rot_line_precue: ori = np.float64(87.6721817047698)
34.7261 	EXP 	rot_line_precue: ori = np.float64(87.97660508240646)
34.7345 	EXP 	rot_line_precue: ori = np.float64(88.38286597514492)
34.7428 	EXP 	rot_line_precue: ori = np.float64(88.75922824212144)
34.7510 	EXP 	rot_line_precue: ori = np.float64(89.15234722994272)
34.7601 	EXP 	rot_line_precue: ori = np.float64(89.5773796417552)
34.7676 	EXP 	rot_line_precue: ori = np.float64(89.9883416061)
34.7760 	EXP 	rot_line_precue: ori = np.float64(90.45536728475287)
34.7845 	EXP 	rot_line_precue: ori = np.float64(90.95195912839294)
34.7929 	EXP 	rot_line_precue: ori = np.float64(91.33015288084981)
34.8011 	EXP 	rot_line_precue: ori = np.float64(91.62795199367957)
34.8093 	EXP 	rot_line_precue: ori = np.float64(91.94706333830375)
34.8178 	EXP 	rot_line_precue: ori = np.float64(92.53772066517789)
34.8261 	EXP 	rot_line_precue: ori = np.float64(92.94419875275761)
34.8344 	EXP 	rot_line_precue: ori = np.float64(93.26417554258869)
34.8431 	EXP 	rot_line_precue: ori = np.float64(93.55960045807993)
34.8513 	EXP 	rot_line_precue: ori = np.float64(93.8971164573294)
34.8604 	EXP 	rot_line_precue: ori = np.float64(94.52998217204208)
34.8681 	EXP 	rot_line_precue: ori = np.float64(95.00723646896871)
34.8763 	EXP 	rot_line_precue: ori = np.float64(95.33673055653024)
34.8855 	EXP 	rot_line_precue: ori = np.float64(95.67480629084787)
34.8924 	EXP 	rot_line_precue: ori = np.float64(96.0092780872496)
34.9013 	EXP 	rot_line_precue: ori = np.float64(96.36436500339519)
34.9094 	EXP 	rot_line_precue: ori = np.float64(96.7217539651733)
34.9175 	EXP 	rot_line_precue: ori = np.float64(97.03365931180431)
34.9261 	EXP 	rot_line_precue: ori = np.float64(97.35474602500064)
34.9343 	EXP 	rot_line_precue: ori = np.float64(97.65512197498616)
34.9425 	EXP 	rot_line_precue: ori = np.float64(98.17267228553298)
34.9509 	EXP 	rot_line_precue: ori = np.float64(98.67545446744377)
34.9594 	EXP 	rot_line_precue: ori = np.float64(98.97217822807855)
34.9676 	EXP 	rot_line_precue: ori = np.float64(99.28942421110558)
34.9759 	EXP 	rot_line_precue: ori = np.float64(99.76673193511063)
34.9844 	EXP 	rot_line_precue: ori = np.float64(100.12520912375449)
34.9926 	EXP 	rot_line_precue: ori = np.float64(100.4534474628595)
35.0009 	EXP 	rot_line_precue: ori = np.float64(100.75074862872502)
35.0093 	EXP 	rot_line_precue: ori = np.float64(101.34757195295951)
35.0175 	EXP 	rot_line_precue: ori = np.float64(101.76241785400289)
35.0263 	EXP 	rot_line_precue: ori = np.float64(102.17479940594944)
35.0350 	EXP 	rot_line_precue: ori = np.float64(102.49167071244192)
35.0430 	EXP 	rot_line_precue: ori = np.float64(102.81422737265663)
35.0515 	EXP 	rot_line_precue: ori = np.float64(103.29734568209687)
35.0598 	EXP 	rot_line_precue: ori = np.float64(103.61535208546296)
35.0678 	EXP 	rot_line_precue: ori = np.float64(103.97068434090642)
35.0759 	EXP 	rot_line_precue: ori = np.float64(104.29457687337323)
35.0845 	EXP 	rot_line_precue: ori = np.float64(104.60909164344024)
35.0928 	EXP 	rot_line_precue: ori = np.float64(104.91653736776514)
35.1010 	EXP 	rot_line_precue: ori = np.float64(105.32358519895932)
35.1094 	EXP 	rot_line_precue: ori = np.float64(105.74064334251102)
35.1176 	EXP 	rot_line_precue: ori = np.float64(106.37342235089419)
35.1259 	EXP 	rot_line_precue: ori = np.float64(106.98244252634534)
35.1344 	EXP 	rot_line_precue: ori = np.float64(107.75203297721436)
35.1426 	EXP 	rot_line_precue: ori = np.float64(108.45327215483472)
35.1518 	EXP 	rot_line_precue: ori = np.float64(109.16135375334)
35.1593 	EXP 	rot_line_precue: ori = np.float64(109.92470633836729)
35.1677 	EXP 	rot_line_precue: ori = np.float64(110.25305891504554)
35.1760 	EXP 	rot_line_precue: ori = np.float64(110.70333065627722)
35.1843 	EXP 	rot_line_precue: ori = np.float64(111.05805491248853)
35.1927 	EXP 	rot_line_precue: ori = np.float64(111.75758873675089)
35.2010 	EXP 	rot_line_precue: ori = np.float64(112.12870187460501)
35.2093 	EXP 	rot_line_precue: ori = np.float64(112.64430819274135)
35.2180 	EXP 	rot_line_precue: ori = np.float64(113.06313937701113)
35.2263 	EXP 	rot_line_precue: ori = np.float64(113.62248384845739)
35.2349 	EXP 	rot_line_precue: ori = np.float64(113.9483124746555)
35.2430 	EXP 	rot_line_precue: ori = np.float64(114.26100080903235)
35.2512 	EXP 	rot_line_precue: ori = np.float64(114.71798875859774)
35.2593 	EXP 	rot_line_precue: ori = np.float64(115.02593878197378)
35.2680 	EXP 	rot_line_precue: ori = np.float64(115.49396645636392)
35.2763 	EXP 	rot_line_precue: ori = np.float64(115.79807543824941)
35.2849 	EXP 	rot_line_precue: ori = np.float64(116.15673917795944)
35.2930 	EXP 	rot_line_precue: ori = np.float64(116.48060678897009)
35.3012 	EXP 	rot_line_precue: ori = np.float64(116.84853671987814)
35.3094 	EXP 	rot_line_precue: ori = np.float64(117.16702850542359)
35.3178 	EXP 	rot_line_precue: ori = np.float64(117.50844385791746)
35.3260 	EXP 	rot_line_precue: ori = np.float64(117.81785576136075)
35.3343 	EXP 	rot_line_precue: ori = np.float64(118.2070029034986)
35.3434 	EXP 	rot_line_precue: ori = np.float64(118.60055367253246)
35.3443 	EXP 	New trial (rep=5, index=16): <Trial 16 (16 in rep 5) data={'pic_name': 'pics/feet.JPG', 'class_mi': 'feet', 'thisN': 16, 'thisTrialN': 16, 'thisRepN': 5}>
35.3511 	EXP 	hor_line_precue: autoDraw = False
35.3511 	EXP 	ver_line_precue: autoDraw = False
35.3511 	EXP 	rot_line_precue: autoDraw = False
35.3511 	EXP 	rot_line_precue: ori = np.float64(118.9207793779403)
35.3511 	EXP 	hor_line_precue: autoDraw = False
35.3511 	EXP 	ver_line_precue: autoDraw = False
35.3511 	EXP 	rot_line_precue: autoDraw = False
35.3511 	EXP 	hor_line_precue: autoDraw = True
35.3511 	EXP 	ver_line_precue: autoDraw = True
35.3511 	EXP 	rot_line_precue: autoDraw = True
35.3511 	EXP 	rot_line_precue: ori = np.float64(119.23495340285538)
35.3599 	EXP 	rot_line_precue: ori = np.float64(119.57688562426179)
35.3680 	EXP 	rot_line_precue: ori = np.float64(119.89485394344244)
35.3763 	EXP 	rot_line_precue: ori = np.float64(120.26342382650556)
35.3843 	EXP 	rot_line_precue: ori = np.float64(120.64161200571102)
35.3925 	EXP 	rot_line_precue: ori = np.float64(121.1189307224236)
35.4013 	EXP 	rot_line_precue: ori = np.float64(121.83803495288153)
35.4098 	EXP 	rot_line_precue: ori = np.float64(122.15794178855674)
35.4182 	EXP 	rot_line_precue: ori = np.float64(122.47386586162415)
35.4264 	EXP 	rot_line_precue: ori = np.float64(122.90053916296839)
35.4346 	EXP 	rot_line_precue: ori = np.float64(123.28135598755108)
35.4426 	EXP 	rot_line_precue: ori = np.float64(123.60530773342488)
35.4513 	EXP 	rot_line_precue: ori = np.float64(124.0173002811684)
35.4596 	EXP 	rot_line_precue: ori = np.float64(124.3246604003519)
35.4677 	EXP 	rot_line_precue: ori = np.float64(124.86743350175588)
35.4762 	EXP 	rot_line_precue: ori = np.float64(125.50210063259061)
35.4844 	EXP 	rot_line_precue: ori = np.float64(125.85255352598332)
35.4925 	EXP 	rot_line_precue: ori = np.float64(126.19927778586106)
35.5008 	EXP 	rot_line_precue: ori = np.float64(126.56143822671324)
35.5094 	EXP 	rot_line_precue: ori = np.float64(127.05032304912645)
35.5176 	EXP 	rot_line_precue: ori = np.float64(127.40938488618598)
35.5259 	EXP 	rot_line_precue: ori = np.float64(127.7735056574794)
35.5344 	EXP 	rot_line_precue: ori = np.float64(128.14424184153927)
35.5427 	EXP 	rot_line_precue: ori = np.float64(128.55677895948216)
35.5510 	EXP 	rot_line_precue: ori = np.float64(128.93352495236317)
35.5594 	EXP 	rot_line_precue: ori = np.float64(129.26160253200845)
35.5676 	EXP 	rot_line_precue: ori = np.float64(129.9369012022573)
35.5759 	EXP 	rot_line_precue: ori = np.float64(130.25301399279536)
35.5842 	EXP 	rot_line_precue: ori = np.float64(130.58311289497192)
35.5929 	EXP 	rot_line_precue: ori = np.float64(131.20358022125853)
35.6016 	EXP 	rot_line_precue: ori = np.float64(131.95775005504376)
35.6099 	EXP 	rot_line_precue: ori = np.float64(132.57032295532622)
35.6180 	EXP 	rot_line_precue: ori = np.float64(132.87981869616766)
35.6261 	EXP 	rot_line_precue: ori = np.float64(133.23114418714468)
35.6348 	EXP 	rot_line_precue: ori = np.float64(133.7273886085768)
35.6428 	EXP 	rot_line_precue: ori = np.float64(134.03445712157)
35.6515 	EXP 	rot_line_precue: ori = np.float64(134.38684849610857)
35.6594 	EXP 	rot_line_precue: ori = np.float64(134.7129229703273)
35.6677 	EXP 	rot_line_precue: ori = np.float64(135.01548195846436)
35.6760 	EXP 	rot_line_precue: ori = np.float64(135.394686023454)
35.6843 	EXP 	rot_line_precue: ori = np.float64(135.71027976219668)
35.6927 	EXP 	rot_line_precue: ori = np.float64(136.0510071131842)
35.7011 	EXP 	rot_line_precue: ori = np.float64(136.391475294321)
35.7093 	EXP 	rot_line_precue: ori = np.float64(136.6892540251385)
35.7177 	EXP 	rot_line_precue: ori = np.float64(137.00807496051948)
35.7260 	EXP 	rot_line_precue: ori = np.float64(137.31384432922871)
35.7343 	EXP 	rot_line_precue: ori = np.float64(137.76682851904178)
35.7432 	EXP 	rot_line_precue: ori = np.float64(138.0645583999961)
35.7510 	EXP 	rot_line_precue: ori = np.float64(138.40452415759034)
35.7597 	EXP 	rot_line_precue: ori = np.float64(138.7207390718808)
35.7681 	EXP 	rot_line_precue: ori = np.float64(139.04840943786513)
35.7768 	EXP 	rot_line_precue: ori = np.float64(139.4389619161108)
35.7850 	EXP 	rot_line_precue: ori = np.float64(139.7858438310449)
35.7931 	EXP 	rot_line_precue: ori = np.float64(140.15153538591534)
35.8015 	EXP 	rot_line_precue: ori = np.float64(140.60079297396322)
35.8133 	EXP 	rot_line_precue: ori = np.float64(140.92866632112043)
35.8224 	EXP 	rot_line_precue: ori = np.float64(141.22468657011925)
35.8315 	EXP 	rot_line_precue: ori = np.float64(141.7232687401674)
35.8373 	EXP 	rot_line_precue: ori = np.float64(142.04715169774798)
35.8452 	EXP 	rot_line_precue: ori = np.float64(142.59463252348553)
35.8518 	EXP 	rot_line_precue: ori = np.float64(142.97336964569658)
35.8599 	EXP 	rot_line_precue: ori = np.float64(143.2924351414633)
35.8681 	EXP 	rot_line_precue: ori = np.float64(143.6437092044196)
35.8762 	EXP 	rot_line_precue: ori = np.float64(144.01088759896024)
35.8844 	EXP 	rot_line_precue: ori = np.float64(144.51491718082653)
35.8929 	EXP 	rot_line_precue: ori = np.float64(144.89417791944362)
35.9011 	EXP 	rot_line_precue: ori = np.float64(145.37194186832474)
35.9093 	EXP 	rot_line_precue: ori = np.float64(145.6971114191714)
35.9175 	EXP 	rot_line_precue: ori = np.float64(146.1786329483723)
35.9261 	EXP 	rot_line_precue: ori = np.float64(146.6008426938162)
35.9343 	EXP 	rot_line_precue: ori = np.float64(146.9559016480533)
35.9425 	EXP 	rot_line_precue: ori = np.float64(147.49151695435162)
35.9513 	EXP 	rot_line_precue: ori = np.float64(147.92788276706372)
35.9596 	EXP 	rot_line_precue: ori = np.float64(148.24630168491956)
35.9681 	EXP 	rot_line_precue: ori = np.float64(148.6647829075051)
35.9767 	EXP 	rot_line_precue: ori = np.float64(148.99190227133198)
35.9846 	EXP 	rot_line_precue: ori = np.float64(149.5034023416826)
35.9926 	EXP 	rot_line_precue: ori = np.float64(149.89527540941324)
36.0014 	EXP 	rot_line_precue: ori = np.float64(150.19518734497944)
36.0095 	EXP 	rot_line_precue: ori = np.float64(150.6124044252521)
36.0184 	EXP 	rot_line_precue: ori = np.float64(150.9871144569671)
36.0264 	EXP 	rot_line_precue: ori = np.float64(151.29526970715418)
36.0358 	EXP 	rot_line_precue: ori = np.float64(151.88546459063932)
36.0445 	EXP 	rot_line_precue: ori = np.float64(152.18832985197807)
36.0512 	EXP 	rot_line_precue: ori = np.float64(152.5700829017339)
36.0594 	EXP 	rot_line_precue: ori = np.float64(152.87025100221484)
36.0676 	EXP 	rot_line_precue: ori = np.float64(153.19255743755843)
36.0760 	EXP 	rot_line_precue: ori = np.float64(153.5300730601387)
36.0849 	EXP 	rot_line_precue: ori = np.float64(153.8472548264009)
36.0926 	EXP 	rot_line_precue: ori = np.float64(154.37184150679994)
36.1016 	EXP 	rot_line_precue: ori = np.float64(154.67340016004465)
36.1092 	EXP 	rot_line_precue: ori = np.float64(155.0175147114186)
36.1176 	EXP 	rot_line_precue: ori = np.float64(155.33178312342062)
36.1260 	EXP 	rot_line_precue: ori = np.float64(155.97343869675356)
36.1345 	EXP 	rot_line_precue: ori = np.float64(156.444465824943)
36.1429 	EXP 	rot_line_precue: ori = np.float64(157.12514836819548)
36.1515 	EXP 	rot_line_precue: ori = np.float64(157.51210188081103)
36.1600 	EXP 	rot_line_precue: ori = np.float64(157.971625643601)
36.1680 	EXP 	rot_line_precue: ori = np.float64(158.31091724230953)
36.1766 	EXP 	rot_line_precue: ori = np.float64(158.62110100660897)
36.1845 	EXP 	rot_line_precue: ori = np.float64(158.9277247365709)
36.1931 	EXP 	rot_line_precue: ori = np.float64(159.38212692152558)
36.2011 	EXP 	rot_line_precue: ori = np.float64(159.69933068850287)
36.2096 	EXP 	rot_line_precue: ori = np.float64(160.44119402150986)
36.2179 	EXP 	rot_line_precue: ori = np.float64(160.77603613579706)
36.2260 	EXP 	rot_line_precue: ori = np.float64(161.24022803554232)
36.2349 	EXP 	rot_line_precue: ori = np.float64(161.70232021396026)
36.2427 	EXP 	rot_line_precue: ori = np.float64(162.01682502369272)
36.2510 	EXP 	rot_line_precue: ori = np.float64(162.3534288758693)
36.2599 	EXP 	rot_line_precue: ori = np.float64(162.70197558198328)
36.2678 	EXP 	rot_line_precue: ori = np.float64(163.03394346535094)
36.2769 	EXP 	rot_line_precue: ori = np.float64(163.47902915472082)
36.2842 	EXP 	rot_line_precue: ori = np.float64(163.998547475167)
36.2928 	EXP 	rot_line_precue: ori = np.float64(164.6924072189453)
36.3011 	EXP 	rot_line_precue: ori = np.float64(165.1712584655888)
36.3093 	EXP 	rot_line_precue: ori = np.float64(165.47903763726762)
36.3178 	EXP 	rot_line_precue: ori = np.float64(165.80869245440743)
36.3262 	EXP 	rot_line_precue: ori = np.float64(166.256881575544)
36.3350 	EXP 	rot_line_precue: ori = np.float64(166.58062417679596)
36.3432 	EXP 	rot_line_precue: ori = np.float64(166.8861608885644)
36.3514 	EXP 	rot_line_precue: ori = np.float64(167.18879930750114)
36.3594 	EXP 	rot_line_precue: ori = np.float64(167.4859089544991)
36.3679 	EXP 	rot_line_precue: ori = np.float64(167.8252750888083)
36.3762 	EXP 	rot_line_precue: ori = np.float64(168.48125727230575)
36.3849 	EXP 	rot_line_precue: ori = np.float64(168.83768345372195)
36.3932 	EXP 	rot_line_precue: ori = np.float64(169.1420116731297)
36.4013 	EXP 	rot_line_precue: ori = np.float64(169.4522428451421)
36.4094 	EXP 	rot_line_precue: ori = np.float64(169.82483149455445)
36.4179 	EXP 	rot_line_precue: ori = np.float64(170.18252344754484)
36.4258 	EXP 	rot_line_precue: ori = np.float64(170.53613029998579)
36.4344 	EXP 	rot_line_precue: ori = np.float64(170.89131945767005)
36.4426 	EXP 	rot_line_precue: ori = np.float64(171.39856431743863)
36.4511 	EXP 	rot_line_precue: ori = np.float64(171.93339071414513)
36.4593 	EXP 	rot_line_precue: ori = np.float64(172.40610342782935)
36.4676 	EXP 	rot_line_precue: ori = np.float64(172.77672688547486)
36.4762 	EXP 	rot_line_precue: ori = np.float64(173.08554592553764)
36.4844 	EXP 	rot_line_precue: ori = np.float64(173.7235259715555)
36.4927 	EXP 	rot_line_precue: ori = np.float64(174.20183097811938)
36.5011 	EXP 	rot_line_precue: ori = np.float64(174.8696798865925)
36.5095 	EXP 	rot_line_precue: ori = np.float64(175.56354553396616)
36.5181 	EXP 	rot_line_precue: ori = np.float64(175.8780839449835)
36.5264 	EXP 	rot_line_precue: ori = np.float64(176.351037755504)
36.5347 	EXP 	rot_line_precue: ori = np.float64(176.68711682349596)
36.5432 	EXP 	rot_line_precue: ori = np.float64(177.16270472078904)
36.5514 	EXP 	rot_line_precue: ori = np.float64(177.61378496248642)
36.5596 	EXP 	rot_line_precue: ori = np.float64(178.0697661820433)
36.5681 	EXP 	rot_line_precue: ori = np.float64(178.37871267092328)
36.5765 	EXP 	rot_line_precue: ori = np.float64(178.74802039106368)
36.5845 	EXP 	rot_line_precue: ori = np.float64(179.0539574148009)
36.5927 	EXP 	rot_line_precue: ori = np.float64(179.40259698123586)
36.6010 	EXP 	rot_line_precue: ori = np.float64(179.85497679764214)
36.6095 	EXP 	rot_line_precue: ori = np.float64(180.26606073166622)
36.6177 	EXP 	rot_line_precue: ori = np.float64(180.68550211424636)
36.6261 	EXP 	rot_line_precue: ori = np.float64(180.98772529617037)
36.6344 	EXP 	rot_line_precue: ori = np.float64(181.29978585576748)
36.6427 	EXP 	rot_line_precue: ori = np.float64(181.67056776601848)
36.6509 	EXP 	rot_line_precue: ori = np.float64(182.05826251184885)
36.6594 	EXP 	rot_line_precue: ori = np.float64(182.68492635879846)
36.6676 	EXP 	rot_line_precue: ori = np.float64(183.01056382792743)
36.6759 	EXP 	rot_line_precue: ori = np.float64(183.5244780896586)
36.6841 	EXP 	rot_line_precue: ori = np.float64(184.02374289575468)
36.6927 	EXP 	rot_line_precue: ori = np.float64(184.33472254111894)
36.7017 	EXP 	rot_line_precue: ori = np.float64(184.69102381241584)
36.7097 	EXP 	rot_line_precue: ori = np.float64(185.22419624602708)
36.7181 	EXP 	rot_line_precue: ori = np.float64(185.5671021163409)
36.7266 	EXP 	rot_line_precue: ori = np.float64(185.91246092870833)
36.7346 	EXP 	rot_line_precue: ori = np.float64(186.20781875701445)
36.7428 	EXP 	rot_line_precue: ori = np.float64(186.50726733698866)
36.7511 	EXP 	rot_line_precue: ori = np.float64(186.98770627283332)
36.7599 	EXP 	rot_line_precue: ori = np.float64(187.29339674986966)
36.7679 	EXP 	rot_line_precue: ori = np.float64(187.66207953414883)
36.7761 	EXP 	rot_line_precue: ori = np.float64(188.22569635164479)
36.7842 	EXP 	rot_line_precue: ori = np.float64(188.74734711457168)
36.7927 	EXP 	rot_line_precue: ori = np.float64(189.19867672884908)
36.8010 	EXP 	rot_line_precue: ori = np.float64(189.5927330095259)
36.8092 	EXP 	rot_line_precue: ori = np.float64(189.94103598526337)
36.8182 	EXP 	rot_line_precue: ori = np.float64(190.5513847594088)
36.8268 	EXP 	rot_line_precue: ori = np.float64(190.94001253919387)
36.8344 	EXP 	rot_line_precue: ori = np.float64(191.2490868630625)
36.8433 	EXP 	rot_line_precue: ori = np.float64(191.88954491249464)
36.8511 	EXP 	rot_line_precue: ori = np.float64(192.29998931857662)
36.8600 	EXP 	rot_line_precue: ori = np.float64(192.93728253394656)
36.8678 	EXP 	rot_line_precue: ori = np.float64(193.2727727900652)
36.8765 	EXP 	rot_line_precue: ori = np.float64(193.63453027766215)
36.8844 	EXP 	rot_line_precue: ori = np.float64(194.04115149032302)
36.8931 	EXP 	rot_line_precue: ori = np.float64(194.440306426848)
36.9011 	EXP 	rot_line_precue: ori = np.float64(194.87858575549285)
36.9102 	EXP 	rot_line_precue: ori = np.float64(195.23895302764538)
36.9181 	EXP 	rot_line_precue: ori = np.float64(195.59355704099457)
36.9264 	EXP 	rot_line_precue: ori = np.float64(195.91555015580934)
36.9345 	EXP 	rot_line_precue: ori = np.float64(196.66731769143192)
36.9429 	EXP 	rot_line_precue: ori = np.float64(197.13510255073146)
36.9513 	EXP 	rot_line_precue: ori = np.float64(197.64765718238905)
36.9595 	EXP 	rot_line_precue: ori = np.float64(198.0686747625349)
36.9676 	EXP 	rot_line_precue: ori = np.float64(198.50561780501107)
36.9761 	EXP 	rot_line_precue: ori = np.float64(198.97582182761423)
36.9851 	EXP 	rot_line_precue: ori = np.float64(199.55823666862318)
36.9933 	EXP 	rot_line_precue: ori = np.float64(199.87325845711365)
37.0012 	EXP 	rot_line_precue: ori = np.float64(200.17752425600253)
37.0094 	EXP 	rot_line_precue: ori = np.float64(200.5919853817813)
37.0177 	EXP 	rot_line_precue: ori = np.float64(200.8883482080233)
37.0264 	EXP 	rot_line_precue: ori = np.float64(201.24708988486117)
37.0345 	EXP 	rot_line_precue: ori = np.float64(201.58642077538377)
37.0427 	EXP 	rot_line_precue: ori = np.float64(201.89793551594389)
37.0509 	EXP 	rot_line_precue: ori = np.float64(202.23445825218545)
37.0594 	EXP 	rot_line_precue: ori = np.float64(202.60798545617035)
37.0676 	EXP 	rot_line_precue: ori = np.float64(202.94208261292215)
37.0765 	EXP 	rot_line_precue: ori = np.float64(203.2862900963058)
37.0848 	EXP 	rot_line_precue: ori = np.float64(203.601067342339)
37.0929 	EXP 	rot_line_precue: ori = np.float64(204.06784693802445)
37.1017 	EXP 	rot_line_precue: ori = np.float64(204.4603347385523)
37.1096 	EXP 	rot_line_precue: ori = np.float64(204.81350975174325)
37.1181 	EXP 	rot_line_precue: ori = np.float64(205.26711569234183)
37.1279 	EXP 	rot_line_precue: ori = np.float64(205.70381310299095)
37.1368 	EXP 	rot_line_precue: ori = np.float64(206.49912561046568)
37.1436 	EXP 	rot_line_precue: ori = np.float64(206.96487831743036)
37.1514 	EXP 	rot_line_precue: ori = np.float64(207.27235632225438)
37.1594 	EXP 	rot_line_precue: ori = np.float64(207.60541517648332)
37.1676 	EXP 	rot_line_precue: ori = np.float64(207.99518332448204)
37.1761 	EXP 	rot_line_precue: ori = np.float64(208.52190102745007)
37.1844 	EXP 	rot_line_precue: ori = np.float64(209.08805893398508)
37.1926 	EXP 	rot_line_precue: ori = np.float64(209.41368395622135)
37.2010 	EXP 	rot_line_precue: ori = np.float64(209.70919488997723)
37.2095 	EXP 	rot_line_precue: ori = np.float64(210.1435403019031)
37.2177 	EXP 	rot_line_precue: ori = np.float64(210.4889574491902)
37.2261 	EXP 	rot_line_precue: ori = np.float64(210.8100149684369)
37.2345 	EXP 	rot_line_precue: ori = np.float64(211.28251703704007)
37.2427 	EXP 	rot_line_precue: ori = np.float64(211.72734102996804)
37.2510 	EXP 	rot_line_precue: ori = np.float64(212.26424823890855)
37.2596 	EXP 	rot_line_precue: ori = np.float64(212.63176089927626)
37.2681 	EXP 	rot_line_precue: ori = np.float64(212.98957095278362)
37.2763 	EXP 	rot_line_precue: ori = np.float64(213.40371353193223)
37.2850 	EXP 	rot_line_precue: ori = np.float64(213.6990828415312)
37.2929 	EXP 	rot_line_precue: ori = np.float64(214.47382863034653)
37.3011 	EXP 	rot_line_precue: ori = np.float64(214.81923376044853)
37.3097 	EXP 	rot_line_precue: ori = np.float64(215.22088703245447)
37.3181 	EXP 	rot_line_precue: ori = np.float64(215.54494736123533)
37.3262 	EXP 	rot_line_precue: ori = np.float64(215.85290596693133)
37.3344 	EXP 	rot_line_precue: ori = np.float64(216.6550828894693)
37.3351 	EXP 	New trial (rep=6, index=17): <Trial 17 (17 in rep 6) data={'pic_name': 'pics/feet.JPG', 'class_mi': 'feet', 'thisN': 17, 'thisTrialN': 17, 'thisRepN': 6}>
37.3429 	EXP 	hor_line_precue: autoDraw = False
37.3429 	EXP 	ver_line_precue: autoDraw = False
37.3429 	EXP 	rot_line_precue: autoDraw = False
37.3429 	EXP 	rot_line_precue: ori = np.float64(217.3235085538704)
37.3429 	EXP 	hor_line_precue: autoDraw = False
37.3429 	EXP 	ver_line_precue: autoDraw = False
37.3429 	EXP 	rot_line_precue: autoDraw = False
37.3429 	EXP 	hor_line_precue: autoDraw = True
37.3429 	EXP 	ver_line_precue: autoDraw = True
37.3429 	EXP 	rot_line_precue: autoDraw = True
37.3429 	EXP 	rot_line_precue: ori = np.float64(217.64461133030775)
37.3511 	EXP 	rot_line_precue: ori = np.float64(217.9663628105948)
37.3593 	EXP 	rot_line_precue: ori = np.float64(218.41526756969972)
37.3683 	EXP 	rot_line_precue: ori = np.float64(219.0521512258991)
37.3761 	EXP 	rot_line_precue: ori = np.float64(219.34956239164367)
37.3850 	EXP 	rot_line_precue: ori = np.float64(219.86714859247655)
37.3926 	EXP 	rot_line_precue: ori = np.float64(220.22768625457581)
37.4012 	EXP 	rot_line_precue: ori = np.float64(220.6539529085853)
37.4093 	EXP 	rot_line_precue: ori = np.float64(220.9775297283338)
37.4176 	EXP 	rot_line_precue: ori = np.float64(221.30379143358007)
37.4261 	EXP 	rot_line_precue: ori = np.float64(222.0684453975989)
37.4346 	EXP 	rot_line_precue: ori = np.float64(222.45223387697067)
37.4435 	EXP 	rot_line_precue: ori = np.float64(222.75581509298905)
37.4517 	EXP 	rot_line_precue: ori = np.float64(223.11097481332055)
37.4596 	EXP 	rot_line_precue: ori = np.float64(223.55328298582776)
37.4682 	EXP 	rot_line_precue: ori = np.float64(223.9288681795193)
37.4765 	EXP 	rot_line_precue: ori = np.float64(224.2263610428806)
37.4846 	EXP 	rot_line_precue: ori = np.float64(224.54293918859736)
37.4931 	EXP 	rot_line_precue: ori = np.float64(225.03025969289973)
37.5014 	EXP 	rot_line_precue: ori = np.float64(225.4538573928559)
37.5095 	EXP 	rot_line_precue: ori = np.float64(226.21231245218328)
37.5177 	EXP 	rot_line_precue: ori = np.float64(226.5660908658682)
37.5264 	EXP 	rot_line_precue: ori = np.float64(226.96640714813077)
37.5344 	EXP 	rot_line_precue: ori = np.float64(227.29532912446138)
37.5426 	EXP 	rot_line_precue: ori = np.float64(227.76141870990935)
37.5508 	EXP 	rot_line_precue: ori = np.float64(228.0573637427517)
37.5594 	EXP 	rot_line_precue: ori = np.float64(228.3789493903318)
37.5677 	EXP 	rot_line_precue: ori = np.float64(228.71300431435233)
37.5766 	EXP 	rot_line_precue: ori = np.float64(229.14122435695185)
37.5844 	EXP 	rot_line_precue: ori = np.float64(229.46882479797762)
37.5934 	EXP 	rot_line_precue: ori = np.float64(230.10628163021534)
37.6010 	EXP 	rot_line_precue: ori = np.float64(230.5004489679933)
37.6099 	EXP 	rot_line_precue: ori = np.float64(230.8308116358896)
37.6178 	EXP 	rot_line_precue: ori = np.float64(231.20468250985968)
37.6270 	EXP 	rot_line_precue: ori = np.float64(231.6093306109892)
37.6347 	EXP 	rot_line_precue: ori = np.float64(232.0243045184301)
37.6435 	EXP 	rot_line_precue: ori = np.float64(232.32445973961606)
37.6514 	EXP 	rot_line_precue: ori = np.float64(232.64793526976013)
37.6598 	EXP 	rot_line_precue: ori = np.float64(232.97832387802077)
37.6679 	EXP 	rot_line_precue: ori = np.float64(233.34931658549147)
37.6764 	EXP 	rot_line_precue: ori = np.float64(233.66251584441594)
37.6845 	EXP 	rot_line_precue: ori = np.float64(234.00812916125665)
37.6928 	EXP 	rot_line_precue: ori = np.float64(234.32013851538832)
37.7011 	EXP 	rot_line_precue: ori = np.float64(234.69340522907015)
37.7095 	EXP 	rot_line_precue: ori = np.float64(234.99763610583312)
37.7178 	EXP 	rot_line_precue: ori = np.float64(235.29682735238234)
37.7260 	EXP 	rot_line_precue: ori = np.float64(235.59498536743885)
37.7350 	EXP 	rot_line_precue: ori = np.float64(235.94756770520033)
37.7428 	EXP 	rot_line_precue: ori = np.float64(236.29199177208508)
37.7511 	EXP 	rot_line_precue: ori = np.float64(236.7456915822554)
37.7601 	EXP 	rot_line_precue: ori = np.float64(237.08334102188002)
37.7678 	EXP 	rot_line_precue: ori = np.float64(237.3961511899561)
37.7760 	EXP 	rot_line_precue: ori = np.float64(237.76518705536088)
37.7845 	EXP 	rot_line_precue: ori = np.float64(238.30504548718534)
37.7930 	EXP 	rot_line_precue: ori = np.float64(238.6342686824682)
37.8019 	EXP 	rot_line_precue: ori = np.float64(238.9414452267711)
37.8099 	EXP 	rot_line_precue: ori = np.float64(239.4822401178727)
37.8182 	EXP 	rot_line_precue: ori = np.float64(239.83929373879482)
37.8263 	EXP 	rot_line_precue: ori = np.float64(240.27324340199675)
37.8347 	EXP 	rot_line_precue: ori = np.float64(240.5889283272246)
37.8430 	EXP 	rot_line_precue: ori = np.float64(240.91864224558554)
37.8512 	EXP 	rot_line_precue: ori = np.float64(241.29254976671308)
37.8594 	EXP 	rot_line_precue: ori = np.float64(241.65639765383642)
37.8680 	EXP 	rot_line_precue: ori = np.float64(242.0102046678784)
37.8761 	EXP 	rot_line_precue: ori = np.float64(242.30695561234862)
37.8843 	EXP 	rot_line_precue: ori = np.float64(242.75179158869923)
37.8926 	EXP 	rot_line_precue: ori = np.float64(243.07519805017307)
37.9011 	EXP 	rot_line_precue: ori = np.float64(243.45472990907902)
37.9094 	EXP 	rot_line_precue: ori = np.float64(243.778618328719)
37.9176 	EXP 	rot_line_precue: ori = np.float64(244.12495241414607)
37.9261 	EXP 	rot_line_precue: ori = np.float64(244.57475082910068)
37.9350 	EXP 	rot_line_precue: ori = np.float64(245.0536628367447)
37.9423 	EXP 	rot_line_precue: ori = np.float64(245.48590585597427)
37.9512 	EXP 	rot_line_precue: ori = np.float64(245.84427887198032)
37.9595 	EXP 	rot_line_precue: ori = np.float64(246.18126488395333)
37.9678 	EXP 	rot_line_precue: ori = np.float64(246.51614015125227)
37.9764 	EXP 	rot_line_precue: ori = np.float64(247.09249176498517)
37.9852 	EXP 	rot_line_precue: ori = np.float64(247.43915342745996)
37.9932 	EXP 	rot_line_precue: ori = np.float64(248.08005732993115)
38.0017 	EXP 	rot_line_precue: ori = np.float64(248.75327446786343)
38.0095 	EXP 	rot_line_precue: ori = np.float64(249.09864913028613)
38.0177 	EXP 	rot_line_precue: ori = np.float64(249.39669316492757)
38.0263 	EXP 	rot_line_precue: ori = np.float64(249.89306057848162)
38.0345 	EXP 	rot_line_precue: ori = np.float64(250.46573101022415)
38.0427 	EXP 	rot_line_precue: ori = np.float64(250.86052439662592)
38.0511 	EXP 	rot_line_precue: ori = np.float64(251.1882853226674)
38.0595 	EXP 	rot_line_precue: ori = np.float64(251.49727224248113)
38.0676 	EXP 	rot_line_precue: ori = np.float64(251.85173278474852)
38.0760 	EXP 	rot_line_precue: ori = np.float64(252.47645117286788)
38.0844 	EXP 	rot_line_precue: ori = np.float64(252.81838080756168)
38.0927 	EXP 	rot_line_precue: ori = np.float64(253.15814981971596)
38.1009 	EXP 	rot_line_precue: ori = np.float64(253.57131756317173)
38.1094 	EXP 	rot_line_precue: ori = np.float64(253.90170702295976)
38.1177 	EXP 	rot_line_precue: ori = np.float64(254.2572749015419)
38.1259 	EXP 	rot_line_precue: ori = np.float64(254.56071198537825)
38.1355 	EXP 	rot_line_precue: ori = np.float64(254.96408574648808)
38.1432 	EXP 	rot_line_precue: ori = np.float64(255.29295330366273)
38.1517 	EXP 	rot_line_precue: ori = np.float64(255.59601217689334)
38.1599 	EXP 	rot_line_precue: ori = np.float64(256.1668187753821)
38.1684 	EXP 	rot_line_precue: ori = np.float64(256.53131371758525)
38.1767 	EXP 	rot_line_precue: ori = np.float64(256.93467861165925)
38.1846 	EXP 	rot_line_precue: ori = np.float64(257.2894996022923)
38.1930 	EXP 	rot_line_precue: ori = np.float64(257.58517266886525)
38.2016 	EXP 	rot_line_precue: ori = np.float64(258.0923939063438)
38.2098 	EXP 	rot_line_precue: ori = np.float64(258.4039785243037)
38.2178 	EXP 	rot_line_precue: ori = np.float64(258.75074266488883)
38.2259 	EXP 	rot_line_precue: ori = np.float64(259.05209809463406)
38.2341 	EXP 	rot_line_precue: ori = np.float64(259.8295886876746)
38.2426 	EXP 	rot_line_precue: ori = np.float64(260.13353529292766)
38.2510 	EXP 	rot_line_precue: ori = np.float64(260.4458458530111)
38.2592 	EXP 	rot_line_precue: ori = np.float64(260.8031699847089)
38.2677 	EXP 	rot_line_precue: ori = np.float64(261.2312464633351)
38.2760 	EXP 	rot_line_precue: ori = np.float64(261.84031407831236)
38.2843 	EXP 	rot_line_precue: ori = np.float64(262.2919034737367)
38.2927 	EXP 	rot_line_precue: ori = np.float64(263.0673199863263)
38.3010 	EXP 	rot_line_precue: ori = np.float64(263.4152065968229)
38.3099 	EXP 	rot_line_precue: ori = np.float64(263.7559601444201)
38.3178 	EXP 	rot_line_precue: ori = np.float64(264.15268436511417)
38.3263 	EXP 	rot_line_precue: ori = np.float64(264.4679869357797)
38.3349 	EXP 	rot_line_precue: ori = np.float64(264.7901519203716)
38.3431 	EXP 	rot_line_precue: ori = np.float64(265.21053399340974)
38.3512 	EXP 	rot_line_precue: ori = np.float64(265.7196612874251)
38.3593 	EXP 	rot_line_precue: ori = np.float64(266.06858256613447)
38.3679 	EXP 	rot_line_precue: ori = np.float64(266.558009183317)
38.3762 	EXP 	rot_line_precue: ori = np.float64(267.3488157566114)
38.3844 	EXP 	rot_line_precue: ori = np.float64(267.77718469409785)
38.3929 	EXP 	rot_line_precue: ori = np.float64(268.07866231268446)
38.4012 	EXP 	rot_line_precue: ori = np.float64(268.4186206106493)
38.4094 	EXP 	rot_line_precue: ori = np.float64(268.76667042255644)
38.4184 	EXP 	rot_line_precue: ori = np.float64(269.0621303850371)
38.4261 	EXP 	rot_line_precue: ori = np.float64(269.80246975846734)
38.4344 	EXP 	rot_line_precue: ori = np.float64(270.1582835113942)
38.4429 	EXP 	rot_line_precue: ori = np.float64(270.4686038425373)
38.4516 	EXP 	rot_line_precue: ori = np.float64(270.7931778418699)
38.4594 	EXP 	rot_line_precue: ori = np.float64(271.1693221897314)
38.4684 	EXP 	rot_line_precue: ori = np.float64(271.58372503722666)
38.4761 	EXP 	rot_line_precue: ori = np.float64(272.05369049487854)
38.4844 	EXP 	rot_line_precue: ori = np.float64(272.36607349071636)
38.4931 	EXP 	rot_line_precue: ori = np.float64(273.15541961560785)
38.5014 	EXP 	rot_line_precue: ori = np.float64(273.52475513339266)
38.5101 	EXP 	rot_line_precue: ori = np.float64(273.9472833660534)
38.5182 	EXP 	rot_line_precue: ori = np.float64(274.30849934488685)
38.5264 	EXP 	rot_line_precue: ori = np.float64(274.7233971607191)
38.5347 	EXP 	rot_line_precue: ori = np.float64(275.0476319257534)
38.5432 	EXP 	rot_line_precue: ori = np.float64(275.3982762230831)
38.5514 	EXP 	rot_line_precue: ori = np.float64(275.7327153465665)
38.5596 	EXP 	rot_line_precue: ori = np.float64(276.0565556149097)
38.5681 	EXP 	rot_line_precue: ori = np.float64(276.49586019127406)
38.5762 	EXP 	rot_line_precue: ori = np.float64(276.8470869573577)
38.5844 	EXP 	rot_line_precue: ori = np.float64(277.4323878106148)
38.5925 	EXP 	rot_line_precue: ori = np.float64(277.7860549603617)
38.6008 	EXP 	rot_line_precue: ori = np.float64(278.3107262983714)
38.6093 	EXP 	rot_line_precue: ori = np.float64(278.6605994775323)
38.6176 	EXP 	rot_line_precue: ori = np.float64(278.9959269748928)
38.6259 	EXP 	rot_line_precue: ori = np.float64(279.4479518549298)
38.6344 	EXP 	rot_line_precue: ori = np.float64(279.76898354957933)
38.6426 	EXP 	rot_line_precue: ori = np.float64(280.21312662332554)
38.6513 	EXP 	rot_line_precue: ori = np.float64(280.8218912967486)
38.6594 	EXP 	rot_line_precue: ori = np.float64(281.121673615013)
38.6677 	EXP 	rot_line_precue: ori = np.float64(281.5868894656611)
38.6765 	EXP 	rot_line_precue: ori = np.float64(281.9123464248595)
38.6847 	EXP 	rot_line_precue: ori = np.float64(282.2285363046266)
38.6932 	EXP 	rot_line_precue: ori = np.float64(282.6590606217859)
38.7017 	EXP 	rot_line_precue: ori = np.float64(283.07336399700677)
38.7099 	EXP 	rot_line_precue: ori = np.float64(283.5607719382734)
38.7180 	EXP 	rot_line_precue: ori = np.float64(284.19721980622666)
38.7265 	EXP 	rot_line_precue: ori = np.float64(284.5855120939481)
38.7346 	EXP 	rot_line_precue: ori = np.float64(284.91620394136595)
38.7428 	EXP 	rot_line_precue: ori = np.float64(285.21868568533364)
38.7511 	EXP 	rot_line_precue: ori = np.float64(285.5388593216886)
38.7598 	EXP 	rot_line_precue: ori = np.float64(285.8583282342214)
38.7678 	EXP 	rot_line_precue: ori = np.float64(286.1840486903681)
38.7760 	EXP 	rot_line_precue: ori = np.float64(286.491372315632)
38.7843 	EXP 	rot_line_precue: ori = np.float64(287.0862314817803)
38.7928 	EXP 	rot_line_precue: ori = np.float64(287.45921462872076)
38.8010 	EXP 	rot_line_precue: ori = np.float64(288.0242590575507)
38.8102 	EXP 	rot_line_precue: ori = np.float64(288.4268286743004)
38.8178 	EXP 	rot_line_precue: ori = np.float64(288.7421952004008)
38.8260 	EXP 	rot_line_precue: ori = np.float64(289.39890167511714)
38.8350 	EXP 	rot_line_precue: ori = np.float64(289.8501233100901)
38.8428 	EXP 	rot_line_precue: ori = np.float64(290.1472632949553)
38.8518 	EXP 	rot_line_precue: ori = np.float64(290.5931872051374)
38.8594 	EXP 	rot_line_precue: ori = np.float64(290.96985795614444)
38.8681 	EXP 	rot_line_precue: ori = np.float64(291.43356063779225)
38.8763 	EXP 	rot_line_precue: ori = np.float64(291.8147932628871)
38.8849 	EXP 	rot_line_precue: ori = np.float64(292.11199225274584)
38.8930 	EXP 	rot_line_precue: ori = np.float64(292.5742476365585)
38.9011 	EXP 	rot_line_precue: ori = np.float64(292.8708653159921)
38.9099 	EXP 	rot_line_precue: ori = np.float64(293.2349141750275)
38.9180 	EXP 	rot_line_precue: ori = np.float64(293.54096914809946)
38.9263 	EXP 	rot_line_precue: ori = np.float64(294.0191909339922)
38.9346 	EXP 	rot_line_precue: ori = np.float64(294.45841388193594)
38.9427 	EXP 	rot_line_precue: ori = np.float64(294.75969203900485)
38.9512 	EXP 	rot_line_precue: ori = np.float64(295.22820936066773)
38.9594 	EXP 	rot_line_precue: ori = np.float64(295.56324521450836)
38.9683 	EXP 	rot_line_precue: ori = np.float64(295.99994879828864)
38.9762 	EXP 	rot_line_precue: ori = np.float64(296.3963802867908)
38.9844 	EXP 	rot_line_precue: ori = np.float64(296.7360917828107)
38.9934 	EXP 	rot_line_precue: ori = np.float64(297.116092862784)
39.0011 	EXP 	rot_line_precue: ori = np.float64(297.5074969457325)
39.0101 	EXP 	rot_line_precue: ori = np.float64(298.05559488811076)
39.0175 	EXP 	rot_line_precue: ori = np.float64(298.3657762342549)
39.0261 	EXP 	rot_line_precue: ori = np.float64(299.05861794244566)
39.0347 	EXP 	rot_line_precue: ori = np.float64(299.40824787058136)
39.0432 	EXP 	rot_line_precue: ori = np.float64(299.7432223566297)
39.0520 	EXP 	rot_line_precue: ori = np.float64(300.06742870424426)
39.0598 	EXP 	rot_line_precue: ori = np.float64(300.3773357146262)
39.0683 	EXP 	rot_line_precue: ori = np.float64(300.7356936142681)
39.0764 	EXP 	rot_line_precue: ori = np.float64(301.17638917456145)
39.0850 	EXP 	rot_line_precue: ori = np.float64(301.5155260097195)
39.0931 	EXP 	rot_line_precue: ori = np.float64(301.831551416866)
39.1013 	EXP 	rot_line_precue: ori = np.float64(302.2731341053625)
39.1096 	EXP 	rot_line_precue: ori = np.float64(302.59944557743205)
39.1178 	EXP 	rot_line_precue: ori = np.float64(303.07916702054746)
39.1262 	EXP 	rot_line_precue: ori = np.float64(303.38887404297145)
39.1344 	EXP 	rot_line_precue: ori = np.float64(303.9222356668833)
39.1426 	EXP 	rot_line_precue: ori = np.float64(304.2359893397471)
39.1509 	EXP 	rot_line_precue: ori = np.float64(304.7990868817744)
39.1595 	EXP 	rot_line_precue: ori = np.float64(305.28205727031576)
39.1677 	EXP 	rot_line_precue: ori = np.float64(305.5885647399475)
39.1759 	EXP 	rot_line_precue: ori = np.float64(306.1931208534309)
39.1844 	EXP 	rot_line_precue: ori = np.float64(306.5555049594328)
39.1927 	EXP 	rot_line_precue: ori = np.float64(306.864872861715)
39.2011 	EXP 	rot_line_precue: ori = np.float64(307.205659736396)
39.2096 	EXP 	rot_line_precue: ori = np.float64(307.52769953203796)
39.2186 	EXP 	rot_line_precue: ori = np.float64(308.1127389248917)
39.2265 	EXP 	rot_line_precue: ori = np.float64(308.8605386894469)
39.2350 	EXP 	rot_line_precue: ori = np.float64(309.201111746845)
39.2430 	EXP 	rot_line_precue: ori = np.float64(309.63358042878235)
39.2516 	EXP 	rot_line_precue: ori = np.float64(310.13654224596075)
39.2596 	EXP 	rot_line_precue: ori = np.float64(310.6264480204854)
39.2679 	EXP 	rot_line_precue: ori = np.float64(310.95318923541214)
39.2761 	EXP 	rot_line_precue: ori = np.float64(311.2984463781808)
39.2848 	EXP 	rot_line_precue: ori = np.float64(311.5998008612849)
39.2929 	EXP 	rot_line_precue: ori = np.float64(311.92800647334803)
39.3019 	EXP 	rot_line_precue: ori = np.float64(312.43064274507924)
39.3124 	EXP 	rot_line_precue: ori = np.float64(312.75084457932013)
39.3182 	EXP 	rot_line_precue: ori = np.float64(313.05496925953315)
39.3262 	EXP 	rot_line_precue: ori = np.float64(313.5961243962682)
39.3270 	EXP 	New trial (rep=5, index=18): <Trial 18 (18 in rep 5) data={'pic_name': 'pics/left_hand.JPG', 'class_mi': 'left_hand', 'thisN': 18, 'thisTrialN': 18, 'thisRepN': 5}>
39.3346 	EXP 	hor_line_precue: autoDraw = False
39.3346 	EXP 	ver_line_precue: autoDraw = False
39.3346 	EXP 	rot_line_precue: autoDraw = False
39.3346 	EXP 	rot_line_precue: ori = np.float64(314.04782120455286)
39.3346 	EXP 	hor_line_precue: autoDraw = False
39.3346 	EXP 	ver_line_precue: autoDraw = False
39.3346 	EXP 	rot_line_precue: autoDraw = False
39.3346 	EXP 	hor_line_precue: autoDraw = True
39.3346 	EXP 	ver_line_precue: autoDraw = True
39.3346 	EXP 	rot_line_precue: autoDraw = True
39.3346 	EXP 	rot_line_precue: ori = np.float64(314.44012577450616)
39.3429 	EXP 	rot_line_precue: ori = np.float64(314.78044560038336)
39.3514 	EXP 	rot_line_precue: ori = np.float64(315.0932124072396)
39.3597 	EXP 	rot_line_precue: ori = np.float64(315.6531429966027)
39.3680 	EXP 	rot_line_precue: ori = np.float64(315.9698087237011)
39.3770 	EXP 	rot_line_precue: ori = np.float64(316.47878822806564)
39.3844 	EXP 	rot_line_precue: ori = np.float64(316.8338198989218)
39.3932 	EXP 	rot_line_precue: ori = np.float64(317.31924322619676)
39.4014 	EXP 	rot_line_precue: ori = np.float64(317.6273075745547)
39.4100 	EXP 	rot_line_precue: ori = np.float64(318.06246665581955)
39.4182 	EXP 	rot_line_precue: ori = np.float64(318.40044718318745)
39.4268 	EXP 	rot_line_precue: ori = np.float64(319.14371735327103)
39.4347 	EXP 	rot_line_precue: ori = np.float64(319.68492891497766)
39.4429 	EXP 	rot_line_precue: ori = np.float64(320.0158812080205)
39.4513 	EXP 	rot_line_precue: ori = np.float64(320.34037993863615)
39.4594 	EXP 	rot_line_precue: ori = np.float64(320.6557526910632)
39.4680 	EXP 	rot_line_precue: ori = np.float64(321.0913008464991)
39.4763 	EXP 	rot_line_precue: ori = np.float64(321.7511490433084)
39.4844 	EXP 	rot_line_precue: ori = np.float64(322.07995895843493)
39.4926 	EXP 	rot_line_precue: ori = np.float64(322.3865438111665)
39.5012 	EXP 	rot_line_precue: ori = np.float64(322.684705355025)
39.5094 	EXP 	rot_line_precue: ori = np.float64(323.05471145887213)
39.5176 	EXP 	rot_line_precue: ori = np.float64(323.4072583601727)
39.5265 	EXP 	rot_line_precue: ori = np.float64(323.86041554814597)
39.5344 	EXP 	rot_line_precue: ori = np.float64(324.1685856108549)
39.5434 	EXP 	rot_line_precue: ori = np.float64(324.5226292503915)
39.5512 	EXP 	rot_line_precue: ori = np.float64(324.89089958933005)
39.5598 	EXP 	rot_line_precue: ori = np.float64(325.2568594994018)
39.5689 	EXP 	rot_line_precue: ori = np.float64(325.5614936363274)
39.5765 	EXP 	rot_line_precue: ori = np.float64(325.8684780665435)
39.5856 	EXP 	rot_line_precue: ori = np.float64(326.1856474807166)
39.5937 	EXP 	rot_line_precue: ori = np.float64(326.5101834436277)
39.6016 	EXP 	rot_line_precue: ori = np.float64(327.11786483365864)
39.6097 	EXP 	rot_line_precue: ori = np.float64(327.79186618928395)
39.6177 	EXP 	rot_line_precue: ori = np.float64(328.09732442270683)
39.6263 	EXP 	rot_line_precue: ori = np.float64(328.7070428837619)
39.6346 	EXP 	rot_line_precue: ori = np.float64(329.0348526929285)
39.6432 	EXP 	rot_line_precue: ori = np.float64(329.3986952525914)
39.6514 	EXP 	rot_line_precue: ori = np.float64(329.7212022668698)
39.6596 	EXP 	rot_line_precue: ori = np.float64(330.05777305039317)
39.6678 	EXP 	rot_line_precue: ori = np.float64(330.3781514049698)
39.6767 	EXP 	rot_line_precue: ori = np.float64(331.02274744295323)
39.6845 	EXP 	rot_line_precue: ori = np.float64(331.5638598904729)
39.6927 	EXP 	rot_line_precue: ori = np.float64(332.0220043567353)
39.7017 	EXP 	rot_line_precue: ori = np.float64(332.3308738257926)
39.7095 	EXP 	rot_line_precue: ori = np.float64(332.6314923005939)
39.7177 	EXP 	rot_line_precue: ori = np.float64(333.13264643122955)
39.7261 	EXP 	rot_line_precue: ori = np.float64(333.9174421156558)
39.7349 	EXP 	rot_line_precue: ori = np.float64(334.62023528455603)
39.7428 	EXP 	rot_line_precue: ori = np.float64(334.97711990095837)
39.7512 	EXP 	rot_line_precue: ori = np.float64(335.4211370168896)
39.7595 	EXP 	rot_line_precue: ori = np.float64(335.7186792690142)
39.7679 	EXP 	rot_line_precue: ori = np.float64(336.0145460127763)
39.7769 	EXP 	rot_line_precue: ori = np.float64(336.3438962809351)
39.7848 	EXP 	rot_line_precue: ori = np.float64(336.7049907337276)
39.7931 	EXP 	rot_line_precue: ori = np.float64(337.0085704302078)
39.8012 	EXP 	rot_line_precue: ori = np.float64(337.3598996752086)
39.8096 	EXP 	rot_line_precue: ori = np.float64(337.795395305832)
39.8179 	EXP 	rot_line_precue: ori = np.float64(338.49644014951923)
39.8261 	EXP 	rot_line_precue: ori = np.float64(338.8940156873407)
39.8347 	EXP 	rot_line_precue: ori = np.float64(339.20035225771403)
39.8429 	EXP 	rot_line_precue: ori = np.float64(339.8803316716085)
39.8517 	EXP 	rot_line_precue: ori = np.float64(340.30444355951613)
39.8597 	EXP 	rot_line_precue: ori = np.float64(340.67026204470307)
39.8678 	EXP 	rot_line_precue: ori = np.float64(340.9864996674524)
39.8770 	EXP 	rot_line_precue: ori = np.float64(341.5157813040314)
39.8854 	EXP 	rot_line_precue: ori = np.float64(341.903945774751)
39.8929 	EXP 	rot_line_precue: ori = np.float64(342.30781086029583)
39.9012 	EXP 	rot_line_precue: ori = np.float64(342.6618897713412)
39.9093 	EXP 	rot_line_precue: ori = np.float64(342.99935734181685)
39.9176 	EXP 	rot_line_precue: ori = np.float64(343.516728732148)
39.9262 	EXP 	rot_line_precue: ori = np.float64(343.8429707032992)
39.9344 	EXP 	rot_line_precue: ori = np.float64(344.2207726706777)
39.9431 	EXP 	rot_line_precue: ori = np.float64(344.69186937141893)
39.9515 	EXP 	rot_line_precue: ori = np.float64(345.0351465323674)
39.9600 	EXP 	rot_line_precue: ori = np.float64(345.37252351918454)
39.9683 	EXP 	rot_line_precue: ori = np.float64(345.7044991384019)
39.9763 	EXP 	rot_line_precue: ori = np.float64(346.09670347853614)
39.9854 	EXP 	rot_line_precue: ori = np.float64(346.50675076620956)
39.9935 	EXP 	rot_line_precue: ori = np.float64(346.84348956605737)
40.0013 	EXP 	rot_line_precue: ori = np.float64(347.18673667615406)
40.0095 	EXP 	rot_line_precue: ori = np.float64(347.519716543414)
40.0179 	EXP 	rot_line_precue: ori = np.float64(348.0539844293505)
40.0261 	EXP 	rot_line_precue: ori = np.float64(348.4512835560674)
40.0343 	EXP 	rot_line_precue: ori = np.float64(349.2151830835377)
40.0425 	EXP 	rot_line_precue: ori = np.float64(349.63613969912984)
40.0512 	EXP 	rot_line_precue: ori = np.float64(350.2059968215018)
40.0522 	EXP 	Device response: <KeyPress from None: t=40.04510940000182, value=escape, duration=None>
40.0596 	EXP 	rot_line_precue: ori = np.float64(350.5043533359996)
40.0678 	EXP 	rot_line_precue: ori = np.float64(350.8103297153169)
40.0763 	EXP 	rot_line_precue: ori = np.float64(351.20383740631536)
40.0844 	EXP 	rot_line_precue: ori = np.float64(351.5523547073432)
40.0928 	EXP 	rot_line_precue: ori = np.float64(351.87086645316566)
40.1013 	EXP 	rot_line_precue: ori = np.float64(352.2272761723667)
40.1095 	EXP 	rot_line_precue: ori = np.float64(352.73435882375423)
40.1104 	EXP 	Device response: <KeyPress from None: t=40.04510940000182, value=escape, duration=0.06310069999744883>
40.1104 	EXP 	bci_racingteam: status = STOPPED
40.1181 	EXP 	rot_line_precue: ori = np.float64(353.0833000074893)
40.1181 	EXP 	hor_line_precue: autoDraw = False
40.1181 	EXP 	ver_line_precue: autoDraw = False
40.1181 	EXP 	rot_line_precue: autoDraw = False
40.1182 	EXP 	bci_racingteam: status = STOPPED
