3.4522 	WARNING 	Requested an unavailable screen number - using first available.
3.4545 	WARNING 	User requested fullscreen with size [1920 1080], but screen is actually [1707, 1067]. Using actual size
3.7395 	EXP 	Created window1 = Window(allowGUI=False, allowStencil=False, autoLog=True, backendConf=UNKNOWN, backgroundFit=<method-wrapper '__getattribute__' of attributeSetter object at 0x000001CC911A0EE0>, backgroundImage=<method-wrapper '__getattribute__' of attributeSetter object at 0x000001CC911A0E80>, bitsMode=UNKNOWN, blendMode='avg', bpc=(8, 8, 8), color=array([0, 0, 0]), colorSpace='rgb', depthBits=8, fullscr=True, gamma=None, gammaErrorPolicy='raise', infoMsg=UNKNOWN, lms=UNKNOWN, monitor=<psychopy.monitors.calibTools.Monitor object at 0x000001CC913E9BD0>, multiSample=False, name='window1', numSamples=2, pos=[np.float64(0.0), np.float64(0.0)], screen=1, size=array([1707, 1067]), stencilBits=0, stereo=False, title='PsychoPy', units='height', useFBO=True, useRetina=False, viewOri=0.0, viewPos=None, viewScale=None, waitBlanking=True, winType='pyglet')
3.7396 	EXP 	window1: backgroundImage = ''
3.7396 	EXP 	window1: backgroundFit = 'none'
4.2124 	EXP 	window1: Attempting to measure frame rate of screen (1) ...
4.2125 	EXP 	window1: recordFrameIntervals = False
4.2969 	EXP 	window1: recordFrameIntervals = True
5.1302 	EXP 	window1: recordFrameIntervals = False
5.1302 	EXP 	Screen (1) actual frame rate measured at 120.35Hz
8.2868 	EXP 	bci_racingteam: status = STARTED
8.4049 	EXP 	Created text_pre_block = TextStim(__class__=<class 'psychopy.visual.text.TextStim'>, alignHoriz=method-wrapper(...), alignText='center', alignVert=method-wrapper(...), anchorHoriz='center', anchorVert='center', antialias=True, autoDraw=False, autoLog=True, bold=False, color=array([1., 1., 1.]), colorSpace='rgb', contrast=1.0, depth=0.0, draggable=False, flipHoriz=False, flipVert=False, font='Open Sans', fontFiles=[], height=np.float64(0.05), italic=False, languageStyle='LTR', name='text_pre_block', opacity=1, ori=0.0, pos=array([0., 0.]), rgb=UNKNOWN, text='Press any key to start ...', units='height', win=Window(...), wrapWidth=1)
8.4065 	EXP 	Created text_2 = TextStim(__class__=<class 'psychopy.visual.text.TextStim'>, alignHoriz=method-wrapper(...), alignText='center', alignVert=method-wrapper(...), anchorHoriz='center', anchorVert='center', antialias=True, autoDraw=False, autoLog=True, bold=False, color=array([1., 1., 1.]), colorSpace='rgb', contrast=1.0, depth=0.0, draggable=False, flipHoriz=False, flipVert=False, font='Arial', fontFiles=[], height=np.float64(0.05), italic=False, languageStyle='LTR', name='text_2', opacity=1, ori=0.0, pos=array([0., 0.]), rgb=UNKNOWN, text='', units='height', win=Window(...), wrapWidth=1)
8.4098 	EXP 	Created hor_line_precue = Line(__class__=<class 'psychopy.visual.line.Line'>, anchor=('center', 'center'), autoDraw=False, autoLog=True, closeShape=False, color=array([1., 1., 1.]), colorSpace='rgb', contrast=None, depth=0.0, draggable=False, fillColor=array([1, 1, 1]), fillColorSpace='rgb', fillRGB=array([1, 1, 1]), interpolate=True, lineColor=array([1., 1., 1.]), lineColorSpace='rgb', lineRGB=array([1, 1, 1]), lineWidth=5.0, name='hor_line_precue', opacity=1, ori=-45.0, pos=array([0., 0.]), size=array([0.35, 0.35]), units='height', vertices=array([[-0.5, -0.5],
       [ 0.5,  0.5]]), win=Window(...), windingRule=None)
8.4114 	EXP 	Created ver_line_precue = Line(__class__=<class 'psychopy.visual.line.Line'>, anchor=('center', 'center'), autoDraw=False, autoLog=True, closeShape=False, color=array([1., 1., 1.]), colorSpace='rgb', contrast=None, depth=-1.0, draggable=False, fillColor=array([1, 1, 1]), fillColorSpace='rgb', fillRGB=array([1, 1, 1]), interpolate=True, lineColor=array([1., 1., 1.]), lineColorSpace='rgb', lineRGB=array([1, 1, 1]), lineWidth=5.0, name='ver_line_precue', opacity=1, ori=45.0, pos=array([0., 0.]), size=array([0.35, 0.35]), units='height', vertices=array([[-0.5, -0.5],
       [ 0.5,  0.5]]), win=Window(...), windingRule=None)
8.4130 	EXP 	Created rot_line_precue = Line(__class__=<class 'psychopy.visual.line.Line'>, anchor=('center', 'center'), autoDraw=False, autoLog=True, closeShape=False, color=array([1., 1., 1.]), colorSpace='rgb', contrast=None, depth=-2.0, draggable=False, fillColor=array([1, 1, 1]), fillColorSpace='rgb', fillRGB=array([1, 1, 1]), interpolate=True, lineColor=array([1., 1., 1.]), lineColorSpace='rgb', lineRGB=array([1, 1, 1]), lineWidth=5.0, name='rot_line_precue', opacity=1, ori=1.0, pos=array([0., 0.]), size=array([0.35, 0.35]), units='height', vertices=array([[-0.5, -0.5],
       [ 0.5,  0.5]]), win=Window(...), windingRule=None)
8.4173 	EXP 	Created point_left = ShapeStim(__class__=<class 'psychopy.visual.shape.ShapeStim'>, anchor=('center', 'center'), autoDraw=False, autoLog=True, closeShape=True, color=method-wrapper(...), colorSpace='rgb', contrast=None, depth=-4.0, draggable=False, fillColor=array([-1.    , -1.    ,  0.0902]), fillColorSpace='rgb', fillRGB=array([-1.    , -1.    ,  0.0902]), interpolate=True, lineColor=array([-1.    , -1.    ,  0.0902]), lineColorSpace='rgb', lineRGB=array([-1.    , -1.    ,  0.0902]), lineWidth=1.0, name='point_left', opacity=1, ori=0.0, pos=array([-0.25,  0.  ]), size=array([0.02, 0.02]), units='height', vertices=ndarray(...), win=Window(...), windingRule=None)
8.4214 	EXP 	Created point_right = ShapeStim(__class__=<class 'psychopy.visual.shape.ShapeStim'>, anchor=('center', 'center'), autoDraw=False, autoLog=True, closeShape=True, color=method-wrapper(...), colorSpace='rgb', contrast=None, depth=-5.0, draggable=False, fillColor=array([-1.    , -1.    ,  0.0902]), fillColorSpace='rgb', fillRGB=array([-1.    , -1.    ,  0.0902]), interpolate=True, lineColor=array([-1.    , -1.    ,  0.0902]), lineColorSpace='rgb', lineRGB=array([-1.    , -1.    ,  0.0902]), lineWidth=1.0, name='point_right', opacity=1, ori=0.0, pos=array([0.25, 0.  ]), size=array([0.02, 0.02]), units='height', vertices=ndarray(...), win=Window(...), windingRule=None)
8.4247 	EXP 	Created dot_precue = ShapeStim(__class__=<class 'psychopy.visual.shape.ShapeStim'>, anchor=('center', 'center'), autoDraw=False, autoLog=True, closeShape=True, color=method-wrapper(...), colorSpace='rgb', contrast=None, depth=-6.0, draggable=False, fillColor=array([1, 1, 1]), fillColorSpace='rgb', fillRGB=array([1, 1, 1]), interpolate=True, lineColor=array([1., 1., 1.]), lineColorSpace='rgb', lineRGB=array([1, 1, 1]), lineWidth=1.0, name='dot_precue', opacity=1, ori=0.0, pos=array([0., 0.]), size=array([0.02, 0.02]), units='height', vertices=ndarray(...), win=Window(...), windingRule=None)
8.4328 	EXP 	Created text = TextStim(__class__=<class 'psychopy.visual.text.TextStim'>, alignHoriz=method-wrapper(...), alignText='center', alignVert=method-wrapper(...), anchorHoriz='center', anchorVert='center', antialias=True, autoDraw=False, autoLog=True, bold=False, color=array([1., 1., 1.]), colorSpace='rgb', contrast=1.0, depth=0.0, draggable=False, flipHoriz=False, flipVert=False, font='Arial', fontFiles=[], height=np.float64(0.05), italic=False, languageStyle='LTR', name='text', opacity=1, ori=0.0, pos=array([0., 0.]), rgb=UNKNOWN, text='Run Finished', units='height', win=Window(...), wrapWidth=1)
8.4401 	EXP 	Created text_post_run = TextStim(__class__=<class 'psychopy.visual.text.TextStim'>, alignHoriz=method-wrapper(...), alignText='center', alignVert=method-wrapper(...), anchorHoriz='center', anchorVert='center', antialias=True, autoDraw=False, autoLog=True, bold=False, color=array([1., 1., 1.]), colorSpace='rgb', contrast=1.0, depth=0.0, draggable=False, flipHoriz=False, flipVert=False, font='Open Sans', fontFiles=[], height=np.float64(0.05), italic=False, languageStyle='LTR', name='text_post_run', opacity=1, ori=0.0, pos=array([0., 0.]), rgb=UNKNOWN, text='Block Finished. Yuhu!', units='height', win=Window(...), wrapWidth=1)
0.0028 	EXP 	rot_line_precue: ori = 0
0.0078 	EXP 	text_pre_block: autoDraw = True
2.8531 	EXP 	Device response: <KeyPress from None: t=2.8435390000013285, value=space, duration=None>
2.8538 	EXP 	New trial (rep=0, index=0): <Trial 0 (0 in rep 0) data={'thisN': 0, 'thisTrialN': 0, 'thisRepN': 0}>
2.8560 	DATA 	Keypress: space
2.8587 	EXP 	text_pre_block: autoDraw = False
2.8587 	EXP 	text_2: autoDraw = True
2.9077 	EXP 	Device response: <KeyPress from None: t=2.8435390000013285, value=space, duration=0.0584311999991769>
5.8558 	EXP 	Imported classes.csv as conditions, 3 conditions, 2 params
5.8562 	EXP 	New trial (rep=0, index=0): <Trial 0 (0 in rep 0) data={'pic_name': 'pics/feet.JPG', 'class_mi': 'feet', 'thisN': 0, 'thisTrialN': 0, 'thisRepN': 0}>
5.8623 	EXP 	text_2: autoDraw = False
5.8623 	EXP 	text_2: autoDraw = False
5.8623 	EXP 	hor_line_precue: autoDraw = True
5.8623 	EXP 	ver_line_precue: autoDraw = True
5.8623 	EXP 	rot_line_precue: autoDraw = True
5.8623 	EXP 	rot_line_precue: ori = 0.3912266858681545
5.8623 	EXP 	point_left: autoDraw = True
5.8623 	EXP 	point_right: autoDraw = True
5.8623 	EXP 	dot_precue: autoDraw = True
5.8660 	EXP 	rot_line_precue: ori = 0.9172379477140462
5.8735 	EXP 	rot_line_precue: ori = 1.2631959912906678
5.8818 	EXP 	rot_line_precue: ori = 2.0301827481961414
5.8900 	EXP 	rot_line_precue: ori = 2.345155769973287
5.8985 	EXP 	rot_line_precue: ori = 2.67993762672047
5.9068 	EXP 	rot_line_precue: ori = 3.188163645789082
5.9150 	EXP 	rot_line_precue: ori = 3.5366392450099218
5.9233 	EXP 	rot_line_precue: ori = 3.8559887734281384
5.9318 	EXP 	rot_line_precue: ori = 4.4751582835515284
5.9399 	EXP 	rot_line_precue: ori = 5.148389304873786
5.9484 	EXP 	rot_line_precue: ori = 5.653712048369373
5.9571 	EXP 	rot_line_precue: ori = 6.1671874405855895
5.9653 	EXP 	rot_line_precue: ori = 6.53673933038224
5.9738 	EXP 	rot_line_precue: ori = 6.91623795934254
5.9819 	EXP 	rot_line_precue: ori = 7.46917291704668
5.9901 	EXP 	rot_line_precue: ori = 7.836164077076059
5.9982 	EXP 	rot_line_precue: ori = 8.197761103974628
6.0069 	EXP 	rot_line_precue: ori = 8.53054931267312
6.0152 	EXP 	rot_line_precue: ori = 9.099687187655006
6.0234 	EXP 	rot_line_precue: ori = 9.39824846487148
6.0321 	EXP 	rot_line_precue: ori = 9.704945221198258
6.0410 	EXP 	rot_line_precue: ori = 10.3835073657164
6.0483 	EXP 	rot_line_precue: ori = 10.699722513912048
6.0565 	EXP 	rot_line_precue: ori = 11.48769864750826
6.0652 	EXP 	rot_line_precue: ori = 12.051185771758101
6.0734 	EXP 	rot_line_precue: ori = 12.367607808648206
6.0819 	EXP 	rot_line_precue: ori = 12.679954946322987
6.0903 	EXP 	rot_line_precue: ori = 12.984743081791287
6.0984 	EXP 	rot_line_precue: ori = 13.69355519858012
6.1066 	EXP 	rot_line_precue: ori = 13.999693969278413
6.1151 	EXP 	rot_line_precue: ori = 14.577465019533935
6.1235 	EXP 	rot_line_precue: ori = 14.875501882918144
6.1321 	EXP 	rot_line_precue: ori = 15.246375998789935
6.1405 	EXP 	rot_line_precue: ori = 15.548294437697386
6.1485 	EXP 	rot_line_precue: ori = 15.881735240789112
6.1571 	EXP 	rot_line_precue: ori = 16.344623671733906
6.1651 	EXP 	rot_line_precue: ori = 16.669025550604726
6.1734 	EXP 	rot_line_precue: ori = 17.156517861825066
6.1817 	EXP 	rot_line_precue: ori = 17.559713509427553
6.1905 	EXP 	rot_line_precue: ori = 17.857444933741018
6.1987 	EXP 	rot_line_precue: ori = 18.27824958546377
6.2073 	EXP 	rot_line_precue: ori = 18.59923707535134
6.2154 	EXP 	rot_line_precue: ori = 19.30418666302113
6.2234 	EXP 	rot_line_precue: ori = 19.612085649409426
6.2318 	EXP 	rot_line_precue: ori = 20.009034117694693
6.2403 	EXP 	rot_line_precue: ori = 20.566003663580734
6.2485 	EXP 	rot_line_precue: ori = 20.90458668966176
6.2567 	EXP 	rot_line_precue: ori = 21.23719063026852
6.2649 	EXP 	rot_line_precue: ori = 21.748503182922946
6.2733 	EXP 	rot_line_precue: ori = 22.065433533416318
6.2817 	EXP 	rot_line_precue: ori = 22.479850894670804
6.2900 	EXP 	rot_line_precue: ori = 22.85886100755935
6.2984 	EXP 	rot_line_precue: ori = 23.21050748078447
6.3066 	EXP 	rot_line_precue: ori = 23.94349514529849
6.3150 	EXP 	rot_line_precue: ori = 24.320416751403027
6.3236 	EXP 	rot_line_precue: ori = 24.63131334637183
6.3319 	EXP 	rot_line_precue: ori = 25.42573331108086
6.3401 	EXP 	rot_line_precue: ori = 25.783806208963565
6.3486 	EXP 	rot_line_precue: ori = 26.17669472233479
6.3576 	EXP 	rot_line_precue: ori = 26.485402554925976
6.3649 	EXP 	rot_line_precue: ori = 26.89048400267497
6.3737 	EXP 	rot_line_precue: ori = 27.22963457124353
6.3819 	EXP 	rot_line_precue: ori = 27.68562737258849
6.3905 	EXP 	rot_line_precue: ori = 28.047583169361797
6.3986 	EXP 	rot_line_precue: ori = 28.359029208661635
6.4075 	EXP 	rot_line_precue: ori = 28.657081150301813
6.4151 	EXP 	rot_line_precue: ori = 29.21178657986187
6.4236 	EXP 	rot_line_precue: ori = 29.57211132409316
6.4321 	EXP 	rot_line_precue: ori = 30.247625101998317
6.4400 	EXP 	rot_line_precue: ori = 30.543170383109267
6.4482 	EXP 	rot_line_precue: ori = 30.905478199852855
6.4568 	EXP 	rot_line_precue: ori = 31.38145719492316
6.4650 	EXP 	rot_line_precue: ori = 31.697590959764437
6.4733 	EXP 	rot_line_precue: ori = 32.0802679469867
6.4819 	EXP 	rot_line_precue: ori = 32.49090953505615
6.4902 	EXP 	rot_line_precue: ori = 32.81383733281908
6.4987 	EXP 	rot_line_precue: ori = 33.134910783118954
6.5072 	EXP 	rot_line_precue: ori = 33.462372917231264
6.5151 	EXP 	rot_line_precue: ori = 33.83796552074075
6.5232 	EXP 	rot_line_precue: ori = 34.22103304188259
6.5320 	EXP 	rot_line_precue: ori = 34.53567857950272
6.5403 	EXP 	rot_line_precue: ori = 34.86498196669357
6.5490 	EXP 	rot_line_precue: ori = 35.20090374530821
6.5569 	EXP 	rot_line_precue: ori = 35.53994910359321
6.5651 	EXP 	rot_line_precue: ori = 36.136446810082795
6.5733 	EXP 	rot_line_precue: ori = 36.505600841488864
6.5815 	EXP 	rot_line_precue: ori = 36.809616084245434
6.5901 	EXP 	rot_line_precue: ori = 37.15328256152541
6.5983 	EXP 	rot_line_precue: ori = 37.471845208332766
6.6070 	EXP 	rot_line_precue: ori = 37.78570953118991
6.6151 	EXP 	rot_line_precue: ori = 38.09925947808111
6.6233 	EXP 	rot_line_precue: ori = 38.45876574896583
6.6316 	EXP 	rot_line_precue: ori = 39.239847660466694
6.6402 	EXP 	rot_line_precue: ori = 39.55685981717888
6.6484 	EXP 	rot_line_precue: ori = 39.86211822491924
6.6571 	EXP 	rot_line_precue: ori = 40.21833767656943
6.6653 	EXP 	rot_line_precue: ori = 40.549461492737876
6.6735 	EXP 	rot_line_precue: ori = 40.98941265884494
6.6821 	EXP 	rot_line_precue: ori = 41.29408937033161
6.6902 	EXP 	rot_line_precue: ori = 41.60697308307917
6.6986 	EXP 	rot_line_precue: ori = 42.091226160938746
6.7073 	EXP 	rot_line_precue: ori = 42.56875205881488
6.7153 	EXP 	rot_line_precue: ori = 42.88701409356806
6.7236 	EXP 	rot_line_precue: ori = 43.207163959689815
6.7322 	EXP 	rot_line_precue: ori = 43.52020043359427
6.7402 	EXP 	rot_line_precue: ori = 43.82558956245947
6.7490 	EXP 	rot_line_precue: ori = 44.14577753686947
6.7567 	EXP 	rot_line_precue: ori = 44.5396047134375
6.7653 	EXP 	rot_line_precue: ori = 44.90875048152601
6.7735 	EXP 	rot_line_precue: ori = 45.25345650103835
6.7817 	EXP 	rot_line_precue: ori = 45.57058313356111
6.7899 	EXP 	rot_line_precue: ori = 45.912642134923196
6.7984 	EXP 	rot_line_precue: ori = 46.23653669783651
6.8067 	EXP 	rot_line_precue: ori = 46.53971750280994
6.8157 	EXP 	rot_line_precue: ori = 47.307666552192984
6.8234 	EXP 	rot_line_precue: ori = 47.65207250876183
6.8319 	EXP 	rot_line_precue: ori = 48.0477882124373
6.8405 	EXP 	rot_line_precue: ori = 48.393723142835036
6.8486 	EXP 	rot_line_precue: ori = 48.73577145780725
6.8569 	EXP 	rot_line_precue: ori = 49.421372356534654
6.8653 	EXP 	rot_line_precue: ori = 49.798144162640085
6.8743 	EXP 	rot_line_precue: ori = 50.154720053632204
6.8828 	EXP 	rot_line_precue: ori = 50.47939340232256
6.8906 	EXP 	rot_line_precue: ori = 51.11382372722735
6.8987 	EXP 	rot_line_precue: ori = 51.46839910991226
6.9069 	EXP 	rot_line_precue: ori = 51.960744674272796
6.9151 	EXP 	rot_line_precue: ori = 52.34926332580544
6.9235 	EXP 	rot_line_precue: ori = 52.813109454175304
6.9318 	EXP 	rot_line_precue: ori = 53.24966531970649
6.9401 	EXP 	rot_line_precue: ori = 53.55184273144287
6.9482 	EXP 	rot_line_precue: ori = 53.97609191225137
6.9568 	EXP 	rot_line_precue: ori = 54.677428420557796
6.9650 	EXP 	rot_line_precue: ori = 55.35561268939795
6.9733 	EXP 	rot_line_precue: ori = 55.85928134752123
6.9817 	EXP 	rot_line_precue: ori = 56.15771192042219
6.9900 	EXP 	rot_line_precue: ori = 56.4551334491124
6.9983 	EXP 	rot_line_precue: ori = 56.83488333482505
7.0069 	EXP 	rot_line_precue: ori = 57.214799906546396
7.0152 	EXP 	rot_line_precue: ori = 57.73351422319731
7.0239 	EXP 	rot_line_precue: ori = 58.15142097044768
7.0320 	EXP 	rot_line_precue: ori = 58.827958883573196
7.0401 	EXP 	rot_line_precue: ori = 59.145111535860664
7.0488 	EXP 	rot_line_precue: ori = 59.45717258361583
7.0571 	EXP 	rot_line_precue: ori = 59.786795519447935
7.0653 	EXP 	rot_line_precue: ori = 60.263718938863285
7.0739 	EXP 	rot_line_precue: ori = 60.60081902634634
7.0820 	EXP 	rot_line_precue: ori = 61.15877171656299
7.0903 	EXP 	rot_line_precue: ori = 61.45704121300226
7.0984 	EXP 	rot_line_precue: ori = 61.942995962150846
7.1070 	EXP 	rot_line_precue: ori = 62.271238525605376
7.1152 	EXP 	rot_line_precue: ori = 62.580130094903396
7.1234 	EXP 	rot_line_precue: ori = 62.905477675094566
7.1317 	EXP 	rot_line_precue: ori = 63.22972408205378
7.1401 	EXP 	rot_line_precue: ori = 63.53837788601015
7.1483 	EXP 	rot_line_precue: ori = 64.23961496160264
7.1565 	EXP 	rot_line_precue: ori = 64.61569667671144
7.1652 	EXP 	rot_line_precue: ori = 64.93287373254134
7.1734 	EXP 	rot_line_precue: ori = 65.36310738347856
7.1821 	EXP 	rot_line_precue: ori = 65.83274931708284
7.1904 	EXP 	rot_line_precue: ori = 66.23295702296062
7.1986 	EXP 	rot_line_precue: ori = 66.86619163036437
7.2071 	EXP 	rot_line_precue: ori = 67.19031937993951
7.2152 	EXP 	rot_line_precue: ori = 67.68144167882505
7.2239 	EXP 	rot_line_precue: ori = 68.02155404760319
7.2322 	EXP 	rot_line_precue: ori = 68.41981043197458
7.2406 	EXP 	rot_line_precue: ori = 68.8614847902238
7.2486 	EXP 	rot_line_precue: ori = 69.1854478474898
7.2572 	EXP 	rot_line_precue: ori = 69.62112555836218
7.2653 	EXP 	rot_line_precue: ori = 70.14738999357604
7.2735 	EXP 	rot_line_precue: ori = 70.58279423402607
7.2818 	EXP 	rot_line_precue: ori = 71.11848044407921
7.2899 	EXP 	rot_line_precue: ori = 71.42011245424871
7.2984 	EXP 	rot_line_precue: ori = 71.78746720977605
7.3067 	EXP 	rot_line_precue: ori = 72.17614454202834
7.3148 	EXP 	rot_line_precue: ori = 72.51043007441282
7.3233 	EXP 	rot_line_precue: ori = 72.98725690741894
7.3316 	EXP 	rot_line_precue: ori = 73.29648770908581
7.3399 	EXP 	rot_line_precue: ori = 73.71298369173073
7.3485 	EXP 	rot_line_precue: ori = 74.22787799850656
7.3569 	EXP 	rot_line_precue: ori = 74.93823141401916
7.3655 	EXP 	rot_line_precue: ori = 75.3307280628808
7.3736 	EXP 	rot_line_precue: ori = 75.72850164157781
7.3819 	EXP 	rot_line_precue: ori = 76.31799849400011
7.3901 	EXP 	rot_line_precue: ori = 76.81216759158437
7.3985 	EXP 	rot_line_precue: ori = 77.15534582306508
7.4069 	EXP 	rot_line_precue: ori = 77.4522776964533
7.4153 	EXP 	rot_line_precue: ori = 77.92457548501181
7.4238 	EXP 	rot_line_precue: ori = 78.4825911816063
7.4320 	EXP 	rot_line_precue: ori = 79.00531880777866
7.4401 	EXP 	rot_line_precue: ori = 79.30215062625608
7.4486 	EXP 	rot_line_precue: ori = 79.92014352168889
7.4568 	EXP 	rot_line_precue: ori = 80.26922294154446
7.4651 	EXP 	rot_line_precue: ori = 80.62061764372122
7.4736 	EXP 	rot_line_precue: ori = 81.06226431334933
7.4817 	EXP 	rot_line_precue: ori = 81.39503012945116
7.4899 	EXP 	rot_line_precue: ori = 81.9739255782473
7.4982 	EXP 	rot_line_precue: ori = 82.27380199862338
7.5068 	EXP 	rot_line_precue: ori = 82.58296615083842
7.5151 	EXP 	rot_line_precue: ori = 83.06349945052601
7.5238 	EXP 	rot_line_precue: ori = 83.52627949656375
7.5323 	EXP 	rot_line_precue: ori = 83.8236954506287
7.5403 	EXP 	rot_line_precue: ori = 84.14257662628185
7.5488 	EXP 	rot_line_precue: ori = 84.55779967305722
7.5570 	EXP 	rot_line_precue: ori = 84.91942838112708
7.5652 	EXP 	rot_line_precue: ori = 85.37531469862603
7.5734 	EXP 	rot_line_precue: ori = 85.72747366525115
7.5820 	EXP 	rot_line_precue: ori = 86.329343239504
7.5904 	EXP 	rot_line_precue: ori = 86.96897931400812
7.5987 	EXP 	rot_line_precue: ori = 87.27322370299434
7.6071 	EXP 	rot_line_precue: ori = 87.57531400052243
7.6152 	EXP 	rot_line_precue: ori = 87.89072609141465
7.6234 	EXP 	rot_line_precue: ori = 88.2064527180573
7.6319 	EXP 	rot_line_precue: ori = 88.54000094108834
7.6402 	EXP 	rot_line_precue: ori = 89.04930136554961
7.6484 	EXP 	rot_line_precue: ori = 89.43686277028986
7.6567 	EXP 	rot_line_precue: ori = 89.803932039097
7.6650 	EXP 	rot_line_precue: ori = 90.24568793825003
7.6733 	EXP 	rot_line_precue: ori = 90.57041857604933
7.6821 	EXP 	rot_line_precue: ori = 91.0422307287436
7.6902 	EXP 	rot_line_precue: ori = 91.41558175611603
7.6982 	EXP 	rot_line_precue: ori = 91.79507165198704
7.7067 	EXP 	rot_line_precue: ori = 92.40898467547483
7.7154 	EXP 	rot_line_precue: ori = 92.76220750795909
7.7236 	EXP 	rot_line_precue: ori = 93.0577117588026
7.7324 	EXP 	rot_line_precue: ori = 93.52281552463442
7.7410 	EXP 	rot_line_precue: ori = 93.84703150512587
7.7491 	EXP 	rot_line_precue: ori = 94.26644207682209
7.7573 	EXP 	rot_line_precue: ori = 94.5880645580296
7.7655 	EXP 	rot_line_precue: ori = 94.96479309025287
7.7736 	EXP 	rot_line_precue: ori = 95.59126859811109
7.7823 	EXP 	rot_line_precue: ori = 95.90630384125035
7.7903 	EXP 	rot_line_precue: ori = 96.24577569309234
7.7985 	EXP 	rot_line_precue: ori = 96.57092277909697
7.8068 	EXP 	rot_line_precue: ori = 96.89155576991314
7.8153 	EXP 	rot_line_precue: ori = 97.31890959774849
7.8235 	EXP 	rot_line_precue: ori = 98.11007007696404
7.8318 	EXP 	rot_line_precue: ori = 98.75100191334067
7.8400 	EXP 	rot_line_precue: ori = 99.0683235087323
7.8485 	EXP 	rot_line_precue: ori = 99.49161133519947
7.8495 	EXP 	New trial (rep=0, index=1): <Trial 1 (1 in rep 0) data={'pic_name': 'pics/none.JPG', 'class_mi': 'rest', 'thisN': 1, 'thisTrialN': 1, 'thisRepN': 0}>
7.8568 	EXP 	hor_line_precue: autoDraw = False
7.8568 	EXP 	ver_line_precue: autoDraw = False
7.8568 	EXP 	rot_line_precue: autoDraw = False
7.8568 	EXP 	rot_line_precue: ori = 100.12914923924092
7.8568 	EXP 	point_left: autoDraw = False
7.8568 	EXP 	point_right: autoDraw = False
7.8568 	EXP 	dot_precue: autoDraw = False
7.8568 	EXP 	hor_line_precue: autoDraw = False
7.8568 	EXP 	ver_line_precue: autoDraw = False
7.8568 	EXP 	rot_line_precue: autoDraw = False
7.8568 	EXP 	point_left: autoDraw = False
7.8568 	EXP 	point_right: autoDraw = False
7.8568 	EXP 	dot_precue: autoDraw = False
7.8568 	EXP 	hor_line_precue: autoDraw = True
7.8568 	EXP 	ver_line_precue: autoDraw = True
7.8568 	EXP 	rot_line_precue: autoDraw = True
7.8568 	EXP 	rot_line_precue: ori = 100.68851739703992
7.8568 	EXP 	point_left: autoDraw = True
7.8568 	EXP 	point_right: autoDraw = True
7.8568 	EXP 	dot_precue: autoDraw = True
7.8651 	EXP 	rot_line_precue: ori = 101.00051326365384
7.8735 	EXP 	rot_line_precue: ori = 101.29666536400705
7.8819 	EXP 	rot_line_precue: ori = 101.59882908608454
7.8905 	EXP 	rot_line_precue: ori = 101.9339319659736
7.8984 	EXP 	rot_line_precue: ori = 102.28268417758949
7.9069 	EXP 	rot_line_precue: ori = 102.95424792534246
7.9151 	EXP 	rot_line_precue: ori = 103.33298005855154
7.9237 	EXP 	rot_line_precue: ori = 103.72971178518364
7.9320 	EXP 	rot_line_precue: ori = 104.10123458692507
7.9402 	EXP 	rot_line_precue: ori = 104.40759629792629
7.9487 	EXP 	rot_line_precue: ori = 104.77366580562025
7.9570 	EXP 	rot_line_precue: ori = 105.30634890045829
7.9651 	EXP 	rot_line_precue: ori = 105.66853792348623
7.9732 	EXP 	rot_line_precue: ori = 106.0025970851636
7.9818 	EXP 	rot_line_precue: ori = 106.50082414023571
7.9901 	EXP 	rot_line_precue: ori = 106.8295946076885
7.9984 	EXP 	rot_line_precue: ori = 107.13204159404025
8.0068 	EXP 	rot_line_precue: ori = 107.49192437711262
8.0151 	EXP 	rot_line_precue: ori = 107.82598300686539
8.0233 	EXP 	rot_line_precue: ori = 108.36153323914971
8.0327 	EXP 	rot_line_precue: ori = 108.77141296296789
8.0400 	EXP 	rot_line_precue: ori = 109.18260123055757
8.0483 	EXP 	rot_line_precue: ori = 109.48793732153747
8.0571 	EXP 	rot_line_precue: ori = 109.8151749796722
8.0653 	EXP 	rot_line_precue: ori = 110.3365318659532
8.0734 	EXP 	rot_line_precue: ori = 110.65367787857859
8.0820 	EXP 	rot_line_precue: ori = 111.42063189621693
8.0908 	EXP 	rot_line_precue: ori = 112.082008628467
8.0989 	EXP 	rot_line_precue: ori = 112.798328299447
8.1073 	EXP 	rot_line_precue: ori = 113.26410957306149
8.1154 	EXP 	rot_line_precue: ori = 113.62626752720689
8.1234 	EXP 	rot_line_precue: ori = 113.96054174135956
8.1319 	EXP 	rot_line_precue: ori = 114.29366191570438
8.1409 	EXP 	rot_line_precue: ori = 114.75105221177635
8.1484 	EXP 	rot_line_precue: ori = 115.09255306610876
8.1570 	EXP 	rot_line_precue: ori = 115.43327889042749
8.1652 	EXP 	rot_line_precue: ori = 115.8551350419793
8.1733 	EXP 	rot_line_precue: ori = 116.34759908727499
8.1817 	EXP 	rot_line_precue: ori = 116.69871332211416
8.1902 	EXP 	rot_line_precue: ori = 117.13216594416303
8.1983 	EXP 	rot_line_precue: ori = 117.45048249684014
8.2066 	EXP 	rot_line_precue: ori = 118.23918285219501
8.2151 	EXP 	rot_line_precue: ori = 118.55626768831131
8.2236 	EXP 	rot_line_precue: ori = 118.89194474268176
8.2324 	EXP 	rot_line_precue: ori = 119.36184322863521
8.2403 	EXP 	rot_line_precue: ori = 119.72390727925985
8.2487 	EXP 	rot_line_precue: ori = 120.07282111195772
8.2568 	EXP 	rot_line_precue: ori = 120.36867993463852
8.2655 	EXP 	rot_line_precue: ori = 120.83194220357667
8.2737 	EXP 	rot_line_precue: ori = 121.1376046856532
8.2822 	EXP 	rot_line_precue: ori = 121.45888666439672
8.2912 	EXP 	rot_line_precue: ori = 121.89796573687472
8.2986 	EXP 	rot_line_precue: ori = 122.48210789693799
8.3068 	EXP 	rot_line_precue: ori = 122.8686677004438
8.3161 	EXP 	rot_line_precue: ori = 123.56282831137844
8.3241 	EXP 	rot_line_precue: ori = 123.95323147110227
8.3318 	EXP 	rot_line_precue: ori = 124.28338472416691
8.3400 	EXP 	rot_line_precue: ori = 124.77513511960126
8.3483 	EXP 	rot_line_precue: ori = 125.10841908657412
8.3567 	EXP 	rot_line_precue: ori = 125.45557771048864
8.3649 	EXP 	rot_line_precue: ori = 125.87333070032767
8.3734 	EXP 	rot_line_precue: ori = 126.19860165417991
8.3816 	EXP 	rot_line_precue: ori = 126.61172075204692
8.3900 	EXP 	rot_line_precue: ori = 126.94989587469001
8.3990 	EXP 	rot_line_precue: ori = 127.29432202375818
8.4069 	EXP 	rot_line_precue: ori = 127.67985968198975
8.4155 	EXP 	rot_line_precue: ori = 127.98494559528122
8.4238 	EXP 	rot_line_precue: ori = 128.31978334480104
8.4320 	EXP 	rot_line_precue: ori = 128.84155967901663
8.4405 	EXP 	rot_line_precue: ori = 129.578496056722
8.4495 	EXP 	rot_line_precue: ori = 130.14207597871152
8.4569 	EXP 	rot_line_precue: ori = 130.64558654212314
8.4657 	EXP 	rot_line_precue: ori = 130.96617109554
8.4737 	EXP 	rot_line_precue: ori = 131.3388085534604
8.4825 	EXP 	rot_line_precue: ori = 131.65533581254613
8.4901 	EXP 	rot_line_precue: ori = 132.38736962299978
8.4990 	EXP 	rot_line_precue: ori = 132.72184070621412
8.5069 	EXP 	rot_line_precue: ori = 133.03426540056395
8.5150 	EXP 	rot_line_precue: ori = 133.49244773955215
8.5233 	EXP 	rot_line_precue: ori = 133.84676346232536
8.5327 	EXP 	rot_line_precue: ori = 134.62115029805838
8.5400 	EXP 	rot_line_precue: ori = 135.06087398146212
8.5484 	EXP 	rot_line_precue: ori = 135.36075860821964
8.5569 	EXP 	rot_line_precue: ori = 135.70182349974587
8.5651 	EXP 	rot_line_precue: ori = 136.022694238885
8.5734 	EXP 	rot_line_precue: ori = 136.33040243668106
8.5820 	EXP 	rot_line_precue: ori = 136.6598824062614
8.5903 	EXP 	rot_line_precue: ori = 137.00500785452712
8.5988 	EXP 	rot_line_precue: ori = 137.30333761967108
8.6077 	EXP 	rot_line_precue: ori = 137.72864656481812
8.6151 	EXP 	rot_line_precue: ori = 138.40198626626554
8.6240 	EXP 	rot_line_precue: ori = 139.10507514472835
8.6321 	EXP 	rot_line_precue: ori = 139.47282739869812
8.6405 	EXP 	rot_line_precue: ori = 139.8025212765042
8.6484 	EXP 	rot_line_precue: ori = 140.18571586768374
8.6570 	EXP 	rot_line_precue: ori = 140.52153320028185
8.6651 	EXP 	rot_line_precue: ori = 140.93323049417066
8.6734 	EXP 	rot_line_precue: ori = 141.26406368866813
8.6821 	EXP 	rot_line_precue: ori = 141.56253183621035
8.6902 	EXP 	rot_line_precue: ori = 141.9682045206083
8.6984 	EXP 	rot_line_precue: ori = 142.49645110939375
8.7067 	EXP 	rot_line_precue: ori = 142.80739502811505
8.7151 	EXP 	rot_line_precue: ori = 143.13873364122938
8.7234 	EXP 	rot_line_precue: ori = 143.46118929182782
8.7317 	EXP 	rot_line_precue: ori = 143.78272701799696
8.7401 	EXP 	rot_line_precue: ori = 144.10626446460512
8.7486 	EXP 	rot_line_precue: ori = 144.41116478666132
8.7571 	EXP 	rot_line_precue: ori = 144.77755605721904
8.7655 	EXP 	rot_line_precue: ori = 145.1405066946937
8.7736 	EXP 	rot_line_precue: ori = 145.44050237548598
8.7822 	EXP 	rot_line_precue: ori = 145.763437362092
8.7912 	EXP 	rot_line_precue: ori = 146.1783792518523
8.7985 	EXP 	rot_line_precue: ori = 146.48768797578154
8.8073 	EXP 	rot_line_precue: ori = 147.19279781601864
8.8154 	EXP 	rot_line_precue: ori = 147.49745676741242
8.8234 	EXP 	rot_line_precue: ori = 147.85265338222598
8.8318 	EXP 	rot_line_precue: ori = 148.2044284857267
8.8403 	EXP 	rot_line_precue: ori = 148.6705619298872
8.8486 	EXP 	rot_line_precue: ori = 149.2022402694039
8.8567 	EXP 	rot_line_precue: ori = 149.69384784768215
8.8651 	EXP 	rot_line_precue: ori = 150.3774483092219
8.8734 	EXP 	rot_line_precue: ori = 150.86974914793308
8.8817 	EXP 	rot_line_precue: ori = 151.22039685611793
8.8907 	EXP 	rot_line_precue: ori = 151.54301337562106
8.8984 	EXP 	rot_line_precue: ori = 152.13868037811486
8.9068 	EXP 	rot_line_precue: ori = 152.90015728821632
8.9156 	EXP 	rot_line_precue: ori = 153.46343116950257
8.9235 	EXP 	rot_line_precue: ori = 153.76034629772178
8.9320 	EXP 	rot_line_precue: ori = 154.07522433618493
8.9406 	EXP 	rot_line_precue: ori = 154.41633736625693
8.9486 	EXP 	rot_line_precue: ori = 154.7168711358619
8.9570 	EXP 	rot_line_precue: ori = 155.05296083228603
8.9656 	EXP 	rot_line_precue: ori = 155.35587676334396
8.9738 	EXP 	rot_line_precue: ori = 155.7789756639943
8.9821 	EXP 	rot_line_precue: ori = 156.18097888162632
8.9906 	EXP 	rot_line_precue: ori = 156.52629652267714
8.9987 	EXP 	rot_line_precue: ori = 156.92774313741188
9.0081 	EXP 	rot_line_precue: ori = 157.22685828955002
9.0149 	EXP 	rot_line_precue: ori = 157.60888527879894
9.0236 	EXP 	rot_line_precue: ori = 157.91469717326828
9.0318 	EXP 	rot_line_precue: ori = 158.3403766280566
9.0401 	EXP 	rot_line_precue: ori = 159.0282605269026
9.0482 	EXP 	rot_line_precue: ori = 159.36535489253467
9.0568 	EXP 	rot_line_precue: ori = 160.11254768569484
9.0656 	EXP 	rot_line_precue: ori = 160.42322290029466
9.0733 	EXP 	rot_line_precue: ori = 160.7645939728695
9.0818 	EXP 	rot_line_precue: ori = 161.1017705493363
9.0900 	EXP 	rot_line_precue: ori = 161.4163942328657
9.0983 	EXP 	rot_line_precue: ori = 161.72136721769036
9.1069 	EXP 	rot_line_precue: ori = 162.0438408490577
9.1153 	EXP 	rot_line_precue: ori = 162.44421737942312
9.1239 	EXP 	rot_line_precue: ori = 162.9199037599807
9.1324 	EXP 	rot_line_precue: ori = 163.34833039465943
9.1403 	EXP 	rot_line_precue: ori = 163.6543864155023
9.1496 	EXP 	rot_line_precue: ori = 163.97692620473592
9.1578 	EXP 	rot_line_precue: ori = 164.3056600027946
9.1651 	EXP 	rot_line_precue: ori = 164.6983779305332
9.1741 	EXP 	rot_line_precue: ori = 165.1162383478729
9.1819 	EXP 	rot_line_precue: ori = 165.43531695148198
9.1903 	EXP 	rot_line_precue: ori = 165.82597793611723
9.1984 	EXP 	rot_line_precue: ori = 166.143149498569
9.2071 	EXP 	rot_line_precue: ori = 166.6412067572798
9.2151 	EXP 	rot_line_precue: ori = 166.94239470807852
9.2235 	EXP 	rot_line_precue: ori = 167.38392699117216
9.2318 	EXP 	rot_line_precue: ori = 167.74397501259793
9.2402 	EXP 	rot_line_precue: ori = 168.36144259423506
9.2484 	EXP 	rot_line_precue: ori = 168.94902235570143
9.2571 	EXP 	rot_line_precue: ori = 169.43839172367095
9.2652 	EXP 	rot_line_precue: ori = 169.86134298443733
9.2737 	EXP 	rot_line_precue: ori = 170.18077170404015
9.2817 	EXP 	rot_line_precue: ori = 170.5621099657164
9.2904 	EXP 	rot_line_precue: ori = 171.2106579622164
9.2987 	EXP 	rot_line_precue: ori = 171.53219069505275
9.3072 	EXP 	rot_line_precue: ori = 171.8414360257155
9.3164 	EXP 	rot_line_precue: ori = 172.33472895768023
9.3238 	EXP 	rot_line_precue: ori = 172.69664593890704
9.3322 	EXP 	rot_line_precue: ori = 173.28110735790963
9.3405 	EXP 	rot_line_precue: ori = 173.62172882799837
9.3486 	EXP 	rot_line_precue: ori = 174.0086559227935
9.3568 	EXP 	rot_line_precue: ori = 174.58126658603643
9.3652 	EXP 	rot_line_precue: ori = 174.89417616114739
9.3741 	EXP 	rot_line_precue: ori = 175.58888331988936
9.3819 	EXP 	rot_line_precue: ori = 175.94547828818074
9.3900 	EXP 	rot_line_precue: ori = 176.26951262929964
9.3984 	EXP 	rot_line_precue: ori = 176.68474185743352
9.4077 	EXP 	rot_line_precue: ori = 177.42457908848962
9.4147 	EXP 	rot_line_precue: ori = 177.8306135896543
9.4235 	EXP 	rot_line_precue: ori = 178.5637884663512
9.4317 	EXP 	rot_line_precue: ori = 179.23274272576379
9.4410 	EXP 	rot_line_precue: ori = 179.69644652165098
9.4484 	EXP 	rot_line_precue: ori = 180.23545975504837
9.4570 	EXP 	rot_line_precue: ori = 180.64063778717897
9.4655 	EXP 	rot_line_precue: ori = 181.27193001541139
9.4737 	EXP 	rot_line_precue: ori = 181.68131339131628
9.4820 	EXP 	rot_line_precue: ori = 182.02009316582811
9.4905 	EXP 	rot_line_precue: ori = 182.48618386641624
9.4988 	EXP 	rot_line_precue: ori = 182.79334156951668
9.5070 	EXP 	rot_line_precue: ori = 183.09131759265185
9.5152 	EXP 	rot_line_precue: ori = 183.4131319084127
9.5237 	EXP 	rot_line_precue: ori = 183.7555088815358
9.5319 	EXP 	rot_line_precue: ori = 184.0730783114802
9.5401 	EXP 	rot_line_precue: ori = 184.82127104244034
9.5488 	EXP 	rot_line_precue: ori = 185.12608322337408
9.5568 	EXP 	rot_line_precue: ori = 185.7108967139714
9.5652 	EXP 	rot_line_precue: ori = 186.03919328942928
9.5734 	EXP 	rot_line_precue: ori = 186.39653119242675
9.5818 	EXP 	rot_line_precue: ori = 186.70027606564176
9.5900 	EXP 	rot_line_precue: ori = 187.23879135373775
9.5984 	EXP 	rot_line_precue: ori = 187.55151448936107
9.6069 	EXP 	rot_line_precue: ori = 187.9725142084185
9.6151 	EXP 	rot_line_precue: ori = 188.2755236277081
9.6234 	EXP 	rot_line_precue: ori = 188.57413846999617
9.6321 	EXP 	rot_line_precue: ori = 188.92457122621278
9.6404 	EXP 	rot_line_precue: ori = 189.2304592089838
9.6488 	EXP 	rot_line_precue: ori = 189.6449866117495
9.6578 	EXP 	rot_line_precue: ori = 190.24728959373863
9.6656 	EXP 	rot_line_precue: ori = 190.5759427952023
9.6741 	EXP 	rot_line_precue: ori = 190.92535447109395
9.6822 	EXP 	rot_line_precue: ori = 191.23823992873636
9.6903 	EXP 	rot_line_precue: ori = 191.92377453850628
9.6984 	EXP 	rot_line_precue: ori = 192.27699652740912
9.7070 	EXP 	rot_line_precue: ori = 192.57915246566236
9.7159 	EXP 	rot_line_precue: ori = 193.18490780297373
9.7235 	EXP 	rot_line_precue: ori = 193.52163286811802
9.7317 	EXP 	rot_line_precue: ori = 193.84137681509267
9.7402 	EXP 	rot_line_precue: ori = 194.33675063927882
9.7484 	EXP 	rot_line_precue: ori = 194.67075288709412
9.7568 	EXP 	rot_line_precue: ori = 195.20424452164224
9.7651 	EXP 	rot_line_precue: ori = 195.50596106615328
9.7734 	EXP 	rot_line_precue: ori = 195.84313224472675
9.7816 	EXP 	rot_line_precue: ori = 196.15710246916737
9.7902 	EXP 	rot_line_precue: ori = 196.4937356210544
9.7985 	EXP 	rot_line_precue: ori = 196.8732227891274
9.8068 	EXP 	rot_line_precue: ori = 197.1848889639116
9.8154 	EXP 	rot_line_precue: ori = 197.63427362961102
9.8236 	EXP 	rot_line_precue: ori = 197.98192795509797
9.8325 	EXP 	rot_line_precue: ori = 198.33104407535234
9.8411 	EXP 	rot_line_precue: ori = 198.63487634866203
9.8422 	EXP 	New trial (rep=1, index=2): <Trial 2 (2 in rep 1) data={'pic_name': 'pics/feet.JPG', 'class_mi': 'feet', 'thisN': 2, 'thisTrialN': 2, 'thisRepN': 1}>
9.8487 	EXP 	hor_line_precue: autoDraw = False
9.8487 	EXP 	ver_line_precue: autoDraw = False
9.8487 	EXP 	rot_line_precue: autoDraw = False
9.8487 	EXP 	rot_line_precue: ori = 199.21971161939877
9.8487 	EXP 	point_left: autoDraw = False
9.8487 	EXP 	point_right: autoDraw = False
9.8487 	EXP 	dot_precue: autoDraw = False
9.8487 	EXP 	hor_line_precue: autoDraw = False
9.8487 	EXP 	ver_line_precue: autoDraw = False
9.8487 	EXP 	rot_line_precue: autoDraw = False
9.8487 	EXP 	point_left: autoDraw = False
9.8487 	EXP 	point_right: autoDraw = False
9.8487 	EXP 	dot_precue: autoDraw = False
9.8487 	EXP 	hor_line_precue: autoDraw = True
9.8487 	EXP 	ver_line_precue: autoDraw = True
9.8487 	EXP 	rot_line_precue: autoDraw = True
9.8487 	EXP 	rot_line_precue: ori = 199.76312534446538
9.8487 	EXP 	point_left: autoDraw = True
9.8487 	EXP 	point_right: autoDraw = True
9.8487 	EXP 	dot_precue: autoDraw = True
9.8573 	EXP 	rot_line_precue: ori = 200.09586430211004
9.8654 	EXP 	rot_line_precue: ori = 200.4149096691296
9.8735 	EXP 	rot_line_precue: ori = 201.05735048519676
9.8818 	EXP 	rot_line_precue: ori = 201.4004287957983
9.8903 	EXP 	rot_line_precue: ori = 201.74619426928777
9.8986 	EXP 	rot_line_precue: ori = 202.0742894627154
9.9068 	EXP 	rot_line_precue: ori = 202.4204429099896
9.9149 	EXP 	rot_line_precue: ori = 202.73505789840718
9.9234 	EXP 	rot_line_precue: ori = 203.07021014474287
9.9319 	EXP 	rot_line_precue: ori = 203.46913870424117
9.9399 	EXP 	rot_line_precue: ori = 203.88404985146494
9.9484 	EXP 	rot_line_precue: ori = 204.4475847032104
9.9568 	EXP 	rot_line_precue: ori = 204.79359730480056
9.9650 	EXP 	rot_line_precue: ori = 205.11492087816814
9.9736 	EXP 	rot_line_precue: ori = 205.4161985268188
9.9821 	EXP 	rot_line_precue: ori = 205.72316932768072
9.9906 	EXP 	rot_line_precue: ori = 206.02216891145332
9.9987 	EXP 	rot_line_precue: ori = 206.32271049976805
10.0070 	EXP 	rot_line_precue: ori = 206.84468578800625
10.0157 	EXP 	rot_line_precue: ori = 207.15748536849563
10.0238 	EXP 	rot_line_precue: ori = 207.825421428601
10.0323 	EXP 	rot_line_precue: ori = 208.4717162430168
10.0400 	EXP 	rot_line_precue: ori = 209.0323447724482
10.0486 	EXP 	rot_line_precue: ori = 209.41924762605618
10.0575 	EXP 	rot_line_precue: ori = 209.8008223193512
10.0651 	EXP 	rot_line_precue: ori = 210.23427791882094
10.0732 	EXP 	rot_line_precue: ori = 210.59672416164622
10.0819 	EXP 	rot_line_precue: ori = 210.92862103423138
10.0900 	EXP 	rot_line_precue: ori = 211.2686662806161
10.0982 	EXP 	rot_line_precue: ori = 211.58810614315476
10.1068 	EXP 	rot_line_precue: ori = 212.15735696464736
10.1150 	EXP 	rot_line_precue: ori = 212.46907367929043
10.1233 	EXP 	rot_line_precue: ori = 212.80622079342987
10.1319 	EXP 	rot_line_precue: ori = 213.3012624581685
10.1402 	EXP 	rot_line_precue: ori = 213.64680441632578
10.1488 	EXP 	rot_line_precue: ori = 213.9788271058361
10.1572 	EXP 	rot_line_precue: ori = 214.31454186764896
10.1654 	EXP 	rot_line_precue: ori = 214.73178432640591
10.1734 	EXP 	rot_line_precue: ori = 215.17299563884077
10.1820 	EXP 	rot_line_precue: ori = 215.52062119334212
10.1903 	EXP 	rot_line_precue: ori = 215.83229283704418
10.1989 	EXP 	rot_line_precue: ori = 216.26248284495566
10.2077 	EXP 	rot_line_precue: ori = 216.73186192453747
10.2153 	EXP 	rot_line_precue: ori = 217.1225948754099
10.2235 	EXP 	rot_line_precue: ori = 217.63088965986634
10.2322 	EXP 	rot_line_precue: ori = 217.94149423403158
10.2403 	EXP 	rot_line_precue: ori = 218.5904206981022
10.2485 	EXP 	rot_line_precue: ori = 218.98274815686085
10.2567 	EXP 	rot_line_precue: ori = 219.37173074665665
10.2651 	EXP 	rot_line_precue: ori = 219.97959868265332
10.2734 	EXP 	rot_line_precue: ori = 220.28837251408646
10.2816 	EXP 	rot_line_precue: ori = 220.66391874213144
10.2903 	EXP 	rot_line_precue: ori = 221.0531224278073
10.2986 	EXP 	rot_line_precue: ori = 221.41251437850977
10.3067 	EXP 	rot_line_precue: ori = 222.02345319118766
10.3152 	EXP 	rot_line_precue: ori = 222.5546638321651
10.3237 	EXP 	rot_line_precue: ori = 222.90163325346234
10.3322 	EXP 	rot_line_precue: ori = 223.28762908348233
10.3405 	EXP 	rot_line_precue: ori = 223.59684173950342
10.3485 	EXP 	rot_line_precue: ori = 223.90651304839008
10.3567 	EXP 	rot_line_precue: ori = 224.5322241066111
10.3654 	EXP 	rot_line_precue: ori = 224.9035812057523
10.3737 	EXP 	rot_line_precue: ori = 225.36384299909807
10.3823 	EXP 	rot_line_precue: ori = 225.70884109557537
10.3905 	EXP 	rot_line_precue: ori = 226.01804564942987
10.3992 	EXP 	rot_line_precue: ori = 226.37449148890045
10.4068 	EXP 	rot_line_precue: ori = 226.6802750643385
10.4150 	EXP 	rot_line_precue: ori = 227.289065764929
10.4242 	EXP 	rot_line_precue: ori = 227.63160434980438
10.4318 	EXP 	rot_line_precue: ori = 228.33761485027097
10.4402 	EXP 	rot_line_precue: ori = 228.98159007844552
10.4484 	EXP 	rot_line_precue: ori = 229.37623440725514
10.4568 	EXP 	rot_line_precue: ori = 229.7118041215941
10.4650 	EXP 	rot_line_precue: ori = 230.35878176696065
10.4735 	EXP 	rot_line_precue: ori = 230.8867973946841
10.4817 	EXP 	rot_line_precue: ori = 231.18976659400082
10.4905 	EXP 	rot_line_precue: ori = 231.54603999637675
10.4988 	EXP 	rot_line_precue: ori = 232.21285220876536
10.5071 	EXP 	rot_line_precue: ori = 232.5267112538074
10.5163 	EXP 	rot_line_precue: ori = 232.84775976310826
10.5238 	EXP 	rot_line_precue: ori = 233.16342546464617
10.5318 	EXP 	rot_line_precue: ori = 233.53895472458066
10.5402 	EXP 	rot_line_precue: ori = 233.8784496303418
10.5490 	EXP 	rot_line_precue: ori = 234.3895713681713
10.5571 	EXP 	rot_line_precue: ori = 234.75964514825694
10.5657 	EXP 	rot_line_precue: ori = 235.36518179416092
10.5732 	EXP 	rot_line_precue: ori = 235.78086499622506
10.5819 	EXP 	rot_line_precue: ori = 236.0857246725734
10.5901 	EXP 	rot_line_precue: ori = 236.3927763090257
10.5986 	EXP 	rot_line_precue: ori = 236.74758787665152
10.6067 	EXP 	rot_line_precue: ori = 237.14878595119765
10.6151 	EXP 	rot_line_precue: ori = 237.6209732853499
10.6233 	EXP 	rot_line_precue: ori = 237.9569205868278
10.6321 	EXP 	rot_line_precue: ori = 238.28477353341606
10.6403 	EXP 	rot_line_precue: ori = 238.6215572108565
10.6489 	EXP 	rot_line_precue: ori = 238.9514587352668
10.6572 	EXP 	rot_line_precue: ori = 239.41357610963996
10.6653 	EXP 	rot_line_precue: ori = 239.72153394263978
10.6741 	EXP 	rot_line_precue: ori = 240.02544725885676
10.6822 	EXP 	rot_line_precue: ori = 240.33004593746526
10.6904 	EXP 	rot_line_precue: ori = 240.6401595880788
10.6985 	EXP 	rot_line_precue: ori = 240.9772449837652
10.7073 	EXP 	rot_line_precue: ori = 241.40095462616503
10.7154 	EXP 	rot_line_precue: ori = 241.93973688296958
10.7240 	EXP 	rot_line_precue: ori = 242.51285049404515
10.7329 	EXP 	rot_line_precue: ori = 242.9330485237017
10.7403 	EXP 	rot_line_precue: ori = 243.26845651000198
10.7484 	EXP 	rot_line_precue: ori = 243.59663209226701
10.7571 	EXP 	rot_line_precue: ori = 243.89755096129645
10.7652 	EXP 	rot_line_precue: ori = 244.2145742910278
10.7735 	EXP 	rot_line_precue: ori = 244.52909922904269
10.7817 	EXP 	rot_line_precue: ori = 244.93448105580777
10.7902 	EXP 	rot_line_precue: ori = 245.2347165192546
10.7983 	EXP 	rot_line_precue: ori = 245.59114774776262
10.8067 	EXP 	rot_line_precue: ori = 246.33891558490387
10.8152 	EXP 	rot_line_precue: ori = 246.76431623967196
10.8233 	EXP 	rot_line_precue: ori = 247.2390284978265
10.8317 	EXP 	rot_line_precue: ori = 247.56346546814223
10.8402 	EXP 	rot_line_precue: ori = 247.8734196649766
10.8484 	EXP 	rot_line_precue: ori = 248.325265865171
10.8572 	EXP 	rot_line_precue: ori = 248.9117600756439
10.8654 	EXP 	rot_line_precue: ori = 249.36412940788784
10.8737 	EXP 	rot_line_precue: ori = 249.8164955276593
10.8819 	EXP 	rot_line_precue: ori = 250.2445807189912
10.8907 	EXP 	rot_line_precue: ori = 250.72423384783772
10.8987 	EXP 	rot_line_precue: ori = 251.0705372297704
10.9074 	EXP 	rot_line_precue: ori = 251.62105588555923
10.9153 	EXP 	rot_line_precue: ori = 252.16161100253555
10.9235 	EXP 	rot_line_precue: ori = 252.6733201721779
10.9318 	EXP 	rot_line_precue: ori = 253.39175148112264
10.9400 	EXP 	rot_line_precue: ori = 253.68831326459565
10.9486 	EXP 	rot_line_precue: ori = 254.09725755866833
10.9568 	EXP 	rot_line_precue: ori = 254.42466883798417
10.9650 	EXP 	rot_line_precue: ori = 255.15831470427503
10.9735 	EXP 	rot_line_precue: ori = 255.8818549680236
10.9818 	EXP 	rot_line_precue: ori = 256.1874203648804
10.9901 	EXP 	rot_line_precue: ori = 256.7606220247233
10.9986 	EXP 	rot_line_precue: ori = 257.1928682388835
11.0068 	EXP 	rot_line_precue: ori = 257.5001390457126
11.0150 	EXP 	rot_line_precue: ori = 257.9088878460382
11.0236 	EXP 	rot_line_precue: ori = 258.20839879917764
11.0321 	EXP 	rot_line_precue: ori = 258.5760692453614
11.0407 	EXP 	rot_line_precue: ori = 259.0873386924212
11.0488 	EXP 	rot_line_precue: ori = 259.8092822729118
11.0578 	EXP 	rot_line_precue: ori = 260.1981555541153
11.0656 	EXP 	rot_line_precue: ori = 260.52759251183676
11.0739 	EXP 	rot_line_precue: ori = 260.83738403416544
11.0822 	EXP 	rot_line_precue: ori = 261.4062989159217
11.0906 	EXP 	rot_line_precue: ori = 261.88428666628283
11.0987 	EXP 	rot_line_precue: ori = 262.62800645854753
11.1070 	EXP 	rot_line_precue: ori = 263.05029687730945
11.1151 	EXP 	rot_line_precue: ori = 263.40837821795475
11.1233 	EXP 	rot_line_precue: ori = 263.7556600814102
11.1319 	EXP 	rot_line_precue: ori = 264.0633135737415
11.1400 	EXP 	rot_line_precue: ori = 264.3705578914388
11.1484 	EXP 	rot_line_precue: ori = 264.70927771273045
11.1573 	EXP 	rot_line_precue: ori = 265.0264338934698
11.1651 	EXP 	rot_line_precue: ori = 265.3340569895648
11.1734 	EXP 	rot_line_precue: ori = 265.8055860331845
11.1819 	EXP 	rot_line_precue: ori = 266.1523019674235
11.1902 	EXP 	rot_line_precue: ori = 266.4615907954982
11.1984 	EXP 	rot_line_precue: ori = 266.8844092216081
11.2069 	EXP 	rot_line_precue: ori = 267.2481272031222
11.2154 	EXP 	rot_line_precue: ori = 267.5976908236432
11.2234 	EXP 	rot_line_precue: ori = 267.92851029727586
11.2325 	EXP 	rot_line_precue: ori = 268.4145815339925
11.2404 	EXP 	rot_line_precue: ori = 268.7305413117299
11.2490 	EXP 	rot_line_precue: ori = 269.1241142925614
11.2572 	EXP 	rot_line_precue: ori = 269.4477569898399
11.2654 	EXP 	rot_line_precue: ori = 269.9417061169626
11.2734 	EXP 	rot_line_precue: ori = 270.37097063170614
11.2820 	EXP 	rot_line_precue: ori = 270.6699714225503
11.2902 	EXP 	rot_line_precue: ori = 271.1294409680885
11.2985 	EXP 	rot_line_precue: ori = 271.4846533443449
11.3071 	EXP 	rot_line_precue: ori = 271.7855158419356
11.3153 	EXP 	rot_line_precue: ori = 272.08463553749556
11.3235 	EXP 	rot_line_precue: ori = 272.66851339190856
11.3317 	EXP 	rot_line_precue: ori = 273.0426186711411
11.3402 	EXP 	rot_line_precue: ori = 273.6037709537211
11.3492 	EXP 	rot_line_precue: ori = 274.01783743053295
11.3567 	EXP 	rot_line_precue: ori = 274.3666314979779
11.3654 	EXP 	rot_line_precue: ori = 274.6858957689331
11.3734 	EXP 	rot_line_precue: ori = 274.98379075933235
11.3818 	EXP 	rot_line_precue: ori = 275.3200691593893
11.3904 	EXP 	rot_line_precue: ori = 275.76724010306424
11.3987 	EXP 	rot_line_precue: ori = 276.0872667913521
11.4073 	EXP 	rot_line_precue: ori = 276.481359931905
11.4161 	EXP 	rot_line_precue: ori = 276.7773241950045
11.4244 	EXP 	rot_line_precue: ori = 277.1072298065478
11.4323 	EXP 	rot_line_precue: ori = 277.4173739555327
11.4404 	EXP 	rot_line_precue: ori = 277.7267552287099
11.4486 	EXP 	rot_line_precue: ori = 278.15463336170404
11.4568 	EXP 	rot_line_precue: ori = 278.46273316562446
11.4650 	EXP 	rot_line_precue: ori = 278.7616030312861
11.4735 	EXP 	rot_line_precue: ori = 279.06303607725664
11.4818 	EXP 	rot_line_precue: ori = 279.36513769885414
11.4900 	EXP 	rot_line_precue: ori = 279.90311199034466
11.4985 	EXP 	rot_line_precue: ori = 280.34571323081263
11.5067 	EXP 	rot_line_precue: ori = 280.9670088747987
11.5150 	EXP 	rot_line_precue: ori = 281.46661278609446
11.5237 	EXP 	rot_line_precue: ori = 281.76397885567496
11.5320 	EXP 	rot_line_precue: ori = 282.0704709059225
11.5405 	EXP 	rot_line_precue: ori = 282.37192832446846
11.5493 	EXP 	rot_line_precue: ori = 282.72745701626167
11.5571 	EXP 	rot_line_precue: ori = 283.1696051446089
11.5670 	EXP 	rot_line_precue: ori = 283.47723338177
11.5748 	EXP 	rot_line_precue: ori = 283.88076813145904
11.5831 	EXP 	rot_line_precue: ori = 284.2903665404351
11.5918 	EXP 	rot_line_precue: ori = 284.72713771610853
11.5996 	EXP 	rot_line_precue: ori = 285.2655277675763
11.6077 	EXP 	rot_line_precue: ori = 285.68946536619825
11.6157 	EXP 	rot_line_precue: ori = 286.06815936736535
11.6244 	EXP 	rot_line_precue: ori = 286.3647465453783
11.6321 	EXP 	rot_line_precue: ori = 286.81921716839696
11.6409 	EXP 	rot_line_precue: ori = 287.1395989177574
11.6488 	EXP 	rot_line_precue: ori = 287.5166106576892
11.6576 	EXP 	rot_line_precue: ori = 287.8153000165808
11.6652 	EXP 	rot_line_precue: ori = 288.2136971142296
11.6738 	EXP 	rot_line_precue: ori = 288.62669586203873
11.6827 	EXP 	rot_line_precue: ori = 289.01610331678324
11.6903 	EXP 	rot_line_precue: ori = 289.3350367928077
11.6984 	EXP 	rot_line_precue: ori = 289.7628867703069
11.7077 	EXP 	rot_line_precue: ori = 290.099251230267
11.7152 	EXP 	rot_line_precue: ori = 290.5681264197909
11.7234 	EXP 	rot_line_precue: ori = 290.9268283109996
11.7319 	EXP 	rot_line_precue: ori = 291.24236473005647
11.7408 	EXP 	rot_line_precue: ori = 291.54400727039194
11.7489 	EXP 	rot_line_precue: ori = 291.8673132362771
11.7575 	EXP 	rot_line_precue: ori = 292.24450771180466
11.7654 	EXP 	rot_line_precue: ori = 292.5820804189126
11.7740 	EXP 	rot_line_precue: ori = 292.9850678635594
11.7828 	EXP 	rot_line_precue: ori = 293.2986479735035
11.7908 	EXP 	rot_line_precue: ori = 293.599409697487
11.7990 	EXP 	rot_line_precue: ori = 294.135369968075
11.8079 	EXP 	rot_line_precue: ori = 294.4399918103755
11.8173 	EXP 	rot_line_precue: ori = 294.7865994465661
11.8242 	EXP 	rot_line_precue: ori = 295.11417389027866
11.8321 	EXP 	rot_line_precue: ori = 295.54071980308777
11.8329 	EXP 	New trial (rep=0, index=3): <Trial 3 (3 in rep 0) data={'pic_name': 'pics/left_hand.JPG', 'class_mi': 'left_hand', 'thisN': 3, 'thisTrialN': 3, 'thisRepN': 0}>
11.8402 	EXP 	hor_line_precue: autoDraw = False
11.8402 	EXP 	ver_line_precue: autoDraw = False
11.8402 	EXP 	rot_line_precue: autoDraw = False
11.8402 	EXP 	rot_line_precue: ori = 295.88863095680995
11.8402 	EXP 	point_left: autoDraw = False
11.8402 	EXP 	point_right: autoDraw = False
11.8402 	EXP 	dot_precue: autoDraw = False
11.8402 	EXP 	hor_line_precue: autoDraw = False
11.8402 	EXP 	ver_line_precue: autoDraw = False
11.8402 	EXP 	rot_line_precue: autoDraw = False
11.8402 	EXP 	point_left: autoDraw = False
11.8402 	EXP 	point_right: autoDraw = False
11.8402 	EXP 	dot_precue: autoDraw = False
11.8402 	EXP 	hor_line_precue: autoDraw = True
11.8402 	EXP 	ver_line_precue: autoDraw = True
11.8402 	EXP 	rot_line_precue: autoDraw = True
11.8402 	EXP 	rot_line_precue: ori = 296.3545078028436
11.8402 	EXP 	point_left: autoDraw = True
11.8402 	EXP 	point_right: autoDraw = True
11.8402 	EXP 	dot_precue: autoDraw = True
11.8486 	EXP 	rot_line_precue: ori = 296.70822545960095
11.8572 	EXP 	rot_line_precue: ori = 297.04966817483177
11.8652 	EXP 	rot_line_precue: ori = 297.3541347580192
11.8738 	EXP 	rot_line_precue: ori = 297.7469540446853
11.8817 	EXP 	rot_line_precue: ori = 298.15943975610554
11.8902 	EXP 	rot_line_precue: ori = 298.8493822576621
11.8984 	EXP 	rot_line_precue: ori = 299.2486923189832
11.9067 	EXP 	rot_line_precue: ori = 299.5598779438857
11.9152 	EXP 	rot_line_precue: ori = 299.8753826932656
11.9235 	EXP 	rot_line_precue: ori = 300.401724638358
11.9324 	EXP 	rot_line_precue: ori = 301.01855711530715
11.9404 	EXP 	rot_line_precue: ori = 301.3254814577948
11.9487 	EXP 	rot_line_precue: ori = 301.67128605102624
11.9574 	EXP 	rot_line_precue: ori = 302.18482551884995
11.9656 	EXP 	rot_line_precue: ori = 302.55398580778456
11.9739 	EXP 	rot_line_precue: ori = 302.9802726322091
11.9825 	EXP 	rot_line_precue: ori = 303.3451558493364
11.9910 	EXP 	rot_line_precue: ori = 303.7602720903153
11.9994 	EXP 	rot_line_precue: ori = 304.18635668221395
12.0070 	EXP 	rot_line_precue: ori = 304.4860452515841
12.0155 	EXP 	rot_line_precue: ori = 304.82036799397713
12.0236 	EXP 	rot_line_precue: ori = 305.12579571208215
12.0320 	EXP 	rot_line_precue: ori = 305.4771547647433
12.0400 	EXP 	rot_line_precue: ori = 305.8210359733911
12.0487 	EXP 	rot_line_precue: ori = 306.13241413514334
12.0569 	EXP 	rot_line_precue: ori = 306.7103627639095
12.0651 	EXP 	rot_line_precue: ori = 307.07276145848357
12.0735 	EXP 	rot_line_precue: ori = 307.6419962901666
12.0819 	EXP 	rot_line_precue: ori = 307.98263330901636
12.0900 	EXP 	rot_line_precue: ori = 308.31757021205476
12.0983 	EXP 	rot_line_precue: ori = 308.68276375931384
12.1069 	EXP 	rot_line_precue: ori = 309.02119720403306
12.1151 	EXP 	rot_line_precue: ori = 309.39479915547406
12.1238 	EXP 	rot_line_precue: ori = 309.8364295095248
12.1322 	EXP 	rot_line_precue: ori = 310.39970542697927
12.1409 	EXP 	rot_line_precue: ori = 311.0053227321511
12.1489 	EXP 	rot_line_precue: ori = 311.3308355344902
12.1573 	EXP 	rot_line_precue: ori = 311.66053816208984
12.1657 	EXP 	rot_line_precue: ori = 311.9693759623733
12.1736 	EXP 	rot_line_precue: ori = 312.38292437044606
12.1831 	EXP 	rot_line_precue: ori = 312.82877487370814
12.1900 	EXP 	rot_line_precue: ori = 313.1733043929128
12.1984 	EXP 	rot_line_precue: ori = 313.4892996688978
12.2070 	EXP 	rot_line_precue: ori = 313.8237680719157
12.2151 	EXP 	rot_line_precue: ori = 314.3298924430815
12.2234 	EXP 	rot_line_precue: ori = 314.6296148986503
12.2321 	EXP 	rot_line_precue: ori = 315.12879716541255
12.2402 	EXP 	rot_line_precue: ori = 315.8734341583735
12.2485 	EXP 	rot_line_precue: ori = 316.3164067956735
12.2571 	EXP 	rot_line_precue: ori = 316.6433152642491
12.2651 	EXP 	rot_line_precue: ori = 316.9850643593353
12.2734 	EXP 	rot_line_precue: ori = 317.34015327986947
12.2820 	EXP 	rot_line_precue: ori = 317.80024039010567
12.2903 	EXP 	rot_line_precue: ori = 318.1318784714954
12.2985 	EXP 	rot_line_precue: ori = 318.44246592089803
12.3073 	EXP 	rot_line_precue: ori = 318.77578173873263
12.3153 	EXP 	rot_line_precue: ori = 319.36591172601976
12.3241 	EXP 	rot_line_precue: ori = 319.8124823469408
12.3323 	EXP 	rot_line_precue: ori = 320.11141466252604
12.3406 	EXP 	rot_line_precue: ori = 320.44910852159205
12.3485 	EXP 	rot_line_precue: ori = 320.9298396061663
12.3572 	EXP 	rot_line_precue: ori = 321.32565394206506
12.3655 	EXP 	rot_line_precue: ori = 321.64171983463103
12.3736 	EXP 	rot_line_precue: ori = 322.02577973320695
12.3818 	EXP 	rot_line_precue: ori = 322.5398825553118
12.3902 	EXP 	rot_line_precue: ori = 322.8882581968253
12.3985 	EXP 	rot_line_precue: ori = 323.2182175859901
12.4067 	EXP 	rot_line_precue: ori = 323.73977237124495
12.4152 	EXP 	rot_line_precue: ori = 324.10377710825037
12.4235 	EXP 	rot_line_precue: ori = 324.4309517519113
12.4318 	EXP 	rot_line_precue: ori = 324.7526209292553
12.4402 	EXP 	rot_line_precue: ori = 325.1569905904663
12.4484 	EXP 	rot_line_precue: ori = 325.4816477910836
12.4567 	EXP 	rot_line_precue: ori = 325.78204869435376
12.4653 	EXP 	rot_line_precue: ori = 326.20636558458517
12.4735 	EXP 	rot_line_precue: ori = 326.63050188409767
12.4819 	EXP 	rot_line_precue: ori = 326.9453736632605
12.4906 	EXP 	rot_line_precue: ori = 327.248197344704
12.4994 	EXP 	rot_line_precue: ori = 327.5843428672468
12.5069 	EXP 	rot_line_precue: ori = 327.8925591343415
12.5155 	EXP 	rot_line_precue: ori = 328.49143196825145
12.5238 	EXP 	rot_line_precue: ori = 328.7992523636667
12.5320 	EXP 	rot_line_precue: ori = 329.12690005062
12.5405 	EXP 	rot_line_precue: ori = 329.57747247638844
12.5486 	EXP 	rot_line_precue: ori = 329.9012859723266
12.5570 	EXP 	rot_line_precue: ori = 330.69685554740533
12.5651 	EXP 	rot_line_precue: ori = 331.12401535853127
12.5735 	EXP 	rot_line_precue: ori = 331.569631159073
12.5818 	EXP 	rot_line_precue: ori = 331.95284216068393
12.5901 	EXP 	rot_line_precue: ori = 332.3331422064112
12.5985 	EXP 	rot_line_precue: ori = 332.7884974299352
12.6068 	EXP 	rot_line_precue: ori = 333.19063817446136
12.6151 	EXP 	rot_line_precue: ori = 333.49931823843343
12.6232 	EXP 	rot_line_precue: ori = 333.96688897577366
12.6319 	EXP 	rot_line_precue: ori = 334.27699919238887
12.6401 	EXP 	rot_line_precue: ori = 334.837347484405
12.6482 	EXP 	rot_line_precue: ori = 335.27943977915356
12.6577 	EXP 	rot_line_precue: ori = 335.602641389834
12.6653 	EXP 	rot_line_precue: ori = 336.0146866799903
12.6739 	EXP 	rot_line_precue: ori = 336.37075395741084
12.6821 	EXP 	rot_line_precue: ori = 336.75443655397305
12.6903 	EXP 	rot_line_precue: ori = 337.0900613122876
12.6996 	EXP 	rot_line_precue: ori = 337.40718510464865
12.7077 	EXP 	rot_line_precue: ori = 337.83574342960867
12.7152 	EXP 	rot_line_precue: ori = 338.19769653586405
12.7236 	EXP 	rot_line_precue: ori = 338.51729279771456
12.7321 	EXP 	rot_line_precue: ori = 338.88137856266553
12.7403 	EXP 	rot_line_precue: ori = 339.248601506106
12.7485 	EXP 	rot_line_precue: ori = 340.03579430620584
12.7570 	EXP 	rot_line_precue: ori = 340.33962895022137
12.7651 	EXP 	rot_line_precue: ori = 340.6610250597737
12.7734 	EXP 	rot_line_precue: ori = 340.96267723085356
12.7820 	EXP 	rot_line_precue: ori = 341.2630081490783
12.7902 	EXP 	rot_line_precue: ori = 341.6841670133673
12.7989 	EXP 	rot_line_precue: ori = 341.98049213647386
12.8066 	EXP 	rot_line_precue: ori = 342.4005004478543
12.8152 	EXP 	rot_line_precue: ori = 342.71705032106786
12.8235 	EXP 	rot_line_precue: ori = 343.1315209680212
12.8322 	EXP 	rot_line_precue: ori = 343.5178796057592
12.8405 	EXP 	rot_line_precue: ori = 343.8528569946963
12.8490 	EXP 	rot_line_precue: ori = 344.17005502986103
12.8572 	EXP 	rot_line_precue: ori = 344.5347010635672
12.8657 	EXP 	rot_line_precue: ori = 344.9352167006878
12.8742 	EXP 	rot_line_precue: ori = 345.24259124490095
12.8829 	EXP 	rot_line_precue: ori = 345.6127648793683
12.8905 	EXP 	rot_line_precue: ori = 346.0244991548812
12.8985 	EXP 	rot_line_precue: ori = 346.3628643733443
12.9068 	EXP 	rot_line_precue: ori = 346.67718567694135
12.9153 	EXP 	rot_line_precue: ori = 347.118534384981
12.9235 	EXP 	rot_line_precue: ori = 347.50668859050035
12.9317 	EXP 	rot_line_precue: ori = 347.84943129207676
12.9401 	EXP 	rot_line_precue: ori = 348.2436007285018
12.9484 	EXP 	rot_line_precue: ori = 348.5742601713954
12.9568 	EXP 	rot_line_precue: ori = 349.09165306000267
12.9653 	EXP 	rot_line_precue: ori = 349.4650037369143
12.9735 	EXP 	rot_line_precue: ori = 349.7645435682989
12.9818 	EXP 	rot_line_precue: ori = 350.06769380324687
12.9903 	EXP 	rot_line_precue: ori = 350.58307100975856
12.9992 	EXP 	rot_line_precue: ori = 351.1908497686211
13.0068 	EXP 	rot_line_precue: ori = 351.66302513267846
13.0155 	EXP 	rot_line_precue: ori = 352.05517978321893
13.0239 	EXP 	rot_line_precue: ori = 352.44562784142323
13.0319 	EXP 	rot_line_precue: ori = 352.8834884408181
13.0406 	EXP 	rot_line_precue: ori = 353.18404164184057
13.0488 	EXP 	rot_line_precue: ori = 353.56519833503626
13.0570 	EXP 	rot_line_precue: ori = 353.8725554075446
13.0663 	EXP 	rot_line_precue: ori = 354.34072506369984
13.0741 	EXP 	rot_line_precue: ori = 354.74017798338406
13.0820 	EXP 	rot_line_precue: ori = 355.07464787753224
13.0901 	EXP 	rot_line_precue: ori = 355.40102296586633
13.0986 	EXP 	rot_line_precue: ori = 356.1381593616901
13.1068 	EXP 	rot_line_precue: ori = 356.47159934059374
13.1152 	EXP 	rot_line_precue: ori = 356.9427122279431
13.1235 	EXP 	rot_line_precue: ori = 357.6422435000155
13.1319 	EXP 	rot_line_precue: ori = 357.94213198692546
13.1401 	EXP 	rot_line_precue: ori = 358.249191921075
13.1484 	EXP 	rot_line_precue: ori = 358.5495740810591
13.1568 	EXP 	rot_line_precue: ori = 359.1839741410158
13.1650 	EXP 	rot_line_precue: ori = 359.6165726721991
13.1738 	EXP 	rot_line_precue: ori = 359.9523689001015
13.1818 	EXP 	rot_line_precue: ori = 0.26962185142230055
13.1903 	EXP 	rot_line_precue: ori = 0.6108228584731581
13.1989 	EXP 	rot_line_precue: ori = 0.9449766337124867
13.2072 	EXP 	rot_line_precue: ori = 1.4493618861099946
13.2157 	EXP 	rot_line_precue: ori = 1.8525024771666652
13.2245 	EXP 	rot_line_precue: ori = 2.23198265704798
13.2330 	EXP 	rot_line_precue: ori = 2.5276994782390876
13.2401 	EXP 	rot_line_precue: ori = 2.9999670999729107
13.2488 	EXP 	rot_line_precue: ori = 3.3741570548641495
13.2570 	EXP 	rot_line_precue: ori = 3.6837085706744905
13.2653 	EXP 	rot_line_precue: ori = 4.024130388573269
13.2734 	EXP 	rot_line_precue: ori = 4.358343391573311
13.2821 	EXP 	rot_line_precue: ori = 4.799218215740019
13.2902 	EXP 	rot_line_precue: ori = 5.148147835348759
13.2984 	EXP 	rot_line_precue: ori = 5.556267319786244
13.3070 	EXP 	rot_line_precue: ori = 6.199012206692659
13.3151 	EXP 	rot_line_precue: ori = 6.664792222629303
13.3234 	EXP 	rot_line_precue: ori = 7.16370028240691
13.3318 	EXP 	rot_line_precue: ori = 7.651850993628787
13.3402 	EXP 	rot_line_precue: ori = 8.010285350792369
13.3484 	EXP 	rot_line_precue: ori = 8.442774311187781
13.3567 	EXP 	rot_line_precue: ori = 8.79424531053564
13.3658 	EXP 	rot_line_precue: ori = 9.12923034367554
13.3738 	EXP 	rot_line_precue: ori = 9.548376531323074
13.3822 	EXP 	rot_line_precue: ori = 9.855798017378111
13.3905 	EXP 	rot_line_precue: ori = 10.536688760902319
13.3994 	EXP 	rot_line_precue: ori = 10.842061194204073
13.4075 	EXP 	rot_line_precue: ori = 11.49900324022402
13.4156 	EXP 	rot_line_precue: ori = 11.813305791282898
13.4237 	EXP 	rot_line_precue: ori = 12.136612924795225
13.4323 	EXP 	rot_line_precue: ori = 12.521885304007865
13.4404 	EXP 	rot_line_precue: ori = 12.835444236695368
13.4487 	EXP 	rot_line_precue: ori = 13.275623442039217
13.4568 	EXP 	rot_line_precue: ori = 13.582294746400805
13.4653 	EXP 	rot_line_precue: ori = 13.882907546027013
13.4734 	EXP 	rot_line_precue: ori = 14.497423591770467
13.4817 	EXP 	rot_line_precue: ori = 15.025164817811287
13.4903 	EXP 	rot_line_precue: ori = 15.467924251851592
13.4985 	EXP 	rot_line_precue: ori = 15.809299979528173
13.5068 	EXP 	rot_line_precue: ori = 16.108251582069585
13.5150 	EXP 	rot_line_precue: ori = 16.40984499329738
13.5235 	EXP 	rot_line_precue: ori = 16.726389579347106
13.5318 	EXP 	rot_line_precue: ori = 17.214046408396634
13.5401 	EXP 	rot_line_precue: ori = 17.51855447119462
13.5487 	EXP 	rot_line_precue: ori = 17.879281839141033
13.5570 	EXP 	rot_line_precue: ori = 18.238478094159788
13.5656 	EXP 	rot_line_precue: ori = 18.556218372681393
13.5738 	EXP 	rot_line_precue: ori = 18.869251698763538
13.5825 	EXP 	rot_line_precue: ori = 19.19543922303176
13.5914 	EXP 	rot_line_precue: ori = 19.604823602918373
13.5986 	EXP 	rot_line_precue: ori = 20.007552524970613
13.6071 	EXP 	rot_line_precue: ori = 20.39478474819249
13.6160 	EXP 	rot_line_precue: ori = 20.792449582077435
13.6242 	EXP 	rot_line_precue: ori = 21.092976694869947
13.6319 	EXP 	rot_line_precue: ori = 21.40299131850548
13.6402 	EXP 	rot_line_precue: ori = 21.791299752773174
13.6487 	EXP 	rot_line_precue: ori = 22.211932760871218
13.6568 	EXP 	rot_line_precue: ori = 22.97718741687014
13.6650 	EXP 	rot_line_precue: ori = 23.276010200562624
13.6736 	EXP 	rot_line_precue: ori = 23.942063534754034
13.6826 	EXP 	rot_line_precue: ori = 24.282825481393093
13.6901 	EXP 	rot_line_precue: ori = 24.605723177994403
13.6984 	EXP 	rot_line_precue: ori = 24.94797389577056
13.7069 	EXP 	rot_line_precue: ori = 25.29359913464216
13.7152 	EXP 	rot_line_precue: ori = 25.674928179010607
13.7239 	EXP 	rot_line_precue: ori = 25.976243511821167
13.7322 	EXP 	rot_line_precue: ori = 26.336177213483666
13.7403 	EXP 	rot_line_precue: ori = 26.84119204336182
13.7489 	EXP 	rot_line_precue: ori = 27.238388306404627
13.7579 	EXP 	rot_line_precue: ori = 27.877338877608807
13.7659 	EXP 	rot_line_precue: ori = 28.262427196272572
13.7740 	EXP 	rot_line_precue: ori = 28.64378181980654
13.7821 	EXP 	rot_line_precue: ori = 29.005425133512308
13.7903 	EXP 	rot_line_precue: ori = 29.392778039821412
13.7984 	EXP 	rot_line_precue: ori = 29.78943270370855
13.8070 	EXP 	rot_line_precue: ori = 30.181061084470052
13.8153 	EXP 	rot_line_precue: ori = 30.9679190489645
13.8235 	EXP 	rot_line_precue: ori = 31.48351508819978
13.8243 	EXP 	New trial (rep=1, index=4): <Trial 4 (4 in rep 1) data={'pic_name': 'pics/left_hand.JPG', 'class_mi': 'left_hand', 'thisN': 4, 'thisTrialN': 4, 'thisRepN': 1}>
13.8320 	EXP 	hor_line_precue: autoDraw = False
13.8320 	EXP 	ver_line_precue: autoDraw = False
13.8320 	EXP 	rot_line_precue: autoDraw = False
13.8320 	EXP 	rot_line_precue: ori = 31.852791057329277
13.8320 	EXP 	point_left: autoDraw = False
13.8320 	EXP 	point_right: autoDraw = False
13.8320 	EXP 	dot_precue: autoDraw = False
13.8320 	EXP 	hor_line_precue: autoDraw = False
13.8320 	EXP 	ver_line_precue: autoDraw = False
13.8320 	EXP 	rot_line_precue: autoDraw = False
13.8320 	EXP 	point_left: autoDraw = False
13.8320 	EXP 	point_right: autoDraw = False
13.8320 	EXP 	dot_precue: autoDraw = False
13.8320 	EXP 	hor_line_precue: autoDraw = True
13.8320 	EXP 	ver_line_precue: autoDraw = True
13.8320 	EXP 	rot_line_precue: autoDraw = True
13.8320 	EXP 	rot_line_precue: ori = 32.15771242316681
13.8320 	EXP 	point_left: autoDraw = True
13.8320 	EXP 	point_right: autoDraw = True
13.8320 	EXP 	dot_precue: autoDraw = True
13.8403 	EXP 	rot_line_precue: ori = 32.51213780413022
13.8485 	EXP 	rot_line_precue: ori = 32.82487407826039
13.8568 	EXP 	rot_line_precue: ori = 33.43360110639877
13.8653 	EXP 	rot_line_precue: ori = 33.76478520264097
13.8735 	EXP 	rot_line_precue: ori = 34.47334354481596
13.8817 	EXP 	rot_line_precue: ori = 34.92650111996135
13.8904 	EXP 	rot_line_precue: ori = 35.474447410525364
13.8986 	EXP 	rot_line_precue: ori = 35.778485612179274
13.9074 	EXP 	rot_line_precue: ori = 36.332829267247206
13.9155 	EXP 	rot_line_precue: ori = 36.90341600647657
13.9236 	EXP 	rot_line_precue: ori = 37.26110678169023
13.9324 	EXP 	rot_line_precue: ori = 37.83507859655041
13.9413 	EXP 	rot_line_precue: ori = 38.51355951740565
13.9490 	EXP 	rot_line_precue: ori = 38.81865808492025
13.9572 	EXP 	rot_line_precue: ori = 39.60504342428105
13.9655 	EXP 	rot_line_precue: ori = 39.917207359815094
13.9736 	EXP 	rot_line_precue: ori = 40.62346550723171
13.9818 	EXP 	rot_line_precue: ori = 40.92256222876317
13.9904 	EXP 	rot_line_precue: ori = 41.21933286250003
13.9987 	EXP 	rot_line_precue: ori = 41.583249634998786
14.0068 	EXP 	rot_line_precue: ori = 41.912451381942276
14.0150 	EXP 	rot_line_precue: ori = 42.25835090585596
14.0237 	EXP 	rot_line_precue: ori = 42.60539244732374
14.0318 	EXP 	rot_line_precue: ori = 42.95217355763348
14.0400 	EXP 	rot_line_precue: ori = 43.301939072449
14.0486 	EXP 	rot_line_precue: ori = 43.59926403963721
14.0568 	EXP 	rot_line_precue: ori = 43.903535965880316
14.0650 	EXP 	rot_line_precue: ori = 44.310569878141
14.0737 	EXP 	rot_line_precue: ori = 44.647487750026706
14.0820 	EXP 	rot_line_precue: ori = 45.4113029359908
14.0906 	EXP 	rot_line_precue: ori = 45.83894577770331
14.0987 	EXP 	rot_line_precue: ori = 46.135781256691544
14.1071 	EXP 	rot_line_precue: ori = 46.66217262433463
14.1156 	EXP 	rot_line_precue: ori = 47.00843031455028
14.1240 	EXP 	rot_line_precue: ori = 47.37215771432984
14.1320 	EXP 	rot_line_precue: ori = 47.75660429497901
14.1408 	EXP 	rot_line_precue: ori = 48.18826579583772
14.1496 	EXP 	rot_line_precue: ori = 48.85727010889341
14.1573 	EXP 	rot_line_precue: ori = 49.16071389644419
14.1652 	EXP 	rot_line_precue: ori = 49.55082038259847
14.1737 	EXP 	rot_line_precue: ori = 50.21346051247132
14.1819 	EXP 	rot_line_precue: ori = 50.591956905972175
14.1901 	EXP 	rot_line_precue: ori = 50.9035034716998
14.1986 	EXP 	rot_line_precue: ori = 51.27637806583814
14.2069 	EXP 	rot_line_precue: ori = 51.73821738785509
14.2152 	EXP 	rot_line_precue: ori = 52.05383863049955
14.2234 	EXP 	rot_line_precue: ori = 52.85082642520318
14.2316 	EXP 	rot_line_precue: ori = 53.173610303221956
14.2402 	EXP 	rot_line_precue: ori = 53.506664850625725
14.2485 	EXP 	rot_line_precue: ori = 53.815893059246534
14.2570 	EXP 	rot_line_precue: ori = 54.17445381106923
14.2652 	EXP 	rot_line_precue: ori = 54.522325174793146
14.2739 	EXP 	rot_line_precue: ori = 54.883484306934264
14.2823 	EXP 	rot_line_precue: ori = 55.292026067395625
14.2904 	EXP 	rot_line_precue: ori = 55.648286940715096
14.2989 	EXP 	rot_line_precue: ori = 55.94780596093769
14.3078 	EXP 	rot_line_precue: ori = 56.523779200867
14.3151 	EXP 	rot_line_precue: ori = 57.05389248709188
14.3240 	EXP 	rot_line_precue: ori = 57.398402331066755
14.3328 	EXP 	rot_line_precue: ori = 57.706751572251335
14.3404 	EXP 	rot_line_precue: ori = 58.09436480171097
14.3485 	EXP 	rot_line_precue: ori = 58.51195319639327
14.3571 	EXP 	rot_line_precue: ori = 59.057289323033665
14.3653 	EXP 	rot_line_precue: ori = 59.64013079061256
14.3735 	EXP 	rot_line_precue: ori = 60.005807028442234
14.3817 	EXP 	rot_line_precue: ori = 60.47593881629256
14.3909 	EXP 	rot_line_precue: ori = 60.97915020449775
14.3985 	EXP 	rot_line_precue: ori = 61.48890816797994
14.4066 	EXP 	rot_line_precue: ori = 61.86660154583663
14.4152 	EXP 	rot_line_precue: ori = 62.1823084137291
14.4234 	EXP 	rot_line_precue: ori = 62.64772964711955
14.4318 	EXP 	rot_line_precue: ori = 62.94528346918794
14.4403 	EXP 	rot_line_precue: ori = 63.26062995989413
14.4487 	EXP 	rot_line_precue: ori = 63.58467880447402
14.4573 	EXP 	rot_line_precue: ori = 63.90337034817098
14.4656 	EXP 	rot_line_precue: ori = 64.3995899004654
14.4742 	EXP 	rot_line_precue: ori = 64.79027284814012
14.4824 	EXP 	rot_line_precue: ori = 65.09403763580764
14.4907 	EXP 	rot_line_precue: ori = 65.42666326717064
14.4988 	EXP 	rot_line_precue: ori = 65.9616525812005
14.5073 	EXP 	rot_line_precue: ori = 66.289999578881
14.5153 	EXP 	rot_line_precue: ori = 66.666474106288
14.5237 	EXP 	rot_line_precue: ori = 66.96664603893375
14.5319 	EXP 	rot_line_precue: ori = 67.3548030570507
14.5404 	EXP 	rot_line_precue: ori = 67.81996669787479
14.5485 	EXP 	rot_line_precue: ori = 68.12213706811077
14.5568 	EXP 	rot_line_precue: ori = 68.59610232232805
14.5651 	EXP 	rot_line_precue: ori = 69.22421839804515
14.5736 	EXP 	rot_line_precue: ori = 69.52662439545996
14.5818 	EXP 	rot_line_precue: ori = 69.94669962966691
14.5901 	EXP 	rot_line_precue: ori = 70.69422025313453
14.5985 	EXP 	rot_line_precue: ori = 71.32683671720051
14.6069 	EXP 	rot_line_precue: ori = 71.68082679644345
14.6155 	EXP 	rot_line_precue: ori = 72.0939845617958
14.6239 	EXP 	rot_line_precue: ori = 72.40413711878713
14.6329 	EXP 	rot_line_precue: ori = 72.90483012994875
14.6408 	EXP 	rot_line_precue: ori = 73.22685051438636
14.6488 	EXP 	rot_line_precue: ori = 73.54972407486576
14.6578 	EXP 	rot_line_precue: ori = 74.32096934473026
14.6657 	EXP 	rot_line_precue: ori = 74.64144625821093
14.6746 	EXP 	rot_line_precue: ori = 75.41509472568595
14.6819 	EXP 	rot_line_precue: ori = 75.75983171925236
14.6906 	EXP 	rot_line_precue: ori = 76.21568294757182
14.6987 	EXP 	rot_line_precue: ori = 76.5238577926494
14.7075 	EXP 	rot_line_precue: ori = 76.85889597031577
14.7152 	EXP 	rot_line_precue: ori = 77.16606400272943
14.7236 	EXP 	rot_line_precue: ori = 77.47210339351314
14.7321 	EXP 	rot_line_precue: ori = 77.88133858003098
14.7402 	EXP 	rot_line_precue: ori = 78.5171199093177
14.7487 	EXP 	rot_line_precue: ori = 78.90620819817956
14.7570 	EXP 	rot_line_precue: ori = 79.28950875638786
14.7651 	EXP 	rot_line_precue: ori = 79.61373325528865
14.7734 	EXP 	rot_line_precue: ori = 79.93909537492712
14.7819 	EXP 	rot_line_precue: ori = 80.29639570948022
14.7902 	EXP 	rot_line_precue: ori = 80.59755925774124
14.7984 	EXP 	rot_line_precue: ori = 80.93915208090874
14.8072 	EXP 	rot_line_precue: ori = 81.31389791261003
14.8154 	EXP 	rot_line_precue: ori = 81.81025747588251
14.8238 	EXP 	rot_line_precue: ori = 82.33111634199116
14.8321 	EXP 	rot_line_precue: ori = 82.66603645707684
14.8403 	EXP 	rot_line_precue: ori = 83.36461537499655
14.8490 	EXP 	rot_line_precue: ori = 83.66615443848264
14.8579 	EXP 	rot_line_precue: ori = 84.13065833112418
14.8652 	EXP 	rot_line_precue: ori = 84.53296619155755
14.8741 	EXP 	rot_line_precue: ori = 85.02504739390417
14.8828 	EXP 	rot_line_precue: ori = 85.43470651023388
14.8910 	EXP 	rot_line_precue: ori = 85.79504511026677
14.8987 	EXP 	rot_line_precue: ori = 86.10914508699028
14.9071 	EXP 	rot_line_precue: ori = 86.4246026227289
14.9154 	EXP 	rot_line_precue: ori = 86.74580922879774
14.9235 	EXP 	rot_line_precue: ori = 87.07176640606377
14.9318 	EXP 	rot_line_precue: ori = 87.51121081971154
14.9410 	EXP 	rot_line_precue: ori = 87.83469521801672
14.9485 	EXP 	rot_line_precue: ori = 88.18422330260904
14.9568 	EXP 	rot_line_precue: ori = 88.48891706590794
14.9653 	EXP 	rot_line_precue: ori = 88.85218821207073
14.9736 	EXP 	rot_line_precue: ori = 89.17670309118289
14.9824 	EXP 	rot_line_precue: ori = 89.55073445624487
14.9905 	EXP 	rot_line_precue: ori = 89.85668305737141
14.9988 	EXP 	rot_line_precue: ori = 90.44799820011717
15.0074 	EXP 	rot_line_precue: ori = 90.90506148242635
15.0161 	EXP 	rot_line_precue: ori = 91.20356791335557
15.0236 	EXP 	rot_line_precue: ori = 91.78570515802598
15.0323 	EXP 	rot_line_precue: ori = 92.50697461360394
15.0405 	EXP 	rot_line_precue: ori = 92.91771391563239
15.0487 	EXP 	rot_line_precue: ori = 93.57891345860403
15.0569 	EXP 	rot_line_precue: ori = 93.93991964559663
15.0654 	EXP 	rot_line_precue: ori = 94.31427505810058
15.0737 	EXP 	rot_line_precue: ori = 94.661501642174
15.0820 	EXP 	rot_line_precue: ori = 94.9734612335548
15.0904 	EXP 	rot_line_precue: ori = 95.65024563327985
15.0986 	EXP 	rot_line_precue: ori = 95.9909836001386
15.1069 	EXP 	rot_line_precue: ori = 96.45945653953812
15.1151 	EXP 	rot_line_precue: ori = 96.75748838978258
15.1236 	EXP 	rot_line_precue: ori = 97.13129455014715
15.1319 	EXP 	rot_line_precue: ori = 97.53669505099849
15.1405 	EXP 	rot_line_precue: ori = 97.89057503145938
15.1487 	EXP 	rot_line_precue: ori = 98.18766665457318
15.1571 	EXP 	rot_line_precue: ori = 98.5442104010577
15.1658 	EXP 	rot_line_precue: ori = 98.951510580681
15.1738 	EXP 	rot_line_precue: ori = 99.26315254071241
15.1820 	EXP 	rot_line_precue: ori = 99.59407528217088
15.1906 	EXP 	rot_line_precue: ori = 100.08514412805332
15.1990 	EXP 	rot_line_precue: ori = 100.40871330778019
15.2071 	EXP 	rot_line_precue: ori = 100.91274794946114
15.2158 	EXP 	rot_line_precue: ori = 101.28318000261126
15.2238 	EXP 	rot_line_precue: ori = 101.79184841009203
15.2325 	EXP 	rot_line_precue: ori = 102.08791119087526
15.2400 	EXP 	rot_line_precue: ori = 102.72130565195273
15.2487 	EXP 	rot_line_precue: ori = 103.3391558834314
15.2569 	EXP 	rot_line_precue: ori = 103.67870742652173
15.2653 	EXP 	rot_line_precue: ori = 104.2047820686644
15.2734 	EXP 	rot_line_precue: ori = 104.51247106007396
15.2821 	EXP 	rot_line_precue: ori = 105.03679399564247
15.2902 	EXP 	rot_line_precue: ori = 105.42539587860219
15.2984 	EXP 	rot_line_precue: ori = 105.83952158187078
15.3070 	EXP 	rot_line_precue: ori = 106.14508854579253
15.3152 	EXP 	rot_line_precue: ori = 106.73492949338504
15.3234 	EXP 	rot_line_precue: ori = 107.4287123046025
15.3322 	EXP 	rot_line_precue: ori = 107.73394181508237
15.3405 	EXP 	rot_line_precue: ori = 108.21559807160591
15.3489 	EXP 	rot_line_precue: ori = 108.68310196430791
15.3573 	EXP 	rot_line_precue: ori = 108.99916285271777
15.3656 	EXP 	rot_line_precue: ori = 109.3744743106685
15.3740 	EXP 	rot_line_precue: ori = 109.73231278785231
15.3825 	EXP 	rot_line_precue: ori = 110.1806921454662
15.3905 	EXP 	rot_line_precue: ori = 110.50163323573386
15.3986 	EXP 	rot_line_precue: ori = 110.88845635947676
15.4071 	EXP 	rot_line_precue: ori = 111.27748002056
15.4153 	EXP 	rot_line_precue: ori = 111.6483118885025
15.4236 	EXP 	rot_line_precue: ori = 112.08456895561739
15.4321 	EXP 	rot_line_precue: ori = 112.40147081806654
15.4402 	EXP 	rot_line_precue: ori = 112.95388394691489
15.4485 	EXP 	rot_line_precue: ori = 113.2491408405905
15.4568 	EXP 	rot_line_precue: ori = 113.5582063742763
15.4653 	EXP 	rot_line_precue: ori = 113.86903083750144
15.4744 	EXP 	rot_line_precue: ori = 114.48260412102947
15.4817 	EXP 	rot_line_precue: ori = 114.79390966337877
15.4908 	EXP 	rot_line_precue: ori = 115.11421178557751
15.4985 	EXP 	rot_line_precue: ori = 115.86075101008977
15.5073 	EXP 	rot_line_precue: ori = 116.23071734622528
15.5155 	EXP 	rot_line_precue: ori = 116.98660867133134
15.5238 	EXP 	rot_line_precue: ori = 117.53797671527028
15.5323 	EXP 	rot_line_precue: ori = 117.86685083416221
15.5413 	EXP 	rot_line_precue: ori = 118.21887055129275
15.5487 	EXP 	rot_line_precue: ori = 118.65642295266274
15.5574 	EXP 	rot_line_precue: ori = 118.99662650805648
15.5657 	EXP 	rot_line_precue: ori = 119.32894876021338
15.5738 	EXP 	rot_line_precue: ori = 119.66011843996112
15.5819 	EXP 	rot_line_precue: ori = 119.96444620771425
15.5904 	EXP 	rot_line_precue: ori = 120.66663089127391
15.5987 	EXP 	rot_line_precue: ori = 121.05112720792467
15.6068 	EXP 	rot_line_precue: ori = 121.3723089665076
15.6150 	EXP 	rot_line_precue: ori = 121.91596232966896
15.6235 	EXP 	rot_line_precue: ori = 122.23030845062718
15.6318 	EXP 	rot_line_precue: ori = 122.61104523872748
15.6400 	EXP 	rot_line_precue: ori = 122.97182811354713
15.6485 	EXP 	rot_line_precue: ori = 123.27365281954637
15.6570 	EXP 	rot_line_precue: ori = 123.60513714603337
15.6650 	EXP 	rot_line_precue: ori = 123.94266384946322
15.6734 	EXP 	rot_line_precue: ori = 124.2752719909617
15.6821 	EXP 	rot_line_precue: ori = 124.6855365029182
15.6909 	EXP 	rot_line_precue: ori = 125.05063913468953
15.6995 	EXP 	rot_line_precue: ori = 125.62518292839854
15.7070 	EXP 	rot_line_precue: ori = 125.93388493504118
15.7152 	EXP 	rot_line_precue: ori = 126.28244199579976
15.7238 	EXP 	rot_line_precue: ori = 126.81660795211344
15.7322 	EXP 	rot_line_precue: ori = 127.11193402348007
15.7402 	EXP 	rot_line_precue: ori = 127.41057125647389
15.7489 	EXP 	rot_line_precue: ori = 127.72841554674282
15.7571 	EXP 	rot_line_precue: ori = 128.19704561014288
15.7652 	EXP 	rot_line_precue: ori = 128.59048629667993
15.7738 	EXP 	rot_line_precue: ori = 129.03620529389056
15.7820 	EXP 	rot_line_precue: ori = 129.36484007749692
15.7903 	EXP 	rot_line_precue: ori = 129.73459772713605
15.7984 	EXP 	rot_line_precue: ori = 130.2180115750612
15.8069 	EXP 	rot_line_precue: ori = 130.54416190146802
15.8152 	EXP 	rot_line_precue: ori = 130.87262820485964
15.8161 	EXP 	New trial (rep=2, index=5): <Trial 5 (5 in rep 2) data={'pic_name': 'pics/left_hand.JPG', 'class_mi': 'left_hand', 'thisN': 5, 'thisTrialN': 5, 'thisRepN': 2}>
15.8235 	EXP 	hor_line_precue: autoDraw = False
15.8235 	EXP 	ver_line_precue: autoDraw = False
15.8235 	EXP 	rot_line_precue: autoDraw = False
15.8235 	EXP 	rot_line_precue: ori = 131.1833934935538
15.8235 	EXP 	point_left: autoDraw = False
15.8235 	EXP 	point_right: autoDraw = False
15.8235 	EXP 	dot_precue: autoDraw = False
15.8235 	EXP 	hor_line_precue: autoDraw = False
15.8235 	EXP 	ver_line_precue: autoDraw = False
15.8235 	EXP 	rot_line_precue: autoDraw = False
15.8235 	EXP 	point_left: autoDraw = False
15.8235 	EXP 	point_right: autoDraw = False
15.8235 	EXP 	dot_precue: autoDraw = False
15.8235 	EXP 	hor_line_precue: autoDraw = True
15.8235 	EXP 	ver_line_precue: autoDraw = True
15.8235 	EXP 	rot_line_precue: autoDraw = True
15.8235 	EXP 	rot_line_precue: ori = 131.57836443818067
15.8235 	EXP 	point_left: autoDraw = True
15.8235 	EXP 	point_right: autoDraw = True
15.8235 	EXP 	dot_precue: autoDraw = True
15.8324 	EXP 	rot_line_precue: ori = 131.9165329108195
15.8403 	EXP 	rot_line_precue: ori = 132.24755199195397
15.8485 	EXP 	rot_line_precue: ori = 132.91721960723663
15.8572 	EXP 	rot_line_precue: ori = 133.25640884215926
15.8655 	EXP 	rot_line_precue: ori = 133.66654971817877
15.8739 	EXP 	rot_line_precue: ori = 133.97011241633098
15.8822 	EXP 	rot_line_precue: ori = 134.28926834388878
15.8903 	EXP 	rot_line_precue: ori = 134.61394975824032
15.8986 	EXP 	rot_line_precue: ori = 134.9836176173232
15.9074 	EXP 	rot_line_precue: ori = 135.2895641664081
15.9154 	EXP 	rot_line_precue: ori = 135.59497211044908
15.9240 	EXP 	rot_line_precue: ori = 136.00616780671228
15.9321 	EXP 	rot_line_precue: ori = 136.33452712391002
15.9405 	EXP 	rot_line_precue: ori = 136.66031785572386
15.9485 	EXP 	rot_line_precue: ori = 137.14934683930042
15.9571 	EXP 	rot_line_precue: ori = 137.50453496841976
15.9653 	EXP 	rot_line_precue: ori = 137.81719955527686
15.9735 	EXP 	rot_line_precue: ori = 138.14003550422183
15.9818 	EXP 	rot_line_precue: ori = 138.47654743171148
15.9902 	EXP 	rot_line_precue: ori = 139.03484999442108
15.9986 	EXP 	rot_line_precue: ori = 139.34399158025653
16.0069 	EXP 	rot_line_precue: ori = 140.0546606041469
16.0153 	EXP 	rot_line_precue: ori = 140.35269830860193
16.0237 	EXP 	rot_line_precue: ori = 140.7081128257141
16.0323 	EXP 	rot_line_precue: ori = 141.04961263524615
16.0406 	EXP 	rot_line_precue: ori = 141.44782606988292
16.0488 	EXP 	rot_line_precue: ori = 141.83950397606
16.0568 	EXP 	rot_line_precue: ori = 142.13967299148308
16.0656 	EXP 	rot_line_precue: ori = 142.43862492399538
16.0738 	EXP 	rot_line_precue: ori = 142.7693026884035
16.0825 	EXP 	rot_line_precue: ori = 143.07585036757797
16.0906 	EXP 	rot_line_precue: ori = 143.42973556887696
16.0988 	EXP 	rot_line_precue: ori = 143.74685566323453
16.1070 	EXP 	rot_line_precue: ori = 144.26198773595868
16.1155 	EXP 	rot_line_precue: ori = 144.5782045110685
16.1235 	EXP 	rot_line_precue: ori = 144.885887384843
16.1319 	EXP 	rot_line_precue: ori = 145.42981875721023
16.1415 	EXP 	rot_line_precue: ori = 145.75431761688958
16.1486 	EXP 	rot_line_precue: ori = 146.0669473063968
16.1569 	EXP 	rot_line_precue: ori = 146.42823638006084
16.1651 	EXP 	rot_line_precue: ori = 146.72923839511006
16.1736 	EXP 	rot_line_precue: ori = 147.13954609408157
16.1819 	EXP 	rot_line_precue: ori = 147.50891822097327
16.1901 	EXP 	rot_line_precue: ori = 147.95970505041976
16.1985 	EXP 	rot_line_precue: ori = 148.25728058406432
16.2069 	EXP 	rot_line_precue: ori = 149.04951983095862
16.2156 	EXP 	rot_line_precue: ori = 149.4668432178009
16.2242 	EXP 	rot_line_precue: ori = 149.80321928048244
16.2320 	EXP 	rot_line_precue: ori = 150.10341244763637
16.2406 	EXP 	rot_line_precue: ori = 150.674798623687
16.2489 	EXP 	rot_line_precue: ori = 151.1060764668953
16.2572 	EXP 	rot_line_precue: ori = 151.4163866499511
16.2659 	EXP 	rot_line_precue: ori = 151.7507750691126
16.2739 	EXP 	rot_line_precue: ori = 152.04807842785874
16.2822 	EXP 	rot_line_precue: ori = 152.45011209320265
16.2903 	EXP 	rot_line_precue: ori = 152.75589296152648
16.2987 	EXP 	rot_line_precue: ori = 153.32139086691393
16.3070 	EXP 	rot_line_precue: ori = 153.96282029583065
16.3153 	EXP 	rot_line_precue: ori = 154.61702060291782
16.3235 	EXP 	rot_line_precue: ori = 154.92602388184466
16.3320 	EXP 	rot_line_precue: ori = 155.5252932787037
16.3401 	EXP 	rot_line_precue: ori = 155.87003240556217
16.3485 	EXP 	rot_line_precue: ori = 156.24603984522537
16.3567 	EXP 	rot_line_precue: ori = 156.5509688493127
16.3652 	EXP 	rot_line_precue: ori = 156.8558955413216
16.3735 	EXP 	rot_line_precue: ori = 157.33709746289728
16.3821 	EXP 	rot_line_precue: ori = 157.69164550174634
16.3905 	EXP 	rot_line_precue: ori = 158.04116037886976
16.3990 	EXP 	rot_line_precue: ori = 158.34315006344482
16.4071 	EXP 	rot_line_precue: ori = 158.81227816104433
16.4154 	EXP 	rot_line_precue: ori = 159.11959179827707
16.4241 	EXP 	rot_line_precue: ori = 159.72547722802278
16.4322 	EXP 	rot_line_precue: ori = 160.07523145080464
16.4402 	EXP 	rot_line_precue: ori = 160.4951180325077
16.4490 	EXP 	rot_line_precue: ori = 160.79475027989508
16.4572 	EXP 	rot_line_precue: ori = 161.12497315487113
16.4662 	EXP 	rot_line_precue: ori = 161.59187626611165
16.4739 	EXP 	rot_line_precue: ori = 161.9746128822402
16.4822 	EXP 	rot_line_precue: ori = 162.54655226564307
16.4905 	EXP 	rot_line_precue: ori = 162.9246141155623
16.4986 	EXP 	rot_line_precue: ori = 163.2353446706241
16.5068 	EXP 	rot_line_precue: ori = 163.68229069458886
16.5153 	EXP 	rot_line_precue: ori = 163.99078986155848
16.5236 	EXP 	rot_line_precue: ori = 164.5782629876948
16.5318 	EXP 	rot_line_precue: ori = 164.90930341964494
16.5403 	EXP 	rot_line_precue: ori = 165.39126606956032
16.5486 	EXP 	rot_line_precue: ori = 165.70518604910336
16.5573 	EXP 	rot_line_precue: ori = 166.00793549816797
16.5656 	EXP 	rot_line_precue: ori = 166.3528956385375
16.5738 	EXP 	rot_line_precue: ori = 167.08441176164578
16.5823 	EXP 	rot_line_precue: ori = 167.4190460101756
16.5906 	EXP 	rot_line_precue: ori = 168.0699709132032
16.5988 	EXP 	rot_line_precue: ori = 168.36903672749906
16.6076 	EXP 	rot_line_precue: ori = 168.97914148738374
16.6158 	EXP 	rot_line_precue: ori = 169.62234703379855
16.6239 	EXP 	rot_line_precue: ori = 170.11901504790555
16.6324 	EXP 	rot_line_precue: ori = 170.54629850828292
16.6404 	EXP 	rot_line_precue: ori = 170.85530018459235
16.6486 	EXP 	rot_line_precue: ori = 171.3856866679386
16.6569 	EXP 	rot_line_precue: ori = 171.68902774125405
16.6655 	EXP 	rot_line_precue: ori = 172.13808333017766
16.6736 	EXP 	rot_line_precue: ori = 172.50873534665703
16.6818 	EXP 	rot_line_precue: ori = 172.81909429355625
16.6901 	EXP 	rot_line_precue: ori = 173.33944927884517
16.6986 	EXP 	rot_line_precue: ori = 173.65145149101065
16.7070 	EXP 	rot_line_precue: ori = 174.1710303581107
16.7151 	EXP 	rot_line_precue: ori = 174.54577402913216
16.7238 	EXP 	rot_line_precue: ori = 175.24404056830807
16.7321 	EXP 	rot_line_precue: ori = 175.64758068635336
16.7407 	EXP 	rot_line_precue: ori = 176.17015960771155
16.7491 	EXP 	rot_line_precue: ori = 176.7645057164234
16.7571 	EXP 	rot_line_precue: ori = 177.09313401064108
16.7657 	EXP 	rot_line_precue: ori = 177.49484859862167
16.7738 	EXP 	rot_line_precue: ori = 177.88492632927205
16.7822 	EXP 	rot_line_precue: ori = 178.18899089187497
16.7908 	EXP 	rot_line_precue: ori = 178.9937232823741
16.7989 	EXP 	rot_line_precue: ori = 179.3041310237276
16.8071 	EXP 	rot_line_precue: ori = 179.60160322570184
16.8153 	EXP 	rot_line_precue: ori = 179.93403003968865
16.8234 	EXP 	rot_line_precue: ori = 180.39000734557567
16.8326 	EXP 	rot_line_precue: ori = 180.68602999418866
16.8404 	EXP 	rot_line_precue: ori = 181.1333208645559
16.8487 	EXP 	rot_line_precue: ori = 181.43345768350358
16.8569 	EXP 	rot_line_precue: ori = 181.91454892726517
16.8652 	EXP 	rot_line_precue: ori = 182.474163719821
16.8734 	EXP 	rot_line_precue: ori = 183.0522554697003
16.8820 	EXP 	rot_line_precue: ori = 183.43598252643093
16.8902 	EXP 	rot_line_precue: ori = 184.08527433546018
16.8990 	EXP 	rot_line_precue: ori = 184.38260197333616
16.9072 	EXP 	rot_line_precue: ori = 184.75284944192984
16.9155 	EXP 	rot_line_precue: ori = 185.10858523887794
16.9236 	EXP 	rot_line_precue: ori = 185.85235395619029
16.9321 	EXP 	rot_line_precue: ori = 186.2338141704365
16.9404 	EXP 	rot_line_precue: ori = 186.58259960584098
16.9490 	EXP 	rot_line_precue: ori = 186.9527122843603
16.9578 	EXP 	rot_line_precue: ori = 187.29627946632593
16.9656 	EXP 	rot_line_precue: ori = 187.65256646569736
16.9741 	EXP 	rot_line_precue: ori = 188.15604418296778
16.9822 	EXP 	rot_line_precue: ori = 188.46723854613091
16.9903 	EXP 	rot_line_precue: ori = 188.8893435312074
16.9986 	EXP 	rot_line_precue: ori = 189.33492659847164
17.0072 	EXP 	rot_line_precue: ori = 189.6752421593771
17.0154 	EXP 	rot_line_precue: ori = 190.23057253785964
17.0236 	EXP 	rot_line_precue: ori = 190.5431176636509
17.0318 	EXP 	rot_line_precue: ori = 190.9357207880742
17.0403 	EXP 	rot_line_precue: ori = 191.25064372328734
17.0485 	EXP 	rot_line_precue: ori = 191.60174286542662
17.0568 	EXP 	rot_line_precue: ori = 192.29560729009563
17.0653 	EXP 	rot_line_precue: ori = 192.6919330010503
17.0738 	EXP 	rot_line_precue: ori = 193.42618660429298
17.0823 	EXP 	rot_line_precue: ori = 193.77985211945534
17.0906 	EXP 	rot_line_precue: ori = 194.2519868394403
17.0993 	EXP 	rot_line_precue: ori = 194.71585753561732
17.1069 	EXP 	rot_line_precue: ori = 195.20408990583655
17.1154 	EXP 	rot_line_precue: ori = 195.50684172472953
17.1242 	EXP 	rot_line_precue: ori = 195.81330302549503
17.1325 	EXP 	rot_line_precue: ori = 196.1664143418111
17.1406 	EXP 	rot_line_precue: ori = 196.53594637872482
17.1488 	EXP 	rot_line_precue: ori = 196.85368186784788
17.1571 	EXP 	rot_line_precue: ori = 197.1667592471736
17.1654 	EXP 	rot_line_precue: ori = 197.60725218537493
17.1736 	EXP 	rot_line_precue: ori = 198.0643706547301
17.1820 	EXP 	rot_line_precue: ori = 198.378311882969
17.1901 	EXP 	rot_line_precue: ori = 198.84847458475895
17.1987 	EXP 	rot_line_precue: ori = 199.15344179104176
17.2069 	EXP 	rot_line_precue: ori = 199.45787995103632
17.2152 	EXP 	rot_line_precue: ori = 199.7729002077022
17.2236 	EXP 	rot_line_precue: ori = 200.09897993418727
17.2320 	EXP 	rot_line_precue: ori = 200.42986776041298
17.2406 	EXP 	rot_line_precue: ori = 200.7269373223764
17.2488 	EXP 	rot_line_precue: ori = 201.0281868403668
17.2572 	EXP 	rot_line_precue: ori = 201.32771265368967
17.2656 	EXP 	rot_line_precue: ori = 201.6296964954831
17.2737 	EXP 	rot_line_precue: ori = 202.22674902567604
17.2820 	EXP 	rot_line_precue: ori = 202.56817910789263
17.2903 	EXP 	rot_line_precue: ori = 202.90561473553063
17.2987 	EXP 	rot_line_precue: ori = 203.23412883202198
17.3071 	EXP 	rot_line_precue: ori = 203.6189113177454
17.3158 	EXP 	rot_line_precue: ori = 204.12884390392185
17.3239 	EXP 	rot_line_precue: ori = 204.61594057489535
17.3327 	EXP 	rot_line_precue: ori = 205.32940573286436
17.3403 	EXP 	rot_line_precue: ori = 205.98699203455948
17.3488 	EXP 	rot_line_precue: ori = 206.4345819459796
17.3571 	EXP 	rot_line_precue: ori = 206.96545935049843
17.3654 	EXP 	rot_line_precue: ori = 207.2889208422652
17.3736 	EXP 	rot_line_precue: ori = 207.62409288131988
17.3820 	EXP 	rot_line_precue: ori = 208.0371968929012
17.3903 	EXP 	rot_line_precue: ori = 208.37917511759514
17.3989 	EXP 	rot_line_precue: ori = 209.17539403963883
17.4072 	EXP 	rot_line_precue: ori = 209.4945664869135
17.4154 	EXP 	rot_line_precue: ori = 210.16876189499504
17.4240 	EXP 	rot_line_precue: ori = 210.81412925891547
17.4322 	EXP 	rot_line_precue: ori = 211.20727532204904
17.4405 	EXP 	rot_line_precue: ori = 211.53105928430455
17.4486 	EXP 	rot_line_precue: ori = 211.84902631814754
17.4573 	EXP 	rot_line_precue: ori = 212.1607176792124
17.4654 	EXP 	rot_line_precue: ori = 212.48803584612742
17.4736 	EXP 	rot_line_precue: ori = 212.8640827348492
17.4823 	EXP 	rot_line_precue: ori = 213.16884857344695
17.4905 	EXP 	rot_line_precue: ori = 213.75849481276182
17.4986 	EXP 	rot_line_precue: ori = 214.06308335238802
17.5072 	EXP 	rot_line_precue: ori = 214.66281761229203
17.5154 	EXP 	rot_line_precue: ori = 215.06122096346775
17.5236 	EXP 	rot_line_precue: ori = 215.58302071944135
17.5322 	EXP 	rot_line_precue: ori = 215.88786694412764
17.5406 	EXP 	rot_line_precue: ori = 216.21683486138713
17.5487 	EXP 	rot_line_precue: ori = 216.6445201778976
17.5574 	EXP 	rot_line_precue: ori = 217.0450196252283
17.5657 	EXP 	rot_line_precue: ori = 217.3596060335576
17.5738 	EXP 	rot_line_precue: ori = 217.75948311360082
17.5824 	EXP 	rot_line_precue: ori = 218.18794101539208
17.5913 	EXP 	rot_line_precue: ori = 218.49115445411158
17.5987 	EXP 	rot_line_precue: ori = 218.9596636227921
17.6075 	EXP 	rot_line_precue: ori = 219.59981325404127
17.6155 	EXP 	rot_line_precue: ori = 220.18751224820997
17.6236 	EXP 	rot_line_precue: ori = 220.57154725160285
17.6319 	EXP 	rot_line_precue: ori = 220.9010655328374
17.6405 	EXP 	rot_line_precue: ori = 221.19815200520233
17.6490 	EXP 	rot_line_precue: ori = 221.51645439104146
17.6575 	EXP 	rot_line_precue: ori = 221.87509526274943
17.6656 	EXP 	rot_line_precue: ori = 222.25147824375912
17.6739 	EXP 	rot_line_precue: ori = 222.71488730489094
17.6820 	EXP 	rot_line_precue: ori = 223.4059265680823
17.6905 	EXP 	rot_line_precue: ori = 223.7786633679684
17.6987 	EXP 	rot_line_precue: ori = 224.09196101297567
17.7070 	EXP 	rot_line_precue: ori = 224.57189195033953
17.7155 	EXP 	rot_line_precue: ori = 224.9080536988481
17.7236 	EXP 	rot_line_precue: ori = 225.4000175237477
17.7319 	EXP 	rot_line_precue: ori = 225.74296670031342
17.7402 	EXP 	rot_line_precue: ori = 226.36639991747083
17.7486 	EXP 	rot_line_precue: ori = 226.68468048727897
17.7570 	EXP 	rot_line_precue: ori = 227.19753107063053
17.7657 	EXP 	rot_line_precue: ori = 227.50866048471931
17.7738 	EXP 	rot_line_precue: ori = 227.91685782833198
17.7821 	EXP 	rot_line_precue: ori = 228.25290556864417
17.7909 	EXP 	rot_line_precue: ori = 228.61173368190774
17.7989 	EXP 	rot_line_precue: ori = 228.9146735417396
17.8070 	EXP 	rot_line_precue: ori = 229.48999111723438
17.8081 	EXP 	New trial (rep=2, index=6): <Trial 6 (6 in rep 2) data={'pic_name': 'pics/feet.JPG', 'class_mi': 'feet', 'thisN': 6, 'thisTrialN': 6, 'thisRepN': 2}>
17.8156 	EXP 	hor_line_precue: autoDraw = False
17.8156 	EXP 	ver_line_precue: autoDraw = False
17.8156 	EXP 	rot_line_precue: autoDraw = False
17.8156 	EXP 	rot_line_precue: ori = 229.82981262669975
17.8156 	EXP 	point_left: autoDraw = False
17.8156 	EXP 	point_right: autoDraw = False
17.8156 	EXP 	dot_precue: autoDraw = False
17.8156 	EXP 	hor_line_precue: autoDraw = False
17.8156 	EXP 	ver_line_precue: autoDraw = False
17.8156 	EXP 	rot_line_precue: autoDraw = False
17.8156 	EXP 	point_left: autoDraw = False
17.8156 	EXP 	point_right: autoDraw = False
17.8156 	EXP 	dot_precue: autoDraw = False
17.8156 	EXP 	hor_line_precue: autoDraw = True
17.8156 	EXP 	ver_line_precue: autoDraw = True
17.8156 	EXP 	rot_line_precue: autoDraw = True
17.8156 	EXP 	rot_line_precue: ori = 230.14059936374304
17.8156 	EXP 	point_left: autoDraw = True
17.8156 	EXP 	point_right: autoDraw = True
17.8156 	EXP 	dot_precue: autoDraw = True
17.8239 	EXP 	rot_line_precue: ori = 230.4609633832082
17.8322 	EXP 	rot_line_precue: ori = 230.94210753433933
17.8408 	EXP 	rot_line_precue: ori = 231.3595269127798
17.8488 	EXP 	rot_line_precue: ori = 231.7407379967567
17.8575 	EXP 	rot_line_precue: ori = 232.09527014154796
17.8653 	EXP 	rot_line_precue: ori = 232.45322717841634
17.8735 	EXP 	rot_line_precue: ori = 232.78344598880705
17.8821 	EXP 	rot_line_precue: ori = 233.15843688093258
17.8902 	EXP 	rot_line_precue: ori = 233.6998658736987
17.8985 	EXP 	rot_line_precue: ori = 234.0614420386302
17.9070 	EXP 	rot_line_precue: ori = 234.39563935642215
17.9155 	EXP 	rot_line_precue: ori = 234.747721975442
17.9235 	EXP 	rot_line_precue: ori = 235.22022374592405
17.9323 	EXP 	rot_line_precue: ori = 235.68259112523663
17.9405 	EXP 	rot_line_precue: ori = 236.34526775797707
17.9489 	EXP 	rot_line_precue: ori = 236.6552337135154
17.9571 	EXP 	rot_line_precue: ori = 236.98291114225555
17.9653 	EXP 	rot_line_precue: ori = 237.30516068503889
17.9735 	EXP 	rot_line_precue: ori = 237.76059242520188
17.9820 	EXP 	rot_line_precue: ori = 238.05586467833135
17.9905 	EXP 	rot_line_precue: ori = 238.4097813999498
17.9986 	EXP 	rot_line_precue: ori = 238.81746869869767
18.0073 	EXP 	rot_line_precue: ori = 239.16862217036729
18.0155 	EXP 	rot_line_precue: ori = 239.474442847559
18.0236 	EXP 	rot_line_precue: ori = 240.00062628366504
18.0322 	EXP 	rot_line_precue: ori = 240.30804204235147
18.0410 	EXP 	rot_line_precue: ori = 240.7468357044935
18.0486 	EXP 	rot_line_precue: ori = 241.14656767358906
18.0569 	EXP 	rot_line_precue: ori = 241.48952141998356
18.0652 	EXP 	rot_line_precue: ori = 241.93925018759296
18.0736 	EXP 	rot_line_precue: ori = 242.42895141585527
18.0818 	EXP 	rot_line_precue: ori = 242.73235155624172
18.0903 	EXP 	rot_line_precue: ori = 243.40722110095697
18.0986 	EXP 	rot_line_precue: ori = 243.73129008974908
18.1073 	EXP 	rot_line_precue: ori = 244.06343051729627
18.1162 	EXP 	rot_line_precue: ori = 244.70408261027367
18.1244 	EXP 	rot_line_precue: ori = 245.02018364793716
18.1322 	EXP 	rot_line_precue: ori = 245.35824684146786
18.1404 	EXP 	rot_line_precue: ori = 245.7673048772611
18.1487 	EXP 	rot_line_precue: ori = 246.12085638648418
18.1570 	EXP 	rot_line_precue: ori = 246.5448447809662
18.1656 	EXP 	rot_line_precue: ori = 246.90047758633884
18.1741 	EXP 	rot_line_precue: ori = 247.23432244236028
18.1825 	EXP 	rot_line_precue: ori = 247.78305143632767
18.1905 	EXP 	rot_line_precue: ori = 248.1561459038992
18.1986 	EXP 	rot_line_precue: ori = 248.4984287399472
18.2070 	EXP 	rot_line_precue: ori = 248.81324414663447
18.2154 	EXP 	rot_line_precue: ori = 249.21488203356935
18.2237 	EXP 	rot_line_precue: ori = 249.55436300400407
18.2320 	EXP 	rot_line_precue: ori = 249.87558567434863
18.2401 	EXP 	rot_line_precue: ori = 250.27205545099213
18.2486 	EXP 	rot_line_precue: ori = 250.58765423956567
18.2570 	EXP 	rot_line_precue: ori = 250.89153805020965
18.2652 	EXP 	rot_line_precue: ori = 251.3477090060851
18.2745 	EXP 	rot_line_precue: ori = 251.76990033057365
18.2822 	EXP 	rot_line_precue: ori = 252.16093857335773
18.2907 	EXP 	rot_line_precue: ori = 252.7641149252848
18.2989 	EXP 	rot_line_precue: ori = 253.48885625920855
18.3070 	EXP 	rot_line_precue: ori = 253.8338211309688
18.3152 	EXP 	rot_line_precue: ori = 254.5386609643665
18.3237 	EXP 	rot_line_precue: ori = 254.91529850768651
18.3324 	EXP 	rot_line_precue: ori = 255.27087821956994
18.3406 	EXP 	rot_line_precue: ori = 255.62256100109687
18.3491 	EXP 	rot_line_precue: ori = 255.9857582901546
18.3573 	EXP 	rot_line_precue: ori = 256.3275794220031
18.3660 	EXP 	rot_line_precue: ori = 256.6272165835394
18.3747 	EXP 	rot_line_precue: ori = 257.0573255224835
18.3822 	EXP 	rot_line_precue: ori = 257.66229475370034
18.3903 	EXP 	rot_line_precue: ori = 258.1000211593086
18.3988 	EXP 	rot_line_precue: ori = 258.4663161129732
18.4071 	EXP 	rot_line_precue: ori = 258.78119356926214
18.4153 	EXP 	rot_line_precue: ori = 259.1137281185302
18.4234 	EXP 	rot_line_precue: ori = 259.49028661414803
18.4319 	EXP 	rot_line_precue: ori = 259.7962201413077
18.4401 	EXP 	rot_line_precue: ori = 260.3820615449534
18.4484 	EXP 	rot_line_precue: ori = 260.68101246683227
18.4570 	EXP 	rot_line_precue: ori = 261.09511464325817
18.4655 	EXP 	rot_line_precue: ori = 261.4104909129705
18.4741 	EXP 	rot_line_precue: ori = 261.8212178310507
18.4828 	EXP 	rot_line_precue: ori = 262.12584563624637
18.4903 	EXP 	rot_line_precue: ori = 262.46349239703824
18.4990 	EXP 	rot_line_precue: ori = 262.88096275133967
18.5072 	EXP 	rot_line_precue: ori = 263.19199151013885
18.5153 	EXP 	rot_line_precue: ori = 263.5526808067679
18.5236 	EXP 	rot_line_precue: ori = 263.8843570877795
18.5323 	EXP 	rot_line_precue: ori = 264.2398868871486
18.5406 	EXP 	rot_line_precue: ori = 264.5820340836321
18.5487 	EXP 	rot_line_precue: ori = 265.27837403249924
18.5572 	EXP 	rot_line_precue: ori = 265.5760625563435
18.5655 	EXP 	rot_line_precue: ori = 265.93182461963374
18.5736 	EXP 	rot_line_precue: ori = 266.23466176451205
18.5822 	EXP 	rot_line_precue: ori = 266.6906428439506
18.5903 	EXP 	rot_line_precue: ori = 267.02099184780536
18.5984 	EXP 	rot_line_precue: ori = 267.34533857674694
18.6068 	EXP 	rot_line_precue: ori = 267.688757471906
18.6151 	EXP 	rot_line_precue: ori = 268.1088992488676
18.6235 	EXP 	rot_line_precue: ori = 268.41805898314453
18.6323 	EXP 	rot_line_precue: ori = 268.83610192877467
18.6416 	EXP 	rot_line_precue: ori = 269.18989529035457
18.6485 	EXP 	rot_line_precue: ori = 269.485904732357
18.6574 	EXP 	rot_line_precue: ori = 269.89495199077754
18.6654 	EXP 	rot_line_precue: ori = 270.2363599144253
18.6737 	EXP 	rot_line_precue: ori = 270.5460405472922
18.6820 	EXP 	rot_line_precue: ori = 271.0063185872685
18.6913 	EXP 	rot_line_precue: ori = 271.36133478778567
18.6985 	EXP 	rot_line_precue: ori = 271.90298165753285
18.7075 	EXP 	rot_line_precue: ori = 272.33819115356744
18.7156 	EXP 	rot_line_precue: ori = 272.85037143204664
18.7243 	EXP 	rot_line_precue: ori = 273.2633729480293
18.7320 	EXP 	rot_line_precue: ori = 273.6024275395887
18.7404 	EXP 	rot_line_precue: ori = 273.9307734529102
18.7487 	EXP 	rot_line_precue: ori = 274.31898087929204
18.7570 	EXP 	rot_line_precue: ori = 274.6145605096142
18.7651 	EXP 	rot_line_precue: ori = 274.9652366243228
18.7737 	EXP 	rot_line_precue: ori = 275.35050652941163
18.7820 	EXP 	rot_line_precue: ori = 275.7431208075801
18.7902 	EXP 	rot_line_precue: ori = 276.0652643685276
18.7996 	EXP 	rot_line_precue: ori = 276.64222238976316
18.8079 	EXP 	rot_line_precue: ori = 277.1540006102162
18.8156 	EXP 	rot_line_precue: ori = 277.47710461041896
18.8239 	EXP 	rot_line_precue: ori = 277.7876650662708
18.8321 	EXP 	rot_line_precue: ori = 278.1953773276006
18.8402 	EXP 	rot_line_precue: ori = 278.5505963515079
18.8488 	EXP 	rot_line_precue: ori = 279.0006488739113
18.8576 	EXP 	rot_line_precue: ori = 279.3014355448689
18.8653 	EXP 	rot_line_precue: ori = 280.102602835964
18.8745 	EXP 	rot_line_precue: ori = 280.4383560316456
18.8822 	EXP 	rot_line_precue: ori = 280.7776835359004
18.8909 	EXP 	rot_line_precue: ori = 281.15924642065943
18.8988 	EXP 	rot_line_precue: ori = 281.4616070383319
18.9071 	EXP 	rot_line_precue: ori = 281.89011437221814
18.9153 	EXP 	rot_line_precue: ori = 282.2420501895069
18.9239 	EXP 	rot_line_precue: ori = 282.8463135673056
18.9321 	EXP 	rot_line_precue: ori = 283.2855165828322
18.9403 	EXP 	rot_line_precue: ori = 283.7022284548789
18.9486 	EXP 	rot_line_precue: ori = 284.0238679229397
18.9570 	EXP 	rot_line_precue: ori = 284.44754295223726
18.9653 	EXP 	rot_line_precue: ori = 284.8759825489862
18.9734 	EXP 	rot_line_precue: ori = 285.1830247152898
18.9822 	EXP 	rot_line_precue: ori = 285.8035173527406
18.9907 	EXP 	rot_line_precue: ori = 286.119538573742
18.9991 	EXP 	rot_line_precue: ori = 286.77011831082564
19.0073 	EXP 	rot_line_precue: ori = 287.0722616884387
19.0153 	EXP 	rot_line_precue: ori = 287.4127965010999
19.0236 	EXP 	rot_line_precue: ori = 287.73233679432855
19.0321 	EXP 	rot_line_precue: ori = 288.3523531377402
19.0406 	EXP 	rot_line_precue: ori = 288.64876864481755
19.0489 	EXP 	rot_line_precue: ori = 289.0035328765278
19.0574 	EXP 	rot_line_precue: ori = 289.51803355060304
19.0655 	EXP 	rot_line_precue: ori = 289.87043236951695
19.0736 	EXP 	rot_line_precue: ori = 290.2727957462524
19.0822 	EXP 	rot_line_precue: ori = 290.6080971130632
19.0911 	EXP 	rot_line_precue: ori = 291.02257941144364
19.0987 	EXP 	rot_line_precue: ori = 291.4464202768938
19.1072 	EXP 	rot_line_precue: ori = 291.767913915925
19.1154 	EXP 	rot_line_precue: ori = 292.1012471611974
19.1236 	EXP 	rot_line_precue: ori = 292.6088149233715
19.1319 	EXP 	rot_line_precue: ori = 292.90951741712684
19.1404 	EXP 	rot_line_precue: ori = 293.22379732946
19.1488 	EXP 	rot_line_precue: ori = 293.59881489388243
19.1574 	EXP 	rot_line_precue: ori = 294.087202288138
19.1656 	EXP 	rot_line_precue: ori = 294.5222372060211
19.1738 	EXP 	rot_line_precue: ori = 295.05707871805936
19.1819 	EXP 	rot_line_precue: ori = 295.40535512829433
19.1904 	EXP 	rot_line_precue: ori = 295.8745268839917
19.1987 	EXP 	rot_line_precue: ori = 296.25318167702926
19.2069 	EXP 	rot_line_precue: ori = 296.6492923915199
19.2156 	EXP 	rot_line_precue: ori = 297.03075929125094
19.2239 	EXP 	rot_line_precue: ori = 297.3983544394128
19.2321 	EXP 	rot_line_precue: ori = 297.7528796907502
19.2405 	EXP 	rot_line_precue: ori = 298.1235302446377
19.2487 	EXP 	rot_line_precue: ori = 298.57566246689424
19.2570 	EXP 	rot_line_precue: ori = 299.02151386999293
19.2655 	EXP 	rot_line_precue: ori = 299.38769131427335
19.2738 	EXP 	rot_line_precue: ori = 299.8624685302731
19.2819 	EXP 	rot_line_precue: ori = 300.29431534626264
19.2904 	EXP 	rot_line_precue: ori = 300.686502755549
19.2987 	EXP 	rot_line_precue: ori = 301.0896419481648
19.3070 	EXP 	rot_line_precue: ori = 301.4060256432155
19.3156 	EXP 	rot_line_precue: ori = 301.8676474474009
19.3239 	EXP 	rot_line_precue: ori = 302.1836236319591
19.3322 	EXP 	rot_line_precue: ori = 302.76817527560576
19.3407 	EXP 	rot_line_precue: ori = 303.08151700230985
19.3501 	EXP 	rot_line_precue: ori = 303.4016462179627
19.3576 	EXP 	rot_line_precue: ori = 303.70311551608904
19.3656 	EXP 	rot_line_precue: ori = 304.01113084016197
19.3738 	EXP 	rot_line_precue: ori = 304.36371984270835
19.3822 	EXP 	rot_line_precue: ori = 304.6950526622462
19.3908 	EXP 	rot_line_precue: ori = 305.4982380848505
19.3990 	EXP 	rot_line_precue: ori = 305.8123660680593
19.4073 	EXP 	rot_line_precue: ori = 306.29873146329805
19.4152 	EXP 	rot_line_precue: ori = 306.84395854875066
19.4239 	EXP 	rot_line_precue: ori = 307.20116367451044
19.4321 	EXP 	rot_line_precue: ori = 307.51192389806033
19.4404 	EXP 	rot_line_precue: ori = 307.8812734287254
19.4486 	EXP 	rot_line_precue: ori = 308.2752784970225
19.4570 	EXP 	rot_line_precue: ori = 308.6691579692478
19.4652 	EXP 	rot_line_precue: ori = 308.9672145913441
19.4735 	EXP 	rot_line_precue: ori = 309.2678966108182
19.4820 	EXP 	rot_line_precue: ori = 309.6401776842139
19.4905 	EXP 	rot_line_precue: ori = 309.9567234700868
19.4990 	EXP 	rot_line_precue: ori = 310.30513144461844
19.5073 	EXP 	rot_line_precue: ori = 311.0140769173023
19.5155 	EXP 	rot_line_precue: ori = 311.3871969816632
19.5236 	EXP 	rot_line_precue: ori = 311.98376066404353
19.5322 	EXP 	rot_line_precue: ori = 312.378773892431
19.5403 	EXP 	rot_line_precue: ori = 312.69551154470184
19.5490 	EXP 	rot_line_precue: ori = 313.0928264035404
19.5573 	EXP 	rot_line_precue: ori = 313.4016016975969
19.5655 	EXP 	rot_line_precue: ori = 313.7720864662505
19.5741 	EXP 	rot_line_precue: ori = 314.0707088748017
19.5822 	EXP 	rot_line_precue: ori = 314.3817018651844
19.5903 	EXP 	rot_line_precue: ori = 314.70526254193487
19.5986 	EXP 	rot_line_precue: ori = 315.1626776187482
19.6072 	EXP 	rot_line_precue: ori = 315.62884584818147
19.6154 	EXP 	rot_line_precue: ori = 316.0079868372908
19.6235 	EXP 	rot_line_precue: ori = 316.69557288153857
19.6320 	EXP 	rot_line_precue: ori = 317.00409663436193
19.6404 	EXP 	rot_line_precue: ori = 317.49568299378603
19.6486 	EXP 	rot_line_precue: ori = 318.12455801004893
19.6568 	EXP 	rot_line_precue: ori = 318.4496958288025
19.6656 	EXP 	rot_line_precue: ori = 319.0178597313364
19.6738 	EXP 	rot_line_precue: ori = 319.36174965979563
19.6824 	EXP 	rot_line_precue: ori = 319.8487061709284
19.6905 	EXP 	rot_line_precue: ori = 320.24731002927433
19.6987 	EXP 	rot_line_precue: ori = 320.7801027125795
19.7069 	EXP 	rot_line_precue: ori = 321.37957982919494
19.7154 	EXP 	rot_line_precue: ori = 321.8901945223639
19.7238 	EXP 	rot_line_precue: ori = 322.23051419799094
19.7325 	EXP 	rot_line_precue: ori = 322.5633373791208
19.7407 	EXP 	rot_line_precue: ori = 322.8866770859322
19.7488 	EXP 	rot_line_precue: ori = 323.22591945648594
19.7570 	EXP 	rot_line_precue: ori = 323.6244517835431
19.7655 	EXP 	rot_line_precue: ori = 323.95280740780703
19.7743 	EXP 	rot_line_precue: ori = 324.3210707715399
19.7820 	EXP 	rot_line_precue: ori = 324.64204923628785
19.7903 	EXP 	rot_line_precue: ori = 325.08216482765073
19.7986 	EXP 	rot_line_precue: ori = 325.4651537672825
19.7995 	EXP 	New trial (rep=1, index=7): <Trial 7 (7 in rep 1) data={'pic_name': 'pics/none.JPG', 'class_mi': 'rest', 'thisN': 7, 'thisTrialN': 7, 'thisRepN': 1}>
19.8070 	EXP 	hor_line_precue: autoDraw = False
19.8070 	EXP 	ver_line_precue: autoDraw = False
19.8070 	EXP 	rot_line_precue: autoDraw = False
19.8070 	EXP 	rot_line_precue: ori = 325.81068944854775
19.8070 	EXP 	point_left: autoDraw = False
19.8070 	EXP 	point_right: autoDraw = False
19.8070 	EXP 	dot_precue: autoDraw = False
19.8070 	EXP 	hor_line_precue: autoDraw = False
19.8070 	EXP 	ver_line_precue: autoDraw = False
19.8070 	EXP 	rot_line_precue: autoDraw = False
19.8070 	EXP 	point_left: autoDraw = False
19.8070 	EXP 	point_right: autoDraw = False
19.8070 	EXP 	dot_precue: autoDraw = False
19.8070 	EXP 	hor_line_precue: autoDraw = True
19.8070 	EXP 	ver_line_precue: autoDraw = True
19.8070 	EXP 	rot_line_precue: autoDraw = True
19.8070 	EXP 	rot_line_precue: ori = 326.3046314886834
19.8070 	EXP 	point_left: autoDraw = True
19.8070 	EXP 	point_right: autoDraw = True
19.8070 	EXP 	dot_precue: autoDraw = True
19.8152 	EXP 	rot_line_precue: ori = 326.9407053945154
19.8237 	EXP 	rot_line_precue: ori = 327.27911937557445
19.8321 	EXP 	rot_line_precue: ori = 327.5894761014499
19.8409 	EXP 	rot_line_precue: ori = 327.91456615497225
19.8489 	EXP 	rot_line_precue: ori = 328.32638594603475
19.8572 	EXP 	rot_line_precue: ori = 328.64721408353296
19.8653 	EXP 	rot_line_precue: ori = 328.9673319015814
19.8737 	EXP 	rot_line_precue: ori = 329.32608529571445
19.8820 	EXP 	rot_line_precue: ori = 329.65304381174593
19.8907 	EXP 	rot_line_precue: ori = 329.951601448092
19.8995 	EXP 	rot_line_precue: ori = 330.363116282938
19.9073 	EXP 	rot_line_precue: ori = 330.7826686184491
19.9158 	EXP 	rot_line_precue: ori = 331.08218180924183
19.9246 	EXP 	rot_line_precue: ori = 331.42394087786346
19.9328 	EXP 	rot_line_precue: ori = 331.75031970686064
19.9402 	EXP 	rot_line_precue: ori = 332.19278062186083
19.9489 	EXP 	rot_line_precue: ori = 332.61095781185924
19.9571 	EXP 	rot_line_precue: ori = 332.9467113844868
19.9652 	EXP 	rot_line_precue: ori = 333.39203382934505
19.9735 	EXP 	rot_line_precue: ori = 333.6940371006233
19.9820 	EXP 	rot_line_precue: ori = 334.22769089590213
19.9903 	EXP 	rot_line_precue: ori = 334.6223458271888
19.9985 	EXP 	rot_line_precue: ori = 335.00255765528703
20.0072 	EXP 	rot_line_precue: ori = 335.3529778063389
20.0155 	EXP 	rot_line_precue: ori = 335.65025310231704
20.0240 	EXP 	rot_line_precue: ori = 336.2611826054394
20.0322 	EXP 	rot_line_precue: ori = 336.62848173499304
20.0404 	EXP 	rot_line_precue: ori = 337.08957589779726
20.0486 	EXP 	rot_line_precue: ori = 337.5601607800391
20.0572 	EXP 	rot_line_precue: ori = 337.9582434148592
20.0656 	EXP 	rot_line_precue: ori = 338.36768076668614
20.0737 	EXP 	rot_line_precue: ori = 338.6867132933217
20.0823 	EXP 	rot_line_precue: ori = 339.0058293541805
20.0905 	EXP 	rot_line_precue: ori = 339.32412219003896
20.0986 	EXP 	rot_line_precue: ori = 339.67194962703695
20.1073 	EXP 	rot_line_precue: ori = 340.0287991873646
20.1161 	EXP 	rot_line_precue: ori = 340.5005331286229
20.1237 	EXP 	rot_line_precue: ori = 340.8413940310908
20.1319 	EXP 	rot_line_precue: ori = 341.18382345235216
20.1403 	EXP 	rot_line_precue: ori = 341.6062930585748
20.1486 	EXP 	rot_line_precue: ori = 341.9997484542505
20.1568 	EXP 	rot_line_precue: ori = 342.37543542077486
20.1653 	EXP 	rot_line_precue: ori = 342.7454402595445
20.1738 	EXP 	rot_line_precue: ori = 343.0914238455863
20.1824 	EXP 	rot_line_precue: ori = 343.4922912782109
20.1906 	EXP 	rot_line_precue: ori = 343.8423026048811
20.1989 	EXP 	rot_line_precue: ori = 344.1632502779533
20.2074 	EXP 	rot_line_precue: ori = 344.8340137059777
20.2154 	EXP 	rot_line_precue: ori = 345.17052065529083
20.2237 	EXP 	rot_line_precue: ori = 345.4949059544301
20.2320 	EXP 	rot_line_precue: ori = 345.9157422784067
20.2406 	EXP 	rot_line_precue: ori = 346.2234370754001
20.2489 	EXP 	rot_line_precue: ori = 346.54697973159756
20.2575 	EXP 	rot_line_precue: ori = 347.01686734295
20.2661 	EXP 	rot_line_precue: ori = 347.3314095891354
20.2742 	EXP 	rot_line_precue: ori = 347.7373246093892
20.2825 	EXP 	rot_line_precue: ori = 348.05782668479577
20.2905 	EXP 	rot_line_precue: ori = 348.40310531540797
20.2988 	EXP 	rot_line_precue: ori = 348.7419378386665
20.3069 	EXP 	rot_line_precue: ori = 349.13724813240407
20.3151 	EXP 	rot_line_precue: ori = 349.4456176184276
20.3236 	EXP 	rot_line_precue: ori = 349.98025068192214
20.3320 	EXP 	rot_line_precue: ori = 350.351255787657
20.3401 	EXP 	rot_line_precue: ori = 350.76615299802904
20.3488 	EXP 	rot_line_precue: ori = 351.2088134836983
20.3572 	EXP 	rot_line_precue: ori = 351.7436864421751
20.3657 	EXP 	rot_line_precue: ori = 352.06012220038065
20.3745 	EXP 	rot_line_precue: ori = 352.4356233320352
20.3822 	EXP 	rot_line_precue: ori = 352.99493546710556
20.3902 	EXP 	rot_line_precue: ori = 353.3512795423222
20.3988 	EXP 	rot_line_precue: ori = 353.6504150918738
20.4071 	EXP 	rot_line_precue: ori = 353.97068368091135
20.4157 	EXP 	rot_line_precue: ori = 354.59720967453234
20.4241 	EXP 	rot_line_precue: ori = 354.99075478666475
20.4323 	EXP 	rot_line_precue: ori = 355.3233472676567
20.4420 	EXP 	rot_line_precue: ori = 355.9337131302231
20.4493 	EXP 	rot_line_precue: ori = 356.5717835574786
20.4571 	EXP 	rot_line_precue: ori = 357.0245433314594
20.4654 	EXP 	rot_line_precue: ori = 357.4296661927388
20.4739 	EXP 	rot_line_precue: ori = 357.73813736295284
20.4822 	EXP 	rot_line_precue: ori = 358.094738365533
20.4903 	EXP 	rot_line_precue: ori = 358.5159627176193
20.4986 	EXP 	rot_line_precue: ori = 358.81517173223807
20.5071 	EXP 	rot_line_precue: ori = 359.25259847454066
20.5154 	EXP 	rot_line_precue: ori = 359.61866478930625
20.5241 	EXP 	rot_line_precue: ori = 0.06557169366561766
20.5325 	EXP 	rot_line_precue: ori = 0.38178773348078393
20.5405 	EXP 	rot_line_precue: ori = 0.7039609034872025
20.5489 	EXP 	rot_line_precue: ori = 1.0289893715316065
20.5579 	EXP 	rot_line_precue: ori = 1.3679025831249607
20.5655 	EXP 	rot_line_precue: ori = 1.839251763929371
20.5736 	EXP 	rot_line_precue: ori = 2.1845511514075104
20.5827 	EXP 	rot_line_precue: ori = 2.9080742271480595
20.5905 	EXP 	rot_line_precue: ori = 3.2065585260558374
20.5991 	EXP 	rot_line_precue: ori = 3.6199143843685775
20.6080 	EXP 	rot_line_precue: ori = 3.918939885323468
20.6153 	EXP 	rot_line_precue: ori = 4.5923675720708586
20.6237 	EXP 	rot_line_precue: ori = 4.8912239734017025
20.6322 	EXP 	rot_line_precue: ori = 5.349315681523529
20.6405 	EXP 	rot_line_precue: ori = 6.0181886874430495
20.6487 	EXP 	rot_line_precue: ori = 6.316748179525939
20.6569 	EXP 	rot_line_precue: ori = 6.626058650256148
20.6654 	EXP 	rot_line_precue: ori = 6.927431313804949
20.6746 	EXP 	rot_line_precue: ori = 7.243805929250279
20.6817 	EXP 	rot_line_precue: ori = 7.57607967032972
20.6904 	EXP 	rot_line_precue: ori = 7.900173303288563
20.6989 	EXP 	rot_line_precue: ori = 8.204000408803925
20.7075 	EXP 	rot_line_precue: ori = 8.578532022280267
20.7157 	EXP 	rot_line_precue: ori = 8.933765358860956
20.7239 	EXP 	rot_line_precue: ori = 9.447842086903005
20.7320 	EXP 	rot_line_precue: ori = 9.86193774329277
20.7405 	EXP 	rot_line_precue: ori = 10.180906672081353
20.7487 	EXP 	rot_line_precue: ori = 10.485018896707148
20.7576 	EXP 	rot_line_precue: ori = 10.829206269032735
20.7656 	EXP 	rot_line_precue: ori = 11.163961861690252
20.7739 	EXP 	rot_line_precue: ori = 11.747541106556001
20.7830 	EXP 	rot_line_precue: ori = 12.288530821917396
20.7907 	EXP 	rot_line_precue: ori = 12.816264224214162
20.7987 	EXP 	rot_line_precue: ori = 13.13309135234422
20.8070 	EXP 	rot_line_precue: ori = 13.739457037421802
20.8156 	EXP 	rot_line_precue: ori = 14.183463135153072
20.8237 	EXP 	rot_line_precue: ori = 14.686676046015569
20.8320 	EXP 	rot_line_precue: ori = 14.99512148666532
20.8402 	EXP 	rot_line_precue: ori = 15.377203401590892
20.8486 	EXP 	rot_line_precue: ori = 15.779620590742402
20.8569 	EXP 	rot_line_precue: ori = 16.154802475001425
20.8652 	EXP 	rot_line_precue: ori = 16.487351665077497
20.8739 	EXP 	rot_line_precue: ori = 16.784093998470542
20.8822 	EXP 	rot_line_precue: ori = 17.19477602716817
20.8907 	EXP 	rot_line_precue: ori = 17.551357485278817
20.8989 	EXP 	rot_line_precue: ori = 17.851025872233063
20.9072 	EXP 	rot_line_precue: ori = 18.178495637388483
20.9152 	EXP 	rot_line_precue: ori = 18.49301527184404
20.9238 	EXP 	rot_line_precue: ori = 19.194504151446473
20.9323 	EXP 	rot_line_precue: ori = 19.500664293813003
20.9409 	EXP 	rot_line_precue: ori = 19.967990445231678
20.9491 	EXP 	rot_line_precue: ori = 20.358794881319835
20.9573 	EXP 	rot_line_precue: ori = 20.656533434754223
20.9653 	EXP 	rot_line_precue: ori = 20.999561947290253
20.9738 	EXP 	rot_line_precue: ori = 21.35252916645976
20.9821 	EXP 	rot_line_precue: ori = 21.694346091723784
20.9905 	EXP 	rot_line_precue: ori = 22.00837480495144
20.9984 	EXP 	rot_line_precue: ori = 22.490987222412592
21.0070 	EXP 	rot_line_precue: ori = 22.861939503907976
21.0152 	EXP 	rot_line_precue: ori = 23.3297097227097
21.0235 	EXP 	rot_line_precue: ori = 23.68054139085456
21.0321 	EXP 	rot_line_precue: ori = 24.215762847052535
21.0404 	EXP 	rot_line_precue: ori = 24.519953004588096
21.0491 	EXP 	rot_line_precue: ori = 24.897087876068206
21.0574 	EXP 	rot_line_precue: ori = 25.30865559289585
21.0660 	EXP 	rot_line_precue: ori = 25.68635777793999
21.0734 	EXP 	rot_line_precue: ori = 26.162788168860864
21.0821 	EXP 	rot_line_precue: ori = 26.517107846140803
21.0904 	EXP 	rot_line_precue: ori = 26.82386643952689
21.0988 	EXP 	rot_line_precue: ori = 27.16289629876845
21.1073 	EXP 	rot_line_precue: ori = 27.520353522170588
21.1156 	EXP 	rot_line_precue: ori = 27.993691109644082
21.1241 	EXP 	rot_line_precue: ori = 28.327745918142725
21.1323 	EXP 	rot_line_precue: ori = 28.691644619094312
21.1404 	EXP 	rot_line_precue: ori = 29.12450834360462
21.1487 	EXP 	rot_line_precue: ori = 29.46613799876585
21.1572 	EXP 	rot_line_precue: ori = 29.772724733987058
21.1655 	EXP 	rot_line_precue: ori = 30.07031535866725
21.1736 	EXP 	rot_line_precue: ori = 30.445320602257464
21.1819 	EXP 	rot_line_precue: ori = 30.77243145369373
21.1903 	EXP 	rot_line_precue: ori = 31.418919400993335
21.1986 	EXP 	rot_line_precue: ori = 31.845473143858207
21.2069 	EXP 	rot_line_precue: ori = 32.376815409858786
21.2157 	EXP 	rot_line_precue: ori = 32.67827993960369
21.2238 	EXP 	rot_line_precue: ori = 33.03058524938426
21.2324 	EXP 	rot_line_precue: ori = 33.4108539942547
21.2412 	EXP 	rot_line_precue: ori = 33.70953906447789
21.2493 	EXP 	rot_line_precue: ori = 34.13776567108992
21.2567 	EXP 	rot_line_precue: ori = 34.91960022001359
21.2655 	EXP 	rot_line_precue: ori = 35.3393011806391
21.2738 	EXP 	rot_line_precue: ori = 35.72571572738495
21.2825 	EXP 	rot_line_precue: ori = 36.268865598588
21.2908 	EXP 	rot_line_precue: ori = 36.60590677794037
21.2995 	EXP 	rot_line_precue: ori = 36.93520358300034
21.3071 	EXP 	rot_line_precue: ori = 37.32794449980177
21.3154 	EXP 	rot_line_precue: ori = 37.65315814885449
21.3240 	EXP 	rot_line_precue: ori = 38.117656502955306
21.3321 	EXP 	rot_line_precue: ori = 38.441337661331744
21.3403 	EXP 	rot_line_precue: ori = 38.782901197908366
21.3487 	EXP 	rot_line_precue: ori = 39.10587578826377
21.3570 	EXP 	rot_line_precue: ori = 39.46424312445938
21.3652 	EXP 	rot_line_precue: ori = 39.79108433813863
21.3736 	EXP 	rot_line_precue: ori = 40.10551926110709
21.3822 	EXP 	rot_line_precue: ori = 40.414219202691186
21.3908 	EXP 	rot_line_precue: ori = 40.71801457286983
21.3990 	EXP 	rot_line_precue: ori = 41.04642594924757
21.4072 	EXP 	rot_line_precue: ori = 41.614014714383366
21.4153 	EXP 	rot_line_precue: ori = 42.36898144065499
21.4237 	EXP 	rot_line_precue: ori = 42.68422641859257
21.4321 	EXP 	rot_line_precue: ori = 43.07563810828973
21.4403 	EXP 	rot_line_precue: ori = 43.5268949260197
21.4489 	EXP 	rot_line_precue: ori = 43.85690907539483
21.4573 	EXP 	rot_line_precue: ori = 44.640350017953395
21.4657 	EXP 	rot_line_precue: ori = 44.95110295365508
21.4740 	EXP 	rot_line_precue: ori = 45.354171299300894
21.4827 	EXP 	rot_line_precue: ori = 45.75320261237757
21.4903 	EXP 	rot_line_precue: ori = 46.07273088631487
21.4989 	EXP 	rot_line_precue: ori = 46.50890317948002
21.5072 	EXP 	rot_line_precue: ori = 46.80558598179208
21.5154 	EXP 	rot_line_precue: ori = 47.10322759688207
21.5235 	EXP 	rot_line_precue: ori = 47.879282592997285
21.5321 	EXP 	rot_line_precue: ori = 48.21298663588984
21.5403 	EXP 	rot_line_precue: ori = 48.523134256849445
21.5485 	EXP 	rot_line_precue: ori = 48.87748254908696
21.5573 	EXP 	rot_line_precue: ori = 49.2563654179603
21.5656 	EXP 	rot_line_precue: ori = 49.60940861931472
21.5742 	EXP 	rot_line_precue: ori = 49.9049671313425
21.5825 	EXP 	rot_line_precue: ori = 50.577295136964615
21.5905 	EXP 	rot_line_precue: ori = 51.19461607842832
21.5990 	EXP 	rot_line_precue: ori = 51.511361327667764
21.6079 	EXP 	rot_line_precue: ori = 51.808441383284816
21.6170 	EXP 	rot_line_precue: ori = 52.244046328005815
21.6242 	EXP 	rot_line_precue: ori = 52.57532182423986
21.6323 	EXP 	rot_line_precue: ori = 52.91874485059273
21.6406 	EXP 	rot_line_precue: ori = 53.24373450318725
21.6493 	EXP 	rot_line_precue: ori = 53.68807502883239
21.6580 	EXP 	rot_line_precue: ori = 53.98565764209641
21.6663 	EXP 	rot_line_precue: ori = 54.35442579357185
21.6744 	EXP 	rot_line_precue: ori = 54.72289820903255
21.6823 	EXP 	rot_line_precue: ori = 55.032869582676014
21.6905 	EXP 	rot_line_precue: ori = 55.52466957089212
21.6994 	EXP 	rot_line_precue: ori = 56.044390199216494
21.7073 	EXP 	rot_line_precue: ori = 56.360358635935505
21.7154 	EXP 	rot_line_precue: ori = 56.68005300513804
21.7242 	EXP 	rot_line_precue: ori = 57.384448372616674
21.7324 	EXP 	rot_line_precue: ori = 57.682577477218935
21.7407 	EXP 	rot_line_precue: ori = 58.0420867549576
21.7488 	EXP 	rot_line_precue: ori = 58.37145611468187
21.7574 	EXP 	rot_line_precue: ori = 58.75323558089393
21.7655 	EXP 	rot_line_precue: ori = 59.41498874013658
21.7737 	EXP 	rot_line_precue: ori = 59.71709016216566
21.7819 	EXP 	rot_line_precue: ori = 60.078486130201355
21.7905 	EXP 	rot_line_precue: ori = 60.59106666023351
21.7914 	EXP 	New trial (rep=2, index=8): <Trial 8 (8 in rep 2) data={'pic_name': 'pics/none.JPG', 'class_mi': 'rest', 'thisN': 8, 'thisTrialN': 8, 'thisRepN': 2}>
21.7993 	EXP 	hor_line_precue: autoDraw = False
21.7993 	EXP 	ver_line_precue: autoDraw = False
21.7993 	EXP 	rot_line_precue: autoDraw = False
21.7993 	EXP 	rot_line_precue: ori = 60.9654437463894
21.7993 	EXP 	point_left: autoDraw = False
21.7993 	EXP 	point_right: autoDraw = False
21.7993 	EXP 	dot_precue: autoDraw = False
21.7993 	EXP 	hor_line_precue: autoDraw = False
21.7993 	EXP 	ver_line_precue: autoDraw = False
21.7993 	EXP 	rot_line_precue: autoDraw = False
21.7993 	EXP 	point_left: autoDraw = False
21.7993 	EXP 	point_right: autoDraw = False
21.7993 	EXP 	dot_precue: autoDraw = False
21.7993 	EXP 	hor_line_precue: autoDraw = True
21.7993 	EXP 	ver_line_precue: autoDraw = True
21.7993 	EXP 	rot_line_precue: autoDraw = True
21.7993 	EXP 	rot_line_precue: ori = 61.43823255890499
21.7993 	EXP 	point_left: autoDraw = True
21.7993 	EXP 	point_right: autoDraw = True
21.7993 	EXP 	dot_precue: autoDraw = True
21.8077 	EXP 	rot_line_precue: ori = 61.742391895117336
21.8157 	EXP 	rot_line_precue: ori = 62.35022979158959
21.8239 	EXP 	rot_line_precue: ori = 62.88180697293519
21.8321 	EXP 	rot_line_precue: ori = 63.243493708822946
21.8407 	EXP 	rot_line_precue: ori = 63.575903145394754
21.8489 	EXP 	rot_line_precue: ori = 63.886049730970875
21.8572 	EXP 	rot_line_precue: ori = 64.186106727461
21.8663 	EXP 	rot_line_precue: ori = 64.49514398151557
21.8739 	EXP 	rot_line_precue: ori = 64.93886247781187
21.8821 	EXP 	rot_line_precue: ori = 65.38663138196733
21.8906 	EXP 	rot_line_precue: ori = 65.68368898152376
21.8996 	EXP 	rot_line_precue: ori = 66.02312027101219
21.9072 	EXP 	rot_line_precue: ori = 66.32847217901404
21.9157 	EXP 	rot_line_precue: ori = 67.0986667755502
21.9242 	EXP 	rot_line_precue: ori = 67.40381460873206
21.9321 	EXP 	rot_line_precue: ori = 67.72450634251246
21.9403 	EXP 	rot_line_precue: ori = 68.49523099454858
21.9488 	EXP 	rot_line_precue: ori = 68.82097047228133
21.9571 	EXP 	rot_line_precue: ori = 69.33598383048239
21.9652 	EXP 	rot_line_precue: ori = 69.63857898903557
21.9739 	EXP 	rot_line_precue: ori = 70.04147038636982
21.9823 	EXP 	rot_line_precue: ori = 70.38614465471852
21.9910 	EXP 	rot_line_precue: ori = 70.70512514187124
21.9991 	EXP 	rot_line_precue: ori = 71.01086658953764
22.0072 	EXP 	rot_line_precue: ori = 71.33755786310437
22.0160 	EXP 	rot_line_precue: ori = 71.72436118982661
22.0235 	EXP 	rot_line_precue: ori = 72.05039925952455
22.0327 	EXP 	rot_line_precue: ori = 72.41127512140949
22.0403 	EXP 	rot_line_precue: ori = 72.81942729405756
22.0485 	EXP 	rot_line_precue: ori = 73.22709435768297
22.0571 	EXP 	rot_line_precue: ori = 73.55752954303092
22.0653 	EXP 	rot_line_precue: ori = 74.16768471786096
22.0740 	EXP 	rot_line_precue: ori = 74.55473737741485
22.0834 	EXP 	rot_line_precue: ori = 74.85073848743463
22.0904 	EXP 	rot_line_precue: ori = 75.19445596526235
22.0990 	EXP 	rot_line_precue: ori = 75.73002426655961
22.1072 	EXP 	rot_line_precue: ori = 76.07653720491655
22.1154 	EXP 	rot_line_precue: ori = 76.37731474393689
22.1236 	EXP 	rot_line_precue: ori = 76.69588833464012
22.1322 	EXP 	rot_line_precue: ori = 76.99318696965442
22.1403 	EXP 	rot_line_precue: ori = 77.2974828837952
22.1487 	EXP 	rot_line_precue: ori = 77.7784023112749
22.1574 	EXP 	rot_line_precue: ori = 78.12141652205459
22.1656 	EXP 	rot_line_precue: ori = 78.76666502223443
22.1737 	EXP 	rot_line_precue: ori = 79.19686520176232
22.1822 	EXP 	rot_line_precue: ori = 79.50726825719578
22.1905 	EXP 	rot_line_precue: ori = 80.00553537172792
22.1986 	EXP 	rot_line_precue: ori = 80.41418064481437
22.2073 	EXP 	rot_line_precue: ori = 80.85282867778878
22.2154 	EXP 	rot_line_precue: ori = 81.22269803980028
22.2236 	EXP 	rot_line_precue: ori = 81.70068196351917
22.2319 	EXP 	rot_line_precue: ori = 82.05292007015315
22.2405 	EXP 	rot_line_precue: ori = 82.63009493847682
22.2489 	EXP 	rot_line_precue: ori = 83.08409448360334
22.2574 	EXP 	rot_line_precue: ori = 83.46451326351367
22.2656 	EXP 	rot_line_precue: ori = 83.7733935417328
22.2738 	EXP 	rot_line_precue: ori = 84.08981347448139
22.2819 	EXP 	rot_line_precue: ori = 84.74229503708479
22.2904 	EXP 	rot_line_precue: ori = 85.17649541752867
22.2988 	EXP 	rot_line_precue: ori = 85.49278119158456
22.3071 	EXP 	rot_line_precue: ori = 85.8703548060707
22.3156 	EXP 	rot_line_precue: ori = 86.41730485776537
22.3239 	EXP 	rot_line_precue: ori = 86.72431460741579
22.3325 	EXP 	rot_line_precue: ori = 87.18322264313508
22.3409 	EXP 	rot_line_precue: ori = 87.51903862839917
22.3488 	EXP 	rot_line_precue: ori = 88.21420158562128
22.3571 	EXP 	rot_line_precue: ori = 88.64206365419422
22.3655 	EXP 	rot_line_precue: ori = 88.94916852640218
22.3738 	EXP 	rot_line_precue: ori = 89.41658972966285
22.3821 	EXP 	rot_line_precue: ori = 89.76441597729207
22.3902 	EXP 	rot_line_precue: ori = 90.11867979662351
22.3985 	EXP 	rot_line_precue: ori = 90.42270948101607
22.4070 	EXP 	rot_line_precue: ori = 90.76877207163469
22.4157 	EXP 	rot_line_precue: ori = 91.15529497380366
22.4248 	EXP 	rot_line_precue: ori = 91.69747359778373
22.4329 	EXP 	rot_line_precue: ori = 92.48901322715494
22.4407 	EXP 	rot_line_precue: ori = 92.7864783569631
22.4490 	EXP 	rot_line_precue: ori = 93.26413376554899
22.4573 	EXP 	rot_line_precue: ori = 93.69869387908281
22.4658 	EXP 	rot_line_precue: ori = 94.32038760649384
22.4738 	EXP 	rot_line_precue: ori = 94.6396774842653
22.4821 	EXP 	rot_line_precue: ori = 94.94133397222376
22.4903 	EXP 	rot_line_precue: ori = 95.57707855570695
22.4990 	EXP 	rot_line_precue: ori = 96.18274725815671
22.5073 	EXP 	rot_line_precue: ori = 96.48165077259935
22.5155 	EXP 	rot_line_precue: ori = 96.7931932045636
22.5239 	EXP 	rot_line_precue: ori = 97.35727068989684
22.5322 	EXP 	rot_line_precue: ori = 97.750095909703
22.5405 	EXP 	rot_line_precue: ori = 98.21861784174857
22.5488 	EXP 	rot_line_precue: ori = 98.74840918035086
22.5571 	EXP 	rot_line_precue: ori = 99.16540301340639
22.5653 	EXP 	rot_line_precue: ori = 99.464408764048
22.5735 	EXP 	rot_line_precue: ori = 100.04142236562791
22.5822 	EXP 	rot_line_precue: ori = 100.53171495928532
22.5904 	EXP 	rot_line_precue: ori = 100.864275113257
22.5988 	EXP 	rot_line_precue: ori = 101.50206044376718
22.6075 	EXP 	rot_line_precue: ori = 102.04346032493314
22.6156 	EXP 	rot_line_precue: ori = 102.37545795961364
22.6236 	EXP 	rot_line_precue: ori = 102.96453389057079
22.6322 	EXP 	rot_line_precue: ori = 103.65275919199595
22.6404 	EXP 	rot_line_precue: ori = 104.0110128109034
22.6486 	EXP 	rot_line_precue: ori = 104.31415967341444
22.6569 	EXP 	rot_line_precue: ori = 104.69153678381696
22.6656 	EXP 	rot_line_precue: ori = 105.11192071475202
22.6742 	EXP 	rot_line_precue: ori = 105.60158015680504
22.6825 	EXP 	rot_line_precue: ori = 105.89695836950501
22.6907 	EXP 	rot_line_precue: ori = 106.20023268078296
22.6987 	EXP 	rot_line_precue: ori = 106.78318491895573
22.7072 	EXP 	rot_line_precue: ori = 107.3728505938234
22.7154 	EXP 	rot_line_precue: ori = 107.92032486376414
22.7237 	EXP 	rot_line_precue: ori = 108.4711611950874
22.7325 	EXP 	rot_line_precue: ori = 108.83381766478863
22.7402 	EXP 	rot_line_precue: ori = 109.46150810527986
22.7486 	EXP 	rot_line_precue: ori = 109.80810500127262
22.7573 	EXP 	rot_line_precue: ori = 110.31300932019958
22.7657 	EXP 	rot_line_precue: ori = 110.61388185560915
22.7739 	EXP 	rot_line_precue: ori = 110.96803022308863
22.7826 	EXP 	rot_line_precue: ori = 111.52699070706845
22.7904 	EXP 	rot_line_precue: ori = 111.88682511075447
22.7988 	EXP 	rot_line_precue: ori = 112.38603018255901
22.8070 	EXP 	rot_line_precue: ori = 112.76978016997136
22.8156 	EXP 	rot_line_precue: ori = 113.23320164534306
22.8237 	EXP 	rot_line_precue: ori = 113.59592554411812
22.8326 	EXP 	rot_line_precue: ori = 113.90700141739534
22.8407 	EXP 	rot_line_precue: ori = 114.66290666731899
22.8490 	EXP 	rot_line_precue: ori = 115.01735362242147
22.8575 	EXP 	rot_line_precue: ori = 115.34008616277137
22.8655 	EXP 	rot_line_precue: ori = 116.05331735363438
22.8743 	EXP 	rot_line_precue: ori = 116.70002208595513
22.8819 	EXP 	rot_line_precue: ori = 117.12168157515237
22.8905 	EXP 	rot_line_precue: ori = 117.53929907366282
22.8988 	EXP 	rot_line_precue: ori = 118.33733073853341
22.9071 	EXP 	rot_line_precue: ori = 118.65974005378564
22.9154 	EXP 	rot_line_precue: ori = 118.9589747386309
22.9246 	EXP 	rot_line_precue: ori = 119.32323504008257
22.9333 	EXP 	rot_line_precue: ori = 119.74817569164291
22.9408 	EXP 	rot_line_precue: ori = 120.06050870887346
22.9490 	EXP 	rot_line_precue: ori = 120.67546669301986
22.9573 	EXP 	rot_line_precue: ori = 121.02525195561996
22.9656 	EXP 	rot_line_precue: ori = 121.714337343235
22.9739 	EXP 	rot_line_precue: ori = 122.49216205925687
22.9821 	EXP 	rot_line_precue: ori = 122.8068306489762
22.9903 	EXP 	rot_line_precue: ori = 123.24053481417114
22.9988 	EXP 	rot_line_precue: ori = 123.55598712172305
23.0072 	EXP 	rot_line_precue: ori = 124.26380440230233
23.0158 	EXP 	rot_line_precue: ori = 124.66824322108347
23.0240 	EXP 	rot_line_precue: ori = 124.97320069950999
23.0322 	EXP 	rot_line_precue: ori = 125.29980305225546
23.0403 	EXP 	rot_line_precue: ori = 125.87797985350025
23.0488 	EXP 	rot_line_precue: ori = 126.34328385982124
23.0573 	EXP 	rot_line_precue: ori = 126.83023778198952
23.0654 	EXP 	rot_line_precue: ori = 127.1856052107755
23.0736 	EXP 	rot_line_precue: ori = 127.51978539638515
23.0821 	EXP 	rot_line_precue: ori = 127.81754636748191
23.0903 	EXP 	rot_line_precue: ori = 128.14650563102356
23.0985 	EXP 	rot_line_precue: ori = 128.47070654840064
23.1073 	EXP 	rot_line_precue: ori = 128.84756437567975
23.1155 	EXP 	rot_line_precue: ori = 129.15728187981478
23.1241 	EXP 	rot_line_precue: ori = 129.46490662764336
23.1322 	EXP 	rot_line_precue: ori = 129.7700485206696
23.1405 	EXP 	rot_line_precue: ori = 130.28019825884178
23.1486 	EXP 	rot_line_precue: ori = 130.60675692012137
23.1571 	EXP 	rot_line_precue: ori = 131.28278004492188
23.1655 	EXP 	rot_line_precue: ori = 131.62129114750758
23.1737 	EXP 	rot_line_precue: ori = 132.01375618736722
23.1830 	EXP 	rot_line_precue: ori = 132.3146061344611
23.1904 	EXP 	rot_line_precue: ori = 132.62480037619912
23.1987 	EXP 	rot_line_precue: ori = 133.08670078760028
23.2073 	EXP 	rot_line_precue: ori = 133.38287911117206
23.2155 	EXP 	rot_line_precue: ori = 133.97859865352635
23.2237 	EXP 	rot_line_precue: ori = 134.35307580689036
23.2323 	EXP 	rot_line_precue: ori = 134.7871267308918
23.2405 	EXP 	rot_line_precue: ori = 135.08706388039116
23.2487 	EXP 	rot_line_precue: ori = 135.44374983673438
23.2570 	EXP 	rot_line_precue: ori = 135.80571053262142
23.2654 	EXP 	rot_line_precue: ori = 136.462444730602
23.2737 	EXP 	rot_line_precue: ori = 136.77458486833044
23.2824 	EXP 	rot_line_precue: ori = 137.39717283722803
23.2907 	EXP 	rot_line_precue: ori = 137.716411491098
23.2989 	EXP 	rot_line_precue: ori = 138.06544315120078
23.3074 	EXP 	rot_line_precue: ori = 138.37536355323323
23.3155 	EXP 	rot_line_precue: ori = 138.83100003780382
23.3239 	EXP 	rot_line_precue: ori = 139.28103793991386
23.3320 	EXP 	rot_line_precue: ori = 139.68798386313244
23.3405 	EXP 	rot_line_precue: ori = 140.43954087737174
23.3487 	EXP 	rot_line_precue: ori = 140.94457545878734
23.3571 	EXP 	rot_line_precue: ori = 141.24634662079106
23.3657 	EXP 	rot_line_precue: ori = 142.0147350777076
23.3740 	EXP 	rot_line_precue: ori = 142.35592744347196
23.3820 	EXP 	rot_line_precue: ori = 142.71872580671015
23.3905 	EXP 	rot_line_precue: ori = 143.0621400262024
23.3994 	EXP 	rot_line_precue: ori = 143.53877137371012
23.4069 	EXP 	rot_line_precue: ori = 143.84608619974216
23.4156 	EXP 	rot_line_precue: ori = 144.15759833116883
23.4238 	EXP 	rot_line_precue: ori = 144.69952313032445
23.4321 	EXP 	rot_line_precue: ori = 145.01161855542858
23.4403 	EXP 	rot_line_precue: ori = 145.43737056020703
23.4489 	EXP 	rot_line_precue: ori = 145.79578362752986
23.4573 	EXP 	rot_line_precue: ori = 146.211150423474
23.4658 	EXP 	rot_line_precue: ori = 146.5999135593028
23.4741 	EXP 	rot_line_precue: ori = 146.93539688310278
23.4822 	EXP 	rot_line_precue: ori = 147.42490802994166
23.4907 	EXP 	rot_line_precue: ori = 147.73375058524678
23.4989 	EXP 	rot_line_precue: ori = 148.03058973233217
23.5072 	EXP 	rot_line_precue: ori = 148.51026539728983
23.5155 	EXP 	rot_line_precue: ori = 148.82768153649798
23.5238 	EXP 	rot_line_precue: ori = 149.15252746786416
23.5323 	EXP 	rot_line_precue: ori = 149.46129423144453
23.5408 	EXP 	rot_line_precue: ori = 149.78257101442398
23.5495 	EXP 	rot_line_precue: ori = 150.13712736698503
23.5570 	EXP 	rot_line_precue: ori = 150.49918522956023
23.5654 	EXP 	rot_line_precue: ori = 150.87617333608716
23.5740 	EXP 	rot_line_precue: ori = 151.33244391896125
23.5822 	EXP 	rot_line_precue: ori = 151.74456749475277
23.5904 	EXP 	rot_line_precue: ori = 152.0920921113399
23.5986 	EXP 	rot_line_precue: ori = 152.3997114594688
23.6071 	EXP 	rot_line_precue: ori = 152.78416947800244
23.6154 	EXP 	rot_line_precue: ori = 153.20286475470053
23.6241 	EXP 	rot_line_precue: ori = 153.58416104538935
23.6324 	EXP 	rot_line_precue: ori = 153.9159869144831
23.6406 	EXP 	rot_line_precue: ori = 154.2894723145779
23.6493 	EXP 	rot_line_precue: ori = 154.62545417177594
23.6575 	EXP 	rot_line_precue: ori = 154.98576258019824
23.6655 	EXP 	rot_line_precue: ori = 155.383862426947
23.6741 	EXP 	rot_line_precue: ori = 155.70330048065534
23.6822 	EXP 	rot_line_precue: ori = 156.01421684204414
23.6904 	EXP 	rot_line_precue: ori = 156.61300175482867
23.6992 	EXP 	rot_line_precue: ori = 156.96565420029458
23.7075 	EXP 	rot_line_precue: ori = 157.26272825962184
23.7157 	EXP 	rot_line_precue: ori = 157.59475608565847
23.7241 	EXP 	rot_line_precue: ori = 157.95368780512788
23.7324 	EXP 	rot_line_precue: ori = 158.62720975187312
23.7406 	EXP 	rot_line_precue: ori = 158.97134038741333
23.7488 	EXP 	rot_line_precue: ori = 159.31481129139897
23.7577 	EXP 	rot_line_precue: ori = 159.71731790462826
23.7655 	EXP 	rot_line_precue: ori = 160.21481217969443
23.7736 	EXP 	rot_line_precue: ori = 160.54707381530758
23.7819 	EXP 	rot_line_precue: ori = 160.86289084917863
23.7827 	EXP 	New trial (rep=3, index=9): <Trial 9 (9 in rep 3) data={'pic_name': 'pics/none.JPG', 'class_mi': 'rest', 'thisN': 9, 'thisTrialN': 9, 'thisRepN': 3}>
23.7905 	EXP 	hor_line_precue: autoDraw = False
23.7905 	EXP 	ver_line_precue: autoDraw = False
23.7905 	EXP 	rot_line_precue: autoDraw = False
23.7905 	EXP 	rot_line_precue: ori = 161.26065762946118
23.7905 	EXP 	point_left: autoDraw = False
23.7905 	EXP 	point_right: autoDraw = False
23.7905 	EXP 	dot_precue: autoDraw = False
23.7905 	EXP 	hor_line_precue: autoDraw = False
23.7905 	EXP 	ver_line_precue: autoDraw = False
23.7905 	EXP 	rot_line_precue: autoDraw = False
23.7905 	EXP 	point_left: autoDraw = False
23.7905 	EXP 	point_right: autoDraw = False
23.7905 	EXP 	dot_precue: autoDraw = False
23.7905 	EXP 	hor_line_precue: autoDraw = True
23.7905 	EXP 	ver_line_precue: autoDraw = True
23.7905 	EXP 	rot_line_precue: autoDraw = True
23.7905 	EXP 	rot_line_precue: ori = 161.56382815845237
23.7905 	EXP 	point_left: autoDraw = True
23.7905 	EXP 	point_right: autoDraw = True
23.7905 	EXP 	dot_precue: autoDraw = True
23.7993 	EXP 	rot_line_precue: ori = 161.97311055165065
23.8076 	EXP 	rot_line_precue: ori = 162.27514465506044
23.8157 	EXP 	rot_line_precue: ori = 162.58652030218406
23.8244 	EXP 	rot_line_precue: ori = 162.95635087561735
23.8329 	EXP 	rot_line_precue: ori = 163.28592774447478
23.8404 	EXP 	rot_line_precue: ori = 163.59152649732758
23.8493 	EXP 	rot_line_precue: ori = 163.91411113862426
23.8576 	EXP 	rot_line_precue: ori = 164.26603804927657
23.8656 	EXP 	rot_line_precue: ori = 164.7407162425847
23.8739 	EXP 	rot_line_precue: ori = 165.14730621173584
23.8825 	EXP 	rot_line_precue: ori = 165.53708938949305
23.8907 	EXP 	rot_line_precue: ori = 165.85495053893692
23.8990 	EXP 	rot_line_precue: ori = 166.16741748342523
23.9071 	EXP 	rot_line_precue: ori = 166.5800796393595
23.9155 	EXP 	rot_line_precue: ori = 166.90104066788336
23.9238 	EXP 	rot_line_precue: ori = 167.19792466152188
23.9321 	EXP 	rot_line_precue: ori = 167.56014468042497
23.9403 	EXP 	rot_line_precue: ori = 167.945966554608
23.9487 	EXP 	rot_line_precue: ori = 168.37325804423944
23.9572 	EXP 	rot_line_precue: ori = 168.7010957520613
23.9653 	EXP 	rot_line_precue: ori = 169.23345248912887
23.9737 	EXP 	rot_line_precue: ori = 169.73481570457017
23.9821 	EXP 	rot_line_precue: ori = 170.03970275941998
23.9908 	EXP 	rot_line_precue: ori = 170.33788866138073
23.9990 	EXP 	rot_line_precue: ori = 170.81552337977502
24.0073 	EXP 	rot_line_precue: ori = 171.11999526792098
24.0158 	EXP 	rot_line_precue: ori = 171.44603985081756
24.0238 	EXP 	rot_line_precue: ori = 171.77892454501594
24.0321 	EXP 	rot_line_precue: ori = 172.13585836444366
24.0404 	EXP 	rot_line_precue: ori = 172.51943293289
24.0491 	EXP 	rot_line_precue: ori = 172.87367918614018
24.0574 	EXP 	rot_line_precue: ori = 173.18644347243438
24.0659 	EXP 	rot_line_precue: ori = 173.74155271492296
24.0739 	EXP 	rot_line_precue: ori = 174.06045314553648
24.0821 	EXP 	rot_line_precue: ori = 174.36909633450583
24.0904 	EXP 	rot_line_precue: ori = 174.71904781074247
24.0990 	EXP 	rot_line_precue: ori = 175.14137452962308
24.1073 	EXP 	rot_line_precue: ori = 175.6042912478365
24.1154 	EXP 	rot_line_precue: ori = 176.18570991005058
24.1236 	EXP 	rot_line_precue: ori = 176.53335998470104
24.1321 	EXP 	rot_line_precue: ori = 176.8652848640864
24.1411 	EXP 	rot_line_precue: ori = 177.36291666495165
24.1483 	EXP 	rot_line_precue: ori = 177.66700115481734
24.1574 	EXP 	rot_line_precue: ori = 178.00793063325378
24.1656 	EXP 	rot_line_precue: ori = 178.33073267806282
24.1742 	EXP 	rot_line_precue: ori = 178.67757983579736
24.1825 	EXP 	rot_line_precue: ori = 179.017159686333
24.1904 	EXP 	rot_line_precue: ori = 179.42999448778207
24.1987 	EXP 	rot_line_precue: ori = 179.7352302827107
24.2072 	EXP 	rot_line_precue: ori = 180.03298982327988
24.2156 	EXP 	rot_line_precue: ori = 180.57335805844968
24.2242 	EXP 	rot_line_precue: ori = 180.8835506491549
24.2324 	EXP 	rot_line_precue: ori = 181.29019026790849
24.2407 	EXP 	rot_line_precue: ori = 181.78461970650122
24.2487 	EXP 	rot_line_precue: ori = 182.0919896997447
24.2574 	EXP 	rot_line_precue: ori = 182.42028974808522
24.2655 	EXP 	rot_line_precue: ori = 183.0605972830933
24.2738 	EXP 	rot_line_precue: ori = 183.36676117573361
24.2820 	EXP 	rot_line_precue: ori = 183.90163379126585
24.2904 	EXP 	rot_line_precue: ori = 184.21264748936798
24.2986 	EXP 	rot_line_precue: ori = 184.52820246580117
24.3073 	EXP 	rot_line_precue: ori = 185.08931336745854
24.3155 	EXP 	rot_line_precue: ori = 185.414424083882
24.3238 	EXP 	rot_line_precue: ori = 185.75141053105284
24.3325 	EXP 	rot_line_precue: ori = 186.2778382658653
24.3407 	EXP 	rot_line_precue: ori = 186.58981139853967
24.3490 	EXP 	rot_line_precue: ori = 187.23514610864237
24.3570 	EXP 	rot_line_precue: ori = 187.81412514697269
24.3655 	EXP 	rot_line_precue: ori = 188.1498180279679
24.3738 	EXP 	rot_line_precue: ori = 188.5261912425104
24.3820 	EXP 	rot_line_precue: ori = 188.89222290302942
24.3907 	EXP 	rot_line_precue: ori = 189.22420602531423
24.3990 	EXP 	rot_line_precue: ori = 189.57412391616708
24.4075 	EXP 	rot_line_precue: ori = 189.91094680547542
24.4156 	EXP 	rot_line_precue: ori = 190.22604986835785
24.4243 	EXP 	rot_line_precue: ori = 190.55853853222683
24.4320 	EXP 	rot_line_precue: ori = 191.25413416169704
24.4406 	EXP 	rot_line_precue: ori = 191.64049799902907
24.4489 	EXP 	rot_line_precue: ori = 191.9566284414524
24.4570 	EXP 	rot_line_precue: ori = 192.29209884195538
24.4654 	EXP 	rot_line_precue: ori = 192.63568344256612
24.4737 	EXP 	rot_line_precue: ori = 193.34109440038415
24.4822 	EXP 	rot_line_precue: ori = 193.68092445480204
24.4903 	EXP 	rot_line_precue: ori = 194.31953336747029
24.4990 	EXP 	rot_line_precue: ori = 194.86898225366232
24.5073 	EXP 	rot_line_precue: ori = 195.3182854013092
24.5158 	EXP 	rot_line_precue: ori = 195.6219505312113
24.5239 	EXP 	rot_line_precue: ori = 196.1141546569193
24.5321 	EXP 	rot_line_precue: ori = 196.42279548229294
24.5403 	EXP 	rot_line_precue: ori = 196.73544417847074
24.5488 	EXP 	rot_line_precue: ori = 197.51055602198196
24.5573 	EXP 	rot_line_precue: ori = 197.81099270637515
24.5655 	EXP 	rot_line_precue: ori = 198.27383158737268
24.5741 	EXP 	rot_line_precue: ori = 198.58129391444942
24.5824 	EXP 	rot_line_precue: ori = 198.90390487637072
24.5904 	EXP 	rot_line_precue: ori = 199.4915625099092
24.5990 	EXP 	rot_line_precue: ori = 199.80648496161308
24.6072 	EXP 	rot_line_precue: ori = 200.2103594357489
24.6154 	EXP 	rot_line_precue: ori = 200.53922354192767
24.6236 	EXP 	rot_line_precue: ori = 201.1255382220806
24.6321 	EXP 	rot_line_precue: ori = 201.45203190101364
24.6403 	EXP 	rot_line_precue: ori = 201.9165527679736
24.6487 	EXP 	rot_line_precue: ori = 202.21920426421013
24.6571 	EXP 	rot_line_precue: ori = 202.99724596076308
24.6653 	EXP 	rot_line_precue: ori = 203.31074553730198
24.6741 	EXP 	rot_line_precue: ori = 203.6213139990265
24.6824 	EXP 	rot_line_precue: ori = 203.98815152843054
24.6906 	EXP 	rot_line_precue: ori = 204.47319732847237
24.6990 	EXP 	rot_line_precue: ori = 204.84155678134238
24.7072 	EXP 	rot_line_precue: ori = 205.16914376898805
24.7154 	EXP 	rot_line_precue: ori = 205.53061815323778
24.7241 	EXP 	rot_line_precue: ori = 205.86963340982635
24.7324 	EXP 	rot_line_precue: ori = 206.38251038742374
24.7407 	EXP 	rot_line_precue: ori = 207.0591937072234
24.7492 	EXP 	rot_line_precue: ori = 207.363587428521
24.7574 	EXP 	rot_line_precue: ori = 207.9183120197625
24.7656 	EXP 	rot_line_precue: ori = 208.2909037660663
24.7738 	EXP 	rot_line_precue: ori = 208.6664129255276
24.7822 	EXP 	rot_line_precue: ori = 208.98015032088796
24.7905 	EXP 	rot_line_precue: ori = 209.3120039592692
24.7986 	EXP 	rot_line_precue: ori = 209.78623262519767
24.8069 	EXP 	rot_line_precue: ori = 210.1303152773067
24.8154 	EXP 	rot_line_precue: ori = 210.45909628430462
24.8238 	EXP 	rot_line_precue: ori = 210.7545407333308
24.8320 	EXP 	rot_line_precue: ori = 211.51718820203888
24.8406 	EXP 	rot_line_precue: ori = 211.944393462263
24.8490 	EXP 	rot_line_precue: ori = 212.44477589254637
24.8576 	EXP 	rot_line_precue: ori = 212.76186898137922
24.8663 	EXP 	rot_line_precue: ori = 213.06111731455755
24.8738 	EXP 	rot_line_precue: ori = 213.45113820205853
24.8820 	EXP 	rot_line_precue: ori = 213.86162045240928
24.8906 	EXP 	rot_line_precue: ori = 214.32953515993583
24.8995 	EXP 	rot_line_precue: ori = 214.6389570707862
24.9075 	EXP 	rot_line_precue: ori = 214.9567668740543
24.9160 	EXP 	rot_line_precue: ori = 215.26194852216858
24.9241 	EXP 	rot_line_precue: ori = 215.56940484055545
24.9321 	EXP 	rot_line_precue: ori = 216.06477674386937
24.9405 	EXP 	rot_line_precue: ori = 216.8388403071251
24.9493 	EXP 	rot_line_precue: ori = 217.16038524832518
24.9572 	EXP 	rot_line_precue: ori = 217.45886956225144
24.9657 	EXP 	rot_line_precue: ori = 217.78693833283594
24.9738 	EXP 	rot_line_precue: ori = 218.09707352434876
24.9821 	EXP 	rot_line_precue: ori = 218.41328561634296
24.9903 	EXP 	rot_line_precue: ori = 218.71153689467852
24.9988 	EXP 	rot_line_precue: ori = 219.04752292306543
25.0071 	EXP 	rot_line_precue: ori = 219.34549503489194
25.0157 	EXP 	rot_line_precue: ori = 219.64084712361347
25.0241 	EXP 	rot_line_precue: ori = 219.98057927750483
25.0324 	EXP 	rot_line_precue: ori = 220.37241222467327
25.0403 	EXP 	rot_line_precue: ori = 220.70622952472644
25.0489 	EXP 	rot_line_precue: ori = 221.01654692461963
25.0572 	EXP 	rot_line_precue: ori = 221.33736498173207
25.0655 	EXP 	rot_line_precue: ori = 221.64161500831614
25.0747 	EXP 	rot_line_precue: ori = 222.03235403787625
25.0821 	EXP 	rot_line_precue: ori = 222.34975692012432
25.0909 	EXP 	rot_line_precue: ori = 222.70139409411365
25.0997 	EXP 	rot_line_precue: ori = 223.1843844836437
25.1073 	EXP 	rot_line_precue: ori = 223.5597249887266
25.1154 	EXP 	rot_line_precue: ori = 223.9131288222311
25.1239 	EXP 	rot_line_precue: ori = 224.24948206531906
25.1322 	EXP 	rot_line_precue: ori = 225.03436717124762
25.1404 	EXP 	rot_line_precue: ori = 225.40741130211217
25.1486 	EXP 	rot_line_precue: ori = 225.87815392226454
25.1572 	EXP 	rot_line_precue: ori = 226.19821739019707
25.1654 	EXP 	rot_line_precue: ori = 226.64983449500343
25.1738 	EXP 	rot_line_precue: ori = 227.10163231648247
25.1829 	EXP 	rot_line_precue: ori = 227.44526847198247
25.1906 	EXP 	rot_line_precue: ori = 227.8486007406899
25.1991 	EXP 	rot_line_precue: ori = 228.286087211028
25.2074 	EXP 	rot_line_precue: ori = 228.64157640762923
25.2155 	EXP 	rot_line_precue: ori = 228.9495635755515
25.2237 	EXP 	rot_line_precue: ori = 229.2448092219021
25.2322 	EXP 	rot_line_precue: ori = 229.59190136059976
25.2406 	EXP 	rot_line_precue: ori = 229.89269309545512
25.2491 	EXP 	rot_line_precue: ori = 230.56254353340705
25.2575 	EXP 	rot_line_precue: ori = 231.2036064901445
25.2657 	EXP 	rot_line_precue: ori = 231.52763442816467
25.2737 	EXP 	rot_line_precue: ori = 231.83499162872653
25.2822 	EXP 	rot_line_precue: ori = 232.2949190357857
25.2911 	EXP 	rot_line_precue: ori = 232.76267682148844
25.2987 	EXP 	rot_line_precue: ori = 233.05991402309402
25.3073 	EXP 	rot_line_precue: ori = 233.44680855901996
25.3156 	EXP 	rot_line_precue: ori = 233.76628101165554
25.3237 	EXP 	rot_line_precue: ori = 234.10466320667774
25.3320 	EXP 	rot_line_precue: ori = 234.50391599103978
25.3405 	EXP 	rot_line_precue: ori = 234.81615920700295
25.3488 	EXP 	rot_line_precue: ori = 235.12611814827594
25.3574 	EXP 	rot_line_precue: ori = 235.486253860929
25.3658 	EXP 	rot_line_precue: ori = 235.81870231090875
25.3739 	EXP 	rot_line_precue: ori = 236.21380387270523
25.3820 	EXP 	rot_line_precue: ori = 236.6970545282926
25.3909 	EXP 	rot_line_precue: ori = 237.21602169347977
25.3988 	EXP 	rot_line_precue: ori = 237.57282107853965
25.4077 	EXP 	rot_line_precue: ori = 238.03537938501253
25.4157 	EXP 	rot_line_precue: ori = 238.35863022052774
25.4241 	EXP 	rot_line_precue: ori = 238.80126055407678
25.4324 	EXP 	rot_line_precue: ori = 239.25549603903357
25.4407 	EXP 	rot_line_precue: ori = 239.95935074369243
25.4488 	EXP 	rot_line_precue: ori = 240.32157779996064
25.4576 	EXP 	rot_line_precue: ori = 240.63742968052082
25.4656 	EXP 	rot_line_precue: ori = 241.1629511072503
25.4739 	EXP 	rot_line_precue: ori = 241.57199305228264
25.4820 	EXP 	rot_line_precue: ori = 242.28307303980986
25.4903 	EXP 	rot_line_precue: ori = 242.58421200513183
25.4988 	EXP 	rot_line_precue: ori = 242.93128029206497
25.5072 	EXP 	rot_line_precue: ori = 243.31406712397336
25.5157 	EXP 	rot_line_precue: ori = 243.6272476071203
25.5240 	EXP 	rot_line_precue: ori = 244.2775233985729
25.5323 	EXP 	rot_line_precue: ori = 244.61960381556875
25.5408 	EXP 	rot_line_precue: ori = 245.12295654277273
25.5491 	EXP 	rot_line_precue: ori = 245.4892286573799
25.5572 	EXP 	rot_line_precue: ori = 245.8522332511899
25.5657 	EXP 	rot_line_precue: ori = 246.30332716332248
25.5739 	EXP 	rot_line_precue: ori = 247.07641595927169
25.5823 	EXP 	rot_line_precue: ori = 247.43075269023103
25.5909 	EXP 	rot_line_precue: ori = 247.75648418245245
25.5994 	EXP 	rot_line_precue: ori = 248.05402115379448
25.6073 	EXP 	rot_line_precue: ori = 248.50938451885781
25.6154 	EXP 	rot_line_precue: ori = 249.1911770853754
25.6246 	EXP 	rot_line_precue: ori = 249.50524712906955
25.6327 	EXP 	rot_line_precue: ori = 249.85888416345273
25.6404 	EXP 	rot_line_precue: ori = 250.24948843029026
25.6490 	EXP 	rot_line_precue: ori = 250.8416896619757
25.6571 	EXP 	rot_line_precue: ori = 251.2121499359585
25.6654 	EXP 	rot_line_precue: ori = 251.6147479417026
25.6737 	EXP 	rot_line_precue: ori = 251.9166848717562
25.6822 	EXP 	rot_line_precue: ori = 252.3324256456394
25.6905 	EXP 	rot_line_precue: ori = 252.94915142807713
25.6991 	EXP 	rot_line_precue: ori = 253.2869982967767
25.7074 	EXP 	rot_line_precue: ori = 253.70606080657507
25.7156 	EXP 	rot_line_precue: ori = 254.02722880435283
25.7236 	EXP 	rot_line_precue: ori = 254.34413405126668
25.7322 	EXP 	rot_line_precue: ori = 254.7458092131205
25.7404 	EXP 	rot_line_precue: ori = 255.0467183246976
25.7487 	EXP 	rot_line_precue: ori = 255.37788814875483
25.7574 	EXP 	rot_line_precue: ori = 255.8716490698761
25.7657 	EXP 	rot_line_precue: ori = 256.24763649432884
25.7742 	EXP 	rot_line_precue: ori = 256.98952685192774
25.7752 	EXP 	New trial (rep=3, index=10): <Trial 10 (10 in rep 3) data={'pic_name': 'pics/feet.JPG', 'class_mi': 'feet', 'thisN': 10, 'thisTrialN': 10, 'thisRepN': 3}>
25.7824 	EXP 	hor_line_precue: autoDraw = False
25.7824 	EXP 	ver_line_precue: autoDraw = False
25.7824 	EXP 	rot_line_precue: autoDraw = False
25.7824 	EXP 	rot_line_precue: ori = 257.3051562683342
25.7824 	EXP 	point_left: autoDraw = False
25.7824 	EXP 	point_right: autoDraw = False
25.7824 	EXP 	dot_precue: autoDraw = False
25.7824 	EXP 	hor_line_precue: autoDraw = False
25.7824 	EXP 	ver_line_precue: autoDraw = False
25.7824 	EXP 	rot_line_precue: autoDraw = False
25.7824 	EXP 	point_left: autoDraw = False
25.7824 	EXP 	point_right: autoDraw = False
25.7824 	EXP 	dot_precue: autoDraw = False
25.7824 	EXP 	hor_line_precue: autoDraw = True
25.7824 	EXP 	ver_line_precue: autoDraw = True
25.7824 	EXP 	rot_line_precue: autoDraw = True
25.7824 	EXP 	rot_line_precue: ori = 257.61436983905116
25.7824 	EXP 	point_left: autoDraw = True
25.7824 	EXP 	point_right: autoDraw = True
25.7824 	EXP 	dot_precue: autoDraw = True
25.7905 	EXP 	rot_line_precue: ori = 258.0712337735314
25.7987 	EXP 	rot_line_precue: ori = 258.4002088770108
25.8074 	EXP 	rot_line_precue: ori = 258.74466249371176
25.8156 	EXP 	rot_line_precue: ori = 259.2355135109154
25.8238 	EXP 	rot_line_precue: ori = 259.54370083281214
25.8323 	EXP 	rot_line_precue: ori = 259.8585004328845
25.8404 	EXP 	rot_line_precue: ori = 260.3229142456333
25.8486 	EXP 	rot_line_precue: ori = 260.6472403413303
25.8580 	EXP 	rot_line_precue: ori = 260.95463628891514
25.8662 	EXP 	rot_line_precue: ori = 261.3467375726591
25.8739 	EXP 	rot_line_precue: ori = 261.6509693955926
25.8825 	EXP 	rot_line_precue: ori = 262.123401121535
25.8907 	EXP 	rot_line_precue: ori = 262.6940975095242
25.8987 	EXP 	rot_line_precue: ori = 263.25389915197394
25.9071 	EXP 	rot_line_precue: ori = 263.5777250868014
25.9162 	EXP 	rot_line_precue: ori = 263.955970365307
25.9238 	EXP 	rot_line_precue: ori = 264.33605775423604
25.9325 	EXP 	rot_line_precue: ori = 264.6878755781626
25.9411 	EXP 	rot_line_precue: ori = 265.1067744213545
25.9488 	EXP 	rot_line_precue: ori = 265.440024242646
25.9575 	EXP 	rot_line_precue: ori = 265.77091092432534
25.9656 	EXP 	rot_line_precue: ori = 266.3000516485591
25.9740 	EXP 	rot_line_precue: ori = 266.76921799538746
25.9821 	EXP 	rot_line_precue: ori = 267.19807246629097
25.9906 	EXP 	rot_line_precue: ori = 267.7382279978106
25.9989 	EXP 	rot_line_precue: ori = 268.1789303889218
26.0072 	EXP 	rot_line_precue: ori = 268.80660023359036
26.0153 	EXP 	rot_line_precue: ori = 269.18536747402015
26.0238 	EXP 	rot_line_precue: ori = 269.5939739933709
26.0320 	EXP 	rot_line_precue: ori = 270.0625628202648
26.0407 	EXP 	rot_line_precue: ori = 270.3638095628554
26.0490 	EXP 	rot_line_precue: ori = 270.66036641624265
26.0572 	EXP 	rot_line_precue: ori = 270.96649502454204
26.0660 	EXP 	rot_line_precue: ori = 271.3004342825508
26.0740 	EXP 	rot_line_precue: ori = 271.6007003497007
26.0822 	EXP 	rot_line_precue: ori = 272.07778023697426
26.0904 	EXP 	rot_line_precue: ori = 272.47398345251355
26.0990 	EXP 	rot_line_precue: ori = 272.9102279602165
26.1081 	EXP 	rot_line_precue: ori = 273.21348112797943
26.1158 	EXP 	rot_line_precue: ori = 273.51185101119233
26.1239 	EXP 	rot_line_precue: ori = 273.8166019404489
26.1323 	EXP 	rot_line_precue: ori = 274.11997939973753
26.1404 	EXP 	rot_line_precue: ori = 274.5912426098076
26.1489 	EXP 	rot_line_precue: ori = 274.93172949630736
26.1572 	EXP 	rot_line_precue: ori = 275.5564194803447
26.1655 	EXP 	rot_line_precue: ori = 275.85814138188846
26.1739 	EXP 	rot_line_precue: ori = 276.2021685734328
26.1822 	EXP 	rot_line_precue: ori = 276.7171862498983
26.1904 	EXP 	rot_line_precue: ori = 277.0471031216129
26.1987 	EXP 	rot_line_precue: ori = 277.3662549217072
26.2072 	EXP 	rot_line_precue: ori = 277.66856705755237
26.2156 	EXP 	rot_line_precue: ori = 278.01393157206513
26.2240 	EXP 	rot_line_precue: ori = 278.30940176980374
26.2324 	EXP 	rot_line_precue: ori = 278.66713699637205
26.2405 	EXP 	rot_line_precue: ori = 278.99363576121044
26.2487 	EXP 	rot_line_precue: ori = 279.38297012105613
26.2573 	EXP 	rot_line_precue: ori = 279.8833028025137
26.2655 	EXP 	rot_line_precue: ori = 280.21277016031416
26.2740 	EXP 	rot_line_precue: ori = 280.5882433431159
26.2824 	EXP 	rot_line_precue: ori = 280.9532706833711
26.2907 	EXP 	rot_line_precue: ori = 281.29079934837443
26.2992 	EXP 	rot_line_precue: ori = 281.598230775889
26.3072 	EXP 	rot_line_precue: ori = 281.9057870758542
26.3163 	EXP 	rot_line_precue: ori = 282.3954061130691
26.3238 	EXP 	rot_line_precue: ori = 282.724843114518
26.3323 	EXP 	rot_line_precue: ori = 283.0927057747284
26.3405 	EXP 	rot_line_precue: ori = 283.42148979612637
26.3487 	EXP 	rot_line_precue: ori = 283.7305804401107
26.3570 	EXP 	rot_line_precue: ori = 284.08060555842127
26.3656 	EXP 	rot_line_precue: ori = 284.46711585286556
26.3738 	EXP 	rot_line_precue: ori = 284.9224709511016
26.3825 	EXP 	rot_line_precue: ori = 285.24530023124277
26.3908 	EXP 	rot_line_precue: ori = 285.64013751353554
26.3989 	EXP 	rot_line_precue: ori = 286.10385970981935
26.4075 	EXP 	rot_line_precue: ori = 286.46508612434377
26.4155 	EXP 	rot_line_precue: ori = 286.85134355217286
26.4237 	EXP 	rot_line_precue: ori = 287.21356590539585
26.4321 	EXP 	rot_line_precue: ori = 287.67470916356274
26.4407 	EXP 	rot_line_precue: ori = 288.22136821701577
26.4490 	EXP 	rot_line_precue: ori = 288.74045063805426
26.4577 	EXP 	rot_line_precue: ori = 289.09406988270945
26.4657 	EXP 	rot_line_precue: ori = 289.72056103357374
26.4738 	EXP 	rot_line_precue: ori = 290.03938971510365
26.4822 	EXP 	rot_line_precue: ori = 290.47601170721316
26.4907 	EXP 	rot_line_precue: ori = 290.79246532629907
26.4989 	EXP 	rot_line_precue: ori = 291.12452666002815
26.5072 	EXP 	rot_line_precue: ori = 291.46906291568735
26.5154 	EXP 	rot_line_precue: ori = 291.77027805568605
26.5238 	EXP 	rot_line_precue: ori = 292.2906700677941
26.5246 	EXP 	Device response: <KeyPress from None: t=26.51675080000132, value=escape, duration=None>
26.5256 	DATA 	Keypress: escape
26.5322 	EXP 	rot_line_precue: ori = 292.5873394673365
26.5407 	EXP 	rot_line_precue: ori = 293.32813438469157
26.5496 	EXP 	rot_line_precue: ori = 293.8148377909195
26.5573 	EXP 	rot_line_precue: ori = 294.22780017625047
26.5582 	EXP 	Device response: <KeyPress from None: t=26.51675080000132, value=escape, duration=0.03804579999996349>
26.5582 	EXP 	bci_racingteam: status = STOPPED
26.5659 	EXP 	rot_line_precue: ori = 294.7054464379725
26.5659 	EXP 	hor_line_precue: autoDraw = False
26.5659 	EXP 	ver_line_precue: autoDraw = False
26.5659 	EXP 	rot_line_precue: autoDraw = False
26.5659 	EXP 	point_left: autoDraw = False
26.5659 	EXP 	point_right: autoDraw = False
26.5659 	EXP 	dot_precue: autoDraw = False
26.5660 	EXP 	bci_racingteam: status = STOPPED
