3.6154 	WARNING 	Requested an unavailable screen number - using first available.
3.6175 	WARNING 	User requested fullscreen with size [1920 1080], but screen is actually [1707, 1067]. Using actual size
3.8922 	EXP 	Created window1 = Window(allowGUI=False, allowStencil=False, autoLog=True, backendConf=UNKNOWN, backgroundFit=<method-wrapper '__getattribute__' of attributeSetter object at 0x0000014449F7CEE0>, backgroundImage=<method-wrapper '__getattribute__' of attributeSetter object at 0x0000014449F7CE80>, bitsMode=UNKNOWN, blendMode='avg', bpc=(8, 8, 8), color=array([0, 0, 0]), colorSpace='rgb', depthBits=8, fullscr=True, gamma=None, gammaErrorPolicy='raise', infoMsg=UNKNOWN, lms=UNKNOWN, monitor=<psychopy.monitors.calibTools.Monitor object at 0x000001444A1C5BD0>, multiSample=False, name='window1', numSamples=2, pos=[np.float64(0.0), np.float64(0.0)], screen=1, size=array([1707, 1067]), stencilBits=0, stereo=False, title='PsychoPy', units='height', useFBO=True, useRetina=False, viewOri=0.0, viewPos=None, viewScale=None, waitBlanking=True, winType='pyglet')
3.8923 	EXP 	window1: backgroundImage = ''
3.8923 	EXP 	window1: backgroundFit = 'none'
4.4104 	EXP 	window1: Attempting to measure frame rate of screen (1) ...
4.4104 	EXP 	window1: recordFrameIntervals = False
4.5047 	EXP 	window1: recordFrameIntervals = True
5.3374 	EXP 	window1: recordFrameIntervals = False
5.3374 	EXP 	Screen (1) actual frame rate measured at 120.25Hz
8.4879 	EXP 	bci_racingteam: status = STARTED
8.6086 	EXP 	Created text_pre_block = TextStim(__class__=<class 'psychopy.visual.text.TextStim'>, alignHoriz=method-wrapper(...), alignText='center', alignVert=method-wrapper(...), anchorHoriz='center', anchorVert='center', antialias=True, autoDraw=False, autoLog=True, bold=False, color=array([1., 1., 1.]), colorSpace='rgb', contrast=1.0, depth=0.0, draggable=False, flipHoriz=False, flipVert=False, font='Open Sans', fontFiles=[], height=np.float64(0.05), italic=False, languageStyle='LTR', name='text_pre_block', opacity=1, ori=0.0, pos=array([0., 0.]), rgb=UNKNOWN, text='Press any key to start ...', units='height', win=Window(...), wrapWidth=1)
8.6101 	EXP 	Created text_2 = TextStim(__class__=<class 'psychopy.visual.text.TextStim'>, alignHoriz=method-wrapper(...), alignText='center', alignVert=method-wrapper(...), anchorHoriz='center', anchorVert='center', antialias=True, autoDraw=False, autoLog=True, bold=False, color=array([1., 1., 1.]), colorSpace='rgb', contrast=1.0, depth=0.0, draggable=False, flipHoriz=False, flipVert=False, font='Arial', fontFiles=[], height=np.float64(0.05), italic=False, languageStyle='LTR', name='text_2', opacity=1, ori=0.0, pos=array([0., 0.]), rgb=UNKNOWN, text='', units='height', win=Window(...), wrapWidth=1)
8.6130 	EXP 	Created hor_line_precue = Line(__class__=<class 'psychopy.visual.line.Line'>, anchor=('center', 'center'), autoDraw=False, autoLog=True, closeShape=False, color=array([1., 1., 1.]), colorSpace='rgb', contrast=None, depth=0.0, draggable=False, fillColor=array([1, 1, 1]), fillColorSpace='rgb', fillRGB=array([1, 1, 1]), interpolate=True, lineColor=array([1., 1., 1.]), lineColorSpace='rgb', lineRGB=array([1, 1, 1]), lineWidth=5.0, name='hor_line_precue', opacity=1, ori=-45.0, pos=array([0., 0.]), size=array([0.35, 0.35]), units='height', vertices=array([[-0.5, -0.5],
       [ 0.5,  0.5]]), win=Window(...), windingRule=None)
8.6144 	EXP 	Created ver_line_precue = Line(__class__=<class 'psychopy.visual.line.Line'>, anchor=('center', 'center'), autoDraw=False, autoLog=True, closeShape=False, color=array([1., 1., 1.]), colorSpace='rgb', contrast=None, depth=-1.0, draggable=False, fillColor=array([1, 1, 1]), fillColorSpace='rgb', fillRGB=array([1, 1, 1]), interpolate=True, lineColor=array([1., 1., 1.]), lineColorSpace='rgb', lineRGB=array([1, 1, 1]), lineWidth=5.0, name='ver_line_precue', opacity=1, ori=45.0, pos=array([0., 0.]), size=array([0.35, 0.35]), units='height', vertices=array([[-0.5, -0.5],
       [ 0.5,  0.5]]), win=Window(...), windingRule=None)
8.6158 	EXP 	Created rot_line_precue = Line(__class__=<class 'psychopy.visual.line.Line'>, anchor=('center', 'center'), autoDraw=False, autoLog=True, closeShape=False, color=array([1., 1., 1.]), colorSpace='rgb', contrast=None, depth=-2.0, draggable=False, fillColor=array([1, 1, 1]), fillColorSpace='rgb', fillRGB=array([1, 1, 1]), interpolate=True, lineColor=array([1., 1., 1.]), lineColorSpace='rgb', lineRGB=array([1, 1, 1]), lineWidth=5.0, name='rot_line_precue', opacity=1, ori=1.0, pos=array([0., 0.]), size=array([0.35, 0.35]), units='height', vertices=array([[-0.5, -0.5],
       [ 0.5,  0.5]]), win=Window(...), windingRule=None)
8.6228 	EXP 	Created text = TextStim(__class__=<class 'psychopy.visual.text.TextStim'>, alignHoriz=method-wrapper(...), alignText='center', alignVert=method-wrapper(...), anchorHoriz='center', anchorVert='center', antialias=True, autoDraw=False, autoLog=True, bold=False, color=array([1., 1., 1.]), colorSpace='rgb', contrast=1.0, depth=0.0, draggable=False, flipHoriz=False, flipVert=False, font='Arial', fontFiles=[], height=np.float64(0.05), italic=False, languageStyle='LTR', name='text', opacity=1, ori=0.0, pos=array([0., 0.]), rgb=UNKNOWN, text='Run Finished', units='height', win=Window(...), wrapWidth=1)
8.6298 	EXP 	Created text_post_run = TextStim(__class__=<class 'psychopy.visual.text.TextStim'>, alignHoriz=method-wrapper(...), alignText='center', alignVert=method-wrapper(...), anchorHoriz='center', anchorVert='center', antialias=True, autoDraw=False, autoLog=True, bold=False, color=array([1., 1., 1.]), colorSpace='rgb', contrast=1.0, depth=0.0, draggable=False, flipHoriz=False, flipVert=False, font='Open Sans', fontFiles=[], height=np.float64(0.05), italic=False, languageStyle='LTR', name='text_post_run', opacity=1, ori=0.0, pos=array([0., 0.]), rgb=UNKNOWN, text='Block Finished. Yuhu!', units='height', win=Window(...), wrapWidth=1)
0.0028 	EXP 	rot_line_precue: ori = 0
0.0066 	EXP 	text_pre_block: autoDraw = True
1.9794 	EXP 	Device response: <KeyPress from None: t=1.9717577999981586, value=space, duration=None>
1.9802 	EXP 	New trial (rep=0, index=0): <Trial 0 (0 in rep 0) data={'thisN': 0, 'thisTrialN': 0, 'thisRepN': 0}>
1.9826 	DATA 	Keypress: space
1.9851 	EXP 	text_pre_block: autoDraw = False
1.9851 	EXP 	text_2: autoDraw = True
2.0249 	EXP 	Device response: <KeyPress from None: t=1.9717577999981586, value=space, duration=0.04544020000321325>
4.9837 	EXP 	Imported classes.csv as conditions, 3 conditions, 2 params
4.9843 	EXP 	New trial (rep=0, index=0): <Trial 0 (0 in rep 0) data={'pic_name': 'pics/none.JPG', 'class_mi': 'rest', 'thisN': 0, 'thisTrialN': 0, 'thisRepN': 0}>
4.9899 	EXP 	text_2: autoDraw = False
4.9899 	EXP 	text_2: autoDraw = False
4.9899 	EXP 	hor_line_precue: autoDraw = True
4.9899 	EXP 	ver_line_precue: autoDraw = True
4.9899 	EXP 	rot_line_precue: autoDraw = True
4.9899 	EXP 	rot_line_precue: ori = np.float64(0.2997506801628027)
4.9946 	EXP 	rot_line_precue: ori = np.float64(0.6606765448420141)
4.9999 	EXP 	rot_line_precue: ori = np.float64(1.3870238635699474)
5.0081 	EXP 	rot_line_precue: ori = np.float64(2.040391700974915)
5.0165 	EXP 	rot_line_precue: ori = np.float64(2.715304247380864)
5.0244 	EXP 	rot_line_precue: ori = np.float64(3.0269765844296677)
5.0331 	EXP 	rot_line_precue: ori = np.float64(3.350525019390234)
5.0411 	EXP 	rot_line_precue: ori = np.float64(3.7072502458652883)
5.0494 	EXP 	rot_line_precue: ori = np.float64(4.0337371462923)
5.0577 	EXP 	rot_line_precue: ori = np.float64(4.4171742810670676)
5.0661 	EXP 	rot_line_precue: ori = np.float64(4.735021166578103)
5.0744 	EXP 	rot_line_precue: ori = np.float64(5.252705190185087)
5.0825 	EXP 	rot_line_precue: ori = np.float64(5.554789137066667)
5.0908 	EXP 	rot_line_precue: ori = np.float64(5.866560438096019)
5.1002 	EXP 	rot_line_precue: ori = np.float64(6.215225985780513)
5.1076 	EXP 	rot_line_precue: ori = np.float64(6.678844228190387)
5.1166 	EXP 	rot_line_precue: ori = np.float64(7.1151370610197535)
5.1243 	EXP 	rot_line_precue: ori = np.float64(7.419318401256423)
5.1326 	EXP 	rot_line_precue: ori = np.float64(7.8809569526544525)
5.1409 	EXP 	rot_line_precue: ori = np.float64(8.289258549079438)
5.1493 	EXP 	rot_line_precue: ori = np.float64(8.738635517373789)
5.1578 	EXP 	rot_line_precue: ori = np.float64(9.054263837148497)
5.1666 	EXP 	rot_line_precue: ori = np.float64(9.446698822919826)
5.1748 	EXP 	rot_line_precue: ori = np.float64(9.996367543102387)
5.1835 	EXP 	rot_line_precue: ori = np.float64(10.459943341486106)
5.1915 	EXP 	rot_line_precue: ori = np.float64(10.755867379247745)
5.1998 	EXP 	rot_line_precue: ori = np.float64(11.077328873850862)
5.2079 	EXP 	rot_line_precue: ori = np.float64(11.402213263423358)
5.2164 	EXP 	rot_line_precue: ori = np.float64(11.741503728678213)
5.2246 	EXP 	rot_line_precue: ori = np.float64(12.037080562928283)
5.2328 	EXP 	rot_line_precue: ori = np.float64(12.342461448032351)
5.2410 	EXP 	rot_line_precue: ori = np.float64(12.686821870080948)
5.2492 	EXP 	rot_line_precue: ori = np.float64(13.007268195799172)
5.2576 	EXP 	rot_line_precue: ori = np.float64(13.499019985083185)
5.2659 	EXP 	rot_line_precue: ori = np.float64(14.13956786871255)
5.2740 	EXP 	rot_line_precue: ori = np.float64(14.847935454036953)
5.2826 	EXP 	rot_line_precue: ori = np.float64(15.155076430103723)
5.2909 	EXP 	rot_line_precue: ori = np.float64(15.472994977428796)
5.2990 	EXP 	rot_line_precue: ori = np.float64(16.066467964752462)
5.3076 	EXP 	rot_line_precue: ori = np.float64(16.609428155876007)
5.3159 	EXP 	rot_line_precue: ori = np.float64(16.96227181894395)
5.3242 	EXP 	rot_line_precue: ori = np.float64(17.373389281341737)
5.3327 	EXP 	rot_line_precue: ori = np.float64(17.81900295826123)
5.3411 	EXP 	rot_line_precue: ori = np.float64(18.235821474641238)
5.3497 	EXP 	rot_line_precue: ori = np.float64(19.005904483183066)
5.3582 	EXP 	rot_line_precue: ori = np.float64(19.364529013496572)
5.3663 	EXP 	rot_line_precue: ori = np.float64(19.92241701842102)
5.3747 	EXP 	rot_line_precue: ori = np.float64(20.223301635284066)
5.3831 	EXP 	rot_line_precue: ori = np.float64(20.5320824857251)
5.3911 	EXP 	rot_line_precue: ori = np.float64(20.87458406149517)
5.3992 	EXP 	rot_line_precue: ori = np.float64(21.189848673146145)
5.4079 	EXP 	rot_line_precue: ori = np.float64(21.589507620086806)
5.4162 	EXP 	rot_line_precue: ori = np.float64(21.89077285387386)
5.4248 	EXP 	rot_line_precue: ori = np.float64(22.427165211245757)
5.4328 	EXP 	rot_line_precue: ori = np.float64(22.78201428166936)
5.4410 	EXP 	rot_line_precue: ori = np.float64(23.179585977144228)
5.4493 	EXP 	rot_line_precue: ori = np.float64(23.58740153968882)
5.4575 	EXP 	rot_line_precue: ori = np.float64(24.0031327567276)
5.4660 	EXP 	rot_line_precue: ori = np.float64(24.426305033200723)
5.4742 	EXP 	rot_line_precue: ori = np.float64(24.920802596741396)
5.4825 	EXP 	rot_line_precue: ori = np.float64(25.551008114454213)
5.4910 	EXP 	rot_line_precue: ori = np.float64(26.06439537336199)
5.4992 	EXP 	rot_line_precue: ori = np.float64(26.371797046445735)
5.5076 	EXP 	rot_line_precue: ori = np.float64(26.707007699307134)
5.5162 	EXP 	rot_line_precue: ori = np.float64(27.02333063336726)
5.5246 	EXP 	rot_line_precue: ori = np.float64(27.457267750540247)
5.5332 	EXP 	rot_line_precue: ori = np.float64(27.819259364963596)
5.5415 	EXP 	rot_line_precue: ori = np.float64(28.227062536600645)
5.5497 	EXP 	rot_line_precue: ori = np.float64(28.649308942745016)
5.5577 	EXP 	rot_line_precue: ori = np.float64(29.006295342436065)
5.5662 	EXP 	rot_line_precue: ori = np.float64(29.353651429451396)
5.5744 	EXP 	rot_line_precue: ori = np.float64(29.67126940775112)
5.5826 	EXP 	rot_line_precue: ori = np.float64(30.423067043402185)
5.5913 	EXP 	rot_line_precue: ori = np.float64(30.982678088926477)
5.5994 	EXP 	rot_line_precue: ori = np.float64(31.3846269118866)
5.6077 	EXP 	rot_line_precue: ori = np.float64(31.696882872503465)
5.6159 	EXP 	rot_line_precue: ori = np.float64(32.049775007390956)
5.6243 	EXP 	rot_line_precue: ori = np.float64(32.43673573519054)
5.6325 	EXP 	rot_line_precue: ori = np.float64(32.799522298847656)
5.6409 	EXP 	rot_line_precue: ori = np.float64(33.15362206007694)
5.6493 	EXP 	rot_line_precue: ori = np.float64(33.666612397999)
5.6576 	EXP 	rot_line_precue: ori = np.float64(34.001405830123055)
5.6658 	EXP 	rot_line_precue: ori = np.float64(34.45822699938617)
5.6743 	EXP 	rot_line_precue: ori = np.float64(34.839544474371436)
5.6827 	EXP 	rot_line_precue: ori = np.float64(35.14864905540912)
5.6913 	EXP 	rot_line_precue: ori = np.float64(35.45194095292237)
5.6996 	EXP 	rot_line_precue: ori = np.float64(35.802689743270626)
5.7079 	EXP 	rot_line_precue: ori = np.float64(36.154862287036565)
5.7164 	EXP 	rot_line_precue: ori = np.float64(36.54281662099923)
5.7249 	EXP 	rot_line_precue: ori = np.float64(36.99825466386309)
5.7334 	EXP 	rot_line_precue: ori = np.float64(37.375560521058716)
5.7415 	EXP 	rot_line_precue: ori = np.float64(37.790883387315716)
5.7495 	EXP 	rot_line_precue: ori = np.float64(38.088167499204594)
5.7578 	EXP 	rot_line_precue: ori = np.float64(38.476195174782376)
5.7660 	EXP 	rot_line_precue: ori = np.float64(38.777914939245974)
5.7745 	EXP 	rot_line_precue: ori = np.float64(39.32632923369832)
5.7828 	EXP 	rot_line_precue: ori = np.float64(39.625705493210205)
5.7910 	EXP 	rot_line_precue: ori = np.float64(39.932861313006676)
5.7992 	EXP 	rot_line_precue: ori = np.float64(40.372976422383005)
5.8077 	EXP 	rot_line_precue: ori = np.float64(40.78159488232407)
5.8159 	EXP 	rot_line_precue: ori = np.float64(41.1150647209135)
5.8249 	EXP 	rot_line_precue: ori = np.float64(41.45688792352548)
5.8325 	EXP 	rot_line_precue: ori = np.float64(41.931358194306085)
5.8418 	EXP 	rot_line_precue: ori = np.float64(42.57057082138754)
5.8491 	EXP 	rot_line_precue: ori = np.float64(42.8677400659742)
5.8579 	EXP 	rot_line_precue: ori = np.float64(43.326507998388934)
5.8662 	EXP 	rot_line_precue: ori = np.float64(43.71163200404049)
5.8747 	EXP 	rot_line_precue: ori = np.float64(44.05452073245655)
5.8831 	EXP 	rot_line_precue: ori = np.float64(44.37616436577387)
5.8912 	EXP 	rot_line_precue: ori = np.float64(44.685984109179614)
5.9001 	EXP 	rot_line_precue: ori = np.float64(45.08875520129287)
5.9082 	EXP 	rot_line_precue: ori = np.float64(45.44915727389509)
5.9162 	EXP 	rot_line_precue: ori = np.float64(45.76927592905276)
5.9242 	EXP 	rot_line_precue: ori = np.float64(46.08189259361209)
5.9328 	EXP 	rot_line_precue: ori = np.float64(46.38859072436619)
5.9411 	EXP 	rot_line_precue: ori = np.float64(46.793185451705064)
5.9494 	EXP 	rot_line_precue: ori = np.float64(47.090627970660314)
5.9575 	EXP 	rot_line_precue: ori = np.float64(47.613611606606156)
5.9660 	EXP 	rot_line_precue: ori = np.float64(47.978288962008456)
5.9742 	EXP 	rot_line_precue: ori = np.float64(48.276538802991524)
5.9826 	EXP 	rot_line_precue: ori = np.float64(48.81282502101372)
5.9910 	EXP 	rot_line_precue: ori = np.float64(49.251240823973546)
5.9993 	EXP 	rot_line_precue: ori = np.float64(49.74135980214587)
6.0075 	EXP 	rot_line_precue: ori = np.float64(50.04512439229177)
6.0160 	EXP 	rot_line_precue: ori = np.float64(50.433886799824066)
6.0243 	EXP 	rot_line_precue: ori = np.float64(50.78948731753575)
6.0330 	EXP 	rot_line_precue: ori = np.float64(51.09999188237148)
6.0413 	EXP 	rot_line_precue: ori = np.float64(51.696799672052556)
6.0495 	EXP 	rot_line_precue: ori = np.float64(52.03193339200976)
6.0581 	EXP 	rot_line_precue: ori = np.float64(52.81801272711146)
6.0665 	EXP 	rot_line_precue: ori = np.float64(53.21462190172293)
6.0751 	EXP 	rot_line_precue: ori = np.float64(53.551670887134534)
6.0832 	EXP 	rot_line_precue: ori = np.float64(54.21873782386493)
6.0913 	EXP 	rot_line_precue: ori = np.float64(54.57297659486172)
6.0994 	EXP 	rot_line_precue: ori = np.float64(55.3123930083107)
6.1078 	EXP 	rot_line_precue: ori = np.float64(55.637171153599766)
6.1163 	EXP 	rot_line_precue: ori = np.float64(56.04348532468516)
6.1244 	EXP 	rot_line_precue: ori = np.float64(56.65186924124248)
6.1326 	EXP 	rot_line_precue: ori = np.float64(57.061254955302964)
6.1408 	EXP 	rot_line_precue: ori = np.float64(57.36494273279625)
6.1493 	EXP 	rot_line_precue: ori = np.float64(57.735806574631)
6.1575 	EXP 	rot_line_precue: ori = np.float64(58.0361691670029)
6.1658 	EXP 	rot_line_precue: ori = np.float64(58.36576261799998)
6.1743 	EXP 	rot_line_precue: ori = np.float64(58.67851774773675)
6.1825 	EXP 	rot_line_precue: ori = np.float64(59.10966326494936)
6.1908 	EXP 	rot_line_precue: ori = np.float64(59.7743934948819)
6.1996 	EXP 	rot_line_precue: ori = np.float64(60.15439974447691)
6.2079 	EXP 	rot_line_precue: ori = np.float64(60.54065094504108)
6.2162 	EXP 	rot_line_precue: ori = np.float64(60.841009610703765)
6.2247 	EXP 	rot_line_precue: ori = np.float64(61.22305365462926)
6.2330 	EXP 	rot_line_precue: ori = np.float64(61.75730528332809)
6.2415 	EXP 	rot_line_precue: ori = np.float64(62.07206769276458)
6.2496 	EXP 	rot_line_precue: ori = np.float64(62.37330697072557)
6.2585 	EXP 	rot_line_precue: ori = np.float64(62.79032527744502)
6.2659 	EXP 	rot_line_precue: ori = np.float64(63.107611729236815)
6.2745 	EXP 	rot_line_precue: ori = np.float64(63.834305110234766)
6.2828 	EXP 	rot_line_precue: ori = np.float64(64.1599898399384)
6.2910 	EXP 	rot_line_precue: ori = np.float64(64.49153406122448)
6.2992 	EXP 	rot_line_precue: ori = np.float64(64.89222862084786)
6.3077 	EXP 	rot_line_precue: ori = np.float64(65.33321059471204)
6.3159 	EXP 	rot_line_precue: ori = np.float64(65.65941606743769)
6.3242 	EXP 	rot_line_precue: ori = np.float64(66.02610877874717)
6.3327 	EXP 	rot_line_precue: ori = np.float64(66.3693592741886)
6.3409 	EXP 	rot_line_precue: ori = np.float64(66.70045138426552)
6.3492 	EXP 	rot_line_precue: ori = np.float64(67.06303989302508)
6.3577 	EXP 	rot_line_precue: ori = np.float64(67.48591294249445)
6.3661 	EXP 	rot_line_precue: ori = np.float64(67.9040259923738)
6.3747 	EXP 	rot_line_precue: ori = np.float64(68.21976541661546)
6.3830 	EXP 	rot_line_precue: ori = np.float64(68.54298292098225)
6.3912 	EXP 	rot_line_precue: ori = np.float64(68.89932301864326)
6.3997 	EXP 	rot_line_precue: ori = np.float64(69.28088681852297)
6.4082 	EXP 	rot_line_precue: ori = np.float64(69.65514147962762)
6.4162 	EXP 	rot_line_precue: ori = np.float64(70.00937989750074)
6.4249 	EXP 	rot_line_precue: ori = np.float64(70.52756856320791)
6.4330 	EXP 	rot_line_precue: ori = np.float64(70.86801930831956)
6.4411 	EXP 	rot_line_precue: ori = np.float64(71.1778918947452)
6.4493 	EXP 	rot_line_precue: ori = np.float64(71.66761104570651)
6.4579 	EXP 	rot_line_precue: ori = np.float64(72.00209274497001)
6.4661 	EXP 	rot_line_precue: ori = np.float64(72.32250000973221)
6.4743 	EXP 	rot_line_precue: ori = np.float64(72.6523470919639)
6.4826 	EXP 	rot_line_precue: ori = np.float64(73.18353390864313)
6.4910 	EXP 	rot_line_precue: ori = np.float64(73.83692338774851)
6.5000 	EXP 	rot_line_precue: ori = np.float64(74.15982161142925)
6.5076 	EXP 	rot_line_precue: ori = np.float64(74.71272097311099)
6.5166 	EXP 	rot_line_precue: ori = np.float64(75.050188359945)
6.5243 	EXP 	rot_line_precue: ori = np.float64(75.65595903500136)
6.5326 	EXP 	rot_line_precue: ori = np.float64(75.9793626284862)
6.5413 	EXP 	rot_line_precue: ori = np.float64(76.2820631664111)
6.5495 	EXP 	rot_line_precue: ori = np.float64(76.59462419172807)
6.5583 	EXP 	rot_line_precue: ori = np.float64(77.05598488500799)
6.5662 	EXP 	rot_line_precue: ori = np.float64(77.41870977927705)
6.5746 	EXP 	rot_line_precue: ori = np.float64(77.73426976173047)
6.5834 	EXP 	rot_line_precue: ori = np.float64(78.05657865482979)
6.5916 	EXP 	rot_line_precue: ori = np.float64(78.4227310086151)
6.5996 	EXP 	rot_line_precue: ori = np.float64(78.74172330824086)
6.6077 	EXP 	rot_line_precue: ori = np.float64(79.0420476715939)
6.6161 	EXP 	rot_line_precue: ori = np.float64(79.34915614027902)
6.6244 	EXP 	rot_line_precue: ori = np.float64(79.73930771843933)
6.6327 	EXP 	rot_line_precue: ori = np.float64(80.09687948457787)
6.6412 	EXP 	rot_line_precue: ori = np.float64(80.39636139153612)
6.6493 	EXP 	rot_line_precue: ori = np.float64(80.69331528252532)
6.6576 	EXP 	rot_line_precue: ori = np.float64(81.19538492692969)
6.6660 	EXP 	rot_line_precue: ori = np.float64(81.61665822436953)
6.6744 	EXP 	rot_line_precue: ori = np.float64(81.96140790989104)
6.6826 	EXP 	rot_line_precue: ori = np.float64(82.46972542605083)
6.6909 	EXP 	rot_line_precue: ori = np.float64(83.26125026455792)
6.6994 	EXP 	rot_line_precue: ori = np.float64(83.87615291367851)
6.7077 	EXP 	rot_line_precue: ori = np.float64(84.19303802296312)
6.7164 	EXP 	rot_line_precue: ori = np.float64(84.68387051852177)
6.7246 	EXP 	rot_line_precue: ori = np.float64(85.171328830963)
6.7329 	EXP 	rot_line_precue: ori = np.float64(85.77004504011563)
6.7414 	EXP 	rot_line_precue: ori = np.float64(86.08828076103264)
6.7497 	EXP 	rot_line_precue: ori = np.float64(86.68859102835326)
6.7581 	EXP 	rot_line_precue: ori = np.float64(87.17002703854422)
6.7664 	EXP 	rot_line_precue: ori = np.float64(87.50556418724557)
6.7746 	EXP 	rot_line_precue: ori = np.float64(87.92269077374058)
6.7828 	EXP 	rot_line_precue: ori = np.float64(88.22116806547744)
6.7910 	EXP 	rot_line_precue: ori = np.float64(88.89222618765223)
6.8003 	EXP 	rot_line_precue: ori = np.float64(89.19756303269112)
6.8078 	EXP 	rot_line_precue: ori = np.float64(89.49356518829043)
6.8159 	EXP 	rot_line_precue: ori = np.float64(90.10297441555639)
6.8242 	EXP 	rot_line_precue: ori = np.float64(90.49701805868155)
6.8327 	EXP 	rot_line_precue: ori = np.float64(91.1902935656021)
6.8409 	EXP 	rot_line_precue: ori = np.float64(91.69844341748036)
6.8493 	EXP 	rot_line_precue: ori = np.float64(92.1166593584577)
6.8582 	EXP 	rot_line_precue: ori = np.float64(92.55824291704353)
6.8660 	EXP 	rot_line_precue: ori = np.float64(92.97865139247175)
6.8743 	EXP 	rot_line_precue: ori = np.float64(93.27560602203825)
6.8827 	EXP 	rot_line_precue: ori = np.float64(93.97674390454655)
6.8910 	EXP 	rot_line_precue: ori = np.float64(94.41969202482264)
6.8997 	EXP 	rot_line_precue: ori = np.float64(94.89659861752713)
6.9081 	EXP 	rot_line_precue: ori = np.float64(95.20137985208186)
6.9163 	EXP 	rot_line_precue: ori = np.float64(95.85190367592483)
6.9249 	EXP 	rot_line_precue: ori = np.float64(96.15105986315172)
6.9331 	EXP 	rot_line_precue: ori = np.float64(96.51573649979473)
6.9414 	EXP 	rot_line_precue: ori = np.float64(96.82319062149463)
6.9493 	EXP 	rot_line_precue: ori = np.float64(97.15464728826355)
6.9581 	EXP 	rot_line_precue: ori = np.float64(97.46773194505681)
6.9662 	EXP 	rot_line_precue: ori = np.float64(97.9062185153867)
6.9743 	EXP 	rot_line_precue: ori = np.float64(98.2082237020511)
6.9751 	EXP 	New trial (rep=0, index=1): <Trial 1 (1 in rep 0) data={'pic_name': 'pics/feet.JPG', 'class_mi': 'feet', 'thisN': 1, 'thisTrialN': 1, 'thisRepN': 0}>
6.9826 	EXP 	hor_line_precue: autoDraw = False
6.9826 	EXP 	ver_line_precue: autoDraw = False
6.9826 	EXP 	rot_line_precue: autoDraw = False
6.9826 	EXP 	rot_line_precue: ori = np.float64(98.52694425077223)
6.9826 	EXP 	hor_line_precue: autoDraw = False
6.9826 	EXP 	ver_line_precue: autoDraw = False
6.9826 	EXP 	rot_line_precue: autoDraw = False
6.9826 	EXP 	hor_line_precue: autoDraw = True
6.9826 	EXP 	ver_line_precue: autoDraw = True
6.9826 	EXP 	rot_line_precue: autoDraw = True
6.9826 	EXP 	rot_line_precue: ori = np.float64(98.82493264505459)
6.9910 	EXP 	rot_line_precue: ori = np.float64(99.26815557677295)
6.9992 	EXP 	rot_line_precue: ori = np.float64(99.73966345704667)
7.0075 	EXP 	rot_line_precue: ori = np.float64(100.22655040902916)
7.0160 	EXP 	rot_line_precue: ori = np.float64(100.54407552735735)
7.0245 	EXP 	rot_line_precue: ori = np.float64(100.92161190806789)
7.0327 	EXP 	rot_line_precue: ori = np.float64(101.31745138555823)
7.0410 	EXP 	rot_line_precue: ori = np.float64(101.79632301182163)
7.0492 	EXP 	rot_line_precue: ori = np.float64(102.33293098090503)
7.0576 	EXP 	rot_line_precue: ori = np.float64(102.65051995437557)
7.0661 	EXP 	rot_line_precue: ori = np.float64(102.96745406176167)
7.0745 	EXP 	rot_line_precue: ori = np.float64(103.26291954006615)
7.0840 	EXP 	rot_line_precue: ori = np.float64(103.77441501650648)
7.0916 	EXP 	rot_line_precue: ori = np.float64(104.13950287910704)
7.0997 	EXP 	rot_line_precue: ori = np.float64(104.4866968707388)
7.1083 	EXP 	rot_line_precue: ori = np.float64(104.78764022234732)
7.1166 	EXP 	rot_line_precue: ori = np.float64(105.16734325869828)
7.1264 	EXP 	rot_line_precue: ori = np.float64(105.57429928248776)
7.1337 	EXP 	rot_line_precue: ori = np.float64(105.8719071812989)
7.1422 	EXP 	rot_line_precue: ori = np.float64(106.19885503047207)
7.1495 	EXP 	rot_line_precue: ori = np.float64(106.52282393100465)
7.1578 	EXP 	rot_line_precue: ori = np.float64(106.99445038707032)
7.1662 	EXP 	rot_line_precue: ori = np.float64(107.30179924582067)
7.1750 	EXP 	rot_line_precue: ori = np.float64(107.68883649365867)
7.1827 	EXP 	rot_line_precue: ori = np.float64(108.06965505014908)
7.1908 	EXP 	rot_line_precue: ori = np.float64(108.48430159429543)
7.1993 	EXP 	rot_line_precue: ori = np.float64(108.80256179314691)
7.2076 	EXP 	rot_line_precue: ori = np.float64(109.10879921229288)
7.2159 	EXP 	rot_line_precue: ori = np.float64(109.43235160706583)
7.2244 	EXP 	rot_line_precue: ori = np.float64(109.77461259343606)
7.2326 	EXP 	rot_line_precue: ori = np.float64(110.14291119265111)
7.2416 	EXP 	rot_line_precue: ori = np.float64(110.46257424514987)
7.2495 	EXP 	rot_line_precue: ori = np.float64(110.75794449705222)
7.2578 	EXP 	rot_line_precue: ori = np.float64(111.39227353120887)
7.2666 	EXP 	rot_line_precue: ori = np.float64(111.75906365897102)
7.2749 	EXP 	rot_line_precue: ori = np.float64(112.0629440359578)
7.2829 	EXP 	rot_line_precue: ori = np.float64(112.4432764860871)
7.2916 	EXP 	rot_line_precue: ori = np.float64(112.79474888771786)
7.2996 	EXP 	rot_line_precue: ori = np.float64(113.09086853618503)
7.3079 	EXP 	rot_line_precue: ori = np.float64(113.43759367913246)
7.3166 	EXP 	rot_line_precue: ori = np.float64(114.17717553395765)
7.3246 	EXP 	rot_line_precue: ori = np.float64(114.51021566292881)
7.3329 	EXP 	rot_line_precue: ori = np.float64(115.1196762529727)
7.3411 	EXP 	rot_line_precue: ori = np.float64(115.750911867233)
7.3497 	EXP 	rot_line_precue: ori = np.float64(116.05782770920696)
7.3578 	EXP 	rot_line_precue: ori = np.float64(116.38036056034008)
7.3661 	EXP 	rot_line_precue: ori = np.float64(116.67639296474754)
7.3744 	EXP 	rot_line_precue: ori = np.float64(117.00703665840662)
7.3829 	EXP 	rot_line_precue: ori = np.float64(117.32000757134526)
7.3910 	EXP 	rot_line_precue: ori = np.float64(117.62275366693731)
7.3993 	EXP 	rot_line_precue: ori = np.float64(118.20546106371624)
7.4078 	EXP 	rot_line_precue: ori = np.float64(118.62845712117756)
7.4161 	EXP 	rot_line_precue: ori = np.float64(119.00497483576468)
7.4242 	EXP 	rot_line_precue: ori = np.float64(119.41203056840534)
7.4330 	EXP 	rot_line_precue: ori = np.float64(120.07865923771897)
7.4414 	EXP 	rot_line_precue: ori = np.float64(120.5736545370791)
7.4500 	EXP 	rot_line_precue: ori = np.float64(120.94330038637725)
7.4582 	EXP 	rot_line_precue: ori = np.float64(121.2600015075093)
7.4664 	EXP 	rot_line_precue: ori = np.float64(121.5662117998503)
7.4749 	EXP 	rot_line_precue: ori = np.float64(121.94421286473012)
7.4829 	EXP 	rot_line_precue: ori = np.float64(122.65700464931733)
7.4913 	EXP 	rot_line_precue: ori = np.float64(122.95320113952366)
7.4994 	EXP 	rot_line_precue: ori = np.float64(123.2735585223018)
7.5080 	EXP 	rot_line_precue: ori = np.float64(123.58063222028605)
7.5160 	EXP 	rot_line_precue: ori = np.float64(123.91452216216564)
7.5243 	EXP 	rot_line_precue: ori = np.float64(124.27189348827936)
7.5324 	EXP 	rot_line_precue: ori = np.float64(124.90711618039107)
7.5409 	EXP 	rot_line_precue: ori = np.float64(125.62435462553329)
7.5493 	EXP 	rot_line_precue: ori = np.float64(125.94446514104239)
7.5575 	EXP 	rot_line_precue: ori = np.float64(126.26559538534956)
7.5661 	EXP 	rot_line_precue: ori = np.float64(126.78370626003596)
7.5742 	EXP 	rot_line_precue: ori = np.float64(127.1648737753008)
7.5825 	EXP 	rot_line_precue: ori = np.float64(127.79415145448272)
7.5911 	EXP 	rot_line_precue: ori = np.float64(128.261121836972)
7.5994 	EXP 	rot_line_precue: ori = np.float64(128.62396459459146)
7.6076 	EXP 	rot_line_precue: ori = np.float64(128.97491297017194)
7.6164 	EXP 	rot_line_precue: ori = np.float64(129.279621666147)
7.6251 	EXP 	rot_line_precue: ori = np.float64(129.93355591323544)
7.6333 	EXP 	rot_line_precue: ori = np.float64(130.29116338433892)
7.6415 	EXP 	rot_line_precue: ori = np.float64(130.5907513118429)
7.6496 	EXP 	rot_line_precue: ori = np.float64(131.0634317799764)
7.6583 	EXP 	rot_line_precue: ori = np.float64(131.52672416462482)
7.6662 	EXP 	rot_line_precue: ori = np.float64(131.83569029984946)
7.6753 	EXP 	rot_line_precue: ori = np.float64(132.15301468863592)
7.6825 	EXP 	rot_line_precue: ori = np.float64(132.87791387929616)
7.6913 	EXP 	rot_line_precue: ori = np.float64(133.26425185526057)
7.6995 	EXP 	rot_line_precue: ori = np.float64(133.64516799991725)
7.7077 	EXP 	rot_line_precue: ori = np.float64(133.97350103941875)
7.7159 	EXP 	rot_line_precue: ori = np.float64(134.43206320888692)
7.7244 	EXP 	rot_line_precue: ori = np.float64(134.74291810582574)
7.7326 	EXP 	rot_line_precue: ori = np.float64(135.17787092892192)
7.7410 	EXP 	rot_line_precue: ori = np.float64(135.48975632824366)
7.7494 	EXP 	rot_line_precue: ori = np.float64(135.8759232552304)
7.7576 	EXP 	rot_line_precue: ori = np.float64(136.1929410517432)
7.7664 	EXP 	rot_line_precue: ori = np.float64(136.5130059282854)
7.7745 	EXP 	rot_line_precue: ori = np.float64(136.82974758620404)
7.7828 	EXP 	rot_line_precue: ori = np.float64(137.25656416366846)
7.7909 	EXP 	rot_line_precue: ori = np.float64(137.64907655963262)
7.7996 	EXP 	rot_line_precue: ori = np.float64(138.146321440492)
7.8086 	EXP 	rot_line_precue: ori = np.float64(138.5404178846843)
7.8165 	EXP 	rot_line_precue: ori = np.float64(138.9019106474741)
7.8248 	EXP 	rot_line_precue: ori = np.float64(139.23209539987383)
7.8330 	EXP 	rot_line_precue: ori = np.float64(139.68033826069603)
7.8415 	EXP 	rot_line_precue: ori = np.float64(140.2082763221555)
7.8496 	EXP 	rot_line_precue: ori = np.float64(140.75424730519143)
7.8586 	EXP 	rot_line_precue: ori = np.float64(141.08449589786392)
7.8669 	EXP 	rot_line_precue: ori = np.float64(141.49385755914722)
7.8747 	EXP 	rot_line_precue: ori = np.float64(141.80693909866798)
7.8828 	EXP 	rot_line_precue: ori = np.float64(142.10234960199378)
7.8909 	EXP 	rot_line_precue: ori = np.float64(142.53184044849576)
7.8993 	EXP 	rot_line_precue: ori = np.float64(142.87019152670868)
7.9078 	EXP 	rot_line_precue: ori = np.float64(143.229041611958)
7.9159 	EXP 	rot_line_precue: ori = np.float64(143.65185350982478)
7.9242 	EXP 	rot_line_precue: ori = np.float64(144.22196557961274)
7.9327 	EXP 	rot_line_precue: ori = np.float64(144.5784662727295)
7.9409 	EXP 	rot_line_precue: ori = np.float64(144.9437295723846)
7.9493 	EXP 	rot_line_precue: ori = np.float64(145.37459950964393)
7.9574 	EXP 	rot_line_precue: ori = np.float64(145.7274163692502)
7.9660 	EXP 	rot_line_precue: ori = np.float64(146.03665983871394)
7.9742 	EXP 	rot_line_precue: ori = np.float64(146.83268906225933)
7.9824 	EXP 	rot_line_precue: ori = np.float64(147.16604704527134)
7.9917 	EXP 	rot_line_precue: ori = np.float64(147.67054173995925)
8.0000 	EXP 	rot_line_precue: ori = np.float64(148.20755109540804)
8.0082 	EXP 	rot_line_precue: ori = np.float64(148.98234742491337)
8.0164 	EXP 	rot_line_precue: ori = np.float64(149.30881303876276)
8.0248 	EXP 	rot_line_precue: ori = np.float64(149.64043557910304)
8.0330 	EXP 	rot_line_precue: ori = np.float64(149.95832925519315)
8.0419 	EXP 	rot_line_precue: ori = np.float64(150.41197493475372)
8.0494 	EXP 	rot_line_precue: ori = np.float64(150.7281621310723)
8.0581 	EXP 	rot_line_precue: ori = np.float64(151.0970307049154)
8.0661 	EXP 	rot_line_precue: ori = np.float64(151.6107931911271)
8.0742 	EXP 	rot_line_precue: ori = np.float64(151.98163387775887)
8.0825 	EXP 	rot_line_precue: ori = np.float64(152.480899559165)
8.0910 	EXP 	rot_line_precue: ori = np.float64(152.78317418832043)
8.0992 	EXP 	rot_line_precue: ori = np.float64(153.1943223613208)
8.1075 	EXP 	rot_line_precue: ori = np.float64(153.93211657175328)
8.1158 	EXP 	rot_line_precue: ori = np.float64(154.3290042207198)
8.1243 	EXP 	rot_line_precue: ori = np.float64(154.6494339944807)
8.1326 	EXP 	rot_line_precue: ori = np.float64(155.00316661109738)
8.1416 	EXP 	rot_line_precue: ori = np.float64(155.3528563545402)
8.1493 	EXP 	rot_line_precue: ori = np.float64(155.7457549096757)
8.1585 	EXP 	rot_line_precue: ori = np.float64(156.0516563569095)
8.1660 	EXP 	rot_line_precue: ori = np.float64(156.7811707056444)
8.1751 	EXP 	rot_line_precue: ori = np.float64(157.36554427713395)
8.1828 	EXP 	rot_line_precue: ori = np.float64(157.76647738443083)
8.1916 	EXP 	rot_line_precue: ori = np.float64(158.0778520708525)
8.1996 	EXP 	rot_line_precue: ori = np.float64(158.37466353959522)
8.2083 	EXP 	rot_line_precue: ori = np.float64(159.04211627459247)
8.2163 	EXP 	rot_line_precue: ori = np.float64(159.55858803871064)
8.2253 	EXP 	rot_line_precue: ori = np.float64(159.9756704310314)
8.2333 	EXP 	rot_line_precue: ori = np.float64(160.36110468040715)
8.2413 	EXP 	rot_line_precue: ori = np.float64(161.14940668218765)
8.2496 	EXP 	rot_line_precue: ori = np.float64(161.5971238985801)
8.2577 	EXP 	rot_line_precue: ori = np.float64(161.95629371144875)
8.2660 	EXP 	rot_line_precue: ori = np.float64(162.2568214680678)
8.2744 	EXP 	rot_line_precue: ori = np.float64(162.58810853484547)
8.2827 	EXP 	rot_line_precue: ori = np.float64(162.97694804500165)
8.2910 	EXP 	rot_line_precue: ori = np.float64(163.42226560382534)
8.2992 	EXP 	rot_line_precue: ori = np.float64(163.81432178068647)
8.3077 	EXP 	rot_line_precue: ori = np.float64(164.35843735340703)
8.3160 	EXP 	rot_line_precue: ori = np.float64(164.76394912240792)
8.3244 	EXP 	rot_line_precue: ori = np.float64(165.06177795608392)
8.3327 	EXP 	rot_line_precue: ori = np.float64(165.76370074376595)
8.3409 	EXP 	rot_line_precue: ori = np.float64(166.3391617835836)
8.3498 	EXP 	rot_line_precue: ori = np.float64(166.89449860845113)
8.3578 	EXP 	rot_line_precue: ori = np.float64(167.19772808356112)
8.3666 	EXP 	rot_line_precue: ori = np.float64(167.78853327031607)
8.3748 	EXP 	rot_line_precue: ori = np.float64(168.0941869735519)
8.3831 	EXP 	rot_line_precue: ori = np.float64(168.4040093719254)
8.3916 	EXP 	rot_line_precue: ori = np.float64(168.72328136802295)
8.3997 	EXP 	rot_line_precue: ori = np.float64(169.05663593920627)
8.4081 	EXP 	rot_line_precue: ori = np.float64(169.37052751907626)
8.4161 	EXP 	rot_line_precue: ori = np.float64(169.8425065890595)
8.4248 	EXP 	rot_line_precue: ori = np.float64(170.21986200405618)
8.4328 	EXP 	rot_line_precue: ori = np.float64(170.82831787931488)
8.4411 	EXP 	rot_line_precue: ori = np.float64(171.19236297502167)
8.4492 	EXP 	rot_line_precue: ori = np.float64(171.53933166780186)
8.4577 	EXP 	rot_line_precue: ori = np.float64(172.02217526707395)
8.4659 	EXP 	rot_line_precue: ori = np.float64(172.4407380517897)
8.4742 	EXP 	rot_line_precue: ori = np.float64(172.81484985122984)
8.4824 	EXP 	rot_line_precue: ori = np.float64(173.3099116431883)
8.4910 	EXP 	rot_line_precue: ori = np.float64(173.65918290407777)
8.4993 	EXP 	rot_line_precue: ori = np.float64(173.9664676652469)
8.5075 	EXP 	rot_line_precue: ori = np.float64(174.36283812426998)
8.5160 	EXP 	rot_line_precue: ori = np.float64(174.73774627176547)
8.5243 	EXP 	rot_line_precue: ori = np.float64(175.255295434983)
8.5332 	EXP 	rot_line_precue: ori = np.float64(175.56155285061996)
8.5418 	EXP 	rot_line_precue: ori = np.float64(176.36655913068913)
8.5498 	EXP 	rot_line_precue: ori = np.float64(176.70712364167485)
8.5588 	EXP 	rot_line_precue: ori = np.float64(177.27198609018566)
8.5664 	EXP 	rot_line_precue: ori = np.float64(177.58018952931351)
8.5745 	EXP 	rot_line_precue: ori = np.float64(178.06179177001135)
8.5830 	EXP 	rot_line_precue: ori = np.float64(178.52707117267582)
8.5919 	EXP 	rot_line_precue: ori = np.float64(178.90743573403265)
8.6002 	EXP 	rot_line_precue: ori = np.float64(179.46465474965603)
8.6076 	EXP 	rot_line_precue: ori = np.float64(180.0251121485281)
8.6169 	EXP 	rot_line_precue: ori = np.float64(180.82024100637952)
8.6245 	EXP 	rot_line_precue: ori = np.float64(181.26133805454583)
8.6327 	EXP 	rot_line_precue: ori = np.float64(181.6662882155718)
8.6411 	EXP 	rot_line_precue: ori = np.float64(181.97823484063835)
8.6494 	EXP 	rot_line_precue: ori = np.float64(182.34306367544747)
8.6577 	EXP 	rot_line_precue: ori = np.float64(182.74695356475243)
8.6662 	EXP 	rot_line_precue: ori = np.float64(183.17187139805296)
8.6743 	EXP 	rot_line_precue: ori = np.float64(183.4876446784914)
8.6826 	EXP 	rot_line_precue: ori = np.float64(183.95273538719985)
8.6915 	EXP 	rot_line_precue: ori = np.float64(184.287571704044)
8.6995 	EXP 	rot_line_precue: ori = np.float64(184.6407629617216)
8.7077 	EXP 	rot_line_precue: ori = np.float64(185.04759688798555)
8.7159 	EXP 	rot_line_precue: ori = np.float64(185.556769090872)
8.7245 	EXP 	rot_line_precue: ori = np.float64(185.89580446045346)
8.7328 	EXP 	rot_line_precue: ori = np.float64(186.44899414121883)
8.7416 	EXP 	rot_line_precue: ori = np.float64(186.74546726761386)
8.7497 	EXP 	rot_line_precue: ori = np.float64(187.06913557839172)
8.7583 	EXP 	rot_line_precue: ori = np.float64(187.40602119551264)
8.7664 	EXP 	rot_line_precue: ori = np.float64(187.83918516795254)
8.7747 	EXP 	rot_line_precue: ori = np.float64(188.17845912425665)
8.7829 	EXP 	rot_line_precue: ori = np.float64(188.52349257273912)
8.7914 	EXP 	rot_line_precue: ori = np.float64(188.90679451739192)
8.7999 	EXP 	rot_line_precue: ori = np.float64(189.39779453640824)
8.8077 	EXP 	rot_line_precue: ori = np.float64(190.02045991934574)
8.8158 	EXP 	rot_line_precue: ori = np.float64(190.78905508550554)
8.8244 	EXP 	rot_line_precue: ori = np.float64(191.2630351280935)
8.8327 	EXP 	rot_line_precue: ori = np.float64(191.7227988723203)
8.8409 	EXP 	rot_line_precue: ori = np.float64(192.15893091583177)
8.8491 	EXP 	rot_line_precue: ori = np.float64(192.653876829749)
8.8577 	EXP 	rot_line_precue: ori = np.float64(192.9499752282178)
8.8668 	EXP 	rot_line_precue: ori = np.float64(193.31834947081921)
8.8741 	EXP 	rot_line_precue: ori = np.float64(193.62482760250245)
8.8827 	EXP 	rot_line_precue: ori = np.float64(194.20005492156224)
8.8910 	EXP 	rot_line_precue: ori = np.float64(194.86452983281376)
8.8992 	EXP 	rot_line_precue: ori = np.float64(195.21397866860408)
8.9077 	EXP 	rot_line_precue: ori = np.float64(195.8730441583554)
8.9162 	EXP 	rot_line_precue: ori = np.float64(196.35588434352343)
8.9248 	EXP 	rot_line_precue: ori = np.float64(196.69797632793293)
8.9331 	EXP 	rot_line_precue: ori = np.float64(197.13355395595332)
8.9414 	EXP 	rot_line_precue: ori = np.float64(197.44731548635374)
8.9497 	EXP 	rot_line_precue: ori = np.float64(197.77604368021017)
8.9586 	EXP 	rot_line_precue: ori = np.float64(198.08730757183562)
8.9668 	EXP 	rot_line_precue: ori = np.float64(198.46181272081776)
8.9677 	EXP 	New trial (rep=0, index=2): <Trial 2 (2 in rep 0) data={'pic_name': 'pics/left_hand.JPG', 'class_mi': 'left_hand', 'thisN': 2, 'thisTrialN': 2, 'thisRepN': 0}>
8.9746 	EXP 	hor_line_precue: autoDraw = False
8.9746 	EXP 	ver_line_precue: autoDraw = False
8.9746 	EXP 	rot_line_precue: autoDraw = False
8.9746 	EXP 	rot_line_precue: ori = np.float64(198.99660251050466)
8.9746 	EXP 	hor_line_precue: autoDraw = False
8.9746 	EXP 	ver_line_precue: autoDraw = False
8.9746 	EXP 	rot_line_precue: autoDraw = False
8.9746 	EXP 	hor_line_precue: autoDraw = True
8.9746 	EXP 	ver_line_precue: autoDraw = True
8.9746 	EXP 	rot_line_precue: autoDraw = True
8.9746 	EXP 	rot_line_precue: ori = np.float64(199.52415237404793)
8.9829 	EXP 	rot_line_precue: ori = np.float64(199.84844075639862)
8.9912 	EXP 	rot_line_precue: ori = np.float64(200.22828006790448)
8.9998 	EXP 	rot_line_precue: ori = np.float64(200.5614335760505)
9.0079 	EXP 	rot_line_precue: ori = np.float64(201.17627618996204)
9.0160 	EXP 	rot_line_precue: ori = np.float64(201.54112556956596)
9.0243 	EXP 	rot_line_precue: ori = np.float64(202.05774213216858)
9.0329 	EXP 	rot_line_precue: ori = np.float64(202.35358117909266)
9.0418 	EXP 	rot_line_precue: ori = np.float64(202.6862749688229)
9.0494 	EXP 	rot_line_precue: ori = np.float64(203.01535568218986)
9.0576 	EXP 	rot_line_precue: ori = np.float64(203.3251176149773)
9.0661 	EXP 	rot_line_precue: ori = np.float64(203.82551755905666)
9.0744 	EXP 	rot_line_precue: ori = np.float64(204.14531554131102)
9.0825 	EXP 	rot_line_precue: ori = np.float64(204.9264035857202)
9.0911 	EXP 	rot_line_precue: ori = np.float64(205.2512950217043)
9.0993 	EXP 	rot_line_precue: ori = np.float64(205.64484450184116)
9.1081 	EXP 	rot_line_precue: ori = np.float64(206.449176285281)
9.1171 	EXP 	rot_line_precue: ori = np.float64(206.80546010776868)
9.1250 	EXP 	rot_line_precue: ori = np.float64(207.1122851863544)
9.1330 	EXP 	rot_line_precue: ori = np.float64(207.55617798442765)
9.1412 	EXP 	rot_line_precue: ori = np.float64(207.90105646278295)
9.1502 	EXP 	rot_line_precue: ori = np.float64(208.2105724050377)
9.1575 	EXP 	rot_line_precue: ori = np.float64(208.51385892977913)
9.1663 	EXP 	rot_line_precue: ori = np.float64(208.86901296220535)
9.1744 	EXP 	rot_line_precue: ori = np.float64(209.18567990756205)
9.1826 	EXP 	rot_line_precue: ori = np.float64(209.49625635814104)
9.1911 	EXP 	rot_line_precue: ori = np.float64(210.18641101952448)
9.1994 	EXP 	rot_line_precue: ori = np.float64(210.5105842821233)
9.2085 	EXP 	rot_line_precue: ori = np.float64(210.97364396487475)
9.2159 	EXP 	rot_line_precue: ori = np.float64(211.35576259484284)
9.2244 	EXP 	rot_line_precue: ori = np.float64(211.683142705316)
9.2326 	EXP 	rot_line_precue: ori = np.float64(212.06753048608084)
9.2409 	EXP 	rot_line_precue: ori = np.float64(212.71382362159045)
9.2498 	EXP 	rot_line_precue: ori = np.float64(213.1330975768932)
9.2576 	EXP 	rot_line_precue: ori = np.float64(213.63148090478256)
9.2660 	EXP 	rot_line_precue: ori = np.float64(213.94488916517716)
9.2745 	EXP 	rot_line_precue: ori = np.float64(214.40948797288152)
9.2829 	EXP 	rot_line_precue: ori = np.float64(214.7136997162396)
9.2916 	EXP 	rot_line_precue: ori = np.float64(215.13541170177945)
9.2997 	EXP 	rot_line_precue: ori = np.float64(215.51801392637174)
9.3079 	EXP 	rot_line_precue: ori = np.float64(215.83155152934594)
9.3164 	EXP 	rot_line_precue: ori = np.float64(216.1892473451818)
9.3256 	EXP 	rot_line_precue: ori = np.float64(216.85762126036602)
9.3382 	EXP 	rot_line_precue: ori = np.float64(217.26764011160714)
9.3463 	EXP 	rot_line_precue: ori = np.float64(217.56741607127103)
9.3510 	EXP 	rot_line_precue: ori = np.float64(217.9870324789938)
9.3586 	EXP 	rot_line_precue: ori = np.float64(218.42121192195566)
9.3660 	EXP 	rot_line_precue: ori = np.float64(218.7495667811059)
9.3743 	EXP 	rot_line_precue: ori = np.float64(219.22249412479644)
9.3828 	EXP 	rot_line_precue: ori = np.float64(219.62144474438125)
9.3911 	EXP 	rot_line_precue: ori = np.float64(219.96546564025556)
9.3995 	EXP 	rot_line_precue: ori = np.float64(220.34827194554452)
9.4078 	EXP 	rot_line_precue: ori = np.float64(220.7558901720244)
9.4160 	EXP 	rot_line_precue: ori = np.float64(221.06950945855522)
9.4243 	EXP 	rot_line_precue: ori = np.float64(221.5926376086636)
9.4336 	EXP 	rot_line_precue: ori = np.float64(221.95921062151695)
9.4410 	EXP 	rot_line_precue: ori = np.float64(222.32784524175491)
9.4492 	EXP 	rot_line_precue: ori = np.float64(222.65154166797154)
9.4578 	EXP 	rot_line_precue: ori = np.float64(223.05052071661885)
9.4662 	EXP 	rot_line_precue: ori = np.float64(223.35863636994165)
9.4748 	EXP 	rot_line_precue: ori = np.float64(223.7025197124425)
9.4831 	EXP 	rot_line_precue: ori = np.float64(224.1791510348045)
9.4913 	EXP 	rot_line_precue: ori = np.float64(224.70721951418835)
9.4997 	EXP 	rot_line_precue: ori = np.float64(225.18172454052404)
9.5078 	EXP 	rot_line_precue: ori = np.float64(225.62560356965596)
9.5168 	EXP 	rot_line_precue: ori = np.float64(225.96735002168964)
9.5248 	EXP 	rot_line_precue: ori = np.float64(226.32031805536806)
9.5330 	EXP 	rot_line_precue: ori = np.float64(226.66115046349384)
9.5411 	EXP 	rot_line_precue: ori = np.float64(227.38788245383168)
9.5493 	EXP 	rot_line_precue: ori = np.float64(227.96124460403473)
9.5576 	EXP 	rot_line_precue: ori = np.float64(228.3213377956436)
9.5664 	EXP 	rot_line_precue: ori = np.float64(228.83278297429445)
9.5743 	EXP 	rot_line_precue: ori = np.float64(229.1892873989644)
9.5827 	EXP 	rot_line_precue: ori = np.float64(229.50064696641002)
9.5912 	EXP 	rot_line_precue: ori = np.float64(230.225729757895)
9.5993 	EXP 	rot_line_precue: ori = np.float64(230.5936705221069)
9.6076 	EXP 	rot_line_precue: ori = np.float64(230.89916544012686)
9.6161 	EXP 	rot_line_precue: ori = np.float64(231.3217095858742)
9.6243 	EXP 	rot_line_precue: ori = np.float64(231.66231756159675)
9.6327 	EXP 	rot_line_precue: ori = np.float64(232.36138946076292)
9.6411 	EXP 	rot_line_precue: ori = np.float64(232.68925301354366)
9.6496 	EXP 	rot_line_precue: ori = np.float64(233.00754098457995)
9.6582 	EXP 	rot_line_precue: ori = np.float64(233.41704038052052)
9.6665 	EXP 	rot_line_precue: ori = np.float64(233.72280970295517)
9.6747 	EXP 	rot_line_precue: ori = np.float64(234.24624532052852)
9.6833 	EXP 	rot_line_precue: ori = np.float64(234.58771934528784)
9.6913 	EXP 	rot_line_precue: ori = np.float64(235.0795618846684)
9.6996 	EXP 	rot_line_precue: ori = np.float64(235.40224692940575)
9.7078 	EXP 	rot_line_precue: ori = np.float64(235.73159771099512)
9.7167 	EXP 	rot_line_precue: ori = np.float64(236.16595495283372)
9.7246 	EXP 	rot_line_precue: ori = np.float64(236.4655863979169)
9.7327 	EXP 	rot_line_precue: ori = np.float64(236.91028483176189)
9.7408 	EXP 	rot_line_precue: ori = np.float64(237.2274030709933)
9.7494 	EXP 	rot_line_precue: ori = np.float64(238.01709226767935)
9.7576 	EXP 	rot_line_precue: ori = np.float64(238.39191707897248)
9.7659 	EXP 	rot_line_precue: ori = np.float64(238.85555232293055)
9.7743 	EXP 	rot_line_precue: ori = np.float64(239.26460789367155)
9.7826 	EXP 	rot_line_precue: ori = np.float64(239.67115231698347)
9.7908 	EXP 	rot_line_precue: ori = np.float64(240.02321905689797)
9.7994 	EXP 	rot_line_precue: ori = np.float64(240.32123882121508)
9.8076 	EXP 	rot_line_precue: ori = np.float64(240.67767841330866)
9.8159 	EXP 	rot_line_precue: ori = np.float64(240.98011325402055)
9.8244 	EXP 	rot_line_precue: ori = np.float64(241.29402967012493)
9.8326 	EXP 	rot_line_precue: ori = np.float64(241.63990922085998)
9.8415 	EXP 	rot_line_precue: ori = np.float64(241.94727887703755)
9.8497 	EXP 	rot_line_precue: ori = np.float64(242.260824976342)
9.8580 	EXP 	rot_line_precue: ori = np.float64(242.61005493534034)
9.8666 	EXP 	rot_line_precue: ori = np.float64(243.18011137243272)
9.8746 	EXP 	rot_line_precue: ori = np.float64(243.5902878049322)
9.8836 	EXP 	rot_line_precue: ori = np.float64(243.90833060240374)
9.8916 	EXP 	rot_line_precue: ori = np.float64(244.6647486870737)
9.8997 	EXP 	rot_line_precue: ori = np.float64(245.0154544345112)
9.9079 	EXP 	rot_line_precue: ori = np.float64(245.33210161578705)
9.9160 	EXP 	rot_line_precue: ori = np.float64(245.63393781718113)
9.9242 	EXP 	rot_line_precue: ori = np.float64(245.9494470989857)
9.9328 	EXP 	rot_line_precue: ori = np.float64(246.56969873184602)
9.9409 	EXP 	rot_line_precue: ori = np.float64(246.87339718312282)
9.9492 	EXP 	rot_line_precue: ori = np.float64(247.17928407024877)
9.9576 	EXP 	rot_line_precue: ori = np.float64(247.75845199319477)
9.9659 	EXP 	rot_line_precue: ori = np.float64(248.07388742111027)
9.9743 	EXP 	rot_line_precue: ori = np.float64(248.4800663227593)
9.9828 	EXP 	rot_line_precue: ori = np.float64(249.08190497023654)
9.9910 	EXP 	rot_line_precue: ori = np.float64(249.40217113232546)
9.9993 	EXP 	rot_line_precue: ori = np.float64(249.80384149761372)
10.0078 	EXP 	rot_line_precue: ori = np.float64(250.14483889832377)
10.0161 	EXP 	rot_line_precue: ori = np.float64(250.52039869081955)
10.0252 	EXP 	rot_line_precue: ori = np.float64(251.11536495762635)
10.0332 	EXP 	rot_line_precue: ori = np.float64(251.43144099091316)
10.0415 	EXP 	rot_line_precue: ori = np.float64(251.79583942955878)
10.0500 	EXP 	rot_line_precue: ori = np.float64(252.10321198686216)
10.0582 	EXP 	rot_line_precue: ori = np.float64(252.4665828619861)
10.0663 	EXP 	rot_line_precue: ori = np.float64(252.8192739472477)
10.0749 	EXP 	rot_line_precue: ori = np.float64(253.11962040308487)
10.0830 	EXP 	rot_line_precue: ori = np.float64(253.43037898581062)
10.0913 	EXP 	rot_line_precue: ori = np.float64(253.9625193180778)
10.0995 	EXP 	rot_line_precue: ori = np.float64(254.46660484116165)
10.1076 	EXP 	rot_line_precue: ori = np.float64(254.7914433009248)
10.1161 	EXP 	rot_line_precue: ori = np.float64(255.10259478788515)
10.1242 	EXP 	rot_line_precue: ori = np.float64(255.51336657680616)
10.1325 	EXP 	rot_line_precue: ori = np.float64(255.85730708215434)
10.1410 	EXP 	rot_line_precue: ori = np.float64(256.2067684113786)
10.1492 	EXP 	rot_line_precue: ori = np.float64(256.5495400451058)
10.1576 	EXP 	rot_line_precue: ori = np.float64(256.89050155583516)
10.1661 	EXP 	rot_line_precue: ori = np.float64(257.2264244542115)
10.1746 	EXP 	rot_line_precue: ori = np.float64(257.5227065267047)
10.1828 	EXP 	rot_line_precue: ori = np.float64(258.01490549271034)
10.1911 	EXP 	rot_line_precue: ori = np.float64(258.33462639586924)
10.1994 	EXP 	rot_line_precue: ori = np.float64(259.06604846003114)
10.2076 	EXP 	rot_line_precue: ori = np.float64(259.3794317983615)
10.2170 	EXP 	rot_line_precue: ori = np.float64(259.68029674086176)
10.2247 	EXP 	rot_line_precue: ori = np.float64(260.0375606664192)
10.2332 	EXP 	rot_line_precue: ori = np.float64(260.4302762354974)
10.2420 	EXP 	rot_line_precue: ori = np.float64(260.74222655339594)
10.2496 	EXP 	rot_line_precue: ori = np.float64(261.409840670252)
10.2582 	EXP 	rot_line_precue: ori = np.float64(261.76700133962896)
10.2663 	EXP 	rot_line_precue: ori = np.float64(262.16773420111133)
10.2747 	EXP 	rot_line_precue: ori = np.float64(262.48414155994993)
10.2828 	EXP 	rot_line_precue: ori = np.float64(262.8246074321045)
10.2910 	EXP 	rot_line_precue: ori = np.float64(263.1481064227044)
10.2994 	EXP 	rot_line_precue: ori = np.float64(263.4574887981604)
10.3076 	EXP 	rot_line_precue: ori = np.float64(264.0925345587569)
10.3159 	EXP 	rot_line_precue: ori = np.float64(264.45931742796705)
10.3244 	EXP 	rot_line_precue: ori = np.float64(264.7680315197953)
10.3327 	EXP 	rot_line_precue: ori = np.float64(265.2238182966294)
10.3411 	EXP 	rot_line_precue: ori = np.float64(265.6274462709319)
10.3492 	EXP 	rot_line_precue: ori = np.float64(266.0696476972403)
10.3578 	EXP 	rot_line_precue: ori = np.float64(266.4210940918168)
10.3660 	EXP 	rot_line_precue: ori = np.float64(266.8431378825662)
10.3744 	EXP 	rot_line_precue: ori = np.float64(267.16646986362275)
10.3829 	EXP 	rot_line_precue: ori = np.float64(267.48540999302554)
10.3916 	EXP 	rot_line_precue: ori = np.float64(267.79423912421026)
10.3997 	EXP 	rot_line_precue: ori = np.float64(268.24083904695203)
10.4081 	EXP 	rot_line_precue: ori = np.float64(268.7339151550726)
10.4165 	EXP 	rot_line_precue: ori = np.float64(269.3217559699494)
10.4246 	EXP 	rot_line_precue: ori = np.float64(269.6196584115586)
10.4339 	EXP 	rot_line_precue: ori = np.float64(269.91794004413396)
10.4424 	EXP 	rot_line_precue: ori = np.float64(270.24590533048246)
10.4497 	EXP 	rot_line_precue: ori = np.float64(270.5716338868297)
10.4578 	EXP 	rot_line_precue: ori = np.float64(271.059280956485)
10.4660 	EXP 	rot_line_precue: ori = np.float64(271.3663386393912)
10.4742 	EXP 	rot_line_precue: ori = np.float64(271.66349765975787)
10.4827 	EXP 	rot_line_precue: ori = np.float64(271.9900652270847)
10.4910 	EXP 	rot_line_precue: ori = np.float64(272.31917763165274)
10.4992 	EXP 	rot_line_precue: ori = np.float64(272.74616285324817)
10.5078 	EXP 	rot_line_precue: ori = np.float64(273.04268195915597)
10.5160 	EXP 	rot_line_precue: ori = np.float64(273.5617894091804)
10.5242 	EXP 	rot_line_precue: ori = np.float64(273.87182669306645)
10.5328 	EXP 	rot_line_precue: ori = np.float64(274.30191664022277)
10.5410 	EXP 	rot_line_precue: ori = np.float64(274.59904745046714)
10.5493 	EXP 	rot_line_precue: ori = np.float64(275.11606027988637)
10.5580 	EXP 	rot_line_precue: ori = np.float64(275.6043103129308)
10.5663 	EXP 	rot_line_precue: ori = np.float64(275.9328513132701)
10.5749 	EXP 	rot_line_precue: ori = np.float64(276.24841304857614)
10.5833 	EXP 	rot_line_precue: ori = np.float64(276.54944551213913)
10.5914 	EXP 	rot_line_precue: ori = np.float64(277.2375874933268)
10.5999 	EXP 	rot_line_precue: ori = np.float64(277.8676547012729)
10.6087 	EXP 	rot_line_precue: ori = np.float64(278.26844941145487)
10.6163 	EXP 	rot_line_precue: ori = np.float64(278.59106020062825)
10.6244 	EXP 	rot_line_precue: ori = np.float64(278.9156762406764)
10.6329 	EXP 	rot_line_precue: ori = np.float64(279.21374773969603)
10.6411 	EXP 	rot_line_precue: ori = np.float64(279.53673472519057)
10.6494 	EXP 	rot_line_precue: ori = np.float64(279.83990228723536)
10.6576 	EXP 	rot_line_precue: ori = np.float64(280.1653355984315)
10.6661 	EXP 	rot_line_precue: ori = np.float64(280.5325308434707)
10.6743 	EXP 	rot_line_precue: ori = np.float64(280.8964552802145)
10.6826 	EXP 	rot_line_precue: ori = np.float64(281.19383375625154)
10.6911 	EXP 	rot_line_precue: ori = np.float64(281.58525649865277)
10.6994 	EXP 	rot_line_precue: ori = np.float64(281.91010946982783)
10.7076 	EXP 	rot_line_precue: ori = np.float64(282.24232018110047)
10.7162 	EXP 	rot_line_precue: ori = np.float64(282.7235565968569)
10.7252 	EXP 	rot_line_precue: ori = np.float64(283.3982117095611)
10.7332 	EXP 	rot_line_precue: ori = np.float64(283.7131332765)
10.7415 	EXP 	rot_line_precue: ori = np.float64(284.0486700416451)
10.7497 	EXP 	rot_line_precue: ori = np.float64(284.6147628019667)
10.7585 	EXP 	rot_line_precue: ori = np.float64(285.0365411265944)
10.7663 	EXP 	rot_line_precue: ori = np.float64(285.646706806271)
10.7745 	EXP 	rot_line_precue: ori = np.float64(286.22259346518916)
10.7827 	EXP 	rot_line_precue: ori = np.float64(286.52578177149604)
10.7922 	EXP 	rot_line_precue: ori = np.float64(286.95083331219234)
10.7996 	EXP 	rot_line_precue: ori = np.float64(287.65121884330824)
10.8078 	EXP 	rot_line_precue: ori = np.float64(288.011747477715)
10.8160 	EXP 	rot_line_precue: ori = np.float64(288.4061711497297)
10.8244 	EXP 	rot_line_precue: ori = np.float64(289.20210894383575)
10.8326 	EXP 	rot_line_precue: ori = np.float64(289.7218656894068)
10.8417 	EXP 	rot_line_precue: ori = np.float64(290.0948648856567)
10.8494 	EXP 	rot_line_precue: ori = np.float64(290.76311487273273)
10.8577 	EXP 	rot_line_precue: ori = np.float64(291.15009952093027)
10.8659 	EXP 	rot_line_precue: ori = np.float64(291.55540924718497)
10.8745 	EXP 	rot_line_precue: ori = np.float64(291.91904322732057)
10.8827 	EXP 	rot_line_precue: ori = np.float64(292.23516434034025)
10.8916 	EXP 	rot_line_precue: ori = np.float64(292.6866694374896)
10.8998 	EXP 	rot_line_precue: ori = np.float64(293.24703664193504)
10.9079 	EXP 	rot_line_precue: ori = np.float64(293.61226953959965)
10.9167 	EXP 	rot_line_precue: ori = np.float64(293.9928338056452)
10.9249 	EXP 	rot_line_precue: ori = np.float64(294.30900363748833)
10.9331 	EXP 	rot_line_precue: ori = np.float64(294.695440326806)
10.9414 	EXP 	rot_line_precue: ori = np.float64(295.30973761736846)
10.9500 	EXP 	rot_line_precue: ori = np.float64(295.6082476506376)
10.9580 	EXP 	rot_line_precue: ori = np.float64(295.91269519655145)
10.9589 	EXP 	New trial (rep=1, index=3): <Trial 3 (3 in rep 1) data={'pic_name': 'pics/left_hand.JPG', 'class_mi': 'left_hand', 'thisN': 3, 'thisTrialN': 3, 'thisRepN': 1}>
10.9660 	EXP 	hor_line_precue: autoDraw = False
10.9660 	EXP 	ver_line_precue: autoDraw = False
10.9660 	EXP 	rot_line_precue: autoDraw = False
10.9660 	EXP 	rot_line_precue: ori = np.float64(296.29509748908265)
10.9660 	EXP 	hor_line_precue: autoDraw = False
10.9660 	EXP 	ver_line_precue: autoDraw = False
10.9660 	EXP 	rot_line_precue: autoDraw = False
10.9660 	EXP 	hor_line_precue: autoDraw = True
10.9660 	EXP 	ver_line_precue: autoDraw = True
10.9660 	EXP 	rot_line_precue: autoDraw = True
10.9660 	EXP 	rot_line_precue: ori = np.float64(296.91924026129146)
10.9745 	EXP 	rot_line_precue: ori = np.float64(297.2583614484847)
10.9828 	EXP 	rot_line_precue: ori = np.float64(297.58508977629197)
10.9911 	EXP 	rot_line_precue: ori = np.float64(297.88420662804197)
10.9992 	EXP 	rot_line_precue: ori = np.float64(298.1904120058893)
11.0077 	EXP 	rot_line_precue: ori = np.float64(298.49497780603974)
11.0159 	EXP 	rot_line_precue: ori = np.float64(299.0040979614756)
11.0242 	EXP 	rot_line_precue: ori = np.float64(299.48152437507514)
11.0328 	EXP 	rot_line_precue: ori = np.float64(299.84685957725884)
11.0411 	EXP 	rot_line_precue: ori = np.float64(300.40257413991594)
11.0492 	EXP 	rot_line_precue: ori = np.float64(300.72847238882974)
11.0578 	EXP 	rot_line_precue: ori = np.float64(301.0712073649035)
11.0660 	EXP 	rot_line_precue: ori = np.float64(301.42554627880025)
11.0743 	EXP 	rot_line_precue: ori = np.float64(301.7760334033005)
11.0828 	EXP 	rot_line_precue: ori = np.float64(302.155011386427)
11.0919 	EXP 	rot_line_precue: ori = np.float64(302.450488935695)
11.0999 	EXP 	rot_line_precue: ori = np.float64(302.7557136563212)
11.1081 	EXP 	rot_line_precue: ori = np.float64(303.1356982294613)
11.1169 	EXP 	rot_line_precue: ori = np.float64(303.5190638038498)
11.1250 	EXP 	rot_line_precue: ori = np.float64(303.85445804576517)
11.1333 	EXP 	rot_line_precue: ori = np.float64(304.157875227876)
11.1420 	EXP 	rot_line_precue: ori = np.float64(304.52993497506895)
11.1501 	EXP 	rot_line_precue: ori = np.float64(304.9598587636449)
11.1579 	EXP 	rot_line_precue: ori = np.float64(305.2700697883832)
11.1663 	EXP 	rot_line_precue: ori = np.float64(305.64558315174065)
11.1744 	EXP 	rot_line_precue: ori = np.float64(306.0053946009547)
11.1827 	EXP 	rot_line_precue: ori = np.float64(306.32395913337984)
11.1911 	EXP 	rot_line_precue: ori = np.float64(306.91345619756976)
11.1994 	EXP 	rot_line_precue: ori = np.float64(307.3880355808741)
11.2077 	EXP 	rot_line_precue: ori = np.float64(307.99079219272454)
11.2159 	EXP 	rot_line_precue: ori = np.float64(308.3586887236803)
11.2245 	EXP 	rot_line_precue: ori = np.float64(308.9149919913477)
11.2327 	EXP 	rot_line_precue: ori = np.float64(309.3548736373358)
11.2411 	EXP 	rot_line_precue: ori = np.float64(309.8043294254353)
11.2502 	EXP 	rot_line_precue: ori = np.float64(310.5149890701561)
11.2577 	EXP 	rot_line_precue: ori = np.float64(311.0181057250945)
11.2664 	EXP 	rot_line_precue: ori = np.float64(311.35224103353045)
11.2747 	EXP 	rot_line_precue: ori = np.float64(312.11466617934377)
11.2833 	EXP 	rot_line_precue: ori = np.float64(312.45383153310297)
11.2916 	EXP 	rot_line_precue: ori = np.float64(312.8271442494241)
11.2997 	EXP 	rot_line_precue: ori = np.float64(313.1761058438462)
11.3078 	EXP 	rot_line_precue: ori = np.float64(313.6440402350073)
11.3172 	EXP 	rot_line_precue: ori = np.float64(313.9541303042573)
11.3246 	EXP 	rot_line_precue: ori = np.float64(314.3497575036101)
11.3328 	EXP 	rot_line_precue: ori = np.float64(314.73456409973323)
11.3411 	EXP 	rot_line_precue: ori = np.float64(315.08991981761824)
11.3494 	EXP 	rot_line_precue: ori = np.float64(315.3871544786303)
11.3577 	EXP 	rot_line_precue: ori = np.float64(315.69235420269104)
11.3659 	EXP 	rot_line_precue: ori = np.float64(316.01645302829957)
11.3750 	EXP 	rot_line_precue: ori = np.float64(316.4768408688257)
11.3828 	EXP 	rot_line_precue: ori = np.float64(316.8372282768468)
11.3911 	EXP 	rot_line_precue: ori = np.float64(317.1827993857274)
11.3994 	EXP 	rot_line_precue: ori = np.float64(317.49084568843887)
11.4078 	EXP 	rot_line_precue: ori = np.float64(317.79080961622424)
11.4160 	EXP 	rot_line_precue: ori = np.float64(318.23328726821865)
11.4248 	EXP 	rot_line_precue: ori = np.float64(318.71106998465746)
11.4329 	EXP 	rot_line_precue: ori = np.float64(319.07268024580213)
11.4416 	EXP 	rot_line_precue: ori = np.float64(319.81284366266635)
11.4504 	EXP 	rot_line_precue: ori = np.float64(320.15751407501915)
11.4581 	EXP 	rot_line_precue: ori = np.float64(320.8075906799594)
11.4667 	EXP 	rot_line_precue: ori = np.float64(321.2323112633792)
11.4748 	EXP 	rot_line_precue: ori = np.float64(321.54135529529935)
11.4829 	EXP 	rot_line_precue: ori = np.float64(322.1990028448617)
11.4911 	EXP 	rot_line_precue: ori = np.float64(322.9568449001842)
11.4995 	EXP 	rot_line_precue: ori = np.float64(323.26101569275426)
11.5079 	EXP 	rot_line_precue: ori = np.float64(323.581432514395)
11.5162 	EXP 	rot_line_precue: ori = np.float64(323.9259376502841)
11.5243 	EXP 	rot_line_precue: ori = np.float64(324.2223879880904)
11.5328 	EXP 	rot_line_precue: ori = np.float64(324.5367883104248)
11.5411 	EXP 	rot_line_precue: ori = np.float64(324.8329857689522)
11.5493 	EXP 	rot_line_precue: ori = np.float64(325.29302479042246)
11.5578 	EXP 	rot_line_precue: ori = np.float64(325.66219421061624)
11.5661 	EXP 	rot_line_precue: ori = np.float64(325.9711363854058)
11.5743 	EXP 	rot_line_precue: ori = np.float64(326.46244300084845)
11.5828 	EXP 	rot_line_precue: ori = np.float64(326.7667807262425)
11.5912 	EXP 	rot_line_precue: ori = np.float64(327.0817190267358)
11.5993 	EXP 	rot_line_precue: ori = np.float64(327.40100906838444)
11.6082 	EXP 	rot_line_precue: ori = np.float64(327.70332671963945)
11.6164 	EXP 	rot_line_precue: ori = np.float64(328.0265138117556)
11.6249 	EXP 	rot_line_precue: ori = np.float64(328.34630561948893)
11.6334 	EXP 	rot_line_precue: ori = np.float64(328.7863750044189)
11.6415 	EXP 	rot_line_precue: ori = np.float64(329.3682220708697)
11.6500 	EXP 	rot_line_precue: ori = np.float64(329.93401175657965)
11.6581 	EXP 	rot_line_precue: ori = np.float64(330.2636225135631)
11.6664 	EXP 	rot_line_precue: ori = np.float64(330.5720925394195)
11.6745 	EXP 	rot_line_precue: ori = np.float64(330.86792869384726)
11.6831 	EXP 	rot_line_precue: ori = np.float64(331.1995706790047)
11.6912 	EXP 	rot_line_precue: ori = np.float64(331.5286943023038)
11.6995 	EXP 	rot_line_precue: ori = np.float64(331.90759262910325)
11.7077 	EXP 	rot_line_precue: ori = np.float64(332.5796584347446)
11.7161 	EXP 	rot_line_precue: ori = np.float64(332.9081700441316)
11.7244 	EXP 	rot_line_precue: ori = np.float64(333.20381614986525)
11.7328 	EXP 	rot_line_precue: ori = np.float64(333.7053610474823)
11.7412 	EXP 	rot_line_precue: ori = np.float64(334.01696404359717)
11.7501 	EXP 	rot_line_precue: ori = np.float64(334.47927094970623)
11.7577 	EXP 	rot_line_precue: ori = np.float64(334.8061646308517)
11.7666 	EXP 	rot_line_precue: ori = np.float64(335.43003124606037)
11.7746 	EXP 	rot_line_precue: ori = np.float64(335.8340516496718)
11.7827 	EXP 	rot_line_precue: ori = np.float64(336.1713277306389)
11.7914 	EXP 	rot_line_precue: ori = np.float64(336.97376738699154)
11.7996 	EXP 	rot_line_precue: ori = np.float64(337.2806265505348)
11.8083 	EXP 	rot_line_precue: ori = np.float64(337.82004749832015)
11.8165 	EXP 	rot_line_precue: ori = np.float64(338.36087974117487)
11.8247 	EXP 	rot_line_precue: ori = np.float64(338.8306400891134)
11.8334 	EXP 	rot_line_precue: ori = np.float64(339.14803511911447)
11.8414 	EXP 	rot_line_precue: ori = np.float64(339.65263550451135)
11.8496 	EXP 	rot_line_precue: ori = np.float64(339.97476145369615)
11.8578 	EXP 	rot_line_precue: ori = np.float64(340.2743055248377)
11.8663 	EXP 	rot_line_precue: ori = np.float64(340.58649808433864)
11.8746 	EXP 	rot_line_precue: ori = np.float64(340.9067545671237)
11.8827 	EXP 	rot_line_precue: ori = np.float64(341.4166382217247)
11.8910 	EXP 	rot_line_precue: ori = np.float64(341.98055532737027)
11.8994 	EXP 	rot_line_precue: ori = np.float64(342.2876163334771)
11.9083 	EXP 	rot_line_precue: ori = np.float64(342.7732571008213)
11.9160 	EXP 	rot_line_precue: ori = np.float64(343.21350617602076)
11.9245 	EXP 	rot_line_precue: ori = np.float64(343.61804592153567)
11.9328 	EXP 	rot_line_precue: ori = np.float64(343.9252587687588)
11.9410 	EXP 	rot_line_precue: ori = np.float64(344.2583776937061)
11.9495 	EXP 	rot_line_precue: ori = np.float64(344.5714325718603)
11.9584 	EXP 	rot_line_precue: ori = np.float64(344.8935739319922)
11.9666 	EXP 	rot_line_precue: ori = np.float64(345.1920510438322)
11.9750 	EXP 	rot_line_precue: ori = np.float64(345.5785580262811)
11.9835 	EXP 	rot_line_precue: ori = np.float64(346.1535228686781)
11.9918 	EXP 	rot_line_precue: ori = np.float64(346.6114615523961)
11.9999 	EXP 	rot_line_precue: ori = np.float64(346.9758024884229)
12.0081 	EXP 	rot_line_precue: ori = np.float64(347.2941111631054)
12.0166 	EXP 	rot_line_precue: ori = np.float64(348.0544668473709)
12.0248 	EXP 	rot_line_precue: ori = np.float64(348.4142641918156)
12.0331 	EXP 	rot_line_precue: ori = np.float64(348.76752542497593)
12.0413 	EXP 	rot_line_precue: ori = np.float64(349.2124397718212)
12.0497 	EXP 	rot_line_precue: ori = np.float64(349.6124335471914)
12.0579 	EXP 	rot_line_precue: ori = np.float64(350.12500168510957)
12.0661 	EXP 	rot_line_precue: ori = np.float64(350.6114939200372)
12.0743 	EXP 	rot_line_precue: ori = np.float64(351.0185069377721)
12.0828 	EXP 	rot_line_precue: ori = np.float64(351.5217060599264)
12.0910 	EXP 	rot_line_precue: ori = np.float64(351.8502481489314)
12.0993 	EXP 	rot_line_precue: ori = np.float64(352.20717297430775)
12.1078 	EXP 	rot_line_precue: ori = np.float64(352.5331608169485)
12.1161 	EXP 	rot_line_precue: ori = np.float64(352.86784930978644)
12.1243 	EXP 	rot_line_precue: ori = np.float64(353.6387042508738)
12.1329 	EXP 	rot_line_precue: ori = np.float64(354.0738582748433)
12.1410 	EXP 	rot_line_precue: ori = np.float64(354.71488288961444)
12.1494 	EXP 	rot_line_precue: ori = np.float64(355.0367069700245)
12.1577 	EXP 	rot_line_precue: ori = np.float64(355.34190786279316)
12.1663 	EXP 	rot_line_precue: ori = np.float64(355.6709438289165)
12.1753 	EXP 	rot_line_precue: ori = np.float64(356.3395071750478)
12.1833 	EXP 	rot_line_precue: ori = np.float64(357.0419622065066)
12.1915 	EXP 	rot_line_precue: ori = np.float64(357.39173649686563)
12.2001 	EXP 	rot_line_precue: ori = np.float64(357.8793144326684)
12.2081 	EXP 	rot_line_precue: ori = np.float64(358.2425764196142)
12.2170 	EXP 	rot_line_precue: ori = np.float64(358.780146408127)
12.2244 	EXP 	rot_line_precue: ori = np.float64(359.1467736052332)
12.2331 	EXP 	rot_line_precue: ori = np.float64(359.4725954525429)
12.2413 	EXP 	rot_line_precue: ori = np.float64(359.8621489030699)
12.2495 	EXP 	rot_line_precue: ori = np.float64(0.21933852328817238)
12.2577 	EXP 	rot_line_precue: ori = np.float64(0.5714175752344635)
12.2661 	EXP 	rot_line_precue: ori = np.float64(1.1048860574236605)
12.2745 	EXP 	rot_line_precue: ori = np.float64(1.5981803755547466)
12.2827 	EXP 	rot_line_precue: ori = np.float64(2.2804651698107468)
12.2912 	EXP 	rot_line_precue: ori = np.float64(2.619291888620592)
12.2994 	EXP 	rot_line_precue: ori = np.float64(2.9734166305957705)
12.3077 	EXP 	rot_line_precue: ori = np.float64(3.2898241809924693)
12.3162 	EXP 	rot_line_precue: ori = np.float64(3.698326338886579)
12.3243 	EXP 	rot_line_precue: ori = np.float64(4.2375158850351005)
12.3326 	EXP 	rot_line_precue: ori = np.float64(4.657807008041593)
12.3417 	EXP 	rot_line_precue: ori = np.float64(5.052329267679487)
12.3499 	EXP 	rot_line_precue: ori = np.float64(5.733902672661546)
12.3579 	EXP 	rot_line_precue: ori = np.float64(6.072388996670387)
12.3665 	EXP 	rot_line_precue: ori = np.float64(6.39737070609354)
12.3748 	EXP 	rot_line_precue: ori = np.float64(6.759443733461286)
12.3836 	EXP 	rot_line_precue: ori = np.float64(7.230973301765262)
12.3914 	EXP 	rot_line_precue: ori = np.float64(7.591275297846601)
12.4002 	EXP 	rot_line_precue: ori = np.float64(7.925346850251168)
12.4084 	EXP 	rot_line_precue: ori = np.float64(8.221471757772846)
12.4165 	EXP 	rot_line_precue: ori = np.float64(8.52232646249567)
12.4246 	EXP 	rot_line_precue: ori = np.float64(9.248212513024535)
12.4327 	EXP 	rot_line_precue: ori = np.float64(9.568997553582859)
12.4410 	EXP 	rot_line_precue: ori = np.float64(10.314423652724827)
12.4505 	EXP 	rot_line_precue: ori = np.float64(10.626284518173716)
12.4578 	EXP 	rot_line_precue: ori = np.float64(11.214678130902143)
12.4660 	EXP 	rot_line_precue: ori = np.float64(11.643999212251263)
12.4745 	EXP 	rot_line_precue: ori = np.float64(11.965351917477452)
12.4829 	EXP 	rot_line_precue: ori = np.float64(12.30409528396372)
12.4910 	EXP 	rot_line_precue: ori = np.float64(12.872186200838796)
12.4993 	EXP 	rot_line_precue: ori = np.float64(13.585262957001815)
12.5077 	EXP 	rot_line_precue: ori = np.float64(14.08961811330536)
12.5166 	EXP 	rot_line_precue: ori = np.float64(14.432422783582608)
12.5242 	EXP 	rot_line_precue: ori = np.float64(14.829358425197722)
12.5331 	EXP 	rot_line_precue: ori = np.float64(15.15393589402157)
12.5418 	EXP 	rot_line_precue: ori = np.float64(15.491695303485299)
12.5505 	EXP 	rot_line_precue: ori = np.float64(15.818962946688863)
12.5582 	EXP 	rot_line_precue: ori = np.float64(16.183354578632226)
12.5664 	EXP 	rot_line_precue: ori = np.float64(16.564434799651547)
12.5747 	EXP 	rot_line_precue: ori = np.float64(17.141637946243534)
12.5829 	EXP 	rot_line_precue: ori = np.float64(17.517867813367456)
12.5920 	EXP 	rot_line_precue: ori = np.float64(18.03186501256151)
12.5999 	EXP 	rot_line_precue: ori = np.float64(18.378774282116584)
12.6088 	EXP 	rot_line_precue: ori = np.float64(18.697441380600097)
12.6162 	EXP 	rot_line_precue: ori = np.float64(19.059110498924376)
12.6243 	EXP 	rot_line_precue: ori = np.float64(19.475343520086764)
12.6329 	EXP 	rot_line_precue: ori = np.float64(20.14692789505425)
12.6411 	EXP 	rot_line_precue: ori = np.float64(20.557403490643836)
12.6495 	EXP 	rot_line_precue: ori = np.float64(20.882162307287626)
12.6579 	EXP 	rot_line_precue: ori = np.float64(21.23498277416614)
12.6661 	EXP 	rot_line_precue: ori = np.float64(21.817093009196075)
12.6743 	EXP 	rot_line_precue: ori = np.float64(22.412897918838322)
12.6826 	EXP 	rot_line_precue: ori = np.float64(22.76231335654498)
12.6914 	EXP 	rot_line_precue: ori = np.float64(23.149051240706747)
12.6994 	EXP 	rot_line_precue: ori = np.float64(23.760837881824592)
12.7076 	EXP 	rot_line_precue: ori = np.float64(24.077671469257464)
12.7164 	EXP 	rot_line_precue: ori = np.float64(24.759859310183582)
12.7251 	EXP 	rot_line_precue: ori = np.float64(25.073482336798907)
12.7332 	EXP 	rot_line_precue: ori = np.float64(25.471332713792464)
12.7415 	EXP 	rot_line_precue: ori = np.float64(25.771755819384378)
12.7496 	EXP 	rot_line_precue: ori = np.float64(26.13149435827547)
12.7581 	EXP 	rot_line_precue: ori = np.float64(26.853660288942173)
12.7669 	EXP 	rot_line_precue: ori = np.float64(27.45752942063208)
12.7751 	EXP 	rot_line_precue: ori = np.float64(27.82563109417493)
12.7832 	EXP 	rot_line_precue: ori = np.float64(28.450834639290683)
12.7915 	EXP 	rot_line_precue: ori = np.float64(28.794529323904733)
12.7995 	EXP 	rot_line_precue: ori = np.float64(29.35594613452693)
12.8078 	EXP 	rot_line_precue: ori = np.float64(29.710432935876245)
12.8162 	EXP 	rot_line_precue: ori = np.float64(30.333711225778853)
12.8245 	EXP 	rot_line_precue: ori = np.float64(30.912798020221867)
12.8327 	EXP 	rot_line_precue: ori = np.float64(31.648713190788115)
12.8412 	EXP 	rot_line_precue: ori = np.float64(32.163736849524284)
12.8494 	EXP 	rot_line_precue: ori = np.float64(32.51064455929186)
12.8578 	EXP 	rot_line_precue: ori = np.float64(32.94083182899216)
12.8659 	EXP 	rot_line_precue: ori = np.float64(33.28243658495562)
12.8745 	EXP 	rot_line_precue: ori = np.float64(33.59803350402606)
12.8828 	EXP 	rot_line_precue: ori = np.float64(34.02206305445321)
12.8910 	EXP 	rot_line_precue: ori = np.float64(34.484424146988374)
12.8996 	EXP 	rot_line_precue: ori = np.float64(34.87138717224638)
12.9084 	EXP 	rot_line_precue: ori = np.float64(35.17683511825249)
12.9166 	EXP 	rot_line_precue: ori = np.float64(35.5565077417534)
12.9249 	EXP 	rot_line_precue: ori = np.float64(35.863255429703244)
12.9334 	EXP 	rot_line_precue: ori = np.float64(36.17364036906699)
12.9415 	EXP 	rot_line_precue: ori = np.float64(36.6366756802232)
12.9497 	EXP 	rot_line_precue: ori = np.float64(37.14700004334585)
12.9505 	EXP 	New trial (rep=1, index=4): <Trial 4 (4 in rep 1) data={'pic_name': 'pics/feet.JPG', 'class_mi': 'feet', 'thisN': 4, 'thisTrialN': 4, 'thisRepN': 1}>
12.9579 	EXP 	hor_line_precue: autoDraw = False
12.9579 	EXP 	ver_line_precue: autoDraw = False
12.9579 	EXP 	rot_line_precue: autoDraw = False
12.9579 	EXP 	rot_line_precue: ori = np.float64(37.71592298593976)
12.9579 	EXP 	hor_line_precue: autoDraw = False
12.9579 	EXP 	ver_line_precue: autoDraw = False
12.9579 	EXP 	rot_line_precue: autoDraw = False
12.9579 	EXP 	hor_line_precue: autoDraw = True
12.9579 	EXP 	ver_line_precue: autoDraw = True
12.9579 	EXP 	rot_line_precue: autoDraw = True
12.9579 	EXP 	rot_line_precue: ori = np.float64(38.10056505423639)
12.9665 	EXP 	rot_line_precue: ori = np.float64(38.42210749188892)
12.9747 	EXP 	rot_line_precue: ori = np.float64(38.985860700353165)
12.9828 	EXP 	rot_line_precue: ori = np.float64(39.61484089367051)
12.9910 	EXP 	rot_line_precue: ori = np.float64(39.93129044016842)
12.9995 	EXP 	rot_line_precue: ori = np.float64(40.490669058835785)
13.0085 	EXP 	rot_line_precue: ori = np.float64(40.906317142832336)
13.0162 	EXP 	rot_line_precue: ori = np.float64(41.216804585413634)
13.0247 	EXP 	rot_line_precue: ori = np.float64(41.51298523367172)
13.0329 	EXP 	rot_line_precue: ori = np.float64(41.85016001467503)
13.0410 	EXP 	rot_line_precue: ori = np.float64(42.14747312758341)
13.0511 	EXP 	rot_line_precue: ori = np.float64(42.55827204819574)
13.0578 	EXP 	rot_line_precue: ori = np.float64(43.05219127181384)
13.0662 	EXP 	rot_line_precue: ori = np.float64(43.681098863428375)
13.0744 	EXP 	rot_line_precue: ori = np.float64(44.25508824372521)
13.0828 	EXP 	rot_line_precue: ori = np.float64(44.559693103300624)
13.0918 	EXP 	rot_line_precue: ori = np.float64(45.2156917860205)
13.1002 	EXP 	rot_line_precue: ori = np.float64(45.5667276259668)
13.1080 	EXP 	rot_line_precue: ori = np.float64(45.88919219086403)
13.1163 	EXP 	rot_line_precue: ori = np.float64(46.32476708981751)
13.1244 	EXP 	rot_line_precue: ori = np.float64(46.64242696294462)
13.1338 	EXP 	rot_line_precue: ori = np.float64(46.99722586157387)
13.1411 	EXP 	rot_line_precue: ori = np.float64(47.518438471129926)
13.1499 	EXP 	rot_line_precue: ori = np.float64(48.26483446259852)
13.1580 	EXP 	rot_line_precue: ori = np.float64(48.68154387034547)
13.1661 	EXP 	rot_line_precue: ori = np.float64(49.00234406209725)
13.1744 	EXP 	rot_line_precue: ori = np.float64(49.330334781269045)
13.1827 	EXP 	rot_line_precue: ori = np.float64(49.646298608033625)
13.1910 	EXP 	rot_line_precue: ori = np.float64(50.05654202361673)
13.1994 	EXP 	rot_line_precue: ori = np.float64(50.556938784770445)
13.2077 	EXP 	rot_line_precue: ori = np.float64(50.89494585489083)
13.2162 	EXP 	rot_line_precue: ori = np.float64(51.27900562797354)
13.2244 	EXP 	rot_line_precue: ori = np.float64(52.02630379636489)
13.2327 	EXP 	rot_line_precue: ori = np.float64(52.34526148991014)
13.2412 	EXP 	rot_line_precue: ori = np.float64(52.85164557147702)
13.2493 	EXP 	rot_line_precue: ori = np.float64(53.439582047797195)
13.2578 	EXP 	rot_line_precue: ori = np.float64(53.767895398935536)
13.2671 	EXP 	rot_line_precue: ori = np.float64(54.160915538742366)
13.2747 	EXP 	rot_line_precue: ori = np.float64(54.469917826154344)
13.2833 	EXP 	rot_line_precue: ori = np.float64(54.85011533353816)
13.2915 	EXP 	rot_line_precue: ori = np.float64(55.27485118923007)
13.3001 	EXP 	rot_line_precue: ori = np.float64(55.77518794154987)
13.3084 	EXP 	rot_line_precue: ori = np.float64(56.11747014280406)
13.3171 	EXP 	rot_line_precue: ori = np.float64(56.43683344493553)
13.3253 	EXP 	rot_line_precue: ori = np.float64(56.752313029673076)
13.3328 	EXP 	rot_line_precue: ori = np.float64(57.12613328102228)
13.3413 	EXP 	rot_line_precue: ori = np.float64(57.53787792656674)
13.3494 	EXP 	rot_line_precue: ori = np.float64(57.847246828379596)
13.3578 	EXP 	rot_line_precue: ori = np.float64(58.22814709276549)
13.3659 	EXP 	rot_line_precue: ori = np.float64(59.028857140828855)
13.3748 	EXP 	rot_line_precue: ori = np.float64(59.41067825392349)
13.3827 	EXP 	rot_line_precue: ori = np.float64(59.77994877885937)
13.3910 	EXP 	rot_line_precue: ori = np.float64(60.15999356305352)
13.3994 	EXP 	rot_line_precue: ori = np.float64(60.61970914828973)
13.4086 	EXP 	rot_line_precue: ori = np.float64(60.951058215191665)
13.4162 	EXP 	rot_line_precue: ori = np.float64(61.299027291470296)
13.4245 	EXP 	rot_line_precue: ori = np.float64(61.63626165939478)
13.4328 	EXP 	rot_line_precue: ori = np.float64(62.03071203700505)
13.4411 	EXP 	rot_line_precue: ori = np.float64(62.32883468908318)
13.4497 	EXP 	rot_line_precue: ori = np.float64(62.86667361183723)
13.4580 	EXP 	rot_line_precue: ori = np.float64(63.40854808472278)
13.4666 	EXP 	rot_line_precue: ori = np.float64(64.04005525451637)
13.4749 	EXP 	rot_line_precue: ori = np.float64(64.34455776836978)
13.4829 	EXP 	rot_line_precue: ori = np.float64(64.73721280255305)
13.4911 	EXP 	rot_line_precue: ori = np.float64(65.06280605518162)
13.4996 	EXP 	rot_line_precue: ori = np.float64(65.49809650997668)
13.5081 	EXP 	rot_line_precue: ori = np.float64(65.95017966950253)
13.5161 	EXP 	rot_line_precue: ori = np.float64(66.25302929962322)
13.5248 	EXP 	rot_line_precue: ori = np.float64(66.62021847967293)
13.5327 	EXP 	rot_line_precue: ori = np.float64(67.04373328299147)
13.5411 	EXP 	rot_line_precue: ori = np.float64(67.81734893398071)
13.5493 	EXP 	rot_line_precue: ori = np.float64(68.16776409750697)
13.5578 	EXP 	rot_line_precue: ori = np.float64(68.49473531066178)
13.5669 	EXP 	rot_line_precue: ori = np.float64(68.84479430127564)
13.5743 	EXP 	rot_line_precue: ori = np.float64(69.14078842648755)
13.5828 	EXP 	rot_line_precue: ori = np.float64(69.45156814762876)
13.5918 	EXP 	rot_line_precue: ori = np.float64(70.12521147666355)
13.5996 	EXP 	rot_line_precue: ori = np.float64(70.51987467811044)
13.6084 	EXP 	rot_line_precue: ori = np.float64(70.87043026424655)
13.6161 	EXP 	rot_line_precue: ori = np.float64(71.27786138946426)
13.6243 	EXP 	rot_line_precue: ori = np.float64(71.60774097003303)
13.6330 	EXP 	rot_line_precue: ori = np.float64(71.90684442175308)
13.6420 	EXP 	rot_line_precue: ori = np.float64(72.3017423754018)
13.6500 	EXP 	rot_line_precue: ori = np.float64(73.00204120977519)
13.6582 	EXP 	rot_line_precue: ori = np.float64(73.42578701527908)
13.6663 	EXP 	rot_line_precue: ori = np.float64(73.72436168468428)
13.6744 	EXP 	rot_line_precue: ori = np.float64(74.21165214139198)
13.6838 	EXP 	rot_line_precue: ori = np.float64(74.5165967153121)
13.6914 	EXP 	rot_line_precue: ori = np.float64(74.86256276324207)
13.6995 	EXP 	rot_line_precue: ori = np.float64(75.15799069672407)
13.7081 	EXP 	rot_line_precue: ori = np.float64(75.47402055693529)
13.7162 	EXP 	rot_line_precue: ori = np.float64(76.03991460280898)
13.7244 	EXP 	rot_line_precue: ori = np.float64(76.34427794672355)
13.7327 	EXP 	rot_line_precue: ori = np.float64(76.97257280608275)
13.7411 	EXP 	rot_line_precue: ori = np.float64(77.36154825081898)
13.7494 	EXP 	rot_line_precue: ori = np.float64(77.72843966821009)
13.7577 	EXP 	rot_line_precue: ori = np.float64(78.12663070291124)
13.7661 	EXP 	rot_line_precue: ori = np.float64(78.74648010490307)
13.7744 	EXP 	rot_line_precue: ori = np.float64(79.22369158159668)
13.7827 	EXP 	rot_line_precue: ori = np.float64(79.67534886394377)
13.7912 	EXP 	rot_line_precue: ori = np.float64(79.98761449494214)
13.7994 	EXP 	rot_line_precue: ori = np.float64(80.39068035589354)
13.8081 	EXP 	rot_line_precue: ori = np.float64(80.72197250994792)
13.8167 	EXP 	rot_line_precue: ori = np.float64(81.03373928779062)
13.8251 	EXP 	rot_line_precue: ori = np.float64(81.32993049231487)
13.8335 	EXP 	rot_line_precue: ori = np.float64(81.64812068043481)
13.8416 	EXP 	rot_line_precue: ori = np.float64(81.9777777847258)
13.8501 	EXP 	rot_line_precue: ori = np.float64(82.4202515460955)
13.8582 	EXP 	rot_line_precue: ori = np.float64(82.75697956904433)
13.8671 	EXP 	rot_line_precue: ori = np.float64(83.23396658918638)
13.8744 	EXP 	rot_line_precue: ori = np.float64(83.56260162665829)
13.8828 	EXP 	rot_line_precue: ori = np.float64(83.86286010147188)
13.8913 	EXP 	rot_line_precue: ori = np.float64(84.17646457135038)
13.8995 	EXP 	rot_line_precue: ori = np.float64(84.539906837577)
13.9078 	EXP 	rot_line_precue: ori = np.float64(84.98730451314367)
13.9168 	EXP 	rot_line_precue: ori = np.float64(85.57192726685632)
13.9248 	EXP 	rot_line_precue: ori = np.float64(85.99291565702026)
13.9329 	EXP 	rot_line_precue: ori = np.float64(86.31789941855452)
13.9410 	EXP 	rot_line_precue: ori = np.float64(86.67411917118316)
13.9495 	EXP 	rot_line_precue: ori = np.float64(86.99683952522085)
13.9577 	EXP 	rot_line_precue: ori = np.float64(87.29380276603167)
13.9661 	EXP 	rot_line_precue: ori = np.float64(87.64360152047107)
13.9748 	EXP 	rot_line_precue: ori = np.float64(88.022681699322)
13.9831 	EXP 	rot_line_precue: ori = np.float64(88.72382904974933)
13.9915 	EXP 	rot_line_precue: ori = np.float64(89.38021310432136)
13.9998 	EXP 	rot_line_precue: ori = np.float64(89.71486550621762)
14.0081 	EXP 	rot_line_precue: ori = np.float64(90.14821073890704)
14.0174 	EXP 	rot_line_precue: ori = np.float64(90.4745929539915)
14.0253 	EXP 	rot_line_precue: ori = np.float64(90.78626889269017)
14.0330 	EXP 	rot_line_precue: ori = np.float64(91.23598987270749)
14.0416 	EXP 	rot_line_precue: ori = np.float64(91.55957334022528)
14.0497 	EXP 	rot_line_precue: ori = np.float64(92.03589038186233)
14.0579 	EXP 	rot_line_precue: ori = np.float64(92.33831276316357)
14.0661 	EXP 	rot_line_precue: ori = np.float64(92.7208469185238)
14.0742 	EXP 	rot_line_precue: ori = np.float64(93.06721305764697)
14.0828 	EXP 	rot_line_precue: ori = np.float64(93.46256480570206)
14.0911 	EXP 	rot_line_precue: ori = np.float64(93.9627528246381)
14.0992 	EXP 	rot_line_precue: ori = np.float64(94.45449953253502)
14.1078 	EXP 	rot_line_precue: ori = np.float64(94.78879366600387)
14.1161 	EXP 	rot_line_precue: ori = np.float64(95.08809406112908)
14.1243 	EXP 	rot_line_precue: ori = np.float64(95.43837009141066)
14.1329 	EXP 	rot_line_precue: ori = np.float64(95.92069802887883)
14.1411 	EXP 	rot_line_precue: ori = np.float64(96.59328465908423)
14.1497 	EXP 	rot_line_precue: ori = np.float64(97.0448903296819)
14.1583 	EXP 	rot_line_precue: ori = np.float64(97.34610435278299)
14.1664 	EXP 	rot_line_precue: ori = np.float64(97.64835679572212)
14.1750 	EXP 	rot_line_precue: ori = np.float64(97.96423028405019)
14.1834 	EXP 	rot_line_precue: ori = np.float64(98.29363160835901)
14.1918 	EXP 	rot_line_precue: ori = np.float64(98.59322326700452)
14.1998 	EXP 	rot_line_precue: ori = np.float64(98.9756327972382)
14.2082 	EXP 	rot_line_precue: ori = np.float64(99.48717645471204)
14.2163 	EXP 	rot_line_precue: ori = np.float64(99.86854911904014)
14.2244 	EXP 	rot_line_precue: ori = np.float64(100.33177751359328)
14.2330 	EXP 	rot_line_precue: ori = np.float64(100.7014470998687)
14.2413 	EXP 	rot_line_precue: ori = np.float64(101.04518528417697)
14.2493 	EXP 	rot_line_precue: ori = np.float64(101.3480100535979)
14.2577 	EXP 	rot_line_precue: ori = np.float64(101.64418663390046)
14.2661 	EXP 	rot_line_precue: ori = np.float64(101.96108733681629)
14.2752 	EXP 	rot_line_precue: ori = np.float64(102.5353159479249)
14.2826 	EXP 	rot_line_precue: ori = np.float64(102.90788709232875)
14.2916 	EXP 	rot_line_precue: ori = np.float64(103.25525499147831)
14.2995 	EXP 	rot_line_precue: ori = np.float64(103.57999775995853)
14.3078 	EXP 	rot_line_precue: ori = np.float64(103.92763935265356)
14.3163 	EXP 	rot_line_precue: ori = np.float64(104.2802313495623)
14.3253 	EXP 	rot_line_precue: ori = np.float64(104.78657648223076)
14.3328 	EXP 	rot_line_precue: ori = np.float64(105.16703752336817)
14.3415 	EXP 	rot_line_precue: ori = np.float64(105.58972047373625)
14.3501 	EXP 	rot_line_precue: ori = np.float64(106.04052517967585)
14.3584 	EXP 	rot_line_precue: ori = np.float64(106.57982568407483)
14.3665 	EXP 	rot_line_precue: ori = np.float64(106.9000865936691)
14.3752 	EXP 	rot_line_precue: ori = np.float64(107.28044287015797)
14.3833 	EXP 	rot_line_precue: ori = np.float64(107.58885652750527)
14.3921 	EXP 	rot_line_precue: ori = np.float64(107.98952055549901)
14.4003 	EXP 	rot_line_precue: ori = np.float64(108.2949754552788)
14.4078 	EXP 	rot_line_precue: ori = np.float64(108.6061146694557)
14.4163 	EXP 	rot_line_precue: ori = np.float64(108.9191940223768)
14.4244 	EXP 	rot_line_precue: ori = np.float64(109.22373401154242)
14.4329 	EXP 	rot_line_precue: ori = np.float64(109.52318207639713)
14.4410 	EXP 	rot_line_precue: ori = np.float64(109.89967471456679)
14.4500 	EXP 	rot_line_precue: ori = np.float64(110.25550489299263)
14.4577 	EXP 	rot_line_precue: ori = np.float64(110.55315505653793)
14.4660 	EXP 	rot_line_precue: ori = np.float64(110.89253171547878)
14.4746 	EXP 	rot_line_precue: ori = np.float64(111.32512592241754)
14.4827 	EXP 	rot_line_precue: ori = np.float64(111.63921894773864)
14.4911 	EXP 	rot_line_precue: ori = np.float64(112.11564407108128)
14.4995 	EXP 	rot_line_precue: ori = np.float64(112.42425510382427)
14.5077 	EXP 	rot_line_precue: ori = np.float64(112.72493766312506)
14.5160 	EXP 	rot_line_precue: ori = np.float64(113.06768630225997)
14.5248 	EXP 	rot_line_precue: ori = np.float64(113.55828842236633)
14.5332 	EXP 	rot_line_precue: ori = np.float64(113.86239725951201)
14.5416 	EXP 	rot_line_precue: ori = np.float64(114.44436010247453)
14.5499 	EXP 	rot_line_precue: ori = np.float64(114.74739855528026)
14.5582 	EXP 	rot_line_precue: ori = np.float64(115.41300149987813)
14.5666 	EXP 	rot_line_precue: ori = np.float64(115.78367819493961)
14.5748 	EXP 	rot_line_precue: ori = np.float64(116.13773348219691)
14.5831 	EXP 	rot_line_precue: ori = np.float64(116.54810398602346)
14.5916 	EXP 	rot_line_precue: ori = np.float64(116.93884362220936)
14.5998 	EXP 	rot_line_precue: ori = np.float64(117.30434836515761)
14.6079 	EXP 	rot_line_precue: ori = np.float64(117.68319465971872)
14.6161 	EXP 	rot_line_precue: ori = np.float64(118.04494678766672)
14.6243 	EXP 	rot_line_precue: ori = np.float64(118.46211392773353)
14.6328 	EXP 	rot_line_precue: ori = np.float64(118.91269193970888)
14.6410 	EXP 	rot_line_precue: ori = np.float64(119.2387486889039)
14.6493 	EXP 	rot_line_precue: ori = np.float64(119.66107829808821)
14.6576 	EXP 	rot_line_precue: ori = np.float64(120.08796283158561)
14.6661 	EXP 	rot_line_precue: ori = np.float64(120.43251498893659)
14.6743 	EXP 	rot_line_precue: ori = np.float64(120.91559682604604)
14.6829 	EXP 	rot_line_precue: ori = np.float64(121.47357987436669)
14.6910 	EXP 	rot_line_precue: ori = np.float64(121.81766090730751)
14.6994 	EXP 	rot_line_precue: ori = np.float64(122.22309737981318)
14.7079 	EXP 	rot_line_precue: ori = np.float64(122.8066281212751)
14.7170 	EXP 	rot_line_precue: ori = np.float64(123.24946414813563)
14.7250 	EXP 	rot_line_precue: ori = np.float64(123.65839640077533)
14.7332 	EXP 	rot_line_precue: ori = np.float64(124.0113458182077)
14.7414 	EXP 	rot_line_precue: ori = np.float64(124.434623009609)
14.7499 	EXP 	rot_line_precue: ori = np.float64(124.74910776701532)
14.7588 	EXP 	rot_line_precue: ori = np.float64(125.11262846083848)
14.7670 	EXP 	rot_line_precue: ori = np.float64(125.47659705809687)
14.7749 	EXP 	rot_line_precue: ori = np.float64(125.79165305208785)
14.7830 	EXP 	rot_line_precue: ori = np.float64(126.09279577255879)
14.7912 	EXP 	rot_line_precue: ori = np.float64(126.78781385304116)
14.7994 	EXP 	rot_line_precue: ori = np.float64(127.1606495988843)
14.8077 	EXP 	rot_line_precue: ori = np.float64(127.47785319484221)
14.8161 	EXP 	rot_line_precue: ori = np.float64(127.90309970318057)
14.8244 	EXP 	rot_line_precue: ori = np.float64(128.3501472977498)
14.8328 	EXP 	rot_line_precue: ori = np.float64(128.67019231253545)
14.8412 	EXP 	rot_line_precue: ori = np.float64(128.992936171045)
14.8496 	EXP 	rot_line_precue: ori = np.float64(129.33285495678996)
14.8578 	EXP 	rot_line_precue: ori = np.float64(129.84704634430182)
14.8662 	EXP 	rot_line_precue: ori = np.float64(130.4259211654914)
14.8744 	EXP 	rot_line_precue: ori = np.float64(130.74952649088237)
14.8827 	EXP 	rot_line_precue: ori = np.float64(131.04511090226995)
14.8912 	EXP 	rot_line_precue: ori = np.float64(131.34531220573436)
14.8996 	EXP 	rot_line_precue: ori = np.float64(131.64587771938093)
14.9084 	EXP 	rot_line_precue: ori = np.float64(131.95294951371793)
14.9165 	EXP 	rot_line_precue: ori = np.float64(132.26804986564017)
14.9247 	EXP 	rot_line_precue: ori = np.float64(132.70556518096734)
14.9329 	EXP 	rot_line_precue: ori = np.float64(133.1227352984742)
14.9413 	EXP 	rot_line_precue: ori = np.float64(133.55081814554188)
14.9423 	EXP 	New trial (rep=1, index=5): <Trial 5 (5 in rep 1) data={'pic_name': 'pics/none.JPG', 'class_mi': 'rest', 'thisN': 5, 'thisTrialN': 5, 'thisRepN': 1}>
14.9504 	EXP 	hor_line_precue: autoDraw = False
14.9504 	EXP 	ver_line_precue: autoDraw = False
14.9504 	EXP 	rot_line_precue: autoDraw = False
14.9504 	EXP 	rot_line_precue: ori = np.float64(133.96175020048028)
14.9504 	EXP 	hor_line_precue: autoDraw = False
14.9504 	EXP 	ver_line_precue: autoDraw = False
14.9504 	EXP 	rot_line_precue: autoDraw = False
14.9504 	EXP 	hor_line_precue: autoDraw = True
14.9504 	EXP 	ver_line_precue: autoDraw = True
14.9504 	EXP 	rot_line_precue: autoDraw = True
14.9504 	EXP 	rot_line_precue: ori = np.float64(134.4069725087603)
14.9580 	EXP 	rot_line_precue: ori = np.float64(134.72743644306306)
14.9664 	EXP 	rot_line_precue: ori = np.float64(135.28081180724874)
14.9745 	EXP 	rot_line_precue: ori = np.float64(135.582125149747)
14.9831 	EXP 	rot_line_precue: ori = np.float64(135.89398226672049)
14.9910 	EXP 	rot_line_precue: ori = np.float64(136.26872522966988)
14.9995 	EXP 	rot_line_precue: ori = np.float64(136.7141297496639)
15.0079 	EXP 	rot_line_precue: ori = np.float64(137.0459783248477)
15.0161 	EXP 	rot_line_precue: ori = np.float64(137.4093667305508)
15.0246 	EXP 	rot_line_precue: ori = np.float64(138.01288730513477)
15.0331 	EXP 	rot_line_precue: ori = np.float64(138.33414468808752)
15.0415 	EXP 	rot_line_precue: ori = np.float64(138.64642811110787)
15.0496 	EXP 	rot_line_precue: ori = np.float64(139.26615640980094)
15.0578 	EXP 	rot_line_precue: ori = np.float64(139.58433499453767)
15.0660 	EXP 	rot_line_precue: ori = np.float64(139.98503951366834)
15.0746 	EXP 	rot_line_precue: ori = np.float64(140.66268306188894)
15.0829 	EXP 	rot_line_precue: ori = np.float64(141.09012371313432)
15.0913 	EXP 	rot_line_precue: ori = np.float64(141.6715715617795)
15.0999 	EXP 	rot_line_precue: ori = np.float64(142.07987793561998)
15.1082 	EXP 	rot_line_precue: ori = np.float64(142.67501823003934)
15.1167 	EXP 	rot_line_precue: ori = np.float64(142.9925772783994)
15.1248 	EXP 	rot_line_precue: ori = np.float64(143.71835449007975)
15.1330 	EXP 	rot_line_precue: ori = np.float64(144.2491751371258)
15.1417 	EXP 	rot_line_precue: ori = np.float64(144.56052520124402)
15.1498 	EXP 	rot_line_precue: ori = np.float64(144.93236149536529)
15.1581 	EXP 	rot_line_precue: ori = np.float64(145.42422321608282)
15.1662 	EXP 	rot_line_precue: ori = np.float64(145.85808296437818)
15.1743 	EXP 	rot_line_precue: ori = np.float64(146.16072587788835)
15.1829 	EXP 	rot_line_precue: ori = np.float64(146.80716601594864)
15.1911 	EXP 	rot_line_precue: ori = np.float64(147.10661849705932)
15.2000 	EXP 	rot_line_precue: ori = np.float64(147.63258358648733)
15.2078 	EXP 	rot_line_precue: ori = np.float64(147.9989952277044)
15.2161 	EXP 	rot_line_precue: ori = np.float64(148.5430716912359)
15.2243 	EXP 	rot_line_precue: ori = np.float64(148.87844100212294)
15.2329 	EXP 	rot_line_precue: ori = np.float64(149.32259274588495)
15.2411 	EXP 	rot_line_precue: ori = np.float64(149.62116017874916)
15.2496 	EXP 	rot_line_precue: ori = np.float64(150.2804010959721)
15.2579 	EXP 	rot_line_precue: ori = np.float64(150.60414475515387)
15.2661 	EXP 	rot_line_precue: ori = np.float64(150.95591733649076)
15.2745 	EXP 	rot_line_precue: ori = np.float64(151.25221952173135)
15.2832 	EXP 	rot_line_precue: ori = np.float64(151.59782813470028)
15.2915 	EXP 	rot_line_precue: ori = np.float64(152.27164898440847)
15.3000 	EXP 	rot_line_precue: ori = np.float64(152.6002081186445)
15.3082 	EXP 	rot_line_precue: ori = np.float64(152.91522963207456)
15.3164 	EXP 	rot_line_precue: ori = np.float64(153.36709665384996)
15.3252 	EXP 	rot_line_precue: ori = np.float64(153.8060763768029)
15.3331 	EXP 	rot_line_precue: ori = np.float64(154.10696496524)
15.3414 	EXP 	rot_line_precue: ori = np.float64(154.40909604688812)
15.3495 	EXP 	rot_line_precue: ori = np.float64(154.82285209767753)
15.3578 	EXP 	rot_line_precue: ori = np.float64(155.23045285362448)
15.3662 	EXP 	rot_line_precue: ori = np.float64(155.58273887735308)
15.3744 	EXP 	rot_line_precue: ori = np.float64(155.94234957291388)
15.3828 	EXP 	rot_line_precue: ori = np.float64(156.2928142597582)
15.3912 	EXP 	rot_line_precue: ori = np.float64(156.74311827846705)
15.3995 	EXP 	rot_line_precue: ori = np.float64(157.0840594504349)
15.4077 	EXP 	rot_line_precue: ori = np.float64(157.38761118086342)
15.4167 	EXP 	rot_line_precue: ori = np.float64(157.75737908630978)
15.4245 	EXP 	rot_line_precue: ori = np.float64(158.09422158717624)
15.4328 	EXP 	rot_line_precue: ori = np.float64(158.44763843577988)
15.4413 	EXP 	rot_line_precue: ori = np.float64(158.9393364478398)
15.4494 	EXP 	rot_line_precue: ori = np.float64(159.2608511648054)
15.4583 	EXP 	rot_line_precue: ori = np.float64(159.56481386663347)
15.4673 	EXP 	rot_line_precue: ori = np.float64(159.86480441297303)
15.4748 	EXP 	rot_line_precue: ori = np.float64(160.17973638645333)
15.4833 	EXP 	rot_line_precue: ori = np.float64(160.47767277775395)
15.4916 	EXP 	rot_line_precue: ori = np.float64(160.77296590831347)
15.5003 	EXP 	rot_line_precue: ori = np.float64(161.18138333108902)
15.5084 	EXP 	rot_line_precue: ori = np.float64(161.4808559344285)
15.5165 	EXP 	rot_line_precue: ori = np.float64(161.90587751197762)
15.5248 	EXP 	rot_line_precue: ori = np.float64(162.20193766727405)
15.5330 	EXP 	rot_line_precue: ori = np.float64(162.4977821807556)
15.5410 	EXP 	rot_line_precue: ori = np.float64(162.81745439606362)
15.5495 	EXP 	rot_line_precue: ori = np.float64(163.1535630574646)
15.5578 	EXP 	rot_line_precue: ori = np.float64(163.49518175797314)
15.5660 	EXP 	rot_line_precue: ori = np.float64(163.79445559223194)
15.5745 	EXP 	rot_line_precue: ori = np.float64(164.211958250697)
15.5829 	EXP 	rot_line_precue: ori = np.float64(164.5204334965786)
15.5917 	EXP 	rot_line_precue: ori = np.float64(164.81831814564305)
15.5996 	EXP 	rot_line_precue: ori = np.float64(165.13177736814714)
15.6078 	EXP 	rot_line_precue: ori = np.float64(165.52490241941285)
15.6161 	EXP 	rot_line_precue: ori = np.float64(165.87077360484938)
15.6242 	EXP 	rot_line_precue: ori = np.float64(166.175313129039)
15.6328 	EXP 	rot_line_precue: ori = np.float64(166.67905769550546)
15.6410 	EXP 	rot_line_precue: ori = np.float64(166.97601834064085)
15.6498 	EXP 	rot_line_precue: ori = np.float64(167.61518852602384)
15.6587 	EXP 	rot_line_precue: ori = np.float64(167.94784622694397)
15.6667 	EXP 	rot_line_precue: ori = np.float64(168.45776736345383)
15.6750 	EXP 	rot_line_precue: ori = np.float64(168.76869535624914)
15.6830 	EXP 	rot_line_precue: ori = np.float64(169.09535357477688)
15.6913 	EXP 	rot_line_precue: ori = np.float64(169.40753492597412)
15.6997 	EXP 	rot_line_precue: ori = np.float64(169.7631685437053)
15.7086 	EXP 	rot_line_precue: ori = np.float64(170.4891943307056)
15.7163 	EXP 	rot_line_precue: ori = np.float64(170.8436155910404)
15.7244 	EXP 	rot_line_precue: ori = np.float64(171.29989729569917)
15.7329 	EXP 	rot_line_precue: ori = np.float64(171.6200593343883)
15.7412 	EXP 	rot_line_precue: ori = np.float64(172.01026390111542)
15.7494 	EXP 	rot_line_precue: ori = np.float64(172.32769495256898)
15.7583 	EXP 	rot_line_precue: ori = np.float64(172.91660533421165)
15.7661 	EXP 	rot_line_precue: ori = np.float64(173.5626613844144)
15.7745 	EXP 	rot_line_precue: ori = np.float64(173.87562768032132)
15.7831 	EXP 	rot_line_precue: ori = np.float64(174.30771616046684)
15.7912 	EXP 	rot_line_precue: ori = np.float64(174.73516449923417)
15.7994 	EXP 	rot_line_precue: ori = np.float64(175.5052990616633)
15.8077 	EXP 	rot_line_precue: ori = np.float64(175.84939711028136)
15.8166 	EXP 	rot_line_precue: ori = np.float64(176.25314771711425)
15.8245 	EXP 	rot_line_precue: ori = np.float64(176.6017963150974)
15.8332 	EXP 	rot_line_precue: ori = np.float64(176.96589453919447)
15.8414 	EXP 	rot_line_precue: ori = np.float64(177.26200376302933)
15.8497 	EXP 	rot_line_precue: ori = np.float64(177.56140562602772)
15.8583 	EXP 	rot_line_precue: ori = np.float64(177.89753369276283)
15.8670 	EXP 	rot_line_precue: ori = np.float64(178.2301725615703)
15.8747 	EXP 	rot_line_precue: ori = np.float64(178.5537430797132)
15.8833 	EXP 	rot_line_precue: ori = np.float64(179.0810820964071)
15.8919 	EXP 	rot_line_precue: ori = np.float64(179.39620064750022)
15.8997 	EXP 	rot_line_precue: ori = np.float64(179.71869475400365)
15.9079 	EXP 	rot_line_precue: ori = np.float64(180.05870314153668)
15.9162 	EXP 	rot_line_precue: ori = np.float64(180.62499469193847)
15.9245 	EXP 	rot_line_precue: ori = np.float64(181.0504152422369)
15.9335 	EXP 	rot_line_precue: ori = np.float64(181.52708414637902)
15.9412 	EXP 	rot_line_precue: ori = np.float64(182.10300048878923)
15.9499 	EXP 	rot_line_precue: ori = np.float64(182.56163119462502)
15.9578 	EXP 	rot_line_precue: ori = np.float64(182.8914843694833)
15.9667 	EXP 	rot_line_precue: ori = np.float64(183.44723271464778)
15.9748 	EXP 	rot_line_precue: ori = np.float64(183.74442192557618)
15.9834 	EXP 	rot_line_precue: ori = np.float64(184.1256962303708)
15.9913 	EXP 	rot_line_precue: ori = np.float64(184.6439023993182)
15.9994 	EXP 	rot_line_precue: ori = np.float64(185.18884847602268)
16.0077 	EXP 	rot_line_precue: ori = np.float64(185.54349107008787)
16.0167 	EXP 	rot_line_precue: ori = np.float64(185.8501464129878)
16.0253 	EXP 	rot_line_precue: ori = np.float64(186.39038234318875)
16.0336 	EXP 	rot_line_precue: ori = np.float64(187.11558034428387)
16.0416 	EXP 	rot_line_precue: ori = np.float64(187.6437256583585)
16.0504 	EXP 	rot_line_precue: ori = np.float64(188.0213779931554)
16.0579 	EXP 	rot_line_precue: ori = np.float64(188.3505738639211)
16.0676 	EXP 	rot_line_precue: ori = np.float64(189.15432040604043)
16.0754 	EXP 	rot_line_precue: ori = np.float64(189.45833532999498)
16.0830 	EXP 	rot_line_precue: ori = np.float64(189.77917675429825)
16.0915 	EXP 	rot_line_precue: ori = np.float64(190.19317756819316)
16.0997 	EXP 	rot_line_precue: ori = np.float64(190.5456823830144)
16.1078 	EXP 	rot_line_precue: ori = np.float64(190.8913573151795)
16.1161 	EXP 	rot_line_precue: ori = np.float64(191.20837299717797)
16.1253 	EXP 	rot_line_precue: ori = np.float64(191.5216761906766)
16.1329 	EXP 	rot_line_precue: ori = np.float64(191.81778310648835)
16.1411 	EXP 	rot_line_precue: ori = np.float64(192.17517932375318)
16.1496 	EXP 	rot_line_precue: ori = np.float64(192.61737469351692)
16.1583 	EXP 	rot_line_precue: ori = np.float64(192.9630754672855)
16.1662 	EXP 	rot_line_precue: ori = np.float64(193.26350476929647)
16.1744 	EXP 	rot_line_precue: ori = np.float64(193.56414606738127)
16.1829 	EXP 	rot_line_precue: ori = np.float64(193.9183685199879)
16.1910 	EXP 	rot_line_precue: ori = np.float64(194.2684773670878)
16.1995 	EXP 	rot_line_precue: ori = np.float64(194.80455644349362)
16.2081 	EXP 	rot_line_precue: ori = np.float64(195.17151755770612)
16.2163 	EXP 	rot_line_precue: ori = np.float64(195.4935890380979)
16.2250 	EXP 	rot_line_precue: ori = np.float64(195.81650008107536)
16.2332 	EXP 	rot_line_precue: ori = np.float64(196.31729439506108)
16.2414 	EXP 	rot_line_precue: ori = np.float64(196.86299039858056)
16.2494 	EXP 	rot_line_precue: ori = np.float64(197.58150651004257)
16.2588 	EXP 	rot_line_precue: ori = np.float64(197.89812632379045)
16.2664 	EXP 	rot_line_precue: ori = np.float64(198.23862999739544)
16.2744 	EXP 	rot_line_precue: ori = np.float64(198.55249375684906)
16.2831 	EXP 	rot_line_precue: ori = np.float64(198.89744746424753)
16.2912 	EXP 	rot_line_precue: ori = np.float64(199.31031739542573)
16.2995 	EXP 	rot_line_precue: ori = np.float64(199.70401400300824)
16.3085 	EXP 	rot_line_precue: ori = np.float64(200.06336217030363)
16.3162 	EXP 	rot_line_precue: ori = np.float64(200.80362386747282)
16.3244 	EXP 	rot_line_precue: ori = np.float64(201.18831382281508)
16.3330 	EXP 	rot_line_precue: ori = np.float64(201.6357825676609)
16.3412 	EXP 	rot_line_precue: ori = np.float64(201.93642065263865)
16.3496 	EXP 	rot_line_precue: ori = np.float64(202.2605272348215)
16.3579 	EXP 	rot_line_precue: ori = np.float64(202.64670818670803)
16.3662 	EXP 	rot_line_precue: ori = np.float64(202.95452618200025)
16.3752 	EXP 	rot_line_precue: ori = np.float64(203.2584262624751)
16.3839 	EXP 	rot_line_precue: ori = np.float64(203.56557670385612)
16.3923 	EXP 	rot_line_precue: ori = np.float64(203.8875564098225)
16.3995 	EXP 	rot_line_precue: ori = np.float64(204.22640095136657)
16.4082 	EXP 	rot_line_precue: ori = np.float64(204.6066431539598)
16.4164 	EXP 	rot_line_precue: ori = np.float64(204.90482828295163)
16.4245 	EXP 	rot_line_precue: ori = np.float64(205.4860110319996)
16.4328 	EXP 	rot_line_precue: ori = np.float64(205.8563014604415)
16.4422 	EXP 	rot_line_precue: ori = np.float64(206.21572910078638)
16.4496 	EXP 	rot_line_precue: ori = np.float64(206.72206021952368)
16.4578 	EXP 	rot_line_precue: ori = np.float64(207.0611445774446)
16.4662 	EXP 	rot_line_precue: ori = np.float64(207.38986993191912)
16.4746 	EXP 	rot_line_precue: ori = np.float64(207.72973210325415)
16.4829 	EXP 	rot_line_precue: ori = np.float64(208.09671418806334)
16.4914 	EXP 	rot_line_precue: ori = np.float64(208.46947477125124)
16.4995 	EXP 	rot_line_precue: ori = np.float64(208.79051596347517)
16.5079 	EXP 	rot_line_precue: ori = np.float64(209.13787490509338)
16.5161 	EXP 	rot_line_precue: ori = np.float64(209.5955635863594)
16.5246 	EXP 	rot_line_precue: ori = np.float64(209.91067124297618)
16.5329 	EXP 	rot_line_precue: ori = np.float64(210.2524389659572)
16.5411 	EXP 	rot_line_precue: ori = np.float64(210.5722048030438)
16.5495 	EXP 	rot_line_precue: ori = np.float64(211.21969779339693)
16.5580 	EXP 	rot_line_precue: ori = np.float64(211.6070744846045)
16.5667 	EXP 	rot_line_precue: ori = np.float64(211.9966562444353)
16.5749 	EXP 	rot_line_precue: ori = np.float64(212.4442474405353)
16.5831 	EXP 	rot_line_precue: ori = np.float64(212.74243684616408)
16.5915 	EXP 	rot_line_precue: ori = np.float64(213.04534058598182)
16.5998 	EXP 	rot_line_precue: ori = np.float64(213.3745167100521)
16.6081 	EXP 	rot_line_precue: ori = np.float64(213.74407740382517)
16.6161 	EXP 	rot_line_precue: ori = np.float64(214.07365565199126)
16.6248 	EXP 	rot_line_precue: ori = np.float64(214.52218837326043)
16.6330 	EXP 	rot_line_precue: ori = np.float64(214.84202050092776)
16.6412 	EXP 	rot_line_precue: ori = np.float64(215.17178869632153)
16.6495 	EXP 	rot_line_precue: ori = np.float64(215.4713338424963)
16.6585 	EXP 	rot_line_precue: ori = np.float64(215.81960861360707)
16.6661 	EXP 	rot_line_precue: ori = np.float64(216.1689147456213)
16.6751 	EXP 	rot_line_precue: ori = np.float64(216.9180675701511)
16.6832 	EXP 	rot_line_precue: ori = np.float64(217.33878290291105)
16.6912 	EXP 	rot_line_precue: ori = np.float64(217.66331584825411)
16.6993 	EXP 	rot_line_precue: ori = np.float64(217.99689824652688)
16.7078 	EXP 	rot_line_precue: ori = np.float64(218.42137303316827)
16.7162 	EXP 	rot_line_precue: ori = np.float64(218.7865022356446)
16.7245 	EXP 	rot_line_precue: ori = np.float64(219.1512723500305)
16.7330 	EXP 	rot_line_precue: ori = np.float64(219.5526237191014)
16.7414 	EXP 	rot_line_precue: ori = np.float64(219.99636965086526)
16.7499 	EXP 	rot_line_precue: ori = np.float64(220.39861593303064)
16.7584 	EXP 	rot_line_precue: ori = np.float64(220.72163893903888)
16.7668 	EXP 	rot_line_precue: ori = np.float64(221.14564424857167)
16.7748 	EXP 	rot_line_precue: ori = np.float64(221.45621857661777)
16.7838 	EXP 	rot_line_precue: ori = np.float64(221.794388161398)
16.7917 	EXP 	rot_line_precue: ori = np.float64(222.1844132282331)
16.7998 	EXP 	rot_line_precue: ori = np.float64(222.4863288340867)
16.8081 	EXP 	rot_line_precue: ori = np.float64(222.78996881366467)
16.8163 	EXP 	rot_line_precue: ori = np.float64(223.1003607705432)
16.8244 	EXP 	rot_line_precue: ori = np.float64(223.71421267795262)
16.8328 	EXP 	rot_line_precue: ori = np.float64(224.06877774029374)
16.8412 	EXP 	rot_line_precue: ori = np.float64(224.40785333522985)
16.8494 	EXP 	rot_line_precue: ori = np.float64(224.8436487794843)
16.8584 	EXP 	rot_line_precue: ori = np.float64(225.39357353267263)
16.8663 	EXP 	rot_line_precue: ori = np.float64(225.71363742754107)
16.8744 	EXP 	rot_line_precue: ori = np.float64(226.01036697241568)
16.8827 	EXP 	rot_line_precue: ori = np.float64(226.36244340770682)
16.8912 	EXP 	rot_line_precue: ori = np.float64(226.72109653803156)
16.8995 	EXP 	rot_line_precue: ori = np.float64(227.20406439820474)
16.9078 	EXP 	rot_line_precue: ori = np.float64(227.502171183013)
16.9171 	EXP 	rot_line_precue: ori = np.float64(227.92870096129894)
16.9247 	EXP 	rot_line_precue: ori = np.float64(228.522198842138)
16.9333 	EXP 	rot_line_precue: ori = np.float64(228.9402596589466)
16.9343 	EXP 	New trial (rep=2, index=6): <Trial 6 (6 in rep 2) data={'pic_name': 'pics/feet.JPG', 'class_mi': 'feet', 'thisN': 6, 'thisTrialN': 6, 'thisRepN': 2}>
16.9422 	EXP 	hor_line_precue: autoDraw = False
16.9422 	EXP 	ver_line_precue: autoDraw = False
16.9422 	EXP 	rot_line_precue: autoDraw = False
16.9422 	EXP 	rot_line_precue: ori = np.float64(229.31554177346618)
16.9422 	EXP 	hor_line_precue: autoDraw = False
16.9422 	EXP 	ver_line_precue: autoDraw = False
16.9422 	EXP 	rot_line_precue: autoDraw = False
16.9422 	EXP 	hor_line_precue: autoDraw = True
16.9422 	EXP 	ver_line_precue: autoDraw = True
16.9422 	EXP 	rot_line_precue: autoDraw = True
16.9422 	EXP 	rot_line_precue: ori = np.float64(229.79980910160077)
16.9497 	EXP 	rot_line_precue: ori = np.float64(230.34000652243242)
16.9583 	EXP 	rot_line_precue: ori = np.float64(231.11503421190872)
16.9663 	EXP 	rot_line_precue: ori = np.float64(231.8524216827737)
16.9748 	EXP 	rot_line_precue: ori = np.float64(232.24767757974706)
16.9828 	EXP 	rot_line_precue: ori = np.float64(232.68136770940004)
16.9917 	EXP 	rot_line_precue: ori = np.float64(233.00773409233656)
16.9995 	EXP 	rot_line_precue: ori = np.float64(233.32165376565524)
17.0079 	EXP 	rot_line_precue: ori = np.float64(233.65292931825587)
17.0160 	EXP 	rot_line_precue: ori = np.float64(234.22115935550943)
17.0244 	EXP 	rot_line_precue: ori = np.float64(234.65349192981571)
17.0336 	EXP 	rot_line_precue: ori = np.float64(234.95450549101506)
17.0410 	EXP 	rot_line_precue: ori = np.float64(235.3211082891239)
17.0496 	EXP 	rot_line_precue: ori = np.float64(235.955874234027)
17.0578 	EXP 	rot_line_precue: ori = np.float64(236.26059232850363)
17.0660 	EXP 	rot_line_precue: ori = np.float64(236.75286258032497)
17.0745 	EXP 	rot_line_precue: ori = np.float64(237.05756708022875)
17.0828 	EXP 	rot_line_precue: ori = np.float64(237.37800428706288)
17.0910 	EXP 	rot_line_precue: ori = np.float64(237.84869575221902)
17.1003 	EXP 	rot_line_precue: ori = np.float64(238.1861093682414)
17.1088 	EXP 	rot_line_precue: ori = np.float64(238.8113557600773)
17.1168 	EXP 	rot_line_precue: ori = np.float64(239.15077645084858)
17.1249 	EXP 	rot_line_precue: ori = np.float64(239.46664680524609)
17.1331 	EXP 	rot_line_precue: ori = np.float64(239.8644726219311)
17.1415 	EXP 	rot_line_precue: ori = np.float64(240.17117243068836)
17.1503 	EXP 	rot_line_precue: ori = np.float64(240.4960854160353)
17.1580 	EXP 	rot_line_precue: ori = np.float64(240.9354490489865)
17.1662 	EXP 	rot_line_precue: ori = np.float64(241.30318798308892)
17.1749 	EXP 	rot_line_precue: ori = np.float64(241.94277841073395)
17.1831 	EXP 	rot_line_precue: ori = np.float64(242.3702478019874)
17.1919 	EXP 	rot_line_precue: ori = np.float64(243.00784647717603)
17.1999 	EXP 	rot_line_precue: ori = np.float64(243.7472386174683)
17.2082 	EXP 	rot_line_precue: ori = np.float64(244.09792570284452)
17.2168 	EXP 	rot_line_precue: ori = np.float64(244.4129009929434)
17.2249 	EXP 	rot_line_precue: ori = np.float64(244.77856645597308)
17.2331 	EXP 	rot_line_precue: ori = np.float64(245.4550542387796)
17.2417 	EXP 	rot_line_precue: ori = np.float64(245.8201229956056)
17.2498 	EXP 	rot_line_precue: ori = np.float64(246.13454718949)
17.2581 	EXP 	rot_line_precue: ori = np.float64(246.5272083787336)
17.2663 	EXP 	rot_line_precue: ori = np.float64(246.83962140950493)
17.2745 	EXP 	rot_line_precue: ori = np.float64(247.14863120653868)
17.2830 	EXP 	rot_line_precue: ori = np.float64(247.56154551400147)
17.2914 	EXP 	rot_line_precue: ori = np.float64(248.02029432535772)
17.2999 	EXP 	rot_line_precue: ori = np.float64(248.51754224095717)
17.3084 	EXP 	rot_line_precue: ori = np.float64(248.8147745449277)
17.3165 	EXP 	rot_line_precue: ori = np.float64(249.14773830273623)
17.3245 	EXP 	rot_line_precue: ori = np.float64(249.53637179403347)
17.3339 	EXP 	rot_line_precue: ori = np.float64(249.89560793606205)
17.3413 	EXP 	rot_line_precue: ori = np.float64(250.23559332626272)
17.3495 	EXP 	rot_line_precue: ori = np.float64(250.59653385401006)
17.3582 	EXP 	rot_line_precue: ori = np.float64(251.10936066956063)
17.3662 	EXP 	rot_line_precue: ori = np.float64(251.52602588630106)
17.3744 	EXP 	rot_line_precue: ori = np.float64(251.84357030596834)
17.3827 	EXP 	rot_line_precue: ori = np.float64(252.3431601767558)
17.3912 	EXP 	rot_line_precue: ori = np.float64(252.82876357163235)
17.3995 	EXP 	rot_line_precue: ori = np.float64(253.25798220131273)
17.4078 	EXP 	rot_line_precue: ori = np.float64(253.576657449492)
17.4162 	EXP 	rot_line_precue: ori = np.float64(253.96555508546678)
17.4244 	EXP 	rot_line_precue: ori = np.float64(254.26471629506486)
17.4333 	EXP 	rot_line_precue: ori = np.float64(254.62132331555398)
17.4413 	EXP 	rot_line_precue: ori = np.float64(255.05943786142666)
17.4495 	EXP 	rot_line_precue: ori = np.float64(255.56194637777295)
17.4582 	EXP 	rot_line_precue: ori = np.float64(255.89210472857462)
17.4666 	EXP 	rot_line_precue: ori = np.float64(256.24185395643605)
17.4753 	EXP 	rot_line_precue: ori = np.float64(256.59039088514714)
17.4834 	EXP 	rot_line_precue: ori = np.float64(257.00080250031505)
17.4917 	EXP 	rot_line_precue: ori = np.float64(257.5093168882904)
17.4997 	EXP 	rot_line_precue: ori = np.float64(257.93727111499896)
17.5084 	EXP 	rot_line_precue: ori = np.float64(258.3051085149846)
17.5166 	EXP 	rot_line_precue: ori = np.float64(258.8682467818638)
17.5248 	EXP 	rot_line_precue: ori = np.float64(259.28122785201293)
17.5329 	EXP 	rot_line_precue: ori = np.float64(259.6165561440841)
17.5414 	EXP 	rot_line_precue: ori = np.float64(259.9152160887156)
17.5495 	EXP 	rot_line_precue: ori = np.float64(260.4145956930574)
17.5578 	EXP 	rot_line_precue: ori = np.float64(260.7349750116923)
17.5661 	EXP 	rot_line_precue: ori = np.float64(261.03901698219534)
17.5745 	EXP 	rot_line_precue: ori = np.float64(261.344005962322)
17.5828 	EXP 	rot_line_precue: ori = np.float64(261.994121858261)
17.5916 	EXP 	rot_line_precue: ori = np.float64(262.3112449312771)
17.5995 	EXP 	rot_line_precue: ori = np.float64(263.0331572921368)
17.6078 	EXP 	rot_line_precue: ori = np.float64(263.3296335963162)
17.6164 	EXP 	rot_line_precue: ori = np.float64(263.740497161002)
17.6247 	EXP 	rot_line_precue: ori = np.float64(264.09411464435334)
17.6329 	EXP 	rot_line_precue: ori = np.float64(264.6068500766047)
17.6412 	EXP 	rot_line_precue: ori = np.float64(264.9868428485374)
17.6505 	EXP 	rot_line_precue: ori = np.float64(265.6528742950124)
17.6587 	EXP 	rot_line_precue: ori = np.float64(265.9645483869236)
17.6669 	EXP 	rot_line_precue: ori = np.float64(266.36798869738504)
17.6757 	EXP 	rot_line_precue: ori = np.float64(266.69756565177)
17.6838 	EXP 	rot_line_precue: ori = np.float64(267.0850735615254)
17.6956 	EXP 	rot_line_precue: ori = np.float64(267.6757667224795)
17.7065 	EXP 	rot_line_precue: ori = np.float64(268.0869278545296)
17.7150 	EXP 	rot_line_precue: ori = np.float64(268.770479445061)
17.7222 	EXP 	rot_line_precue: ori = np.float64(269.1797261666384)
17.7266 	EXP 	rot_line_precue: ori = np.float64(269.4962457363262)
17.7337 	EXP 	rot_line_precue: ori = np.float64(269.8523377109799)
17.7418 	EXP 	rot_line_precue: ori = np.float64(270.2150301842795)
17.7497 	EXP 	rot_line_precue: ori = np.float64(270.5442591711138)
17.7581 	EXP 	rot_line_precue: ori = np.float64(271.00929186993653)
17.7662 	EXP 	rot_line_precue: ori = np.float64(271.3379917956159)
17.7748 	EXP 	rot_line_precue: ori = np.float64(271.9791893033778)
17.7830 	EXP 	rot_line_precue: ori = np.float64(272.59353735124483)
17.7912 	EXP 	rot_line_precue: ori = np.float64(273.04001657875074)
17.7998 	EXP 	rot_line_precue: ori = np.float64(273.35185622167626)
17.8080 	EXP 	rot_line_precue: ori = np.float64(273.7456616309917)
17.8163 	EXP 	rot_line_precue: ori = np.float64(274.07354228626167)
17.8245 	EXP 	rot_line_precue: ori = np.float64(274.43882961032284)
17.8337 	EXP 	rot_line_precue: ori = np.float64(274.81048268749987)
17.8421 	EXP 	rot_line_precue: ori = np.float64(275.3253675277999)
17.8500 	EXP 	rot_line_precue: ori = np.float64(276.0601582253785)
17.8589 	EXP 	rot_line_precue: ori = np.float64(276.3586670816126)
17.8672 	EXP 	rot_line_precue: ori = np.float64(276.6729102315876)
17.8751 	EXP 	rot_line_precue: ori = np.float64(277.1397889636803)
17.8839 	EXP 	rot_line_precue: ori = np.float64(277.51196019469626)
17.8941 	EXP 	rot_line_precue: ori = np.float64(278.1209238068741)
17.9017 	EXP 	rot_line_precue: ori = np.float64(278.4842183076459)
17.9109 	EXP 	rot_line_precue: ori = np.float64(279.0128542208569)
17.9167 	EXP 	rot_line_precue: ori = np.float64(279.32963535913416)
17.9251 	EXP 	rot_line_precue: ori = np.float64(279.780259016261)
17.9331 	EXP 	rot_line_precue: ori = np.float64(280.4246151639689)
17.9413 	EXP 	rot_line_precue: ori = np.float64(280.7695039766824)
17.9496 	EXP 	rot_line_precue: ori = np.float64(281.0735311312441)
17.9578 	EXP 	rot_line_precue: ori = np.float64(281.4142704376733)
17.9664 	EXP 	rot_line_precue: ori = np.float64(281.72553428129237)
17.9745 	EXP 	rot_line_precue: ori = np.float64(282.3909645443766)
17.9828 	EXP 	rot_line_precue: ori = np.float64(282.72731882488443)
17.9914 	EXP 	rot_line_precue: ori = np.float64(283.05697860746653)
17.9995 	EXP 	rot_line_precue: ori = np.float64(283.4797423347326)
18.0078 	EXP 	rot_line_precue: ori = np.float64(283.77790866443803)
18.0164 	EXP 	rot_line_precue: ori = np.float64(284.2281400008223)
18.0254 	EXP 	rot_line_precue: ori = np.float64(284.6794290147128)
18.0334 	EXP 	rot_line_precue: ori = np.float64(284.9814468717043)
18.0418 	EXP 	rot_line_precue: ori = np.float64(285.60723390914006)
18.0499 	EXP 	rot_line_precue: ori = np.float64(285.9027052644473)
18.0584 	EXP 	rot_line_precue: ori = np.float64(286.32688652314346)
18.0674 	EXP 	rot_line_precue: ori = np.float64(286.7338118857799)
18.0749 	EXP 	rot_line_precue: ori = np.float64(287.0998929598841)
18.0834 	EXP 	rot_line_precue: ori = np.float64(287.45290807736035)
18.0918 	EXP 	rot_line_precue: ori = np.float64(287.7809743891475)
18.1003 	EXP 	rot_line_precue: ori = np.float64(288.1960264449472)
18.1079 	EXP 	rot_line_precue: ori = np.float64(288.52161346705907)
18.1176 	EXP 	rot_line_precue: ori = np.float64(288.83016934713754)
18.1252 	EXP 	rot_line_precue: ori = np.float64(289.14693893208783)
18.1329 	EXP 	rot_line_precue: ori = np.float64(289.77813177799413)
18.1411 	EXP 	rot_line_precue: ori = np.float64(290.07914187148515)
18.1497 	EXP 	rot_line_precue: ori = np.float64(290.7605470690148)
18.1580 	EXP 	rot_line_precue: ori = np.float64(291.0874991007399)
18.1666 	EXP 	rot_line_precue: ori = np.float64(291.3920760770262)
18.1747 	EXP 	rot_line_precue: ori = np.float64(291.71467535514415)
18.1829 	EXP 	rot_line_precue: ori = np.float64(292.4207262620283)
18.1911 	EXP 	rot_line_precue: ori = np.float64(292.83031066691683)
18.1997 	EXP 	rot_line_precue: ori = np.float64(293.22299078268924)
18.2086 	EXP 	rot_line_precue: ori = np.float64(293.6002648479498)
18.2169 	EXP 	rot_line_precue: ori = np.float64(293.9370394899745)
18.2257 	EXP 	rot_line_precue: ori = np.float64(294.2986393842972)
18.2339 	EXP 	rot_line_precue: ori = np.float64(294.75480090702337)
18.2419 	EXP 	rot_line_precue: ori = np.float64(295.26569972515716)
18.2506 	EXP 	rot_line_precue: ori = np.float64(295.6234786179546)
18.2630 	EXP 	rot_line_precue: ori = np.float64(295.95068991421687)
18.2733 	EXP 	rot_line_precue: ori = np.float64(296.323997369376)
18.2824 	EXP 	rot_line_precue: ori = np.float64(296.6498315017652)
18.2884 	EXP 	rot_line_precue: ori = np.float64(297.00510413940447)
18.2934 	EXP 	rot_line_precue: ori = np.float64(297.4557454060098)
18.2998 	EXP 	rot_line_precue: ori = np.float64(297.82128303327585)
18.3086 	EXP 	rot_line_precue: ori = np.float64(298.2635079519722)
18.3163 	EXP 	rot_line_precue: ori = np.float64(298.56681896831464)
18.3248 	EXP 	rot_line_precue: ori = np.float64(298.9301582172618)
18.3332 	EXP 	rot_line_precue: ori = np.float64(299.2739865925335)
18.3421 	EXP 	rot_line_precue: ori = np.float64(299.6247772484573)
18.3504 	EXP 	rot_line_precue: ori = np.float64(299.9500052052931)
18.3582 	EXP 	rot_line_precue: ori = np.float64(300.58794452660425)
18.3662 	EXP 	rot_line_precue: ori = np.float64(300.91935891196925)
18.3750 	EXP 	rot_line_precue: ori = np.float64(301.2490289458312)
18.3832 	EXP 	rot_line_precue: ori = np.float64(301.5449425757871)
18.3922 	EXP 	rot_line_precue: ori = np.float64(301.9498765912837)
18.4007 	EXP 	rot_line_precue: ori = np.float64(302.2582684510394)
18.4082 	EXP 	rot_line_precue: ori = np.float64(302.7607897420305)
18.4166 	EXP 	rot_line_precue: ori = np.float64(303.15216561563454)
18.4251 	EXP 	rot_line_precue: ori = np.float64(303.5038612469079)
18.4339 	EXP 	rot_line_precue: ori = np.float64(303.89355836161724)
18.4423 	EXP 	rot_line_precue: ori = np.float64(304.26700668461973)
18.4502 	EXP 	rot_line_precue: ori = np.float64(304.56356985132004)
18.4582 	EXP 	rot_line_precue: ori = np.float64(305.03813246983594)
18.4665 	EXP 	rot_line_precue: ori = np.float64(305.3366348296277)
18.4746 	EXP 	rot_line_precue: ori = np.float64(305.68994226962576)
18.4828 	EXP 	rot_line_precue: ori = np.float64(305.9973445453769)
18.4913 	EXP 	rot_line_precue: ori = np.float64(306.29285231557503)
18.4995 	EXP 	rot_line_precue: ori = np.float64(306.67553566730237)
18.5079 	EXP 	rot_line_precue: ori = np.float64(307.09847858014916)
18.5163 	EXP 	rot_line_precue: ori = np.float64(307.4609725279289)
18.5245 	EXP 	rot_line_precue: ori = np.float64(307.7905409835265)
18.5335 	EXP 	rot_line_precue: ori = np.float64(308.1229709779533)
18.5411 	EXP 	rot_line_precue: ori = np.float64(308.436444313717)
18.5495 	EXP 	rot_line_precue: ori = np.float64(308.7377789707706)
18.5579 	EXP 	rot_line_precue: ori = np.float64(309.38660853575215)
18.5661 	EXP 	rot_line_precue: ori = np.float64(309.7229685722967)
18.5747 	EXP 	rot_line_precue: ori = np.float64(310.25559081536636)
18.5835 	EXP 	rot_line_precue: ori = np.float64(310.59649392217955)
18.5918 	EXP 	rot_line_precue: ori = np.float64(310.9435943325108)
18.6000 	EXP 	rot_line_precue: ori = np.float64(311.3200852680901)
18.6085 	EXP 	rot_line_precue: ori = np.float64(311.61598669667933)
18.6166 	EXP 	rot_line_precue: ori = np.float64(311.9307483124468)
18.6249 	EXP 	rot_line_precue: ori = np.float64(312.421352656557)
18.6331 	EXP 	rot_line_precue: ori = np.float64(312.729499622307)
18.6416 	EXP 	rot_line_precue: ori = np.float64(313.03428217888575)
18.6496 	EXP 	rot_line_precue: ori = np.float64(313.3649011034134)
18.6579 	EXP 	rot_line_precue: ori = np.float64(313.71385800185163)
18.6662 	EXP 	rot_line_precue: ori = np.float64(314.15371141039344)
18.6745 	EXP 	rot_line_precue: ori = np.float64(314.5412264558922)
18.6829 	EXP 	rot_line_precue: ori = np.float64(315.0741294282416)
18.6911 	EXP 	rot_line_precue: ori = np.float64(315.38142484706924)
18.6995 	EXP 	rot_line_precue: ori = np.float64(315.6925239106855)
18.7078 	EXP 	rot_line_precue: ori = np.float64(316.099471024037)
18.7161 	EXP 	rot_line_precue: ori = np.float64(316.3992108489586)
18.7246 	EXP 	rot_line_precue: ori = np.float64(316.696831426041)
18.7329 	EXP 	rot_line_precue: ori = np.float64(317.4968306665073)
18.7412 	EXP 	rot_line_precue: ori = np.float64(317.81177698282426)
18.7494 	EXP 	rot_line_precue: ori = np.float64(318.285553145233)
18.7586 	EXP 	rot_line_precue: ori = np.float64(318.6005251669176)
18.7670 	EXP 	rot_line_precue: ori = np.float64(318.9220134113816)
18.7748 	EXP 	rot_line_precue: ori = np.float64(319.2570316676358)
18.7833 	EXP 	rot_line_precue: ori = np.float64(319.58031100601903)
18.7918 	EXP 	rot_line_precue: ori = np.float64(320.10854758156535)
18.8007 	EXP 	rot_line_precue: ori = np.float64(320.4337695390294)
18.8086 	EXP 	rot_line_precue: ori = np.float64(320.8911385310967)
18.8217 	EXP 	rot_line_precue: ori = np.float64(321.50432324868285)
18.8320 	EXP 	rot_line_precue: ori = np.float64(321.8932910610604)
18.8413 	EXP 	rot_line_precue: ori = np.float64(322.30442027870885)
18.8506 	EXP 	rot_line_precue: ori = np.float64(322.63322819962866)
18.8594 	EXP 	rot_line_precue: ori = np.float64(323.26873140269225)
18.8649 	EXP 	rot_line_precue: ori = np.float64(323.5853344238792)
18.8714 	EXP 	rot_line_precue: ori = np.float64(324.00669084332)
18.8778 	EXP 	rot_line_precue: ori = np.float64(324.3045230322874)
18.8861 	EXP 	rot_line_precue: ori = np.float64(324.6202541166852)
18.8941 	EXP 	rot_line_precue: ori = np.float64(324.9738110971014)
18.9025 	EXP 	rot_line_precue: ori = np.float64(325.26993299636445)
18.9106 	EXP 	rot_line_precue: ori = np.float64(325.6063958300573)
18.9164 	EXP 	rot_line_precue: ori = np.float64(326.3472327377219)
18.9251 	EXP 	rot_line_precue: ori = np.float64(326.6614747127662)
18.9258 	EXP 	New trial (rep=2, index=7): <Trial 7 (7 in rep 2) data={'pic_name': 'pics/left_hand.JPG', 'class_mi': 'left_hand', 'thisN': 7, 'thisTrialN': 7, 'thisRepN': 2}>
18.9330 	EXP 	hor_line_precue: autoDraw = False
18.9330 	EXP 	ver_line_precue: autoDraw = False
18.9330 	EXP 	rot_line_precue: autoDraw = False
18.9330 	EXP 	rot_line_precue: ori = np.float64(326.95701018520117)
18.9330 	EXP 	hor_line_precue: autoDraw = False
18.9330 	EXP 	ver_line_precue: autoDraw = False
18.9330 	EXP 	rot_line_precue: autoDraw = False
18.9330 	EXP 	hor_line_precue: autoDraw = True
18.9330 	EXP 	ver_line_precue: autoDraw = True
18.9330 	EXP 	rot_line_precue: autoDraw = True
18.9330 	EXP 	rot_line_precue: ori = np.float64(327.3959669836751)
18.9412 	EXP 	rot_line_precue: ori = np.float64(327.7074520546434)
18.9496 	EXP 	rot_line_precue: ori = np.float64(328.2770912763647)
18.9583 	EXP 	rot_line_precue: ori = np.float64(328.70782383238765)
18.9666 	EXP 	rot_line_precue: ori = np.float64(329.04084337692586)
18.9752 	EXP 	rot_line_precue: ori = np.float64(329.36880616012706)
18.9834 	EXP 	rot_line_precue: ori = np.float64(329.8773791620136)
18.9915 	EXP 	rot_line_precue: ori = np.float64(330.194313261479)
18.9997 	EXP 	rot_line_precue: ori = np.float64(330.5257624104504)
19.0083 	EXP 	rot_line_precue: ori = np.float64(330.9634545690236)
19.0171 	EXP 	rot_line_precue: ori = np.float64(331.30969929942285)
19.0246 	EXP 	rot_line_precue: ori = np.float64(331.6676383578417)
19.0329 	EXP 	rot_line_precue: ori = np.float64(331.99541850411606)
19.0414 	EXP 	rot_line_precue: ori = np.float64(332.7987271487078)
19.0496 	EXP 	rot_line_precue: ori = np.float64(333.1422956336459)
19.0579 	EXP 	rot_line_precue: ori = np.float64(333.46601071055426)
19.0663 	EXP 	rot_line_precue: ori = np.float64(333.88373021913225)
19.0749 	EXP 	rot_line_precue: ori = np.float64(334.48622524369716)
19.0829 	EXP 	rot_line_precue: ori = np.float64(334.78258636128726)
19.0924 	EXP 	rot_line_precue: ori = np.float64(335.082320633562)
19.0996 	EXP 	rot_line_precue: ori = np.float64(335.64099557684136)
19.1078 	EXP 	rot_line_precue: ori = np.float64(336.3318358701787)
19.1164 	EXP 	rot_line_precue: ori = np.float64(336.63410722556796)
19.1245 	EXP 	rot_line_precue: ori = np.float64(337.13015232511276)
19.1329 	EXP 	rot_line_precue: ori = np.float64(337.4640389887522)
19.1415 	EXP 	rot_line_precue: ori = np.float64(338.07318008363455)
19.1500 	EXP 	rot_line_precue: ori = np.float64(338.40405162877715)
19.1586 	EXP 	rot_line_precue: ori = np.float64(338.7118406462692)
19.1669 	EXP 	rot_line_precue: ori = np.float64(339.01106152662874)
19.1749 	EXP 	rot_line_precue: ori = np.float64(339.3467925567453)
19.1837 	EXP 	rot_line_precue: ori = np.float64(339.7365023357994)
19.1915 	EXP 	rot_line_precue: ori = np.float64(340.06758531254565)
19.1998 	EXP 	rot_line_precue: ori = np.float64(340.45264502821607)
19.2086 	EXP 	rot_line_precue: ori = np.float64(340.7561892443276)
19.2162 	EXP 	rot_line_precue: ori = np.float64(341.0622297020846)
19.2247 	EXP 	rot_line_precue: ori = np.float64(341.5266339936221)
19.2329 	EXP 	rot_line_precue: ori = np.float64(341.8268153307668)
19.2411 	EXP 	rot_line_precue: ori = np.float64(342.1292949215171)
19.2496 	EXP 	rot_line_precue: ori = np.float64(342.52802805601226)
19.2578 	EXP 	rot_line_precue: ori = np.float64(343.0711430600867)
19.2662 	EXP 	rot_line_precue: ori = np.float64(343.3725847613082)
19.2745 	EXP 	rot_line_precue: ori = np.float64(343.8035392078319)
19.2838 	EXP 	rot_line_precue: ori = np.float64(344.1260910910847)
19.2913 	EXP 	rot_line_precue: ori = np.float64(344.4276082745892)
19.2994 	EXP 	rot_line_precue: ori = np.float64(344.8827075309337)
19.3080 	EXP 	rot_line_precue: ori = np.float64(345.1918808524398)
19.3162 	EXP 	rot_line_precue: ori = np.float64(345.53992722135337)
19.3249 	EXP 	rot_line_precue: ori = np.float64(345.96756013912056)
19.3333 	EXP 	rot_line_precue: ori = np.float64(346.3038720573973)
19.3428 	EXP 	rot_line_precue: ori = np.float64(346.718082703366)
19.3502 	EXP 	rot_line_precue: ori = np.float64(347.12800493268867)
19.3583 	EXP 	rot_line_precue: ori = np.float64(347.44067359794235)
19.3665 	EXP 	rot_line_precue: ori = np.float64(347.89511822768907)
19.3748 	EXP 	rot_line_precue: ori = np.float64(348.5288109264988)
19.3831 	EXP 	rot_line_precue: ori = np.float64(348.82909662389477)
19.3914 	EXP 	rot_line_precue: ori = np.float64(349.3634930891065)
19.3996 	EXP 	rot_line_precue: ori = np.float64(349.7379493427059)
19.4082 	EXP 	rot_line_precue: ori = np.float64(350.11223301596675)
19.4164 	EXP 	rot_line_precue: ori = np.float64(350.54573619084397)
19.4245 	EXP 	rot_line_precue: ori = np.float64(350.8788460251673)
19.4328 	EXP 	rot_line_precue: ori = np.float64(351.23138651172843)
19.4412 	EXP 	rot_line_precue: ori = np.float64(351.5914505819779)
19.4495 	EXP 	rot_line_precue: ori = np.float64(351.8886339131181)
19.4579 	EXP 	rot_line_precue: ori = np.float64(352.3972471083117)
19.4662 	EXP 	rot_line_precue: ori = np.float64(352.7244886987086)
19.4745 	EXP 	rot_line_precue: ori = np.float64(353.1439964628021)
19.4828 	EXP 	rot_line_precue: ori = np.float64(353.8524047069982)
19.4920 	EXP 	rot_line_precue: ori = np.float64(354.1709773348718)
19.4997 	EXP 	rot_line_precue: ori = np.float64(354.48659635240284)
19.5085 	EXP 	rot_line_precue: ori = np.float64(354.7820485656942)
19.5167 	EXP 	rot_line_precue: ori = np.float64(355.08933620107683)
19.5252 	EXP 	rot_line_precue: ori = np.float64(355.4358007444756)
19.5336 	EXP 	rot_line_precue: ori = np.float64(355.77226688485644)
19.5417 	EXP 	rot_line_precue: ori = np.float64(356.14821625435303)
19.5502 	EXP 	rot_line_precue: ori = np.float64(356.5002824989089)
19.5585 	EXP 	rot_line_precue: ori = np.float64(356.9439477761343)
19.5665 	EXP 	rot_line_precue: ori = np.float64(357.244038579493)
19.5748 	EXP 	rot_line_precue: ori = np.float64(357.5729885343314)
19.5829 	EXP 	rot_line_precue: ori = np.float64(357.8752677544559)
19.5915 	EXP 	rot_line_precue: ori = np.float64(358.478287957401)
19.5995 	EXP 	rot_line_precue: ori = np.float64(358.85092630589315)
19.6079 	EXP 	rot_line_precue: ori = np.float64(359.2198863908823)
19.6164 	EXP 	rot_line_precue: ori = np.float64(359.64304638676333)
19.6246 	EXP 	rot_line_precue: ori = np.float64(0.22183324031692564)
19.6327 	EXP 	rot_line_precue: ori = np.float64(0.577505900847489)
19.6411 	EXP 	rot_line_precue: ori = np.float64(0.8787619841826915)
19.6498 	EXP 	rot_line_precue: ori = np.float64(1.3154307172376911)
19.6579 	EXP 	rot_line_precue: ori = np.float64(1.6141233033990172)
19.6661 	EXP 	rot_line_precue: ori = np.float64(1.9618972002844375)
19.6746 	EXP 	rot_line_precue: ori = np.float64(2.2770169915196696)
19.6831 	EXP 	rot_line_precue: ori = np.float64(2.6153287960202563)
19.6917 	EXP 	rot_line_precue: ori = np.float64(2.920248831386343)
19.6999 	EXP 	rot_line_precue: ori = np.float64(3.2276522532755574)
19.7082 	EXP 	rot_line_precue: ori = np.float64(3.534791464948904)
19.7167 	EXP 	rot_line_precue: ori = np.float64(3.8365387419947337)
19.7250 	EXP 	rot_line_precue: ori = np.float64(4.189193001877717)
19.7338 	EXP 	rot_line_precue: ori = np.float64(4.5110484688275925)
19.7418 	EXP 	rot_line_precue: ori = np.float64(4.825708074226601)
19.7497 	EXP 	rot_line_precue: ori = np.float64(5.360898584446559)
19.7581 	EXP 	rot_line_precue: ori = np.float64(5.664368603379571)
19.7663 	EXP 	rot_line_precue: ori = np.float64(6.049668374252785)
19.7748 	EXP 	rot_line_precue: ori = np.float64(6.391541520473709)
19.7830 	EXP 	rot_line_precue: ori = np.float64(6.80615581638944)
19.7913 	EXP 	rot_line_precue: ori = np.float64(7.116676754853906)
19.7995 	EXP 	rot_line_precue: ori = np.float64(7.429716259700979)
19.8080 	EXP 	rot_line_precue: ori = np.float64(7.740007419790974)
19.8163 	EXP 	rot_line_precue: ori = np.float64(8.10214398344773)
19.8248 	EXP 	rot_line_precue: ori = np.float64(8.456631867338169)
19.8332 	EXP 	rot_line_precue: ori = np.float64(8.7543225399003)
19.8413 	EXP 	rot_line_precue: ori = np.float64(9.318875477329588)
19.8498 	EXP 	rot_line_precue: ori = np.float64(9.6319589465111)
19.8581 	EXP 	rot_line_precue: ori = np.float64(9.93691204902398)
19.8664 	EXP 	rot_line_precue: ori = np.float64(10.72977962541123)
19.8750 	EXP 	rot_line_precue: ori = np.float64(11.137379734407178)
19.8835 	EXP 	rot_line_precue: ori = np.float64(11.934800321710451)
19.8921 	EXP 	rot_line_precue: ori = np.float64(12.286470984307517)
19.9002 	EXP 	rot_line_precue: ori = np.float64(12.979565022286845)
19.9090 	EXP 	rot_line_precue: ori = np.float64(13.419388362823629)
19.9170 	EXP 	rot_line_precue: ori = np.float64(13.947740685458298)
19.9257 	EXP 	rot_line_precue: ori = np.float64(14.270142351108674)
19.9368 	EXP 	rot_line_precue: ori = np.float64(14.660030573007706)
19.9430 	EXP 	rot_line_precue: ori = np.float64(15.3712067413169)
19.9506 	EXP 	rot_line_precue: ori = np.float64(15.855179088039407)
19.9589 	EXP 	rot_line_precue: ori = np.float64(16.230386635889282)
19.9664 	EXP 	rot_line_precue: ori = np.float64(16.590675674519034)
19.9747 	EXP 	rot_line_precue: ori = np.float64(16.901530194971112)
19.9831 	EXP 	rot_line_precue: ori = np.float64(17.333821572757262)
19.9915 	EXP 	rot_line_precue: ori = np.float64(17.677308916851032)
19.9996 	EXP 	rot_line_precue: ori = np.float64(17.98441622711521)
20.0082 	EXP 	rot_line_precue: ori = np.float64(18.498898891834813)
20.0165 	EXP 	rot_line_precue: ori = np.float64(18.818775479507963)
20.0246 	EXP 	rot_line_precue: ori = np.float64(19.154160984239432)
20.0332 	EXP 	rot_line_precue: ori = np.float64(19.491091291446402)
20.0421 	EXP 	rot_line_precue: ori = np.float64(19.852192629419346)
20.0497 	EXP 	rot_line_precue: ori = np.float64(20.153761824362917)
20.0591 	EXP 	rot_line_precue: ori = np.float64(20.508813443233002)
20.0673 	EXP 	rot_line_precue: ori = np.float64(20.89628568010673)
20.0759 	EXP 	rot_line_precue: ori = np.float64(21.395009390442294)
20.0854 	EXP 	rot_line_precue: ori = np.float64(21.70350550796425)
20.0949 	EXP 	rot_line_precue: ori = np.float64(22.03785980184382)
20.1064 	EXP 	rot_line_precue: ori = np.float64(22.81398418847279)
20.1157 	EXP 	rot_line_precue: ori = np.float64(23.503269440542926)
20.1249 	EXP 	rot_line_precue: ori = np.float64(23.911350021059846)
20.1337 	EXP 	rot_line_precue: ori = np.float64(24.285956359456055)
20.1397 	EXP 	rot_line_precue: ori = np.float64(24.73000169785396)
20.1435 	EXP 	rot_line_precue: ori = np.float64(25.03181554642944)
20.1505 	EXP 	rot_line_precue: ori = np.float64(25.336627670718528)
20.1579 	EXP 	rot_line_precue: ori = np.float64(25.676172512861033)
20.1662 	EXP 	rot_line_precue: ori = np.float64(26.128989117309114)
20.1746 	EXP 	rot_line_precue: ori = np.float64(26.4602324543112)
20.1829 	EXP 	rot_line_precue: ori = np.float64(26.840775062327427)
20.1912 	EXP 	rot_line_precue: ori = np.float64(27.20809170093004)
20.1997 	EXP 	rot_line_precue: ori = np.float64(27.50785139557293)
20.2079 	EXP 	rot_line_precue: ori = np.float64(27.812393821083614)
20.2162 	EXP 	rot_line_precue: ori = np.float64(28.139700252168716)
20.2249 	EXP 	rot_line_precue: ori = np.float64(28.530106315110505)
20.2330 	EXP 	rot_line_precue: ori = np.float64(28.95764378553165)
20.2418 	EXP 	rot_line_precue: ori = np.float64(29.26113287012647)
20.2507 	EXP 	rot_line_precue: ori = np.float64(29.58551566869691)
20.2582 	EXP 	rot_line_precue: ori = np.float64(29.889366428613407)
20.2670 	EXP 	rot_line_precue: ori = np.float64(30.239114958315024)
20.2752 	EXP 	rot_line_precue: ori = np.float64(30.553958858647892)
20.2833 	EXP 	rot_line_precue: ori = np.float64(31.058611486614158)
20.2919 	EXP 	rot_line_precue: ori = np.float64(31.38096669092549)
20.3001 	EXP 	rot_line_precue: ori = np.float64(31.70775531886021)
20.3081 	EXP 	rot_line_precue: ori = np.float64(32.017429693986365)
20.3163 	EXP 	rot_line_precue: ori = np.float64(32.36948242487424)
20.3247 	EXP 	rot_line_precue: ori = np.float64(32.8728651428574)
20.3331 	EXP 	rot_line_precue: ori = np.float64(33.358768620008696)
20.3412 	EXP 	rot_line_precue: ori = np.float64(33.70753509197211)
20.3494 	EXP 	rot_line_precue: ori = np.float64(34.06846045359008)
20.3584 	EXP 	rot_line_precue: ori = np.float64(34.50499813083285)
20.3668 	EXP 	rot_line_precue: ori = np.float64(35.16375513195602)
20.3746 	EXP 	rot_line_precue: ori = np.float64(35.55722023956736)
20.3834 	EXP 	rot_line_precue: ori = np.float64(35.854673757661345)
20.3913 	EXP 	rot_line_precue: ori = np.float64(36.191262641304526)
20.4002 	EXP 	rot_line_precue: ori = np.float64(36.60478164624326)
20.4078 	EXP 	rot_line_precue: ori = np.float64(37.08775375636696)
20.4165 	EXP 	rot_line_precue: ori = np.float64(37.415786016142896)
20.4251 	EXP 	rot_line_precue: ori = np.float64(37.94041794231009)
20.4333 	EXP 	rot_line_precue: ori = np.float64(38.23730206195788)
20.4420 	EXP 	rot_line_precue: ori = np.float64(38.53355784611285)
20.4502 	EXP 	rot_line_precue: ori = np.float64(38.880248418318025)
20.4586 	EXP 	rot_line_precue: ori = np.float64(39.2390466226223)
20.4667 	EXP 	rot_line_precue: ori = np.float64(39.71333169743662)
20.4752 	EXP 	rot_line_precue: ori = np.float64(40.034378076294175)
20.4832 	EXP 	rot_line_precue: ori = np.float64(40.39647990752101)
20.4920 	EXP 	rot_line_precue: ori = np.float64(40.7246627086254)
20.4996 	EXP 	rot_line_precue: ori = np.float64(41.12539940508548)
20.5080 	EXP 	rot_line_precue: ori = np.float64(41.43996016542568)
20.5164 	EXP 	rot_line_precue: ori = np.float64(41.99489564957718)
20.5246 	EXP 	rot_line_precue: ori = np.float64(42.348737643676145)
20.5329 	EXP 	rot_line_precue: ori = np.float64(43.14273361459266)
20.5413 	EXP 	rot_line_precue: ori = np.float64(43.447721330825395)
20.5495 	EXP 	rot_line_precue: ori = np.float64(43.77177205085354)
20.5579 	EXP 	rot_line_precue: ori = np.float64(44.292512450573795)
20.5663 	EXP 	rot_line_precue: ori = np.float64(44.60874723185737)
20.5746 	EXP 	rot_line_precue: ori = np.float64(44.9351762806445)
20.5833 	EXP 	rot_line_precue: ori = np.float64(45.25929039122505)
20.5917 	EXP 	rot_line_precue: ori = np.float64(45.62722761867245)
20.5999 	EXP 	rot_line_precue: ori = np.float64(46.01410954320667)
20.6084 	EXP 	rot_line_precue: ori = np.float64(46.32188242112026)
20.6164 	EXP 	rot_line_precue: ori = np.float64(46.68275186140439)
20.6247 	EXP 	rot_line_precue: ori = np.float64(47.12816906216843)
20.6333 	EXP 	rot_line_precue: ori = np.float64(47.51006989463972)
20.6416 	EXP 	rot_line_precue: ori = np.float64(47.80683057103623)
20.6499 	EXP 	rot_line_precue: ori = np.float64(48.135943807573625)
20.6584 	EXP 	rot_line_precue: ori = np.float64(48.53774789530745)
20.6673 	EXP 	rot_line_precue: ori = np.float64(48.86068669897953)
20.6754 	EXP 	rot_line_precue: ori = np.float64(49.22080697821908)
20.6830 	EXP 	rot_line_precue: ori = np.float64(49.58363028620094)
20.6915 	EXP 	rot_line_precue: ori = np.float64(49.90544800982173)
20.6997 	EXP 	rot_line_precue: ori = np.float64(50.25713917413412)
20.7079 	EXP 	rot_line_precue: ori = np.float64(50.64260734187864)
20.7162 	EXP 	rot_line_precue: ori = np.float64(51.193332469790015)
20.7246 	EXP 	rot_line_precue: ori = np.float64(51.7178441816105)
20.7329 	EXP 	rot_line_precue: ori = np.float64(52.50757936028585)
20.7413 	EXP 	rot_line_precue: ori = np.float64(52.91503867374948)
20.7496 	EXP 	rot_line_precue: ori = np.float64(53.22062020778061)
20.7581 	EXP 	rot_line_precue: ori = np.float64(53.849076427653735)
20.7667 	EXP 	rot_line_precue: ori = np.float64(54.1612626191001)
20.7749 	EXP 	rot_line_precue: ori = np.float64(54.47691099902597)
20.7831 	EXP 	rot_line_precue: ori = np.float64(54.83570972705459)
20.7912 	EXP 	rot_line_precue: ori = np.float64(55.140816181305944)
20.7997 	EXP 	rot_line_precue: ori = np.float64(55.7671816817085)
20.8083 	EXP 	rot_line_precue: ori = np.float64(56.211905740608564)
20.8168 	EXP 	rot_line_precue: ori = np.float64(56.59284529486698)
20.8250 	EXP 	rot_line_precue: ori = np.float64(57.021873367746096)
20.8332 	EXP 	rot_line_precue: ori = np.float64(57.61488303238913)
20.8414 	EXP 	rot_line_precue: ori = np.float64(58.31465333145382)
20.8498 	EXP 	rot_line_precue: ori = np.float64(58.635255886379426)
20.8580 	EXP 	rot_line_precue: ori = np.float64(58.94815740400352)
20.8664 	EXP 	rot_line_precue: ori = np.float64(59.24356739192748)
20.8745 	EXP 	rot_line_precue: ori = np.float64(59.58210275727744)
20.8833 	EXP 	rot_line_precue: ori = np.float64(60.18753376287552)
20.8913 	EXP 	rot_line_precue: ori = np.float64(60.49235863245461)
20.8996 	EXP 	rot_line_precue: ori = np.float64(60.80873238787584)
20.9081 	EXP 	rot_line_precue: ori = np.float64(61.40355566581369)
20.9162 	EXP 	rot_line_precue: ori = np.float64(61.74892245793005)
20.9171 	EXP 	New trial (rep=2, index=8): <Trial 8 (8 in rep 2) data={'pic_name': 'pics/none.JPG', 'class_mi': 'rest', 'thisN': 8, 'thisTrialN': 8, 'thisRepN': 2}>
20.9249 	EXP 	hor_line_precue: autoDraw = False
20.9249 	EXP 	ver_line_precue: autoDraw = False
20.9249 	EXP 	rot_line_precue: autoDraw = False
20.9249 	EXP 	rot_line_precue: ori = np.float64(62.251561795115975)
20.9249 	EXP 	hor_line_precue: autoDraw = False
20.9249 	EXP 	ver_line_precue: autoDraw = False
20.9249 	EXP 	rot_line_precue: autoDraw = False
20.9249 	EXP 	hor_line_precue: autoDraw = True
20.9249 	EXP 	ver_line_precue: autoDraw = True
20.9249 	EXP 	rot_line_precue: autoDraw = True
20.9249 	EXP 	rot_line_precue: ori = np.float64(62.548330154079544)
20.9333 	EXP 	rot_line_precue: ori = np.float64(62.946599852485846)
20.9415 	EXP 	rot_line_precue: ori = np.float64(63.34553197363941)
20.9501 	EXP 	rot_line_precue: ori = np.float64(63.653010441187156)
20.9585 	EXP 	rot_line_precue: ori = np.float64(64.01851797218296)
20.9663 	EXP 	rot_line_precue: ori = np.float64(64.35015440530012)
20.9751 	EXP 	rot_line_precue: ori = np.float64(64.70239125214901)
20.9836 	EXP 	rot_line_precue: ori = np.float64(65.12361008083535)
20.9916 	EXP 	rot_line_precue: ori = np.float64(65.4703887377732)
21.0001 	EXP 	rot_line_precue: ori = np.float64(65.97131308202611)
21.0083 	EXP 	rot_line_precue: ori = np.float64(66.37707132432571)
21.0163 	EXP 	rot_line_precue: ori = np.float64(66.73340532739012)
21.0246 	EXP 	rot_line_precue: ori = np.float64(67.07031077430781)
21.0332 	EXP 	rot_line_precue: ori = np.float64(67.38183615038602)
21.0414 	EXP 	rot_line_precue: ori = np.float64(67.95645545336501)
21.0495 	EXP 	rot_line_precue: ori = np.float64(68.32058478514004)
21.0579 	EXP 	rot_line_precue: ori = np.float64(68.86905958697302)
21.0668 	EXP 	rot_line_precue: ori = np.float64(69.16452116760915)
21.0745 	EXP 	rot_line_precue: ori = np.float64(69.57618834804494)
21.0841 	EXP 	rot_line_precue: ori = np.float64(69.91303911871927)
21.0915 	EXP 	rot_line_precue: ori = np.float64(70.29020785702744)
21.0995 	EXP 	rot_line_precue: ori = np.float64(70.67179943024466)
21.1085 	EXP 	rot_line_precue: ori = np.float64(70.99332548442902)
21.1166 	EXP 	rot_line_precue: ori = np.float64(71.48751887164659)
21.1248 	EXP 	rot_line_precue: ori = np.float64(71.78279557225059)
21.1333 	EXP 	rot_line_precue: ori = np.float64(72.10793785188768)
21.1422 	EXP 	rot_line_precue: ori = np.float64(72.40395807795758)
21.1498 	EXP 	rot_line_precue: ori = np.float64(72.71981708972235)
21.1584 	EXP 	rot_line_precue: ori = np.float64(73.1101091230279)
21.1669 	EXP 	rot_line_precue: ori = np.float64(73.67537523012656)
21.1748 	EXP 	rot_line_precue: ori = np.float64(73.97149216799473)
21.1830 	EXP 	rot_line_precue: ori = np.float64(74.31282303755417)
21.1915 	EXP 	rot_line_precue: ori = np.float64(74.66127800244216)
21.2004 	EXP 	rot_line_precue: ori = np.float64(74.96177998370592)
21.2080 	EXP 	rot_line_precue: ori = np.float64(75.25788716225225)
21.2165 	EXP 	rot_line_precue: ori = np.float64(75.74951274381824)
21.2247 	EXP 	rot_line_precue: ori = np.float64(76.07931578304574)
21.2329 	EXP 	rot_line_precue: ori = np.float64(76.37823766132281)
21.2413 	EXP 	rot_line_precue: ori = np.float64(76.93666896897622)
21.2505 	EXP 	rot_line_precue: ori = np.float64(77.3505491614461)
21.2579 	EXP 	rot_line_precue: ori = np.float64(77.7102506027305)
21.2662 	EXP 	rot_line_precue: ori = np.float64(78.02237602930967)
21.2747 	EXP 	rot_line_precue: ori = np.float64(78.75832792841548)
21.2828 	EXP 	rot_line_precue: ori = np.float64(79.14185940013681)
21.2920 	EXP 	rot_line_precue: ori = np.float64(79.45693710363737)
21.3006 	EXP 	rot_line_precue: ori = np.float64(79.80481173512351)
21.3084 	EXP 	rot_line_precue: ori = np.float64(80.19151965496316)
21.3169 	EXP 	rot_line_precue: ori = np.float64(80.68568337577469)
21.3251 	EXP 	rot_line_precue: ori = np.float64(81.03205329082586)
21.3333 	EXP 	rot_line_precue: ori = np.float64(81.46798670009879)
21.3423 	EXP 	rot_line_precue: ori = np.float64(81.96168961143064)
21.3502 	EXP 	rot_line_precue: ori = np.float64(82.30880386798346)
21.3582 	EXP 	rot_line_precue: ori = np.float64(82.74545787381854)
21.3663 	EXP 	rot_line_precue: ori = np.float64(83.19574016816985)
21.3748 	EXP 	rot_line_precue: ori = np.float64(83.54252736432846)
21.3830 	EXP 	rot_line_precue: ori = np.float64(84.15785429505817)
21.3913 	EXP 	rot_line_precue: ori = np.float64(84.46741579685474)
21.3994 	EXP 	rot_line_precue: ori = np.float64(84.95910414992235)
21.4080 	EXP 	rot_line_precue: ori = np.float64(85.28189832401544)
21.4162 	EXP 	rot_line_precue: ori = np.float64(85.94833373153942)
21.4244 	EXP 	rot_line_precue: ori = np.float64(86.31604309605055)
21.4329 	EXP 	rot_line_precue: ori = np.float64(86.81299735488126)
21.4411 	EXP 	rot_line_precue: ori = np.float64(87.18640276589936)
21.4495 	EXP 	rot_line_precue: ori = np.float64(87.4914355790501)
21.4581 	EXP 	rot_line_precue: ori = np.float64(87.92051848186331)
21.4662 	EXP 	rot_line_precue: ori = np.float64(88.37251062204291)
21.4746 	EXP 	rot_line_precue: ori = np.float64(88.97641024592244)
21.4830 	EXP 	rot_line_precue: ori = np.float64(89.37874467139928)
21.4915 	EXP 	rot_line_precue: ori = np.float64(89.96108454611205)
21.5002 	EXP 	rot_line_precue: ori = np.float64(90.29611404044903)
21.5090 	EXP 	rot_line_precue: ori = np.float64(90.5977758351734)
21.5166 	EXP 	rot_line_precue: ori = np.float64(90.90179232641866)
21.5251 	EXP 	rot_line_precue: ori = np.float64(91.25197268937264)
21.5340 	EXP 	rot_line_precue: ori = np.float64(91.62194414001794)
21.5417 	EXP 	rot_line_precue: ori = np.float64(92.01521553256427)
21.5496 	EXP 	rot_line_precue: ori = np.float64(92.39930627741198)
21.5583 	EXP 	rot_line_precue: ori = np.float64(93.01880106381832)
21.5665 	EXP 	rot_line_precue: ori = np.float64(93.4010001993206)
21.5747 	EXP 	rot_line_precue: ori = np.float64(93.8993886083945)
21.5829 	EXP 	rot_line_precue: ori = np.float64(94.63120286711136)
21.5914 	EXP 	rot_line_precue: ori = np.float64(95.0302435923741)
21.5996 	EXP 	rot_line_precue: ori = np.float64(95.34800066892771)
21.6079 	EXP 	rot_line_precue: ori = np.float64(95.6475335103402)
21.6162 	EXP 	rot_line_precue: ori = np.float64(96.15861784130874)
21.6246 	EXP 	rot_line_precue: ori = np.float64(96.50000372188596)
21.6329 	EXP 	rot_line_precue: ori = np.float64(96.8213886043362)
21.6414 	EXP 	rot_line_precue: ori = np.float64(97.23768234261138)
21.6495 	EXP 	rot_line_precue: ori = np.float64(97.54673026428364)
21.6583 	EXP 	rot_line_precue: ori = np.float64(97.9303534634361)
21.6668 	EXP 	rot_line_precue: ori = np.float64(98.41890998090952)
21.6749 	EXP 	rot_line_precue: ori = np.float64(98.71556527286958)
21.6836 	EXP 	rot_line_precue: ori = np.float64(99.05834917358435)
21.6917 	EXP 	rot_line_precue: ori = np.float64(99.4698391835445)
21.7006 	EXP 	rot_line_precue: ori = np.float64(99.77205625385474)
21.7085 	EXP 	rot_line_precue: ori = np.float64(100.06736631343115)
21.7167 	EXP 	rot_line_precue: ori = np.float64(100.38984270563849)
21.7249 	EXP 	rot_line_precue: ori = np.float64(100.71425887635976)
21.7331 	EXP 	rot_line_precue: ori = np.float64(101.02168514883438)
21.7416 	EXP 	rot_line_precue: ori = np.float64(101.76020617247569)
21.7499 	EXP 	rot_line_precue: ori = np.float64(102.32630988113094)
21.7580 	EXP 	rot_line_precue: ori = np.float64(102.81403167914199)
21.7661 	EXP 	rot_line_precue: ori = np.float64(103.18267133278859)
21.7746 	EXP 	rot_line_precue: ori = np.float64(103.51591962633157)
21.7828 	EXP 	rot_line_precue: ori = np.float64(104.07314823611632)
21.7911 	EXP 	rot_line_precue: ori = np.float64(104.612561101947)
21.7999 	EXP 	rot_line_precue: ori = np.float64(104.9285737780079)
21.8080 	EXP 	rot_line_precue: ori = np.float64(105.22855882581634)
21.8162 	EXP 	rot_line_precue: ori = np.float64(105.66447283659946)
21.8247 	EXP 	rot_line_precue: ori = np.float64(106.06307021912784)
21.8329 	EXP 	rot_line_precue: ori = np.float64(106.36222773250869)
21.8419 	EXP 	rot_line_precue: ori = np.float64(106.81089331689375)
21.8498 	EXP 	rot_line_precue: ori = np.float64(107.2269701720462)
21.8583 	EXP 	rot_line_precue: ori = np.float64(107.69857006925314)
21.8668 	EXP 	rot_line_precue: ori = np.float64(108.12537472800499)
21.8752 	EXP 	rot_line_precue: ori = np.float64(108.61419754665533)
21.8833 	EXP 	rot_line_precue: ori = np.float64(109.08447842356594)
21.8919 	EXP 	rot_line_precue: ori = np.float64(109.4593985932458)
21.8999 	EXP 	rot_line_precue: ori = np.float64(109.8099064314321)
21.9083 	EXP 	rot_line_precue: ori = np.float64(110.18823152094548)
21.9163 	EXP 	rot_line_precue: ori = np.float64(110.90009623670124)
21.9248 	EXP 	rot_line_precue: ori = np.float64(111.25991128200087)
21.9332 	EXP 	rot_line_precue: ori = np.float64(111.60589454426939)
21.9412 	EXP 	rot_line_precue: ori = np.float64(112.04056316005781)
21.9495 	EXP 	rot_line_precue: ori = np.float64(112.6701368924952)
21.9581 	EXP 	rot_line_precue: ori = np.float64(113.03525105153994)
21.9662 	EXP 	rot_line_precue: ori = np.float64(113.35555569828469)
21.9746 	EXP 	rot_line_precue: ori = np.float64(113.74281696844214)
21.9831 	EXP 	rot_line_precue: ori = np.float64(114.44958763422254)
21.9913 	EXP 	rot_line_precue: ori = np.float64(114.82497848054825)
21.9996 	EXP 	rot_line_precue: ori = np.float64(115.42925771665016)
22.0082 	EXP 	rot_line_precue: ori = np.float64(116.20967875035262)
22.0163 	EXP 	rot_line_precue: ori = np.float64(116.5231043932337)
22.0250 	EXP 	rot_line_precue: ori = np.float64(116.82301665660175)
22.0335 	EXP 	rot_line_precue: ori = np.float64(117.16346988308405)
22.0417 	EXP 	rot_line_precue: ori = np.float64(117.55505659391112)
22.0502 	EXP 	rot_line_precue: ori = np.float64(117.93900915429866)
22.0590 	EXP 	rot_line_precue: ori = np.float64(118.24548429121555)
22.0667 	EXP 	rot_line_precue: ori = np.float64(118.7230734439715)
22.0748 	EXP 	rot_line_precue: ori = np.float64(119.07231412497707)
22.0832 	EXP 	rot_line_precue: ori = np.float64(119.58270288970735)
22.0915 	EXP 	rot_line_precue: ori = np.float64(120.16176282709635)
22.0997 	EXP 	rot_line_precue: ori = np.float64(120.69868341082741)
22.1083 	EXP 	rot_line_precue: ori = np.float64(121.04122507459559)
22.1164 	EXP 	rot_line_precue: ori = np.float64(121.39347430042844)
22.1246 	EXP 	rot_line_precue: ori = np.float64(121.7252839920334)
22.1329 	EXP 	rot_line_precue: ori = np.float64(122.10347746496005)
22.1413 	EXP 	rot_line_precue: ori = np.float64(122.4026620129688)
22.1495 	EXP 	rot_line_precue: ori = np.float64(122.74133937265987)
22.1578 	EXP 	rot_line_precue: ori = np.float64(123.15939161353987)
22.1663 	EXP 	rot_line_precue: ori = np.float64(123.45580035385564)
22.1746 	EXP 	rot_line_precue: ori = np.float64(123.80643533679826)
22.1828 	EXP 	rot_line_precue: ori = np.float64(124.20385939899988)
22.1912 	EXP 	rot_line_precue: ori = np.float64(124.7968984956162)
22.2002 	EXP 	rot_line_precue: ori = np.float64(125.12936781851715)
22.2085 	EXP 	rot_line_precue: ori = np.float64(125.55727600019068)
22.2169 	EXP 	rot_line_precue: ori = np.float64(125.85561168680144)
22.2256 	EXP 	rot_line_precue: ori = np.float64(126.44696086471718)
22.2336 	EXP 	rot_line_precue: ori = np.float64(126.86146284462818)
22.2424 	EXP 	rot_line_precue: ori = np.float64(127.24693605124912)
22.2497 	EXP 	rot_line_precue: ori = np.float64(127.59923699247285)
22.2586 	EXP 	rot_line_precue: ori = np.float64(127.90624132425353)
22.2665 	EXP 	rot_line_precue: ori = np.float64(128.56478802305534)
22.2753 	EXP 	rot_line_precue: ori = np.float64(128.89007591440725)
22.2831 	EXP 	rot_line_precue: ori = np.float64(129.23675845750486)
22.2913 	EXP 	rot_line_precue: ori = np.float64(129.54805609934613)
22.2996 	EXP 	rot_line_precue: ori = np.float64(130.10427645648244)
22.3078 	EXP 	rot_line_precue: ori = np.float64(130.62252716159276)
22.3162 	EXP 	rot_line_precue: ori = np.float64(131.05546191789307)
22.3247 	EXP 	rot_line_precue: ori = np.float64(131.65525608459285)
22.3329 	EXP 	rot_line_precue: ori = np.float64(131.95793437266659)
22.3413 	EXP 	rot_line_precue: ori = np.float64(132.26686252367034)
22.3497 	EXP 	rot_line_precue: ori = np.float64(132.59426256692177)
22.3580 	EXP 	rot_line_precue: ori = np.float64(132.94547605848172)
22.3668 	EXP 	rot_line_precue: ori = np.float64(133.59295599210043)
22.3747 	EXP 	rot_line_precue: ori = np.float64(134.21344034662792)
22.3832 	EXP 	rot_line_precue: ori = np.float64(134.64960430572154)
22.3919 	EXP 	rot_line_precue: ori = np.float64(135.02278365217765)
22.4000 	EXP 	rot_line_precue: ori = np.float64(135.38887778430254)
22.4083 	EXP 	rot_line_precue: ori = np.float64(135.86908597517535)
22.4169 	EXP 	rot_line_precue: ori = np.float64(136.27072373575743)
22.4257 	EXP 	rot_line_precue: ori = np.float64(136.83817996879077)
22.4332 	EXP 	rot_line_precue: ori = np.float64(137.21491868002042)
22.4419 	EXP 	rot_line_precue: ori = np.float64(137.77499304494685)
22.4508 	EXP 	rot_line_precue: ori = np.float64(138.18510902790453)
22.4590 	EXP 	rot_line_precue: ori = np.float64(138.49218369497083)
22.4664 	EXP 	rot_line_precue: ori = np.float64(139.06303257821384)
22.4750 	EXP 	rot_line_precue: ori = np.float64(139.38712709583814)
22.4833 	EXP 	rot_line_precue: ori = np.float64(139.75806719447766)
22.4915 	EXP 	rot_line_precue: ori = np.float64(140.29983555694182)
22.4999 	EXP 	rot_line_precue: ori = np.float64(140.66055809311862)
22.5082 	EXP 	rot_line_precue: ori = np.float64(140.99638071701403)
22.5164 	EXP 	rot_line_precue: ori = np.float64(141.3883647016348)
22.5246 	EXP 	rot_line_precue: ori = np.float64(141.73890024292953)
22.5330 	EXP 	rot_line_precue: ori = np.float64(142.49351206375454)
22.5412 	EXP 	rot_line_precue: ori = np.float64(142.8552419345907)
22.5496 	EXP 	rot_line_precue: ori = np.float64(143.17287663623688)
22.5581 	EXP 	rot_line_precue: ori = np.float64(143.49721121462565)
22.5664 	EXP 	rot_line_precue: ori = np.float64(143.88653370670102)
22.5751 	EXP 	rot_line_precue: ori = np.float64(144.54619782198506)
22.5835 	EXP 	rot_line_precue: ori = np.float64(145.1796915217725)
22.5922 	EXP 	rot_line_precue: ori = np.float64(145.57009902395816)
22.6005 	EXP 	rot_line_precue: ori = np.float64(146.28757642943697)
22.6085 	EXP 	rot_line_precue: ori = np.float64(146.6457418044566)
22.6167 	EXP 	rot_line_precue: ori = np.float64(147.00410220803855)
22.6247 	EXP 	rot_line_precue: ori = np.float64(147.31665635080927)
22.6333 	EXP 	rot_line_precue: ori = np.float64(147.8837285206272)
22.6415 	EXP 	rot_line_precue: ori = np.float64(148.37390327155902)
22.6498 	EXP 	rot_line_precue: ori = np.float64(148.71897976512983)
22.6579 	EXP 	rot_line_precue: ori = np.float64(149.05716005733615)
22.6664 	EXP 	rot_line_precue: ori = np.float64(149.36872315822066)
22.6747 	EXP 	rot_line_precue: ori = np.float64(149.67464762312312)
22.6830 	EXP 	rot_line_precue: ori = np.float64(150.15908699017965)
22.6913 	EXP 	rot_line_precue: ori = np.float64(150.45460362494197)
22.7001 	EXP 	rot_line_precue: ori = np.float64(150.75348055197645)
22.7084 	EXP 	rot_line_precue: ori = np.float64(151.20917502472534)
22.7165 	EXP 	rot_line_precue: ori = np.float64(151.99552801066775)
22.7255 	EXP 	rot_line_precue: ori = np.float64(152.58182593421753)
22.7330 	EXP 	rot_line_precue: ori = np.float64(152.89332093436136)
22.7416 	EXP 	rot_line_precue: ori = np.float64(153.21055307981499)
22.7499 	EXP 	rot_line_precue: ori = np.float64(153.75251128391832)
22.7583 	EXP 	rot_line_precue: ori = np.float64(154.07888622463904)
22.7672 	EXP 	rot_line_precue: ori = np.float64(154.44378056679912)
22.7756 	EXP 	rot_line_precue: ori = np.float64(154.9613366950255)
22.7835 	EXP 	rot_line_precue: ori = np.float64(155.27011830651287)
22.7919 	EXP 	rot_line_precue: ori = np.float64(155.6552080409775)
22.7999 	EXP 	rot_line_precue: ori = np.float64(156.21927970131608)
22.8081 	EXP 	rot_line_precue: ori = np.float64(156.7089506803744)
22.8167 	EXP 	rot_line_precue: ori = np.float64(157.03047671453487)
22.8257 	EXP 	rot_line_precue: ori = np.float64(157.41751129643194)
22.8337 	EXP 	rot_line_precue: ori = np.float64(157.78107586084454)
22.8416 	EXP 	rot_line_precue: ori = np.float64(158.16059328323928)
22.8498 	EXP 	rot_line_precue: ori = np.float64(158.85575970256556)
22.8581 	EXP 	rot_line_precue: ori = np.float64(159.15698203751276)
22.8664 	EXP 	rot_line_precue: ori = np.float64(159.578527053085)
22.8747 	EXP 	rot_line_precue: ori = np.float64(159.94255300977494)
22.8829 	EXP 	rot_line_precue: ori = np.float64(160.2958241560038)
22.8912 	EXP 	rot_line_precue: ori = np.float64(160.93409434992395)
22.8997 	EXP 	rot_line_precue: ori = np.float64(161.24241259715077)
22.9080 	EXP 	rot_line_precue: ori = np.float64(161.55529617935815)
22.9088 	EXP 	New trial (rep=3, index=9): <Trial 9 (9 in rep 3) data={'pic_name': 'pics/feet.JPG', 'class_mi': 'feet', 'thisN': 9, 'thisTrialN': 9, 'thisRepN': 3}>
22.9163 	EXP 	hor_line_precue: autoDraw = False
22.9163 	EXP 	ver_line_precue: autoDraw = False
22.9163 	EXP 	rot_line_precue: autoDraw = False
22.9163 	EXP 	rot_line_precue: ori = np.float64(161.87093404430124)
22.9163 	EXP 	hor_line_precue: autoDraw = False
22.9163 	EXP 	ver_line_precue: autoDraw = False
22.9163 	EXP 	rot_line_precue: autoDraw = False
22.9163 	EXP 	hor_line_precue: autoDraw = True
22.9163 	EXP 	ver_line_precue: autoDraw = True
22.9163 	EXP 	rot_line_precue: autoDraw = True
22.9163 	EXP 	rot_line_precue: ori = np.float64(162.2411203179453)
22.9248 	EXP 	rot_line_precue: ori = np.float64(162.67086798318317)
22.9331 	EXP 	rot_line_precue: ori = np.float64(163.21032323813668)
22.9415 	EXP 	rot_line_precue: ori = np.float64(163.57463917710797)
22.9500 	EXP 	rot_line_precue: ori = np.float64(163.90453892662438)
22.9584 	EXP 	rot_line_precue: ori = np.float64(164.33614755248792)
22.9669 	EXP 	rot_line_precue: ori = np.float64(164.73220598327677)
22.9751 	EXP 	rot_line_precue: ori = np.float64(165.06504564317225)
22.9833 	EXP 	rot_line_precue: ori = np.float64(165.38932316691387)
22.9918 	EXP 	rot_line_precue: ori = np.float64(165.83723828996622)
22.9995 	EXP 	rot_line_precue: ori = np.float64(166.4848007059034)
23.0082 	EXP 	rot_line_precue: ori = np.float64(167.12126046401582)
23.0164 	EXP 	rot_line_precue: ori = np.float64(167.4475249395051)
23.0247 	EXP 	rot_line_precue: ori = np.float64(167.7720579002134)
23.0332 	EXP 	rot_line_precue: ori = np.float64(168.3263323977636)
23.0412 	EXP 	rot_line_precue: ori = np.float64(168.63745136682962)
23.0504 	EXP 	rot_line_precue: ori = np.float64(168.96329690912654)
23.0581 	EXP 	rot_line_precue: ori = np.float64(169.28606217256808)
23.0664 	EXP 	rot_line_precue: ori = np.float64(169.5988640847211)
23.0745 	EXP 	rot_line_precue: ori = np.float64(169.91749434637413)
23.0832 	EXP 	rot_line_precue: ori = np.float64(170.2224586567759)
23.0913 	EXP 	rot_line_precue: ori = np.float64(170.76480309671015)
23.0996 	EXP 	rot_line_precue: ori = np.float64(171.08387861929592)
23.1078 	EXP 	rot_line_precue: ori = np.float64(171.40105705829856)
23.1166 	EXP 	rot_line_precue: ori = np.float64(171.72448673458757)
23.1247 	EXP 	rot_line_precue: ori = np.float64(172.02576368782402)
23.1340 	EXP 	rot_line_precue: ori = np.float64(172.55367549896485)
23.1417 	EXP 	rot_line_precue: ori = np.float64(172.85612511493943)
23.1504 	EXP 	rot_line_precue: ori = np.float64(173.18104346275612)
23.1588 	EXP 	rot_line_precue: ori = np.float64(173.55043718239014)
23.1666 	EXP 	rot_line_precue: ori = np.float64(174.0206474755664)
23.1748 	EXP 	rot_line_precue: ori = np.float64(174.3244870466356)
23.1833 	EXP 	rot_line_precue: ori = np.float64(175.00067776369747)
23.1915 	EXP 	rot_line_precue: ori = np.float64(175.30531296630463)
23.1997 	EXP 	rot_line_precue: ori = np.float64(175.60373471455753)
23.2080 	EXP 	rot_line_precue: ori = np.float64(176.1638292279133)
23.2164 	EXP 	rot_line_precue: ori = np.float64(176.85890321943393)
23.2246 	EXP 	rot_line_precue: ori = np.float64(177.1639516398544)
23.2329 	EXP 	rot_line_precue: ori = np.float64(177.47958931280544)
23.2414 	EXP 	rot_line_precue: ori = np.float64(177.79714519877996)
23.2496 	EXP 	rot_line_precue: ori = np.float64(178.3525021616427)
23.2580 	EXP 	rot_line_precue: ori = np.float64(178.70814452605288)
23.2675 	EXP 	rot_line_precue: ori = np.float64(179.16437333093614)
23.2746 	EXP 	rot_line_precue: ori = np.float64(179.69405442655966)
23.2830 	EXP 	rot_line_precue: ori = np.float64(180.00736305427787)
23.2913 	EXP 	rot_line_precue: ori = np.float64(180.3075472040598)
23.3003 	EXP 	rot_line_precue: ori = np.float64(180.64235111717045)
23.3082 	EXP 	rot_line_precue: ori = np.float64(181.2842668827177)
23.3175 	EXP 	rot_line_precue: ori = np.float64(181.6250898003815)
23.3250 	EXP 	rot_line_precue: ori = np.float64(182.16448687092932)
23.3332 	EXP 	rot_line_precue: ori = np.float64(182.69955160671)
23.3418 	EXP 	rot_line_precue: ori = np.float64(183.02276539933402)
23.3507 	EXP 	rot_line_precue: ori = np.float64(183.33545405028391)
23.3582 	EXP 	rot_line_precue: ori = np.float64(183.66271991542283)
23.3663 	EXP 	rot_line_precue: ori = np.float64(184.38752861214908)
23.3755 	EXP 	rot_line_precue: ori = np.float64(184.7120277761309)
23.3831 	EXP 	rot_line_precue: ori = np.float64(185.50123646521476)
23.3913 	EXP 	rot_line_precue: ori = np.float64(186.05316537249547)
23.3998 	EXP 	rot_line_precue: ori = np.float64(186.70423006228773)
23.4088 	EXP 	rot_line_precue: ori = np.float64(187.0013227968031)
23.4164 	EXP 	rot_line_precue: ori = np.float64(187.33733627700397)
23.4247 	EXP 	rot_line_precue: ori = np.float64(187.64143534231107)
23.4331 	EXP 	rot_line_precue: ori = np.float64(187.94105848314157)
23.4420 	EXP 	rot_line_precue: ori = np.float64(188.29394921843829)
23.4498 	EXP 	rot_line_precue: ori = np.float64(188.64195060857568)
23.4581 	EXP 	rot_line_precue: ori = np.float64(188.93989714616228)
23.4663 	EXP 	rot_line_precue: ori = np.float64(189.23627059701042)
23.4745 	EXP 	rot_line_precue: ori = np.float64(189.58941477560504)
23.4830 	EXP 	rot_line_precue: ori = np.float64(189.90118243519717)
23.4915 	EXP 	rot_line_precue: ori = np.float64(190.29974854568553)
23.5001 	EXP 	rot_line_precue: ori = np.float64(190.60016865033546)
23.5085 	EXP 	rot_line_precue: ori = np.float64(191.0556018848227)
23.5170 	EXP 	rot_line_precue: ori = np.float64(191.58439767101893)
23.5252 	EXP 	rot_line_precue: ori = np.float64(192.06710744690614)
23.5334 	EXP 	rot_line_precue: ori = np.float64(192.36804233025595)
23.5419 	EXP 	rot_line_precue: ori = np.float64(192.70432835780747)
23.5499 	EXP 	rot_line_precue: ori = np.float64(193.02434424865183)
23.5588 	EXP 	rot_line_precue: ori = np.float64(193.59768942089)
23.5673 	EXP 	rot_line_precue: ori = np.float64(194.07059014820487)
23.5746 	EXP 	rot_line_precue: ori = np.float64(194.3912295824273)
23.5832 	EXP 	rot_line_precue: ori = np.float64(194.84233756209943)
23.5913 	EXP 	rot_line_precue: ori = np.float64(195.14547576565104)
23.5996 	EXP 	rot_line_precue: ori = np.float64(195.69249595231162)
23.6081 	EXP 	rot_line_precue: ori = np.float64(196.03095228068264)
23.6164 	EXP 	rot_line_precue: ori = np.float64(196.46932391000902)
23.6246 	EXP 	rot_line_precue: ori = np.float64(196.8040911357466)
23.6329 	EXP 	rot_line_precue: ori = np.float64(197.09959128331465)
23.6413 	EXP 	rot_line_precue: ori = np.float64(197.4786923020686)
23.6496 	EXP 	rot_line_precue: ori = np.float64(197.89696953545067)
23.6580 	EXP 	rot_line_precue: ori = np.float64(198.22310526640157)
23.6664 	EXP 	rot_line_precue: ori = np.float64(198.5429729943429)
23.6746 	EXP 	rot_line_precue: ori = np.float64(198.94308924781447)
23.6830 	EXP 	rot_line_precue: ori = np.float64(199.24854168384914)
23.6914 	EXP 	rot_line_precue: ori = np.float64(199.96182344134297)
23.6999 	EXP 	rot_line_precue: ori = np.float64(200.32633431636128)
23.7086 	EXP 	rot_line_precue: ori = np.float64(200.80427763708786)
23.7168 	EXP 	rot_line_precue: ori = np.float64(201.09983718383327)
23.7249 	EXP 	rot_line_precue: ori = np.float64(201.63840648156108)
23.7330 	EXP 	rot_line_precue: ori = np.float64(202.08379419497578)
23.7424 	EXP 	rot_line_precue: ori = np.float64(202.39879759687565)
23.7504 	EXP 	rot_line_precue: ori = np.float64(202.72250950265328)
23.7585 	EXP 	rot_line_precue: ori = np.float64(203.49038570166377)
23.7667 	EXP 	rot_line_precue: ori = np.float64(203.81522954471606)
23.7748 	EXP 	rot_line_precue: ori = np.float64(204.30632300846725)
23.7830 	EXP 	rot_line_precue: ori = np.float64(204.64353562833898)
23.7915 	EXP 	rot_line_precue: ori = np.float64(204.99789387871476)
23.7996 	EXP 	rot_line_precue: ori = np.float64(205.29742495614514)
23.8081 	EXP 	rot_line_precue: ori = np.float64(205.66947429547199)
23.8170 	EXP 	rot_line_precue: ori = np.float64(206.1121800572012)
23.8248 	EXP 	rot_line_precue: ori = np.float64(206.41830979137558)
23.8330 	EXP 	rot_line_precue: ori = np.float64(206.91867906766512)
23.8412 	EXP 	rot_line_precue: ori = np.float64(207.2403932297433)
23.8497 	EXP 	rot_line_precue: ori = np.float64(207.57997233277578)
23.8580 	EXP 	rot_line_precue: ori = np.float64(207.9583426396985)
23.8661 	EXP 	rot_line_precue: ori = np.float64(208.4097759218329)
23.8746 	EXP 	rot_line_precue: ori = np.float64(208.95454714289752)
23.8831 	EXP 	rot_line_precue: ori = np.float64(209.26039725793171)
23.8917 	EXP 	rot_line_precue: ori = np.float64(209.68641465370743)
23.9000 	EXP 	rot_line_precue: ori = np.float64(209.98500561580622)
23.9084 	EXP 	rot_line_precue: ori = np.float64(210.37598878319423)
23.9169 	EXP 	rot_line_precue: ori = np.float64(210.93826010922936)
23.9251 	EXP 	rot_line_precue: ori = np.float64(211.27198763656418)
23.9332 	EXP 	rot_line_precue: ori = np.float64(211.63768844136337)
23.9418 	EXP 	rot_line_precue: ori = np.float64(211.95615353430745)
23.9505 	EXP 	rot_line_precue: ori = np.float64(212.3481920271633)
23.9583 	EXP 	rot_line_precue: ori = np.float64(212.6729391169601)
23.9664 	EXP 	rot_line_precue: ori = np.float64(213.03165967010872)
23.9748 	EXP 	rot_line_precue: ori = np.float64(213.34309190346778)
23.9830 	EXP 	rot_line_precue: ori = np.float64(213.6469249263291)
23.9912 	EXP 	rot_line_precue: ori = np.float64(214.00849446993968)
23.9996 	EXP 	rot_line_precue: ori = np.float64(214.31764639423332)
24.0080 	EXP 	rot_line_precue: ori = np.float64(214.69570492885836)
24.0162 	EXP 	rot_line_precue: ori = np.float64(215.17055084495965)
24.0246 	EXP 	rot_line_precue: ori = np.float64(215.7068208937264)
24.0332 	EXP 	rot_line_precue: ori = np.float64(216.05173550347743)
24.0415 	EXP 	rot_line_precue: ori = np.float64(216.38302945471133)
24.0501 	EXP 	rot_line_precue: ori = np.float64(216.76576946303322)
24.0582 	EXP 	rot_line_precue: ori = np.float64(217.06115825995423)
24.0664 	EXP 	rot_line_precue: ori = np.float64(217.7641881965741)
24.0751 	EXP 	rot_line_precue: ori = np.float64(218.15702397853968)
24.0834 	EXP 	rot_line_precue: ori = np.float64(218.46789962794227)
24.0916 	EXP 	rot_line_precue: ori = np.float64(218.90082216801292)
24.1001 	EXP 	rot_line_precue: ori = np.float64(219.2194392567236)
24.1084 	EXP 	rot_line_precue: ori = np.float64(219.5230559088603)
24.1165 	EXP 	rot_line_precue: ori = np.float64(220.09725397012832)
24.1252 	EXP 	rot_line_precue: ori = np.float64(220.45700896563233)
24.1333 	EXP 	rot_line_precue: ori = np.float64(220.92389550172805)
24.1416 	EXP 	rot_line_precue: ori = np.float64(221.30900010851462)
24.1498 	EXP 	rot_line_precue: ori = np.float64(221.62203525461922)
24.1579 	EXP 	rot_line_precue: ori = np.float64(222.10123718422057)
24.1664 	EXP 	rot_line_precue: ori = np.float64(222.40190483653896)
24.1746 	EXP 	rot_line_precue: ori = np.float64(222.7558921586867)
24.1830 	EXP 	rot_line_precue: ori = np.float64(223.0775887516821)
24.1914 	EXP 	rot_line_precue: ori = np.float64(223.41804174738476)
24.1995 	EXP 	rot_line_precue: ori = np.float64(223.9738853306704)
24.2079 	EXP 	rot_line_precue: ori = np.float64(224.31981852192445)
24.2164 	EXP 	rot_line_precue: ori = np.float64(224.7103684293197)
24.2247 	EXP 	rot_line_precue: ori = np.float64(225.28006826948825)
24.2330 	EXP 	rot_line_precue: ori = np.float64(225.58233720187815)
24.2414 	EXP 	rot_line_precue: ori = np.float64(225.88686699764554)
24.2504 	EXP 	rot_line_precue: ori = np.float64(226.27884945285663)
24.2584 	EXP 	rot_line_precue: ori = np.float64(226.7105981857158)
24.2672 	EXP 	rot_line_precue: ori = np.float64(227.0490573244026)
24.2750 	EXP 	rot_line_precue: ori = np.float64(227.42934527548155)
24.2838 	EXP 	rot_line_precue: ori = np.float64(227.95611528694118)
24.2919 	EXP 	rot_line_precue: ori = np.float64(228.269916754972)
24.3000 	EXP 	rot_line_precue: ori = np.float64(228.78371189423217)
24.3081 	EXP 	rot_line_precue: ori = np.float64(229.120326931059)
24.3166 	EXP 	rot_line_precue: ori = np.float64(229.4207924266241)
24.3249 	EXP 	rot_line_precue: ori = np.float64(229.9700399557118)
24.3331 	EXP 	rot_line_precue: ori = np.float64(230.279706006387)
24.3415 	EXP 	rot_line_precue: ori = np.float64(230.59069709015031)
24.3497 	EXP 	rot_line_precue: ori = np.float64(231.0323511688756)
24.3579 	EXP 	rot_line_precue: ori = np.float64(231.38483008958158)
24.3661 	EXP 	rot_line_precue: ori = np.float64(231.72789475220682)
24.3747 	EXP 	rot_line_precue: ori = np.float64(232.04990721921797)
24.3829 	EXP 	rot_line_precue: ori = np.float64(232.36190739280838)
24.3912 	EXP 	rot_line_precue: ori = np.float64(232.70764179057912)
24.3996 	EXP 	rot_line_precue: ori = np.float64(233.04699017325598)
24.4080 	EXP 	rot_line_precue: ori = np.float64(233.53215054717484)
24.4163 	EXP 	rot_line_precue: ori = np.float64(233.85704962547985)
24.4247 	EXP 	rot_line_precue: ori = np.float64(234.16100376274954)
24.4330 	EXP 	rot_line_precue: ori = np.float64(234.6168177636133)
24.4414 	EXP 	rot_line_precue: ori = np.float64(234.94005506387663)
24.4508 	EXP 	rot_line_precue: ori = np.float64(235.67524223053516)
24.4589 	EXP 	rot_line_precue: ori = np.float64(235.99759993308794)
24.4669 	EXP 	rot_line_precue: ori = np.float64(236.32645397863476)
24.4750 	EXP 	rot_line_precue: ori = np.float64(236.91825695094988)
24.4832 	EXP 	rot_line_precue: ori = np.float64(237.36168548955968)
24.4914 	EXP 	rot_line_precue: ori = np.float64(237.66561991490815)
24.5006 	EXP 	rot_line_precue: ori = np.float64(237.9803316546231)
24.5082 	EXP 	rot_line_precue: ori = np.float64(238.4104383130488)
24.5165 	EXP 	rot_line_precue: ori = np.float64(238.7165797901655)
24.5247 	EXP 	rot_line_precue: ori = np.float64(239.0645777863477)
24.5331 	EXP 	rot_line_precue: ori = np.float64(239.478755249687)
24.5414 	EXP 	rot_line_precue: ori = np.float64(239.78649702845536)
24.5496 	EXP 	rot_line_precue: ori = np.float64(240.17778952659157)
24.5582 	EXP 	rot_line_precue: ori = np.float64(240.48747829477404)
24.5664 	EXP 	rot_line_precue: ori = np.float64(240.9569683357169)
24.5746 	EXP 	rot_line_precue: ori = np.float64(241.34898122553412)
24.5832 	EXP 	rot_line_precue: ori = np.float64(241.98266232673117)
24.5915 	EXP 	rot_line_precue: ori = np.float64(242.36126682492954)
24.5997 	EXP 	rot_line_precue: ori = np.float64(242.68504134256892)
24.6091 	EXP 	rot_line_precue: ori = np.float64(243.01913641597915)
24.6164 	EXP 	rot_line_precue: ori = np.float64(243.41485101132787)
24.6253 	EXP 	rot_line_precue: ori = np.float64(243.7166694795247)
24.6340 	EXP 	rot_line_precue: ori = np.float64(244.19715854656036)
24.6416 	EXP 	rot_line_precue: ori = np.float64(244.61527031972778)
24.6501 	EXP 	rot_line_precue: ori = np.float64(244.97716328587475)
24.6585 	EXP 	rot_line_precue: ori = np.float64(245.27767030080685)
24.6675 	EXP 	rot_line_precue: ori = np.float64(245.59259601177365)
24.6747 	EXP 	rot_line_precue: ori = np.float64(245.94320109899397)
24.6833 	EXP 	rot_line_precue: ori = np.float64(246.2581340585491)
24.6921 	EXP 	rot_line_precue: ori = np.float64(246.61092912026686)
24.7002 	EXP 	rot_line_precue: ori = np.float64(246.91870847892415)
24.7084 	EXP 	rot_line_precue: ori = np.float64(247.28471346301615)
24.7166 	EXP 	rot_line_precue: ori = np.float64(247.72269753411794)
24.7246 	EXP 	rot_line_precue: ori = np.float64(248.08773587531329)
24.7330 	EXP 	rot_line_precue: ori = np.float64(248.41547205052035)
24.7414 	EXP 	rot_line_precue: ori = np.float64(248.74238882979716)
24.7496 	EXP 	rot_line_precue: ori = np.float64(249.1219927985696)
24.7579 	EXP 	rot_line_precue: ori = np.float64(249.55454062840076)
24.7664 	EXP 	rot_line_precue: ori = np.float64(250.14043406945783)
24.7747 	EXP 	rot_line_precue: ori = np.float64(250.52802652486426)
24.7829 	EXP 	rot_line_precue: ori = np.float64(250.83252888225562)
24.7914 	EXP 	rot_line_precue: ori = np.float64(251.20519561107355)
24.7997 	EXP 	rot_line_precue: ori = np.float64(251.68323247715415)
24.8079 	EXP 	rot_line_precue: ori = np.float64(252.12554435778048)
24.8164 	EXP 	rot_line_precue: ori = np.float64(252.7727391070526)
24.8250 	EXP 	rot_line_precue: ori = np.float64(253.12730274792787)
24.8336 	EXP 	rot_line_precue: ori = np.float64(253.52041118409014)
24.8421 	EXP 	rot_line_precue: ori = np.float64(253.91271670164627)
24.8507 	EXP 	rot_line_precue: ori = np.float64(254.20964137378513)
24.8587 	EXP 	rot_line_precue: ori = np.float64(254.51863937925637)
24.8676 	EXP 	rot_line_precue: ori = np.float64(254.832496334093)
24.8767 	EXP 	rot_line_precue: ori = np.float64(255.16632193152003)
24.8871 	EXP 	rot_line_precue: ori = np.float64(255.56396877631622)
24.8931 	EXP 	rot_line_precue: ori = np.float64(255.87393589361008)
24.9000 	EXP 	rot_line_precue: ori = np.float64(256.3064776427536)
24.9008 	EXP 	New trial (rep=3, index=10): <Trial 10 (10 in rep 3) data={'pic_name': 'pics/none.JPG', 'class_mi': 'rest', 'thisN': 10, 'thisTrialN': 10, 'thisRepN': 3}>
24.9081 	EXP 	hor_line_precue: autoDraw = False
24.9081 	EXP 	ver_line_precue: autoDraw = False
24.9081 	EXP 	rot_line_precue: autoDraw = False
24.9081 	EXP 	rot_line_precue: ori = np.float64(256.845698176494)
24.9081 	EXP 	hor_line_precue: autoDraw = False
24.9081 	EXP 	ver_line_precue: autoDraw = False
24.9081 	EXP 	rot_line_precue: autoDraw = False
24.9081 	EXP 	hor_line_precue: autoDraw = True
24.9081 	EXP 	ver_line_precue: autoDraw = True
24.9081 	EXP 	rot_line_precue: autoDraw = True
24.9081 	EXP 	rot_line_precue: ori = np.float64(257.1539903256539)
24.9162 	EXP 	rot_line_precue: ori = np.float64(257.4949128235063)
24.9250 	EXP 	rot_line_precue: ori = np.float64(257.9031641454611)
24.9332 	EXP 	rot_line_precue: ori = np.float64(258.3916102971204)
24.9413 	EXP 	rot_line_precue: ori = np.float64(258.7567457512959)
24.9498 	EXP 	rot_line_precue: ori = np.float64(259.2242103173655)
24.9580 	EXP 	rot_line_precue: ori = np.float64(259.60920228420963)
24.9669 	EXP 	rot_line_precue: ori = np.float64(259.98805649717536)
24.9748 	EXP 	rot_line_precue: ori = np.float64(260.3319310656291)
24.9832 	EXP 	rot_line_precue: ori = np.float64(260.72660905681704)
24.9913 	EXP 	rot_line_precue: ori = np.float64(261.06500796667683)
24.9996 	EXP 	rot_line_precue: ori = np.float64(261.555307990301)
25.0087 	EXP 	rot_line_precue: ori = np.float64(262.0667652366943)
25.0168 	EXP 	rot_line_precue: ori = np.float64(262.6553882472104)
25.0250 	EXP 	rot_line_precue: ori = np.float64(263.28016842492093)
25.0334 	EXP 	rot_line_precue: ori = np.float64(263.59144317158456)
25.0415 	EXP 	rot_line_precue: ori = np.float64(263.9147464916065)
25.0500 	EXP 	rot_line_precue: ori = np.float64(264.2517611498787)
25.0588 	EXP 	rot_line_precue: ori = np.float64(264.5765908391942)
25.0672 	EXP 	rot_line_precue: ori = np.float64(265.0697521138274)
25.0750 	EXP 	rot_line_precue: ori = np.float64(265.5472106806369)
25.0833 	EXP 	rot_line_precue: ori = np.float64(265.88909659021124)
25.0915 	EXP 	rot_line_precue: ori = np.float64(266.2677158909045)
25.0997 	EXP 	rot_line_precue: ori = np.float64(266.59865529945233)
25.1081 	EXP 	rot_line_precue: ori = np.float64(267.03991059291394)
25.1164 	EXP 	rot_line_precue: ori = np.float64(267.3829013117812)
25.1246 	EXP 	rot_line_precue: ori = np.float64(267.6912627177396)
25.1329 	EXP 	rot_line_precue: ori = np.float64(268.17088590920116)
25.1413 	EXP 	rot_line_precue: ori = np.float64(268.4841082715992)
25.1495 	EXP 	rot_line_precue: ori = np.float64(268.84702955913053)
25.1581 	EXP 	rot_line_precue: ori = np.float64(269.1743591022866)
25.1664 	EXP 	rot_line_precue: ori = np.float64(269.5744721811438)
25.1745 	EXP 	rot_line_precue: ori = np.float64(270.32664744392844)
25.1828 	EXP 	rot_line_precue: ori = np.float64(270.6454618663063)
25.1914 	EXP 	rot_line_precue: ori = np.float64(271.00468047540255)
25.2000 	EXP 	rot_line_precue: ori = np.float64(271.3255937684065)
25.2092 	EXP 	rot_line_precue: ori = np.float64(271.66673930539207)
25.2170 	EXP 	rot_line_precue: ori = np.float64(272.0329992396861)
25.2253 	EXP 	rot_line_precue: ori = np.float64(272.36379532537023)
25.2335 	EXP 	rot_line_precue: ori = np.float64(272.77159334318577)
25.2416 	EXP 	rot_line_precue: ori = np.float64(273.12712848037705)
25.2497 	EXP 	rot_line_precue: ori = np.float64(273.45955647860825)
25.2584 	EXP 	rot_line_precue: ori = np.float64(273.82988052311333)
25.2665 	EXP 	rot_line_precue: ori = np.float64(274.13723172953917)
25.2748 	EXP 	rot_line_precue: ori = np.float64(274.48906458944543)
25.2833 	EXP 	rot_line_precue: ori = np.float64(275.24795929628)
25.2915 	EXP 	rot_line_precue: ori = np.float64(275.58599716313546)
25.2997 	EXP 	rot_line_precue: ori = np.float64(275.9564023320668)
25.3079 	EXP 	rot_line_precue: ori = np.float64(276.27364107501495)
25.3163 	EXP 	rot_line_precue: ori = np.float64(276.59176594870803)
25.3247 	EXP 	rot_line_precue: ori = np.float64(277.1491076164295)
25.3330 	EXP 	rot_line_precue: ori = np.float64(277.6392318040009)
25.3415 	EXP 	rot_line_precue: ori = np.float64(278.080768316696)
25.3506 	EXP 	rot_line_precue: ori = np.float64(278.4243388048309)
25.3580 	EXP 	rot_line_precue: ori = np.float64(278.83084601084164)
25.3670 	EXP 	rot_line_precue: ori = np.float64(279.2082864299957)
25.3748 	EXP 	rot_line_precue: ori = np.float64(279.52026396105464)
25.3845 	EXP 	rot_line_precue: ori = np.float64(279.9798009845419)
25.3924 	EXP 	rot_line_precue: ori = np.float64(280.301551543415)
25.4001 	EXP 	rot_line_precue: ori = np.float64(280.6176525876422)
25.4086 	EXP 	rot_line_precue: ori = np.float64(280.9272892147058)
25.4169 	EXP 	rot_line_precue: ori = np.float64(281.425668176483)
25.4251 	EXP 	rot_line_precue: ori = np.float64(282.12411766697306)
25.4331 	EXP 	rot_line_precue: ori = np.float64(282.5905904834679)
25.4418 	EXP 	rot_line_precue: ori = np.float64(282.8897612501082)
25.4500 	EXP 	rot_line_precue: ori = np.float64(283.28601618173894)
25.4583 	EXP 	rot_line_precue: ori = np.float64(283.6068714170604)
25.4667 	EXP 	rot_line_precue: ori = np.float64(284.2723433344194)
25.4749 	EXP 	rot_line_precue: ori = np.float64(284.61120943694874)
25.4836 	EXP 	rot_line_precue: ori = np.float64(284.9223951969095)
25.4914 	EXP 	rot_line_precue: ori = np.float64(285.5125822042553)
25.5008 	EXP 	rot_line_precue: ori = np.float64(285.9417907470734)
25.5081 	EXP 	rot_line_precue: ori = np.float64(286.36707462903604)
25.5169 	EXP 	rot_line_precue: ori = np.float64(286.69446300644546)
25.5250 	EXP 	rot_line_precue: ori = np.float64(286.9956583790127)
25.5334 	EXP 	rot_line_precue: ori = np.float64(287.31533663232216)
25.5414 	EXP 	rot_line_precue: ori = np.float64(287.6939599081281)
25.5499 	EXP 	rot_line_precue: ori = np.float64(288.0527123851865)
25.5581 	EXP 	rot_line_precue: ori = np.float64(288.5773851246977)
25.5664 	EXP 	rot_line_precue: ori = np.float64(289.002445314302)
25.5750 	EXP 	rot_line_precue: ori = np.float64(289.3714631188331)
25.5837 	EXP 	rot_line_precue: ori = np.float64(289.7084792000712)
25.5922 	EXP 	rot_line_precue: ori = np.float64(290.0070854545363)
25.6003 	EXP 	rot_line_precue: ori = np.float64(290.413379665614)
25.6085 	EXP 	rot_line_precue: ori = np.float64(290.74500181080145)
25.6170 	EXP 	rot_line_precue: ori = np.float64(291.08017521348506)
25.6250 	EXP 	rot_line_precue: ori = np.float64(291.3976492119866)
25.6334 	EXP 	rot_line_precue: ori = np.float64(291.7175022087797)
25.6415 	EXP 	rot_line_precue: ori = np.float64(292.12172133884894)
25.6500 	EXP 	rot_line_precue: ori = np.float64(292.4862935443548)
25.6583 	EXP 	rot_line_precue: ori = np.float64(293.1621141689885)
25.6663 	EXP 	rot_line_precue: ori = np.float64(293.6880985199096)
25.6746 	EXP 	rot_line_precue: ori = np.float64(293.99277626564674)
25.6829 	EXP 	rot_line_precue: ori = np.float64(294.3159468984356)
25.6913 	EXP 	rot_line_precue: ori = np.float64(294.6398632545889)
25.6997 	EXP 	rot_line_precue: ori = np.float64(294.97793263883665)
25.7079 	EXP 	rot_line_precue: ori = np.float64(295.54670671891716)
25.7165 	EXP 	rot_line_precue: ori = np.float64(295.918060095395)
25.7247 	EXP 	rot_line_precue: ori = np.float64(296.3370487531055)
25.7335 	EXP 	rot_line_precue: ori = np.float64(296.86174231234327)
25.7416 	EXP 	rot_line_precue: ori = np.float64(297.56184076264634)
25.7497 	EXP 	rot_line_precue: ori = np.float64(297.9028997171448)
25.7580 	EXP 	rot_line_precue: ori = np.float64(298.2504234575929)
25.7671 	EXP 	rot_line_precue: ori = np.float64(298.72486195270136)
25.7749 	EXP 	rot_line_precue: ori = np.float64(299.12350425704705)
25.7835 	EXP 	rot_line_precue: ori = np.float64(299.5256051422024)
25.7918 	EXP 	rot_line_precue: ori = np.float64(299.93646022867875)
25.7999 	EXP 	rot_line_precue: ori = np.float64(300.59651325402825)
25.8080 	EXP 	rot_line_precue: ori = np.float64(301.0059413835219)
25.8167 	EXP 	rot_line_precue: ori = np.float64(301.3291553796937)
25.8249 	EXP 	rot_line_precue: ori = np.float64(301.6936332555274)
25.8336 	EXP 	rot_line_precue: ori = np.float64(301.99834308287404)
25.8416 	EXP 	rot_line_precue: ori = np.float64(302.3261289602999)
25.8498 	EXP 	rot_line_precue: ori = np.float64(302.6285362555824)
25.8581 	EXP 	rot_line_precue: ori = np.float64(303.01701269358836)
25.8663 	EXP 	rot_line_precue: ori = np.float64(303.53457723696573)
25.8754 	EXP 	rot_line_precue: ori = np.float64(304.20194746735956)
25.8830 	EXP 	rot_line_precue: ori = np.float64(304.5415036848482)
25.8916 	EXP 	rot_line_precue: ori = np.float64(304.87355488770214)
25.8999 	EXP 	rot_line_precue: ori = np.float64(305.449147686416)
25.9081 	EXP 	rot_line_precue: ori = np.float64(305.7533477562248)
25.9166 	EXP 	rot_line_precue: ori = np.float64(306.08380811798963)
25.9250 	EXP 	rot_line_precue: ori = np.float64(306.52878725281096)
25.9332 	EXP 	rot_line_precue: ori = np.float64(306.8500072326703)
25.9417 	EXP 	rot_line_precue: ori = np.float64(307.4020107027721)
25.9502 	EXP 	rot_line_precue: ori = np.float64(307.817978969356)
25.9587 	EXP 	rot_line_precue: ori = np.float64(308.1675047853816)
25.9677 	EXP 	rot_line_precue: ori = np.float64(308.4694119683531)
25.9758 	EXP 	rot_line_precue: ori = np.float64(308.86880431041646)
25.9838 	EXP 	rot_line_precue: ori = np.float64(309.24585194507875)
25.9918 	EXP 	rot_line_precue: ori = np.float64(309.68964112793645)
26.0005 	EXP 	rot_line_precue: ori = np.float64(309.99618946888535)
26.0083 	EXP 	rot_line_precue: ori = np.float64(310.6677227978938)
26.0168 	EXP 	rot_line_precue: ori = np.float64(311.2093359539635)
26.0249 	EXP 	rot_line_precue: ori = np.float64(311.88015813330253)
26.0333 	EXP 	rot_line_precue: ori = np.float64(312.19339429631316)
26.0415 	EXP 	rot_line_precue: ori = np.float64(312.71710994909586)
26.0499 	EXP 	rot_line_precue: ori = np.float64(313.0197850854482)
26.0581 	EXP 	rot_line_precue: ori = np.float64(313.3602695440028)
26.0663 	EXP 	rot_line_precue: ori = np.float64(313.71900156965893)
26.0745 	EXP 	rot_line_precue: ori = np.float64(314.01747242007696)
26.0831 	EXP 	rot_line_precue: ori = np.float64(314.3707046577612)
26.0912 	EXP 	rot_line_precue: ori = np.float64(314.78968550391073)
26.0995 	EXP 	rot_line_precue: ori = np.float64(315.10482327185116)
26.1081 	EXP 	rot_line_precue: ori = np.float64(315.47371941859575)
26.1164 	EXP 	rot_line_precue: ori = np.float64(315.78547632668074)
26.1245 	EXP 	rot_line_precue: ori = np.float64(316.143003746816)
26.1331 	EXP 	rot_line_precue: ori = np.float64(316.5977634002824)
26.1418 	EXP 	rot_line_precue: ori = np.float64(317.0753821319097)
26.1509 	EXP 	rot_line_precue: ori = np.float64(317.3826425717955)
26.1585 	EXP 	rot_line_precue: ori = np.float64(317.76012464842546)
26.1666 	EXP 	rot_line_precue: ori = np.float64(318.1495133370778)
26.1752 	EXP 	rot_line_precue: ori = np.float64(318.4690187914669)
26.1840 	EXP 	rot_line_precue: ori = np.float64(318.76696116559725)
26.1922 	EXP 	rot_line_precue: ori = np.float64(319.43820455192815)
26.2002 	EXP 	rot_line_precue: ori = np.float64(319.7856052339381)
26.2090 	EXP 	rot_line_precue: ori = np.float64(320.31101549756806)
26.2166 	EXP 	rot_line_precue: ori = np.float64(320.84056117538455)
26.2248 	EXP 	rot_line_precue: ori = np.float64(321.18506289996327)
26.2332 	EXP 	rot_line_precue: ori = np.float64(321.50468054948703)
26.2414 	EXP 	rot_line_precue: ori = np.float64(321.8824227913913)
26.2497 	EXP 	rot_line_precue: ori = np.float64(322.2511168439001)
26.2580 	EXP 	rot_line_precue: ori = np.float64(322.6050239288486)
26.2664 	EXP 	rot_line_precue: ori = np.float64(323.10074650900305)
26.2749 	EXP 	rot_line_precue: ori = np.float64(323.40590109919555)
26.2830 	EXP 	rot_line_precue: ori = np.float64(323.8345403214986)
26.2920 	EXP 	rot_line_precue: ori = np.float64(324.13767124613753)
26.2997 	EXP 	rot_line_precue: ori = np.float64(324.5047307651595)
26.3088 	EXP 	rot_line_precue: ori = np.float64(324.84342857042367)
26.3163 	EXP 	rot_line_precue: ori = np.float64(325.3148640846007)
26.3246 	EXP 	rot_line_precue: ori = np.float64(325.7659639803537)
26.3335 	EXP 	rot_line_precue: ori = np.float64(326.22248099889197)
26.3418 	EXP 	rot_line_precue: ori = np.float64(326.5224594067961)
26.3500 	EXP 	rot_line_precue: ori = np.float64(326.8266689324101)
26.3587 	EXP 	rot_line_precue: ori = np.float64(327.26436442334597)
26.3666 	EXP 	rot_line_precue: ori = np.float64(327.6180816093377)
26.3748 	EXP 	rot_line_precue: ori = np.float64(328.137932572503)
26.3835 	EXP 	rot_line_precue: ori = np.float64(328.43831332259555)
26.3916 	EXP 	rot_line_precue: ori = np.float64(328.8194726191061)
26.3998 	EXP 	rot_line_precue: ori = np.float64(329.1232712488115)
26.4082 	EXP 	rot_line_precue: ori = np.float64(329.58661136189994)
26.4165 	EXP 	rot_line_precue: ori = np.float64(329.8878830211973)
26.4248 	EXP 	rot_line_precue: ori = np.float64(330.2613353051403)
26.4330 	EXP 	rot_line_precue: ori = np.float64(330.57482810923824)
26.4413 	EXP 	rot_line_precue: ori = np.float64(330.9210558517913)
26.4502 	EXP 	rot_line_precue: ori = np.float64(331.2664547649704)
26.4581 	EXP 	rot_line_precue: ori = np.float64(331.75053942539967)
26.4663 	EXP 	rot_line_precue: ori = np.float64(332.2639651879655)
26.4747 	EXP 	rot_line_precue: ori = np.float64(332.6402262777118)
26.4830 	EXP 	rot_line_precue: ori = np.float64(333.11379764362596)
26.4912 	EXP 	rot_line_precue: ori = np.float64(333.4166448075034)
26.5002 	EXP 	rot_line_precue: ori = np.float64(333.7350808216693)
26.5080 	EXP 	rot_line_precue: ori = np.float64(334.0309055129909)
26.5168 	EXP 	rot_line_precue: ori = np.float64(334.59404961773373)
26.5252 	EXP 	rot_line_precue: ori = np.float64(334.9310414449108)
26.5334 	EXP 	rot_line_precue: ori = np.float64(335.53206499389887)
26.5420 	EXP 	rot_line_precue: ori = np.float64(335.83320351017954)
26.5503 	EXP 	rot_line_precue: ori = np.float64(336.14275539242897)
26.5583 	EXP 	rot_line_precue: ori = np.float64(336.4646815642582)
26.5668 	EXP 	rot_line_precue: ori = np.float64(336.7708054971773)
26.5750 	EXP 	rot_line_precue: ori = np.float64(337.16225758551855)
26.5833 	EXP 	rot_line_precue: ori = np.float64(337.48245402300995)
26.5914 	EXP 	rot_line_precue: ori = np.float64(338.0330315162809)
26.5999 	EXP 	rot_line_precue: ori = np.float64(338.3312564442326)
26.6081 	EXP 	rot_line_precue: ori = np.float64(339.02427305147455)
26.6164 	EXP 	rot_line_precue: ori = np.float64(339.386643989592)
26.6246 	EXP 	rot_line_precue: ori = np.float64(339.8234223391562)
26.6331 	EXP 	rot_line_precue: ori = np.float64(340.12635229893147)
26.6414 	EXP 	rot_line_precue: ori = np.float64(340.51212183536535)
26.6496 	EXP 	rot_line_precue: ori = np.float64(341.15458712768)
26.6586 	EXP 	rot_line_precue: ori = np.float64(341.4924180251496)
26.6664 	EXP 	rot_line_precue: ori = np.float64(341.83590545879565)
26.6747 	EXP 	rot_line_precue: ori = np.float64(342.26768833047765)
26.6832 	EXP 	rot_line_precue: ori = np.float64(342.9951663918998)
26.6915 	EXP 	rot_line_precue: ori = np.float64(343.4192472559508)
26.7001 	EXP 	rot_line_precue: ori = np.float64(343.7243021825419)
26.7092 	EXP 	rot_line_precue: ori = np.float64(344.0675537447859)
26.7168 	EXP 	rot_line_precue: ori = np.float64(344.3654431985604)
26.7253 	EXP 	rot_line_precue: ori = np.float64(344.69886298056446)
26.7336 	EXP 	rot_line_precue: ori = np.float64(345.00181055756536)
26.7416 	EXP 	rot_line_precue: ori = np.float64(345.32371358273184)
26.7504 	EXP 	rot_line_precue: ori = np.float64(345.7273201351279)
26.7584 	EXP 	rot_line_precue: ori = np.float64(346.21532374409065)
26.7674 	EXP 	rot_line_precue: ori = np.float64(346.644314351518)
26.7748 	EXP 	rot_line_precue: ori = np.float64(347.09873381678)
26.7830 	EXP 	rot_line_precue: ori = np.float64(347.6497876960584)
26.7914 	EXP 	rot_line_precue: ori = np.float64(348.3794059237439)
26.7996 	EXP 	rot_line_precue: ori = np.float64(348.7164973446804)
26.8079 	EXP 	rot_line_precue: ori = np.float64(349.0668034355177)
26.8164 	EXP 	rot_line_precue: ori = np.float64(349.65569759514875)
26.8247 	EXP 	rot_line_precue: ori = np.float64(349.9541830052504)
26.8330 	EXP 	rot_line_precue: ori = np.float64(350.25838150904974)
26.8415 	EXP 	rot_line_precue: ori = np.float64(350.58422586046817)
26.8497 	EXP 	rot_line_precue: ori = np.float64(351.04627063988755)
26.8580 	EXP 	rot_line_precue: ori = np.float64(351.3851880634623)
26.8665 	EXP 	rot_line_precue: ori = np.float64(351.76024932019686)
26.8749 	EXP 	rot_line_precue: ori = np.float64(352.16322650266585)
26.8835 	EXP 	rot_line_precue: ori = np.float64(352.46569450354195)
26.8919 	EXP 	rot_line_precue: ori = np.float64(352.78624254448647)
26.8929 	EXP 	New trial (rep=4, index=11): <Trial 11 (11 in rep 4) data={'pic_name': 'pics/feet.JPG', 'class_mi': 'feet', 'thisN': 11, 'thisTrialN': 11, 'thisRepN': 4}>
26.9005 	EXP 	hor_line_precue: autoDraw = False
26.9005 	EXP 	ver_line_precue: autoDraw = False
26.9005 	EXP 	rot_line_precue: autoDraw = False
26.9005 	EXP 	rot_line_precue: ori = np.float64(353.0851136616298)
26.9005 	EXP 	hor_line_precue: autoDraw = False
26.9005 	EXP 	ver_line_precue: autoDraw = False
26.9005 	EXP 	rot_line_precue: autoDraw = False
26.9005 	EXP 	hor_line_precue: autoDraw = True
26.9005 	EXP 	ver_line_precue: autoDraw = True
26.9005 	EXP 	rot_line_precue: autoDraw = True
26.9005 	EXP 	rot_line_precue: ori = np.float64(353.3850874058731)
26.9088 	EXP 	rot_line_precue: ori = np.float64(353.81043199521946)
26.9170 	EXP 	rot_line_precue: ori = np.float64(354.13546315684715)
26.9251 	EXP 	rot_line_precue: ori = np.float64(354.51583605358445)
26.9337 	EXP 	rot_line_precue: ori = np.float64(354.826583347033)
26.9425 	EXP 	rot_line_precue: ori = np.float64(355.1582406741613)
26.9507 	EXP 	rot_line_precue: ori = np.float64(355.4556588435463)
26.9586 	EXP 	rot_line_precue: ori = np.float64(355.7789701790539)
26.9667 	EXP 	rot_line_precue: ori = np.float64(356.10376178509796)
26.9755 	EXP 	rot_line_precue: ori = np.float64(356.51438421222537)
26.9832 	EXP 	rot_line_precue: ori = np.float64(356.8216660534652)
26.9917 	EXP 	rot_line_precue: ori = np.float64(357.12383140837943)
26.9999 	EXP 	rot_line_precue: ori = np.float64(357.4300586240838)
27.0082 	EXP 	rot_line_precue: ori = np.float64(357.79899789646373)
27.0167 	EXP 	rot_line_precue: ori = np.float64(358.11437647085336)
27.0250 	EXP 	rot_line_precue: ori = np.float64(358.7532012754761)
27.0332 	EXP 	rot_line_precue: ori = np.float64(359.27124498360445)
27.0415 	EXP 	rot_line_precue: ori = np.float64(359.6095169481044)
27.0498 	EXP 	rot_line_precue: ori = np.float64(359.9195937972177)
27.0580 	EXP 	rot_line_precue: ori = np.float64(0.466165409208827)
27.0668 	EXP 	rot_line_precue: ori = np.float64(0.920713716024824)
27.0759 	EXP 	rot_line_precue: ori = np.float64(1.2995267096740002)
27.0834 	EXP 	rot_line_precue: ori = np.float64(1.9755772268509024)
27.0921 	EXP 	rot_line_precue: ori = np.float64(2.3422124918104545)
27.1009 	EXP 	rot_line_precue: ori = np.float64(2.6562247974437714)
27.1084 	EXP 	rot_line_precue: ori = np.float64(3.038448702387266)
27.1165 	EXP 	rot_line_precue: ori = np.float64(3.3864257078430637)
27.1249 	EXP 	rot_line_precue: ori = np.float64(3.8298939400303476)
27.1332 	EXP 	rot_line_precue: ori = np.float64(4.144048995056265)
27.1415 	EXP 	rot_line_precue: ori = np.float64(4.468357228401507)
27.1500 	EXP 	rot_line_precue: ori = np.float64(4.920569436401598)
27.1582 	EXP 	rot_line_precue: ori = np.float64(5.2236006583637655)
27.1663 	EXP 	rot_line_precue: ori = np.float64(5.805199895081307)
27.1747 	EXP 	rot_line_precue: ori = np.float64(6.245255798979063)
27.1832 	EXP 	rot_line_precue: ori = np.float64(6.761259521836954)
27.1914 	EXP 	rot_line_precue: ori = np.float64(7.285477612498324)
27.1997 	EXP 	rot_line_precue: ori = np.float64(7.5889287532387115)
27.2082 	EXP 	rot_line_precue: ori = np.float64(7.893521120803609)
27.2164 	EXP 	rot_line_precue: ori = np.float64(8.416106400264335)
27.2247 	EXP 	rot_line_precue: ori = np.float64(9.004525108533269)
27.2332 	EXP 	rot_line_precue: ori = np.float64(9.48841315481117)
27.2415 	EXP 	rot_line_precue: ori = np.float64(9.82996656147756)
27.2497 	EXP 	rot_line_precue: ori = np.float64(10.289744124811646)
27.2587 	EXP 	rot_line_precue: ori = np.float64(10.729561964321285)
27.2672 	EXP 	rot_line_precue: ori = np.float64(11.333712093507394)
27.2754 	EXP 	rot_line_precue: ori = np.float64(11.735479391720109)
27.2838 	EXP 	rot_line_precue: ori = np.float64(12.038116236107154)
27.2920 	EXP 	rot_line_precue: ori = np.float64(12.371923843664664)
27.3005 	EXP 	rot_line_precue: ori = np.float64(12.671094387328656)
27.3088 	EXP 	rot_line_precue: ori = np.float64(13.14721918540749)
27.3168 	EXP 	rot_line_precue: ori = np.float64(13.523676810502186)
27.3250 	EXP 	rot_line_precue: ori = np.float64(14.006726501012125)
27.3335 	EXP 	rot_line_precue: ori = np.float64(14.330880303665268)
27.3435 	EXP 	rot_line_precue: ori = np.float64(14.64174102877926)
27.3536 	EXP 	rot_line_precue: ori = np.float64(15.040782998495251)
27.3590 	EXP 	rot_line_precue: ori = np.float64(15.634322430699989)
27.3673 	EXP 	rot_line_precue: ori = np.float64(15.943452228874456)
27.3748 	EXP 	rot_line_precue: ori = np.float64(16.29413238732652)
27.3830 	EXP 	rot_line_precue: ori = np.float64(16.613378087703563)
27.3915 	EXP 	rot_line_precue: ori = np.float64(17.03011352076843)
27.3997 	EXP 	rot_line_precue: ori = np.float64(17.36313550534035)
27.4081 	EXP 	rot_line_precue: ori = np.float64(17.67691886437529)
27.4165 	EXP 	rot_line_precue: ori = np.float64(18.059154933593845)
27.4251 	EXP 	rot_line_precue: ori = np.float64(18.356602032392058)
27.4331 	EXP 	rot_line_precue: ori = np.float64(18.688277330581794)
27.4415 	EXP 	rot_line_precue: ori = np.float64(19.040193592710455)
27.4503 	EXP 	rot_line_precue: ori = np.float64(19.34064417732535)
27.4586 	EXP 	rot_line_precue: ori = np.float64(19.75893249096585)
27.4670 	EXP 	rot_line_precue: ori = np.float64(20.067011486178828)
27.4751 	EXP 	rot_line_precue: ori = np.float64(20.421856740117583)
27.4838 	EXP 	rot_line_precue: ori = np.float64(20.74371022279935)
27.4918 	EXP 	rot_line_precue: ori = np.float64(21.156276996476873)
27.5000 	EXP 	rot_line_precue: ori = np.float64(21.46721149627048)
27.5082 	EXP 	rot_line_precue: ori = np.float64(21.83433033577632)
27.5169 	EXP 	rot_line_precue: ori = np.float64(22.21175553517647)
27.5251 	EXP 	rot_line_precue: ori = np.float64(22.5085087154891)
27.5332 	EXP 	rot_line_precue: ori = np.float64(22.831544603257147)
27.5414 	EXP 	rot_line_precue: ori = np.float64(23.268221836099542)
27.5498 	EXP 	rot_line_precue: ori = np.float64(23.682491895885477)
27.5582 	EXP 	rot_line_precue: ori = np.float64(24.123193507759037)
27.5664 	EXP 	rot_line_precue: ori = np.float64(24.438944984163403)
27.5749 	EXP 	rot_line_precue: ori = np.float64(24.81391069880623)
27.5831 	EXP 	rot_line_precue: ori = np.float64(25.115540385996184)
27.5914 	EXP 	rot_line_precue: ori = np.float64(25.460022584837596)
27.6008 	EXP 	rot_line_precue: ori = np.float64(25.791879553786707)
27.6082 	EXP 	rot_line_precue: ori = np.float64(26.130970134869262)
27.6164 	EXP 	rot_line_precue: ori = np.float64(26.431036785323144)
27.6249 	EXP 	rot_line_precue: ori = np.float64(26.737603629043942)
27.6332 	EXP 	rot_line_precue: ori = np.float64(27.098370003611755)
27.6420 	EXP 	rot_line_precue: ori = np.float64(27.39380832235291)
27.6508 	EXP 	rot_line_precue: ori = np.float64(27.96736728589837)
27.6585 	EXP 	rot_line_precue: ori = np.float64(28.298998118414893)
27.6670 	EXP 	rot_line_precue: ori = np.float64(28.955278069961608)
27.6753 	EXP 	rot_line_precue: ori = np.float64(29.689310578680466)
27.6834 	EXP 	rot_line_precue: ori = np.float64(30.039291090645783)
27.6917 	EXP 	rot_line_precue: ori = np.float64(30.34468214158622)
27.7001 	EXP 	rot_line_precue: ori = np.float64(30.66576196703648)
27.7084 	EXP 	rot_line_precue: ori = np.float64(30.96463183302692)
27.7166 	EXP 	rot_line_precue: ori = np.float64(31.26906120078299)
27.7247 	EXP 	rot_line_precue: ori = np.float64(31.65539140008777)
27.7333 	EXP 	rot_line_precue: ori = np.float64(32.02875272478442)
27.7414 	EXP 	rot_line_precue: ori = np.float64(32.33006747001815)
27.7496 	EXP 	rot_line_precue: ori = np.float64(33.133321191247276)
27.7582 	EXP 	rot_line_precue: ori = np.float64(33.432957431572014)
27.7663 	EXP 	rot_line_precue: ori = np.float64(33.73998039720746)
27.7746 	EXP 	rot_line_precue: ori = np.float64(34.0537508357672)
27.7828 	EXP 	rot_line_precue: ori = np.float64(34.42311165684757)
27.7921 	EXP 	rot_line_precue: ori = np.float64(34.84321332667178)
27.7997 	EXP 	rot_line_precue: ori = np.float64(35.357584586641856)
27.8079 	EXP 	rot_line_precue: ori = np.float64(35.71927957807205)
27.8165 	EXP 	rot_line_precue: ori = np.float64(36.03804272547282)
27.8248 	EXP 	rot_line_precue: ori = np.float64(36.43958520002716)
27.8343 	EXP 	rot_line_precue: ori = np.float64(37.01649897324905)
27.8420 	EXP 	rot_line_precue: ori = np.float64(37.41912981773086)
27.8504 	EXP 	rot_line_precue: ori = np.float64(37.78177295182187)
27.8585 	EXP 	rot_line_precue: ori = np.float64(38.102296308403254)
27.8666 	EXP 	rot_line_precue: ori = np.float64(38.46008201946648)
27.8749 	EXP 	rot_line_precue: ori = np.float64(38.82170761374628)
27.8834 	EXP 	rot_line_precue: ori = np.float64(39.24832538376477)
27.8917 	EXP 	rot_line_precue: ori = np.float64(39.55906189964297)
27.8999 	EXP 	rot_line_precue: ori = np.float64(39.87852875290001)
27.9081 	EXP 	rot_line_precue: ori = np.float64(40.46576817019814)
27.9165 	EXP 	rot_line_precue: ori = np.float64(40.777259537952474)
27.9248 	EXP 	rot_line_precue: ori = np.float64(41.08648797141567)
27.9331 	EXP 	rot_line_precue: ori = np.float64(41.467559228387884)
27.9413 	EXP 	rot_line_precue: ori = np.float64(41.819467699576684)
27.9510 	EXP 	rot_line_precue: ori = np.float64(42.11759016845435)
27.9580 	EXP 	rot_line_precue: ori = np.float64(42.61900096459229)
27.9662 	EXP 	rot_line_precue: ori = np.float64(42.951455201115884)
27.9748 	EXP 	rot_line_precue: ori = np.float64(43.68784515510446)
27.9832 	EXP 	rot_line_precue: ori = np.float64(44.192316898278015)
27.9914 	EXP 	rot_line_precue: ori = np.float64(44.49125588729662)
27.9998 	EXP 	rot_line_precue: ori = np.float64(44.923352348218714)
28.0081 	EXP 	rot_line_precue: ori = np.float64(45.23777355674398)
28.0168 	EXP 	rot_line_precue: ori = np.float64(45.56484737873566)
28.0251 	EXP 	rot_line_precue: ori = np.float64(45.90019858630692)
28.0338 	EXP 	rot_line_precue: ori = np.float64(46.25559835946746)
28.0426 	EXP 	rot_line_precue: ori = np.float64(46.63106408563189)
28.0509 	EXP 	rot_line_precue: ori = np.float64(47.09912011305646)
28.0582 	EXP 	rot_line_precue: ori = np.float64(47.436915242420476)
28.0669 	EXP 	rot_line_precue: ori = np.float64(47.75282976766868)
28.0756 	EXP 	rot_line_precue: ori = np.float64(48.22153625775644)
28.0832 	EXP 	rot_line_precue: ori = np.float64(48.5351064929254)
28.0914 	EXP 	rot_line_precue: ori = np.float64(49.07877872038462)
28.0999 	EXP 	rot_line_precue: ori = np.float64(49.43083060879596)
28.1081 	EXP 	rot_line_precue: ori = np.float64(49.75042775733357)
28.1164 	EXP 	rot_line_precue: ori = np.float64(50.08939440705543)
28.1249 	EXP 	rot_line_precue: ori = np.float64(50.72070464411392)
28.1331 	EXP 	rot_line_precue: ori = np.float64(51.065203761378285)
28.1415 	EXP 	rot_line_precue: ori = np.float64(51.72105392781553)
28.1501 	EXP 	rot_line_precue: ori = np.float64(52.01772932028584)
28.1581 	EXP 	rot_line_precue: ori = np.float64(52.32154953259868)
28.1663 	EXP 	rot_line_precue: ori = np.float64(52.68131586756385)
28.1747 	EXP 	rot_line_precue: ori = np.float64(52.99269763148771)
28.1832 	EXP 	rot_line_precue: ori = np.float64(53.73766010856816)
28.1914 	EXP 	rot_line_precue: ori = np.float64(54.192714545684964)
28.2000 	EXP 	rot_line_precue: ori = np.float64(54.715476279742056)
28.2093 	EXP 	rot_line_precue: ori = np.float64(55.04935105503096)
28.2165 	EXP 	rot_line_precue: ori = np.float64(55.44500086106518)
28.2254 	EXP 	rot_line_precue: ori = np.float64(55.906765826522886)
28.2334 	EXP 	rot_line_precue: ori = np.float64(56.223867983209374)
28.2416 	EXP 	rot_line_precue: ori = np.float64(56.84575571945096)
28.2501 	EXP 	rot_line_precue: ori = np.float64(57.301718144340114)
28.2597 	EXP 	rot_line_precue: ori = np.float64(57.763063956846075)
28.2674 	EXP 	rot_line_precue: ori = np.float64(58.13714990912644)
28.2747 	EXP 	rot_line_precue: ori = np.float64(58.45276008140459)
28.2833 	EXP 	rot_line_precue: ori = np.float64(58.85100712630755)
28.2915 	EXP 	rot_line_precue: ori = np.float64(59.2328611449445)
28.2996 	EXP 	rot_line_precue: ori = np.float64(59.629955937128685)
28.3080 	EXP 	rot_line_precue: ori = np.float64(60.388988687148874)
28.3164 	EXP 	rot_line_precue: ori = np.float64(60.800493631187344)
28.3255 	EXP 	rot_line_precue: ori = np.float64(61.21133250323495)
28.3329 	EXP 	rot_line_precue: ori = np.float64(61.51160837420303)
28.3414 	EXP 	rot_line_precue: ori = np.float64(61.87215990296082)
28.3497 	EXP 	rot_line_precue: ori = np.float64(62.23921933109689)
28.3579 	EXP 	rot_line_precue: ori = np.float64(62.54416483657763)
28.3664 	EXP 	rot_line_precue: ori = np.float64(62.841096303763294)
28.3747 	EXP 	rot_line_precue: ori = np.float64(63.14215785166801)
28.3830 	EXP 	rot_line_precue: ori = np.float64(63.6480576545117)
28.3919 	EXP 	rot_line_precue: ori = np.float64(63.969500084172644)
28.4005 	EXP 	rot_line_precue: ori = np.float64(64.58106068057084)
28.4087 	EXP 	rot_line_precue: ori = np.float64(65.17673077157787)
28.4169 	EXP 	rot_line_precue: ori = np.float64(65.81700532933601)
28.4254 	EXP 	rot_line_precue: ori = np.float64(66.13250968006659)
28.4335 	EXP 	rot_line_precue: ori = np.float64(66.46881883228076)
28.4424 	EXP 	rot_line_precue: ori = np.float64(66.93533713408843)
28.4498 	EXP 	rot_line_precue: ori = np.float64(67.33331669670751)
28.4581 	EXP 	rot_line_precue: ori = np.float64(68.01623947091629)
28.4667 	EXP 	rot_line_precue: ori = np.float64(68.31774387923957)
28.4748 	EXP 	rot_line_precue: ori = np.float64(68.88922577967983)
28.4831 	EXP 	rot_line_precue: ori = np.float64(69.23601783206529)
28.4912 	EXP 	rot_line_precue: ori = np.float64(69.61319410715339)
28.4998 	EXP 	rot_line_precue: ori = np.float64(69.92518920873144)
28.5088 	EXP 	rot_line_precue: ori = np.float64(70.28002917424578)
28.5163 	EXP 	rot_line_precue: ori = np.float64(70.59383645699329)
28.5248 	EXP 	rot_line_precue: ori = np.float64(70.93275811884158)
28.5330 	EXP 	rot_line_precue: ori = np.float64(71.23347771661122)
28.5413 	EXP 	rot_line_precue: ori = np.float64(71.53003803623314)
28.5498 	EXP 	rot_line_precue: ori = np.float64(72.03115411098362)
28.5588 	EXP 	rot_line_precue: ori = np.float64(72.39614966087092)
28.5664 	EXP 	rot_line_precue: ori = np.float64(72.71303038570046)
28.5749 	EXP 	rot_line_precue: ori = np.float64(73.0223110310554)
28.5834 	EXP 	rot_line_precue: ori = np.float64(73.39539999246723)
28.5919 	EXP 	rot_line_precue: ori = np.float64(74.18438210001051)
28.6002 	EXP 	rot_line_precue: ori = np.float64(74.55552370445474)
28.6084 	EXP 	rot_line_precue: ori = np.float64(75.27676750146058)
28.6168 	EXP 	rot_line_precue: ori = np.float64(75.60277568867141)
28.6250 	EXP 	rot_line_precue: ori = np.float64(76.01506773832419)
28.6334 	EXP 	rot_line_precue: ori = np.float64(76.55893650239726)
28.6420 	EXP 	rot_line_precue: ori = np.float64(76.99109933573165)
28.6502 	EXP 	rot_line_precue: ori = np.float64(77.35849641596393)
28.6583 	EXP 	rot_line_precue: ori = np.float64(77.81706303129936)
28.6674 	EXP 	rot_line_precue: ori = np.float64(78.22447933636094)
28.6747 	EXP 	rot_line_precue: ori = np.float64(78.70729510984793)
28.6838 	EXP 	rot_line_precue: ori = np.float64(79.09861016749682)
28.6914 	EXP 	rot_line_precue: ori = np.float64(79.45407207660733)
28.6996 	EXP 	rot_line_precue: ori = np.float64(79.76493047141638)
28.7082 	EXP 	rot_line_precue: ori = np.float64(80.20501984699342)
28.7164 	EXP 	rot_line_precue: ori = np.float64(80.73319053020828)
28.7246 	EXP 	rot_line_precue: ori = np.float64(81.34159994226172)
28.7332 	EXP 	rot_line_precue: ori = np.float64(81.65123255229052)
28.7414 	EXP 	rot_line_precue: ori = np.float64(81.96394850074154)
28.7503 	EXP 	rot_line_precue: ori = np.float64(82.68075226211991)
28.7582 	EXP 	rot_line_precue: ori = np.float64(83.1170458773045)
28.7673 	EXP 	rot_line_precue: ori = np.float64(83.57906708034511)
28.7761 	EXP 	rot_line_precue: ori = np.float64(83.90595703948524)
28.7835 	EXP 	rot_line_precue: ori = np.float64(84.22008850744052)
28.7919 	EXP 	rot_line_precue: ori = np.float64(84.56620329667057)
28.8004 	EXP 	rot_line_precue: ori = np.float64(84.86155079410082)
28.8084 	EXP 	rot_line_precue: ori = np.float64(85.2322679650663)
28.8166 	EXP 	rot_line_precue: ori = np.float64(85.77521557655875)
28.8253 	EXP 	rot_line_precue: ori = np.float64(86.28308497847743)
28.8341 	EXP 	rot_line_precue: ori = np.float64(86.79184722310426)
28.8417 	EXP 	rot_line_precue: ori = np.float64(87.10415547425441)
28.8498 	EXP 	rot_line_precue: ori = np.float64(87.40741734461558)
28.8581 	EXP 	rot_line_precue: ori = np.float64(87.70410001764292)
28.8665 	EXP 	rot_line_precue: ori = np.float64(88.00914387497227)
28.8748 	EXP 	rot_line_precue: ori = np.float64(88.30651525644848)
28.8831 	EXP 	rot_line_precue: ori = np.float64(88.7896969560876)
28.8839 	EXP 	New trial (rep=3, index=12): <Trial 12 (12 in rep 3) data={'pic_name': 'pics/left_hand.JPG', 'class_mi': 'left_hand', 'thisN': 12, 'thisTrialN': 12, 'thisRepN': 3}>
28.8915 	EXP 	hor_line_precue: autoDraw = False
28.8915 	EXP 	ver_line_precue: autoDraw = False
28.8915 	EXP 	rot_line_precue: autoDraw = False
28.8915 	EXP 	rot_line_precue: ori = np.float64(89.13358379764945)
28.8915 	EXP 	hor_line_precue: autoDraw = False
28.8915 	EXP 	ver_line_precue: autoDraw = False
28.8915 	EXP 	rot_line_precue: autoDraw = False
28.8915 	EXP 	hor_line_precue: autoDraw = True
28.8915 	EXP 	ver_line_precue: autoDraw = True
28.8915 	EXP 	rot_line_precue: autoDraw = True
28.8915 	EXP 	rot_line_precue: ori = np.float64(89.43361649564841)
28.8997 	EXP 	rot_line_precue: ori = np.float64(89.80839875131707)
28.9081 	EXP 	rot_line_precue: ori = np.float64(90.59934036836721)
28.9165 	EXP 	rot_line_precue: ori = np.float64(90.92766546107009)
28.9257 	EXP 	rot_line_precue: ori = np.float64(91.34164466541453)
28.9330 	EXP 	rot_line_precue: ori = np.float64(91.73015041077413)
28.9415 	EXP 	rot_line_precue: ori = np.float64(92.0364334003737)
28.9500 	EXP 	rot_line_precue: ori = np.float64(92.35855477560415)
28.9587 	EXP 	rot_line_precue: ori = np.float64(92.65509896973367)
28.9669 	EXP 	rot_line_precue: ori = np.float64(93.0047788234391)
28.9751 	EXP 	rot_line_precue: ori = np.float64(93.63474857156064)
28.9836 	EXP 	rot_line_precue: ori = np.float64(93.93246215011774)
28.9920 	EXP 	rot_line_precue: ori = np.float64(94.27104138736544)
29.0001 	EXP 	rot_line_precue: ori = np.float64(94.61539405137898)
29.0088 	EXP 	rot_line_precue: ori = np.float64(95.19638500689366)
29.0166 	EXP 	rot_line_precue: ori = np.float64(95.51790082563156)
29.0249 	EXP 	rot_line_precue: ori = np.float64(95.98307924366212)
29.0333 	EXP 	rot_line_precue: ori = np.float64(96.32687216813207)
29.0414 	EXP 	rot_line_precue: ori = np.float64(96.696430974943)
29.0498 	EXP 	rot_line_precue: ori = np.float64(97.31285733664909)
29.0582 	EXP 	rot_line_precue: ori = np.float64(97.60893187083721)
29.0671 	EXP 	rot_line_precue: ori = np.float64(97.95029046134938)
29.0749 	EXP 	rot_line_precue: ori = np.float64(98.26130243615538)
29.0830 	EXP 	rot_line_precue: ori = np.float64(98.70049049727713)
29.0913 	EXP 	rot_line_precue: ori = np.float64(99.05597873677218)
29.0999 	EXP 	rot_line_precue: ori = np.float64(99.43654132201016)
29.1082 	EXP 	rot_line_precue: ori = np.float64(99.74158844416317)
29.1163 	EXP 	rot_line_precue: ori = np.float64(100.26201746227456)
29.1249 	EXP 	rot_line_precue: ori = np.float64(100.56958672072447)
29.1331 	EXP 	rot_line_precue: ori = np.float64(100.87450234796302)
29.1427 	EXP 	rot_line_precue: ori = np.float64(101.24262032359465)
29.1504 	EXP 	rot_line_precue: ori = np.float64(101.5468784832905)
29.1584 	EXP 	rot_line_precue: ori = np.float64(102.33368236634219)
29.1671 	EXP 	rot_line_precue: ori = np.float64(102.78277787277092)
29.1759 	EXP 	rot_line_precue: ori = np.float64(103.16622869307203)
29.1834 	EXP 	rot_line_precue: ori = np.float64(103.46236759620756)
29.1919 	EXP 	rot_line_precue: ori = np.float64(103.78741459464723)
29.2000 	EXP 	rot_line_precue: ori = np.float64(104.39837268935135)
29.2083 	EXP 	rot_line_precue: ori = np.float64(104.82479499946034)
29.2165 	EXP 	rot_line_precue: ori = np.float64(105.21066309173821)
29.2247 	EXP 	rot_line_precue: ori = np.float64(105.59774298202696)
29.2332 	EXP 	rot_line_precue: ori = np.float64(106.12923710358902)
29.2414 	EXP 	rot_line_precue: ori = np.float64(106.46908768150378)
29.2496 	EXP 	rot_line_precue: ori = np.float64(106.8358157796615)
29.2582 	EXP 	rot_line_precue: ori = np.float64(107.18767215154972)
29.2665 	EXP 	rot_line_precue: ori = np.float64(107.51466047730658)
29.2757 	EXP 	rot_line_precue: ori = np.float64(107.81400225982912)
29.2835 	EXP 	rot_line_precue: ori = np.float64(108.13175828506868)
29.2915 	EXP 	rot_line_precue: ori = np.float64(108.47580347783644)
29.2997 	EXP 	rot_line_precue: ori = np.float64(108.78404067423799)
29.3083 	EXP 	rot_line_precue: ori = np.float64(109.23824868910128)
29.3164 	EXP 	rot_line_precue: ori = np.float64(109.8409225745799)
29.3256 	EXP 	rot_line_precue: ori = np.float64(110.13873954957896)
29.3335 	EXP 	rot_line_precue: ori = np.float64(110.62357397923115)
29.3418 	EXP 	rot_line_precue: ori = np.float64(110.95144342349529)
29.3503 	EXP 	rot_line_precue: ori = np.float64(111.26693197712017)
29.3587 	EXP 	rot_line_precue: ori = np.float64(111.61961223831068)
29.3667 	EXP 	rot_line_precue: ori = np.float64(111.92058528125068)
29.3748 	EXP 	rot_line_precue: ori = np.float64(112.43585810146017)
29.3834 	EXP 	rot_line_precue: ori = np.float64(112.76841704296905)
29.3918 	EXP 	rot_line_precue: ori = np.float64(113.11308713973972)
29.4003 	EXP 	rot_line_precue: ori = np.float64(113.5540768341267)
29.4084 	EXP 	rot_line_precue: ori = np.float64(113.89251774247093)
29.4165 	EXP 	rot_line_precue: ori = np.float64(114.41219091727501)
29.4248 	EXP 	rot_line_precue: ori = np.float64(114.72528993905772)
29.4330 	EXP 	rot_line_precue: ori = np.float64(115.03168270033036)
29.4415 	EXP 	rot_line_precue: ori = np.float64(115.38227036983702)
29.4498 	EXP 	rot_line_precue: ori = np.float64(115.74876823956679)
29.4581 	EXP 	rot_line_precue: ori = np.float64(116.15679852282567)
29.4670 	EXP 	rot_line_precue: ori = np.float64(116.46549138322753)
29.4748 	EXP 	rot_line_precue: ori = np.float64(116.81469697418318)
29.4840 	EXP 	rot_line_precue: ori = np.float64(117.21725989227849)
29.4916 	EXP 	rot_line_precue: ori = np.float64(117.51936132995407)
29.4997 	EXP 	rot_line_precue: ori = np.float64(118.30814278274762)
29.5081 	EXP 	rot_line_precue: ori = np.float64(118.69563776280295)
29.5173 	EXP 	rot_line_precue: ori = np.float64(119.01908128179505)
29.5257 	EXP 	rot_line_precue: ori = np.float64(119.31732082572857)
29.5337 	EXP 	rot_line_precue: ori = np.float64(119.7140671820881)
29.5419 	EXP 	rot_line_precue: ori = np.float64(120.25947974027227)
29.5502 	EXP 	rot_line_precue: ori = np.float64(120.55870280383033)
29.5588 	EXP 	rot_line_precue: ori = np.float64(120.86673534295682)
29.5668 	EXP 	rot_line_precue: ori = np.float64(121.5485832536681)
29.5751 	EXP 	rot_line_precue: ori = np.float64(121.91917881438737)
29.5831 	EXP 	rot_line_precue: ori = np.float64(122.54034890856066)
29.5926 	EXP 	rot_line_precue: ori = np.float64(122.92495248811535)
29.5999 	EXP 	rot_line_precue: ori = np.float64(123.2545314751198)
29.6081 	EXP 	rot_line_precue: ori = np.float64(123.58841989249667)
29.6163 	EXP 	rot_line_precue: ori = np.float64(123.98547806097864)
29.6248 	EXP 	rot_line_precue: ori = np.float64(124.30906462458053)
29.6331 	EXP 	rot_line_precue: ori = np.float64(124.65909545746193)
29.6414 	EXP 	rot_line_precue: ori = np.float64(125.4300902255512)
29.6498 	EXP 	rot_line_precue: ori = np.float64(125.91619919485827)
29.6581 	EXP 	rot_line_precue: ori = np.float64(126.29134152135842)
29.6664 	EXP 	rot_line_precue: ori = np.float64(126.75919652019854)
29.6749 	EXP 	rot_line_precue: ori = np.float64(127.15530772366598)
29.6838 	EXP 	rot_line_precue: ori = np.float64(127.50160472463021)
29.6915 	EXP 	rot_line_precue: ori = np.float64(127.88993485174025)
29.7001 	EXP 	rot_line_precue: ori = np.float64(128.26091848695745)
29.7091 	EXP 	rot_line_precue: ori = np.float64(128.79872443876667)
29.7170 	EXP 	rot_line_precue: ori = np.float64(129.17568506007083)
29.7252 	EXP 	rot_line_precue: ori = np.float64(129.51028373537926)
29.7335 	EXP 	rot_line_precue: ori = np.float64(129.81756625414883)
29.7416 	EXP 	rot_line_precue: ori = np.float64(130.22870326143803)
29.7500 	EXP 	rot_line_precue: ori = np.float64(130.58997669128652)
29.7591 	EXP 	rot_line_precue: ori = np.float64(131.2253657565937)
29.7665 	EXP 	rot_line_precue: ori = np.float64(131.5536057902506)
29.7751 	EXP 	rot_line_precue: ori = np.float64(131.86894413118998)
29.7834 	EXP 	rot_line_precue: ori = np.float64(132.31667867195407)
29.7915 	EXP 	rot_line_precue: ori = np.float64(132.69270651842402)
29.7998 	EXP 	rot_line_precue: ori = np.float64(133.1104145608577)
29.8082 	EXP 	rot_line_precue: ori = np.float64(133.4275413548392)
29.8164 	EXP 	rot_line_precue: ori = np.float64(133.7514008140079)
29.8257 	EXP 	rot_line_precue: ori = np.float64(134.10594584804917)
29.8332 	EXP 	rot_line_precue: ori = np.float64(134.43127449107538)
29.8421 	EXP 	rot_line_precue: ori = np.float64(135.2139040418114)
29.8497 	EXP 	rot_line_precue: ori = np.float64(135.53147764931475)
29.8584 	EXP 	rot_line_precue: ori = np.float64(135.85345170393308)
29.8665 	EXP 	rot_line_precue: ori = np.float64(136.1582978067153)
29.8748 	EXP 	rot_line_precue: ori = np.float64(136.4916450419184)
29.8829 	EXP 	rot_line_precue: ori = np.float64(136.8185541217069)
29.8916 	EXP 	rot_line_precue: ori = np.float64(137.134590154988)
29.9004 	EXP 	rot_line_precue: ori = np.float64(137.70998276405078)
29.9087 	EXP 	rot_line_precue: ori = np.float64(138.41288119375437)
29.9169 	EXP 	rot_line_precue: ori = np.float64(138.7555209282097)
29.9254 	EXP 	rot_line_precue: ori = np.float64(139.38038320304318)
29.9337 	EXP 	rot_line_precue: ori = np.float64(139.69086099447227)
29.9418 	EXP 	rot_line_precue: ori = np.float64(140.24462605051505)
29.9500 	EXP 	rot_line_precue: ori = np.float64(140.54178986697025)
29.9586 	EXP 	rot_line_precue: ori = np.float64(140.87358613946628)
29.9668 	EXP 	rot_line_precue: ori = np.float64(141.22583563141785)
29.9750 	EXP 	rot_line_precue: ori = np.float64(141.53292077838285)
29.9831 	EXP 	rot_line_precue: ori = np.float64(141.87684028311466)
29.9915 	EXP 	rot_line_precue: ori = np.float64(142.21969769932983)
30.0004 	EXP 	rot_line_precue: ori = np.float64(142.58447362848938)
30.0081 	EXP 	rot_line_precue: ori = np.float64(142.9316840339163)
30.0162 	EXP 	rot_line_precue: ori = np.float64(143.23713761032434)
30.0247 	EXP 	rot_line_precue: ori = np.float64(143.54284274085714)
30.0331 	EXP 	rot_line_precue: ori = np.float64(144.05374637720388)
30.0414 	EXP 	rot_line_precue: ori = np.float64(144.37971217982175)
30.0498 	EXP 	rot_line_precue: ori = np.float64(144.7810381185837)
30.0581 	EXP 	rot_line_precue: ori = np.float64(145.50335904703067)
30.0663 	EXP 	rot_line_precue: ori = np.float64(146.24304455258354)
30.0750 	EXP 	rot_line_precue: ori = np.float64(146.6371770782194)
30.0856 	EXP 	rot_line_precue: ori = np.float64(147.0235225499901)
30.0926 	EXP 	rot_line_precue: ori = np.float64(147.33383453913066)
30.1003 	EXP 	rot_line_precue: ori = np.float64(148.05308783070126)
30.1089 	EXP 	rot_line_precue: ori = np.float64(148.35821273097227)
30.1177 	EXP 	rot_line_precue: ori = np.float64(148.66295428577547)
30.1253 	EXP 	rot_line_precue: ori = np.float64(148.97910124303309)
30.1332 	EXP 	rot_line_precue: ori = np.float64(149.40830021732754)
30.1418 	EXP 	rot_line_precue: ori = np.float64(149.73042698083103)
30.1507 	EXP 	rot_line_precue: ori = np.float64(150.02824830987467)
30.1583 	EXP 	rot_line_precue: ori = np.float64(150.34120938319344)
30.1664 	EXP 	rot_line_precue: ori = np.float64(150.7155465277517)
30.1750 	EXP 	rot_line_precue: ori = np.float64(151.04330920065013)
30.1832 	EXP 	rot_line_precue: ori = np.float64(151.34252994537493)
30.1915 	EXP 	rot_line_precue: ori = np.float64(151.64431450909913)
30.1999 	EXP 	rot_line_precue: ori = np.float64(151.9792210794077)
30.2082 	EXP 	rot_line_precue: ori = np.float64(152.3934789674408)
30.2164 	EXP 	rot_line_precue: ori = np.float64(152.72272538799152)
30.2247 	EXP 	rot_line_precue: ori = np.float64(153.151213376909)
30.2332 	EXP 	rot_line_precue: ori = np.float64(153.7253996161059)
30.2415 	EXP 	rot_line_precue: ori = np.float64(154.06664846020297)
30.2497 	EXP 	rot_line_precue: ori = np.float64(154.64859180668645)
30.2582 	EXP 	rot_line_precue: ori = np.float64(155.13963360375402)
30.2666 	EXP 	rot_line_precue: ori = np.float64(155.44543580283562)
30.2752 	EXP 	rot_line_precue: ori = np.float64(155.78128303636586)
30.2836 	EXP 	rot_line_precue: ori = np.float64(156.13885586954802)
30.2921 	EXP 	rot_line_precue: ori = np.float64(156.4542632532737)
30.3004 	EXP 	rot_line_precue: ori = np.float64(156.77569576703564)
30.3086 	EXP 	rot_line_precue: ori = np.float64(157.13196935820048)
30.3171 	EXP 	rot_line_precue: ori = np.float64(157.46055995231416)
30.3251 	EXP 	rot_line_precue: ori = np.float64(157.89995144054262)
30.3335 	EXP 	rot_line_precue: ori = np.float64(158.22180545588077)
30.3417 	EXP 	rot_line_precue: ori = np.float64(158.7307731673633)
30.3497 	EXP 	rot_line_precue: ori = np.float64(159.1116471340557)
30.3583 	EXP 	rot_line_precue: ori = np.float64(159.42949960715902)
30.3665 	EXP 	rot_line_precue: ori = np.float64(159.7564171543699)
30.3747 	EXP 	rot_line_precue: ori = np.float64(160.2762262465283)
30.3829 	EXP 	rot_line_precue: ori = np.float64(160.99606665339917)
30.3915 	EXP 	rot_line_precue: ori = np.float64(161.29314635614537)
30.4005 	EXP 	rot_line_precue: ori = np.float64(161.62135452986402)
30.4078 	EXP 	rot_line_precue: ori = np.float64(161.92513491744677)
30.4169 	EXP 	rot_line_precue: ori = np.float64(162.43276352073406)
30.4248 	EXP 	rot_line_precue: ori = np.float64(162.73164275135895)
30.4331 	EXP 	rot_line_precue: ori = np.float64(163.41426017966222)
30.4415 	EXP 	rot_line_precue: ori = np.float64(163.77031425929854)
30.4498 	EXP 	rot_line_precue: ori = np.float64(164.21769418351073)
30.4586 	EXP 	rot_line_precue: ori = np.float64(164.62958864900676)
30.4669 	EXP 	rot_line_precue: ori = np.float64(165.20823920826948)
30.4750 	EXP 	rot_line_precue: ori = np.float64(165.56460089144207)
30.4836 	EXP 	rot_line_precue: ori = np.float64(165.8945546100474)
30.4919 	EXP 	rot_line_precue: ori = np.float64(166.25123292150832)
30.5004 	EXP 	rot_line_precue: ori = np.float64(166.56280101565542)
30.5085 	EXP 	rot_line_precue: ori = np.float64(167.03824607298378)
30.5169 	EXP 	rot_line_precue: ori = np.float64(167.3674787367929)
30.5249 	EXP 	rot_line_precue: ori = np.float64(167.7704876178781)
30.5332 	EXP 	rot_line_precue: ori = np.float64(168.13946761786084)
30.5417 	EXP 	rot_line_precue: ori = np.float64(168.46194894648426)
30.5498 	EXP 	rot_line_precue: ori = np.float64(168.76594179008612)
30.5581 	EXP 	rot_line_precue: ori = np.float64(169.38150563907342)
30.5664 	EXP 	rot_line_precue: ori = np.float64(169.79959694273023)
30.5750 	EXP 	rot_line_precue: ori = np.float64(170.57475566526668)
30.5831 	EXP 	rot_line_precue: ori = np.float64(170.8720879824033)
30.5916 	EXP 	rot_line_precue: ori = np.float64(171.565457845518)
30.6000 	EXP 	rot_line_precue: ori = np.float64(172.11224879341512)
30.6089 	EXP 	rot_line_precue: ori = np.float64(172.59716793732625)
30.6167 	EXP 	rot_line_precue: ori = np.float64(173.3265243425012)
30.6248 	EXP 	rot_line_precue: ori = np.float64(173.64243513328057)
30.6331 	EXP 	rot_line_precue: ori = np.float64(173.97204576666127)
30.6419 	EXP 	rot_line_precue: ori = np.float64(174.51933718443823)
30.6503 	EXP 	rot_line_precue: ori = np.float64(174.8565689566575)
30.6588 	EXP 	rot_line_precue: ori = np.float64(175.15594735266268)
30.6670 	EXP 	rot_line_precue: ori = np.float64(175.46552878999032)
30.6752 	EXP 	rot_line_precue: ori = np.float64(175.79793973363465)
30.6835 	EXP 	rot_line_precue: ori = np.float64(176.1984500208929)
30.6927 	EXP 	rot_line_precue: ori = np.float64(176.78491941763437)
30.7010 	EXP 	rot_line_precue: ori = np.float64(177.56413880615762)
30.7091 	EXP 	rot_line_precue: ori = np.float64(177.91199393212048)
30.7165 	EXP 	rot_line_precue: ori = np.float64(178.24269975944816)
30.7250 	EXP 	rot_line_precue: ori = np.float64(178.5877858127729)
30.7333 	EXP 	rot_line_precue: ori = np.float64(179.25437521399138)
30.7415 	EXP 	rot_line_precue: ori = np.float64(179.5561338480446)
30.7496 	EXP 	rot_line_precue: ori = np.float64(179.93876520004625)
30.7582 	EXP 	rot_line_precue: ori = np.float64(180.24158518974423)
30.7664 	EXP 	rot_line_precue: ori = np.float64(181.02847955640863)
30.7748 	EXP 	rot_line_precue: ori = np.float64(181.424081032349)
30.7836 	EXP 	rot_line_precue: ori = np.float64(181.81138134864034)
30.7914 	EXP 	rot_line_precue: ori = np.float64(182.21091702889248)
30.7997 	EXP 	rot_line_precue: ori = np.float64(182.63705113653498)
30.8086 	EXP 	rot_line_precue: ori = np.float64(182.93282102144863)
30.8168 	EXP 	rot_line_precue: ori = np.float64(183.45053037965522)
30.8253 	EXP 	rot_line_precue: ori = np.float64(183.86276463498132)
30.8342 	EXP 	rot_line_precue: ori = np.float64(184.15801663326346)
30.8422 	EXP 	rot_line_precue: ori = np.float64(184.51291946713334)
30.8502 	EXP 	rot_line_precue: ori = np.float64(184.8745993254628)
30.8591 	EXP 	rot_line_precue: ori = np.float64(185.17258083220568)
30.8673 	EXP 	rot_line_precue: ori = np.float64(185.53851085047788)
30.8753 	EXP 	rot_line_precue: ori = np.float64(185.83770379452426)
30.8763 	EXP 	New trial (rep=4, index=13): <Trial 13 (13 in rep 4) data={'pic_name': 'pics/left_hand.JPG', 'class_mi': 'left_hand', 'thisN': 13, 'thisTrialN': 13, 'thisRepN': 4}>
30.8834 	EXP 	hor_line_precue: autoDraw = False
30.8834 	EXP 	ver_line_precue: autoDraw = False
30.8834 	EXP 	rot_line_precue: autoDraw = False
30.8834 	EXP 	rot_line_precue: ori = np.float64(186.24365611309582)
30.8834 	EXP 	hor_line_precue: autoDraw = False
30.8834 	EXP 	ver_line_precue: autoDraw = False
30.8834 	EXP 	rot_line_precue: autoDraw = False
30.8834 	EXP 	hor_line_precue: autoDraw = True
30.8834 	EXP 	ver_line_precue: autoDraw = True
30.8834 	EXP 	rot_line_precue: autoDraw = True
30.8834 	EXP 	rot_line_precue: ori = np.float64(186.65881775859305)
30.8916 	EXP 	rot_line_precue: ori = np.float64(187.3243126225851)
30.9000 	EXP 	rot_line_precue: ori = np.float64(187.79445857593078)
30.9084 	EXP 	rot_line_precue: ori = np.float64(188.0919330232355)
30.9168 	EXP 	rot_line_precue: ori = np.float64(188.6681615487576)
30.9248 	EXP 	rot_line_precue: ori = np.float64(189.08416401468475)
30.9331 	EXP 	rot_line_precue: ori = np.float64(189.43182468518108)
30.9416 	EXP 	rot_line_precue: ori = np.float64(190.21144015246372)
30.9497 	EXP 	rot_line_precue: ori = np.float64(190.59617813681874)
30.9581 	EXP 	rot_line_precue: ori = np.float64(190.89854986228855)
30.9666 	EXP 	rot_line_precue: ori = np.float64(191.19488124929896)
30.9749 	EXP 	rot_line_precue: ori = np.float64(191.49824362536557)
30.9831 	EXP 	rot_line_precue: ori = np.float64(191.8530057234112)
30.9916 	EXP 	rot_line_precue: ori = np.float64(192.59864923897274)
31.0000 	EXP 	rot_line_precue: ori = np.float64(192.93996377255678)
31.0086 	EXP 	rot_line_precue: ori = np.float64(193.3131540369934)
31.0170 	EXP 	rot_line_precue: ori = np.float64(193.8304948659946)
31.0257 	EXP 	rot_line_precue: ori = np.float64(194.14151417166258)
31.0347 	EXP 	rot_line_precue: ori = np.float64(194.78892534135596)
31.0419 	EXP 	rot_line_precue: ori = np.float64(195.0843190627811)
31.0499 	EXP 	rot_line_precue: ori = np.float64(195.4842598898608)
31.0581 	EXP 	rot_line_precue: ori = np.float64(195.83357447954907)
31.0674 	EXP 	rot_line_precue: ori = np.float64(196.13464494472225)
31.0750 	EXP 	rot_line_precue: ori = np.float64(196.79071361919145)
31.0833 	EXP 	rot_line_precue: ori = np.float64(197.08897761210744)
31.0918 	EXP 	rot_line_precue: ori = np.float64(197.81539310487537)
31.1000 	EXP 	rot_line_precue: ori = np.float64(198.12570464030782)
31.1082 	EXP 	rot_line_precue: ori = np.float64(198.43692071507786)
31.1165 	EXP 	rot_line_precue: ori = np.float64(198.80322616589243)
31.1252 	EXP 	rot_line_precue: ori = np.float64(199.2050426196083)
31.1340 	EXP 	rot_line_precue: ori = np.float64(199.5307692165681)
31.1414 	EXP 	rot_line_precue: ori = np.float64(200.04934943152628)
31.1499 	EXP 	rot_line_precue: ori = np.float64(200.6799305458425)
31.1582 	EXP 	rot_line_precue: ori = np.float64(201.22626326061405)
31.1664 	EXP 	rot_line_precue: ori = np.float64(201.52680340724308)
31.1748 	EXP 	rot_line_precue: ori = np.float64(202.07735686936775)
31.1832 	EXP 	rot_line_precue: ori = np.float64(202.4820922223294)
31.1915 	EXP 	rot_line_precue: ori = np.float64(202.8146005848925)
31.2015 	EXP 	rot_line_precue: ori = np.float64(203.4633297410178)
31.2084 	EXP 	rot_line_precue: ori = np.float64(203.87687317201707)
31.2170 	EXP 	rot_line_precue: ori = np.float64(204.17493555522336)
31.2258 	EXP 	rot_line_precue: ori = np.float64(204.5370644681804)
31.2333 	EXP 	rot_line_precue: ori = np.float64(204.86062462907233)
31.2419 	EXP 	rot_line_precue: ori = np.float64(205.4785508486624)
31.2506 	EXP 	rot_line_precue: ori = np.float64(206.09855982214842)
31.2590 	EXP 	rot_line_precue: ori = np.float64(206.59319697030642)
31.2665 	EXP 	rot_line_precue: ori = np.float64(207.2862600202788)
31.2748 	EXP 	rot_line_precue: ori = np.float64(207.65381724241246)
31.2833 	EXP 	rot_line_precue: ori = np.float64(208.0987234898512)
31.2915 	EXP 	rot_line_precue: ori = np.float64(208.39875510656665)
31.2997 	EXP 	rot_line_precue: ori = np.float64(208.7903788411337)
31.3083 	EXP 	rot_line_precue: ori = np.float64(209.33244603314856)
31.3165 	EXP 	rot_line_precue: ori = np.float64(209.64760113989792)
31.3260 	EXP 	rot_line_precue: ori = np.float64(209.95428076249655)
31.3334 	EXP 	rot_line_precue: ori = np.float64(210.28228641921302)
31.3430 	EXP 	rot_line_precue: ori = np.float64(210.61208567025758)
31.3495 	EXP 	rot_line_precue: ori = np.float64(211.13752456004113)
31.3583 	EXP 	rot_line_precue: ori = np.float64(211.4944391979699)
31.3665 	EXP 	rot_line_precue: ori = np.float64(212.0821746506633)
31.3747 	EXP 	rot_line_precue: ori = np.float64(212.398008220435)
31.3842 	EXP 	rot_line_precue: ori = np.float64(213.05719732121108)
31.3917 	EXP 	rot_line_precue: ori = np.float64(213.62746234108135)
31.4006 	EXP 	rot_line_precue: ori = np.float64(213.96438135500384)
31.4087 	EXP 	rot_line_precue: ori = np.float64(214.28267893874735)
31.4168 	EXP 	rot_line_precue: ori = np.float64(214.5797556217639)
31.4247 	EXP 	rot_line_precue: ori = np.float64(215.00692156569818)
31.4348 	EXP 	rot_line_precue: ori = np.float64(215.3710115636829)
31.4423 	EXP 	rot_line_precue: ori = np.float64(216.0790110287991)
31.4498 	EXP 	rot_line_precue: ori = np.float64(216.4201030753114)
31.4584 	EXP 	rot_line_precue: ori = np.float64(216.85514744187714)
31.4665 	EXP 	rot_line_precue: ori = np.float64(217.1888063040724)
31.4747 	EXP 	rot_line_precue: ori = np.float64(217.5830155954126)
31.4830 	EXP 	rot_line_precue: ori = np.float64(218.13139317240478)
31.4915 	EXP 	rot_line_precue: ori = np.float64(218.5361033730221)
31.4998 	EXP 	rot_line_precue: ori = np.float64(218.88643053405406)
31.5089 	EXP 	rot_line_precue: ori = np.float64(219.18581330515988)
31.5165 	EXP 	rot_line_precue: ori = np.float64(219.63018624815243)
31.5247 	EXP 	rot_line_precue: ori = np.float64(220.14015849833845)
31.5338 	EXP 	rot_line_precue: ori = np.float64(220.44069394691672)
31.5416 	EXP 	rot_line_precue: ori = np.float64(220.88481114708952)
31.5499 	EXP 	rot_line_precue: ori = np.float64(221.46955332464643)
31.5582 	EXP 	rot_line_precue: ori = np.float64(222.01210925365058)
31.5668 	EXP 	rot_line_precue: ori = np.float64(222.33618152470783)
31.5756 	EXP 	rot_line_precue: ori = np.float64(222.94633315663543)
31.5837 	EXP 	rot_line_precue: ori = np.float64(223.28442279315493)
31.5919 	EXP 	rot_line_precue: ori = np.float64(223.6068558366829)
31.6000 	EXP 	rot_line_precue: ori = np.float64(223.90249158872308)
31.6082 	EXP 	rot_line_precue: ori = np.float64(224.2143260131589)
31.6168 	EXP 	rot_line_precue: ori = np.float64(224.55782249004784)
31.6249 	EXP 	rot_line_precue: ori = np.float64(225.09171816661404)
31.6333 	EXP 	rot_line_precue: ori = np.float64(225.45724954046264)
31.6418 	EXP 	rot_line_precue: ori = np.float64(225.8440953001991)
31.6498 	EXP 	rot_line_precue: ori = np.float64(226.35107336901444)
31.6582 	EXP 	rot_line_precue: ori = np.float64(226.64635643695019)
31.6665 	EXP 	rot_line_precue: ori = np.float64(226.96079249005348)
31.6749 	EXP 	rot_line_precue: ori = np.float64(227.30341772100553)
31.6832 	EXP 	rot_line_precue: ori = np.float64(227.60662493181704)
31.6915 	EXP 	rot_line_precue: ori = np.float64(227.93076003029256)
31.6999 	EXP 	rot_line_precue: ori = np.float64(228.3088095782809)
31.7082 	EXP 	rot_line_precue: ori = np.float64(228.87981518478603)
31.7164 	EXP 	rot_line_precue: ori = np.float64(229.2929983914217)
31.7249 	EXP 	rot_line_precue: ori = np.float64(229.6292684223661)
31.7335 	EXP 	rot_line_precue: ori = np.float64(229.93658950841714)
31.7414 	EXP 	rot_line_precue: ori = np.float64(230.26918572209237)
31.7499 	EXP 	rot_line_precue: ori = np.float64(230.84559789559458)
31.7586 	EXP 	rot_line_precue: ori = np.float64(231.31352925830777)
31.7670 	EXP 	rot_line_precue: ori = np.float64(231.6793855767989)
31.7752 	EXP 	rot_line_precue: ori = np.float64(231.99650154961034)
31.7835 	EXP 	rot_line_precue: ori = np.float64(232.31297512456976)
31.7922 	EXP 	rot_line_precue: ori = np.float64(232.71294079188434)
31.8009 	EXP 	rot_line_precue: ori = np.float64(233.08519619178074)
31.8089 	EXP 	rot_line_precue: ori = np.float64(233.41550428786255)
31.8171 	EXP 	rot_line_precue: ori = np.float64(234.0051353663786)
31.8252 	EXP 	rot_line_precue: ori = np.float64(234.3830885267421)
31.8336 	EXP 	rot_line_precue: ori = np.float64(234.77595204728973)
31.8416 	EXP 	rot_line_precue: ori = np.float64(235.28163380437735)
31.8505 	EXP 	rot_line_precue: ori = np.float64(235.64123196681876)
31.8582 	EXP 	rot_line_precue: ori = np.float64(236.00912292121401)
31.8664 	EXP 	rot_line_precue: ori = np.float64(236.35497797919882)
31.8747 	EXP 	rot_line_precue: ori = np.float64(236.69276011361393)
31.8829 	EXP 	rot_line_precue: ori = np.float64(237.26635265795105)
31.8916 	EXP 	rot_line_precue: ori = np.float64(237.57710753475007)
31.8997 	EXP 	rot_line_precue: ori = np.float64(238.1001138077671)
31.9082 	EXP 	rot_line_precue: ori = np.float64(238.43591516249174)
31.9164 	EXP 	rot_line_precue: ori = np.float64(238.75345443076415)
31.9247 	EXP 	rot_line_precue: ori = np.float64(239.15613757287528)
31.9330 	EXP 	rot_line_precue: ori = np.float64(239.50071245936036)
31.9417 	EXP 	rot_line_precue: ori = np.float64(240.16445288481398)
31.9505 	EXP 	rot_line_precue: ori = np.float64(240.67314031309806)
31.9587 	EXP 	rot_line_precue: ori = np.float64(241.00316357359543)
31.9668 	EXP 	rot_line_precue: ori = np.float64(241.36845349003443)
31.9750 	EXP 	rot_line_precue: ori = np.float64(241.82043449625462)
31.9834 	EXP 	rot_line_precue: ori = np.float64(242.16716748031243)
31.9924 	EXP 	rot_line_precue: ori = np.float64(242.75689967637308)
31.9998 	EXP 	rot_line_precue: ori = np.float64(243.30315978429857)
32.0085 	EXP 	rot_line_precue: ori = np.float64(243.60803690031486)
32.0168 	EXP 	rot_line_precue: ori = np.float64(243.9101476326515)
32.0248 	EXP 	rot_line_precue: ori = np.float64(244.22992110561586)
32.0330 	EXP 	rot_line_precue: ori = np.float64(244.5438572780706)
32.0415 	EXP 	rot_line_precue: ori = np.float64(244.84542422782675)
32.0498 	EXP 	rot_line_precue: ori = np.float64(245.37801645474403)
32.0581 	EXP 	rot_line_precue: ori = np.float64(245.73102062301888)
32.0666 	EXP 	rot_line_precue: ori = np.float64(246.0684369574511)
32.0748 	EXP 	rot_line_precue: ori = np.float64(246.383886735017)
32.0839 	EXP 	rot_line_precue: ori = np.float64(246.76738175756307)
32.0916 	EXP 	rot_line_precue: ori = np.float64(247.06825304000836)
32.1000 	EXP 	rot_line_precue: ori = np.float64(247.40460811200109)
32.1081 	EXP 	rot_line_precue: ori = np.float64(247.76543728051698)
32.1168 	EXP 	rot_line_precue: ori = np.float64(248.24923561978468)
32.1250 	EXP 	rot_line_precue: ori = np.float64(248.54575449482334)
32.1337 	EXP 	rot_line_precue: ori = np.float64(249.02764516801102)
32.1419 	EXP 	rot_line_precue: ori = np.float64(249.7579421312218)
32.1503 	EXP 	rot_line_precue: ori = np.float64(250.05596813966082)
32.1587 	EXP 	rot_line_precue: ori = np.float64(250.38226476260135)
32.1670 	EXP 	rot_line_precue: ori = np.float64(250.87540161685337)
32.1753 	EXP 	rot_line_precue: ori = np.float64(251.3719754633609)
32.1832 	EXP 	rot_line_precue: ori = np.float64(251.93003245941782)
32.1919 	EXP 	rot_line_precue: ori = np.float64(252.34750666053822)
32.2001 	EXP 	rot_line_precue: ori = np.float64(252.66437557074954)
32.2084 	EXP 	rot_line_precue: ori = np.float64(253.12990625469985)
32.2166 	EXP 	rot_line_precue: ori = np.float64(253.46755402932115)
32.2250 	EXP 	rot_line_precue: ori = np.float64(254.10425106014927)
32.2331 	EXP 	rot_line_precue: ori = np.float64(254.4667480161823)
32.2415 	EXP 	rot_line_precue: ori = np.float64(254.80965307471882)
32.2505 	EXP 	rot_line_precue: ori = np.float64(255.14314071012595)
32.2582 	EXP 	rot_line_precue: ori = np.float64(255.44774353757523)
32.2666 	EXP 	rot_line_precue: ori = np.float64(255.75612994196732)
32.2751 	EXP 	rot_line_precue: ori = np.float64(256.05533390296284)
32.2832 	EXP 	rot_line_precue: ori = np.float64(256.38019928027035)
32.2915 	EXP 	rot_line_precue: ori = np.float64(257.10236760413113)
32.2998 	EXP 	rot_line_precue: ori = np.float64(257.46470984442453)
32.3084 	EXP 	rot_line_precue: ori = np.float64(257.87261406403377)
32.3165 	EXP 	rot_line_precue: ori = np.float64(258.21132030367227)
32.3252 	EXP 	rot_line_precue: ori = np.float64(258.53502790009935)
32.3336 	EXP 	rot_line_precue: ori = np.float64(259.1476138723042)
32.3420 	EXP 	rot_line_precue: ori = np.float64(259.49300263771966)
32.3512 	EXP 	rot_line_precue: ori = np.float64(259.85245781825284)
32.3586 	EXP 	rot_line_precue: ori = np.float64(260.476468839384)
32.3667 	EXP 	rot_line_precue: ori = np.float64(261.24564516583365)
32.3751 	EXP 	rot_line_precue: ori = np.float64(261.7985137768824)
32.3834 	EXP 	rot_line_precue: ori = np.float64(262.2695380016463)
32.3916 	EXP 	rot_line_precue: ori = np.float64(262.6497150676157)
32.3998 	EXP 	rot_line_precue: ori = np.float64(262.9455033543175)
32.4082 	EXP 	rot_line_precue: ori = np.float64(263.26032153064295)
32.4164 	EXP 	rot_line_precue: ori = np.float64(263.56997442783097)
32.4246 	EXP 	rot_line_precue: ori = np.float64(264.1250469264456)
32.4332 	EXP 	rot_line_precue: ori = np.float64(264.42566262458837)
32.4414 	EXP 	rot_line_precue: ori = np.float64(264.73441388558746)
32.4498 	EXP 	rot_line_precue: ori = np.float64(265.50513545456266)
32.4583 	EXP 	rot_line_precue: ori = np.float64(265.83997600590305)
32.4665 	EXP 	rot_line_precue: ori = np.float64(266.3695611647466)
32.4748 	EXP 	rot_line_precue: ori = np.float64(266.88169345655075)
32.4833 	EXP 	rot_line_precue: ori = np.float64(267.39158063714774)
32.4916 	EXP 	rot_line_precue: ori = np.float64(268.0175414327483)
32.4998 	EXP 	rot_line_precue: ori = np.float64(268.32724278122055)
32.5085 	EXP 	rot_line_precue: ori = np.float64(268.67302920760716)
32.5169 	EXP 	rot_line_precue: ori = np.float64(269.0373137196009)
32.5250 	EXP 	rot_line_precue: ori = np.float64(269.5354253079615)
32.5343 	EXP 	rot_line_precue: ori = np.float64(270.2315661385443)
32.5419 	EXP 	rot_line_precue: ori = np.float64(270.53675926473284)
32.5501 	EXP 	rot_line_precue: ori = np.float64(270.99668432844334)
32.5585 	EXP 	rot_line_precue: ori = np.float64(271.29340417907235)
32.5673 	EXP 	rot_line_precue: ori = np.float64(271.60273210413703)
32.5757 	EXP 	rot_line_precue: ori = np.float64(271.8980134081137)
32.5835 	EXP 	rot_line_precue: ori = np.float64(272.44655288591673)
32.5917 	EXP 	rot_line_precue: ori = np.float64(272.8956710812471)
32.5999 	EXP 	rot_line_precue: ori = np.float64(273.19365647778835)
32.6081 	EXP 	rot_line_precue: ori = np.float64(273.48949960159365)
32.6166 	EXP 	rot_line_precue: ori = np.float64(273.78708333749296)
32.6257 	EXP 	rot_line_precue: ori = np.float64(274.09185443210293)
32.6332 	EXP 	rot_line_precue: ori = np.float64(274.3937385073938)
32.6416 	EXP 	rot_line_precue: ori = np.float64(274.7358526128618)
32.6498 	EXP 	rot_line_precue: ori = np.float64(275.42922184829376)
32.6582 	EXP 	rot_line_precue: ori = np.float64(275.7430346235523)
32.6665 	EXP 	rot_line_precue: ori = np.float64(276.3225053269247)
32.6749 	EXP 	rot_line_precue: ori = np.float64(276.66481217618536)
32.6832 	EXP 	rot_line_precue: ori = np.float64(276.9721383862688)
32.6926 	EXP 	rot_line_precue: ori = np.float64(277.3456211821868)
32.7003 	EXP 	rot_line_precue: ori = np.float64(277.7078262530714)
32.7086 	EXP 	rot_line_precue: ori = np.float64(278.01332227669553)
32.7169 	EXP 	rot_line_precue: ori = np.float64(278.44423295645606)
32.7251 	EXP 	rot_line_precue: ori = np.float64(278.95455786672136)
32.7339 	EXP 	rot_line_precue: ori = np.float64(279.2533096122222)
32.7426 	EXP 	rot_line_precue: ori = np.float64(279.5497207685707)
32.7508 	EXP 	rot_line_precue: ori = np.float64(280.0532622860945)
32.7583 	EXP 	rot_line_precue: ori = np.float64(280.40995358190594)
32.7669 	EXP 	rot_line_precue: ori = np.float64(280.8264192296253)
32.7750 	EXP 	rot_line_precue: ori = np.float64(281.3525417540738)
32.7834 	EXP 	rot_line_precue: ori = np.float64(281.680034464928)
32.7915 	EXP 	rot_line_precue: ori = np.float64(282.05609563530186)
32.7999 	EXP 	rot_line_precue: ori = np.float64(282.44992306103796)
32.8083 	EXP 	rot_line_precue: ori = np.float64(282.8356066592855)
32.8173 	EXP 	rot_line_precue: ori = np.float64(283.1844175071563)
32.8250 	EXP 	rot_line_precue: ori = np.float64(283.58820398136254)
32.8333 	EXP 	rot_line_precue: ori = np.float64(283.96188664618126)
32.8414 	EXP 	rot_line_precue: ori = np.float64(284.30713458765103)
32.8500 	EXP 	rot_line_precue: ori = np.float64(284.8555356724646)
32.8583 	EXP 	rot_line_precue: ori = np.float64(285.4447878318608)
32.8665 	EXP 	rot_line_precue: ori = np.float64(285.7590497433246)
32.8672 	EXP 	New trial (rep=4, index=14): <Trial 14 (14 in rep 4) data={'pic_name': 'pics/none.JPG', 'class_mi': 'rest', 'thisN': 14, 'thisTrialN': 14, 'thisRepN': 4}>
32.8747 	EXP 	hor_line_precue: autoDraw = False
32.8747 	EXP 	ver_line_precue: autoDraw = False
32.8747 	EXP 	rot_line_precue: autoDraw = False
32.8747 	EXP 	rot_line_precue: ori = np.float64(286.1456178552508)
32.8747 	EXP 	hor_line_precue: autoDraw = False
32.8747 	EXP 	ver_line_precue: autoDraw = False
32.8747 	EXP 	rot_line_precue: autoDraw = False
32.8747 	EXP 	hor_line_precue: autoDraw = True
32.8747 	EXP 	ver_line_precue: autoDraw = True
32.8747 	EXP 	rot_line_precue: autoDraw = True
32.8747 	EXP 	rot_line_precue: ori = np.float64(286.44637081832)
32.8836 	EXP 	rot_line_precue: ori = np.float64(286.9344425580018)
32.8921 	EXP 	rot_line_precue: ori = np.float64(287.40502270108016)
32.9004 	EXP 	rot_line_precue: ori = np.float64(288.0054058339689)
32.9087 	EXP 	rot_line_precue: ori = np.float64(288.6634368067904)
32.9172 	EXP 	rot_line_precue: ori = np.float64(288.9804045537592)
32.9253 	EXP 	rot_line_precue: ori = np.float64(289.2985834983783)
32.9341 	EXP 	rot_line_precue: ori = np.float64(289.83025919423415)
32.9417 	EXP 	rot_line_precue: ori = np.float64(290.2213696285674)
32.9502 	EXP 	rot_line_precue: ori = np.float64(290.6071203254617)
32.9585 	EXP 	rot_line_precue: ori = np.float64(290.9750232221473)
32.9666 	EXP 	rot_line_precue: ori = np.float64(291.3773529775794)
32.9748 	EXP 	rot_line_precue: ori = np.float64(291.7195991173436)
32.9832 	EXP 	rot_line_precue: ori = np.float64(292.2284013325751)
32.9920 	EXP 	rot_line_precue: ori = np.float64(292.52913696946564)
32.9999 	EXP 	rot_line_precue: ori = np.float64(293.25750965459486)
33.0081 	EXP 	rot_line_precue: ori = np.float64(293.59844189663363)
33.0165 	EXP 	rot_line_precue: ori = np.float64(293.89783289666997)
33.0249 	EXP 	rot_line_precue: ori = np.float64(294.35948000224187)
33.0334 	EXP 	rot_line_precue: ori = np.float64(294.89857734146585)
33.0416 	EXP 	rot_line_precue: ori = np.float64(295.50195816399304)
33.0499 	EXP 	rot_line_precue: ori = np.float64(295.8562670182693)
33.0582 	EXP 	rot_line_precue: ori = np.float64(296.38315623034117)
33.0668 	EXP 	rot_line_precue: ori = np.float64(296.6874753631327)
33.0756 	EXP 	rot_line_precue: ori = np.float64(297.0038302302159)
33.0839 	EXP 	rot_line_precue: ori = np.float64(297.4893682368712)
33.0920 	EXP 	rot_line_precue: ori = np.float64(297.8461283666303)
33.1001 	EXP 	rot_line_precue: ori = np.float64(298.17238635070436)
33.1082 	EXP 	rot_line_precue: ori = np.float64(298.93700878546963)
33.1175 	EXP 	rot_line_precue: ori = np.float64(299.2886198439155)
33.1250 	EXP 	rot_line_precue: ori = np.float64(299.58813214248704)
33.1337 	EXP 	rot_line_precue: ori = np.float64(299.9228076295271)
33.1425 	EXP 	rot_line_precue: ori = np.float64(300.2238108937654)
33.1500 	EXP 	rot_line_precue: ori = np.float64(300.52177132946)
33.1582 	EXP 	rot_line_precue: ori = np.float64(301.0242621947395)
33.1667 	EXP 	rot_line_precue: ori = np.float64(301.32596832489395)
33.1749 	EXP 	rot_line_precue: ori = np.float64(301.67529892592523)
33.1832 	EXP 	rot_line_precue: ori = np.float64(302.2753452796572)
33.1915 	EXP 	rot_line_precue: ori = np.float64(302.60979849287804)
33.1999 	EXP 	rot_line_precue: ori = np.float64(302.9063574652292)
33.2082 	EXP 	rot_line_precue: ori = np.float64(303.21661576897833)
33.2164 	EXP 	rot_line_precue: ori = np.float64(303.76485073394616)
33.2249 	EXP 	rot_line_precue: ori = np.float64(304.11913699572114)
33.2332 	EXP 	rot_line_precue: ori = np.float64(304.54871590260785)
33.2414 	EXP 	rot_line_precue: ori = np.float64(304.97712615544935)
33.2499 	EXP 	rot_line_precue: ori = np.float64(305.31837780263015)
33.2589 	EXP 	rot_line_precue: ori = np.float64(305.877444971818)
33.2670 	EXP 	rot_line_precue: ori = np.float64(306.23359521979955)
33.2753 	EXP 	rot_line_precue: ori = np.float64(306.52912050146494)
33.2842 	EXP 	rot_line_precue: ori = np.float64(306.99154457447196)
33.2922 	EXP 	rot_line_precue: ori = np.float64(307.30621836397614)
33.3003 	EXP 	rot_line_precue: ori = np.float64(307.8229359276565)
33.3083 	EXP 	rot_line_precue: ori = np.float64(308.2446791916982)
33.3166 	EXP 	rot_line_precue: ori = np.float64(308.5920785365409)
33.3253 	EXP 	rot_line_precue: ori = np.float64(309.0256459291962)
33.3334 	EXP 	rot_line_precue: ori = np.float64(309.6523180405053)
33.3415 	EXP 	rot_line_precue: ori = np.float64(310.23744501288047)
33.3498 	EXP 	rot_line_precue: ori = np.float64(310.6585730281917)
33.3582 	EXP 	rot_line_precue: ori = np.float64(311.16817807282354)
33.3665 	EXP 	rot_line_precue: ori = np.float64(311.5303145049298)
33.3746 	EXP 	rot_line_precue: ori = np.float64(312.18385366789636)
33.3833 	EXP 	rot_line_precue: ori = np.float64(312.5166871701965)
33.3915 	EXP 	rot_line_precue: ori = np.float64(312.89799114735735)
33.3997 	EXP 	rot_line_precue: ori = np.float64(313.568523654678)
33.4083 	EXP 	rot_line_precue: ori = np.float64(313.9092479986188)
33.4165 	EXP 	rot_line_precue: ori = np.float64(314.2053339937303)
33.4256 	EXP 	rot_line_precue: ori = np.float64(314.5264417281739)
33.4333 	EXP 	rot_line_precue: ori = np.float64(314.85798589832126)
33.4416 	EXP 	rot_line_precue: ori = np.float64(315.19410511383455)
33.4499 	EXP 	rot_line_precue: ori = np.float64(315.74437080658663)
33.4591 	EXP 	rot_line_precue: ori = np.float64(316.5227134264404)
33.4673 	EXP 	rot_line_precue: ori = np.float64(316.827593719615)
33.4754 	EXP 	rot_line_precue: ori = np.float64(317.1249168929407)
33.4836 	EXP 	rot_line_precue: ori = np.float64(317.8075260326687)
33.4918 	EXP 	rot_line_precue: ori = np.float64(318.22488035967206)
33.4999 	EXP 	rot_line_precue: ori = np.float64(318.6170153268246)
33.5084 	EXP 	rot_line_precue: ori = np.float64(318.9767543424027)
33.5169 	EXP 	rot_line_precue: ori = np.float64(319.3010196155644)
33.5249 	EXP 	rot_line_precue: ori = np.float64(319.8260277867904)
33.5334 	EXP 	rot_line_precue: ori = np.float64(320.1650160252089)
33.5416 	EXP 	rot_line_precue: ori = np.float64(320.4632351321987)
33.5499 	EXP 	rot_line_precue: ori = np.float64(321.2475867971267)
33.5589 	EXP 	rot_line_precue: ori = np.float64(321.74931964071004)
33.5666 	EXP 	rot_line_precue: ori = np.float64(322.10677826730546)
33.5749 	EXP 	rot_line_precue: ori = np.float64(322.43061086792454)
33.5839 	EXP 	rot_line_precue: ori = np.float64(322.7722448535162)
33.5916 	EXP 	rot_line_precue: ori = np.float64(323.2034196500284)
33.5999 	EXP 	rot_line_precue: ori = np.float64(323.5870049552567)
33.6081 	EXP 	rot_line_precue: ori = np.float64(323.8944744850208)
33.6166 	EXP 	rot_line_precue: ori = np.float64(324.2030262768608)
33.6251 	EXP 	rot_line_precue: ori = np.float64(324.5438894093372)
33.6331 	EXP 	rot_line_precue: ori = np.float64(325.11991324991715)
33.6417 	EXP 	rot_line_precue: ori = np.float64(325.67139441747435)
33.6502 	EXP 	rot_line_precue: ori = np.float64(326.14682814426175)
33.6589 	EXP 	rot_line_precue: ori = np.float64(326.5517250377471)
33.6673 	EXP 	rot_line_precue: ori = np.float64(327.2573560034694)
33.6752 	EXP 	rot_line_precue: ori = np.float64(327.6094368550159)
33.6839 	EXP 	rot_line_precue: ori = np.float64(327.92535667505814)
33.6918 	EXP 	rot_line_precue: ori = np.float64(328.3116771225509)
33.7007 	EXP 	rot_line_precue: ori = np.float64(329.01791782992075)
33.7087 	EXP 	rot_line_precue: ori = np.float64(329.3572516177726)
33.7169 	EXP 	rot_line_precue: ori = np.float64(329.7227967982437)
33.7249 	EXP 	rot_line_precue: ori = np.float64(330.44494228592725)
33.7332 	EXP 	rot_line_precue: ori = np.float64(331.23376929907704)
33.7414 	EXP 	rot_line_precue: ori = np.float64(331.5302394883668)
33.7499 	EXP 	rot_line_precue: ori = np.float64(331.88941887089777)
33.7581 	EXP 	rot_line_precue: ori = np.float64(332.33074700433895)
33.7663 	EXP 	rot_line_precue: ori = np.float64(332.90843804197885)
33.7749 	EXP 	rot_line_precue: ori = np.float64(333.2315687138986)
33.7833 	EXP 	rot_line_precue: ori = np.float64(333.5713235675067)
33.7916 	EXP 	rot_line_precue: ori = np.float64(333.86693850152017)
33.8000 	EXP 	rot_line_precue: ori = np.float64(334.22188364078374)
33.8082 	EXP 	rot_line_precue: ori = np.float64(334.5363710151635)
33.8166 	EXP 	rot_line_precue: ori = np.float64(334.86129462543147)
33.8260 	EXP 	rot_line_precue: ori = np.float64(335.2410622319988)
33.8340 	EXP 	rot_line_precue: ori = np.float64(335.6671886969541)
33.8429 	EXP 	rot_line_precue: ori = np.float64(335.9882715669876)
33.8504 	EXP 	rot_line_precue: ori = np.float64(336.2839067582319)
33.8585 	EXP 	rot_line_precue: ori = np.float64(336.6769285362352)
33.8667 	EXP 	rot_line_precue: ori = np.float64(337.0359083128097)
33.8751 	EXP 	rot_line_precue: ori = np.float64(337.3785549845739)
33.8845 	EXP 	rot_line_precue: ori = np.float64(337.89591209929506)
33.8920 	EXP 	rot_line_precue: ori = np.float64(338.241990395554)
33.9004 	EXP 	rot_line_precue: ori = np.float64(338.5590032489367)
33.9084 	EXP 	rot_line_precue: ori = np.float64(339.0122368676707)
33.9165 	EXP 	rot_line_precue: ori = np.float64(339.7899642400425)
33.9248 	EXP 	rot_line_precue: ori = np.float64(340.124868196573)
33.9333 	EXP 	rot_line_precue: ori = np.float64(340.7079596366748)
33.9416 	EXP 	rot_line_precue: ori = np.float64(341.1058872927762)
33.9498 	EXP 	rot_line_precue: ori = np.float64(341.40928585004076)
33.9583 	EXP 	rot_line_precue: ori = np.float64(341.7056118329288)
33.9665 	EXP 	rot_line_precue: ori = np.float64(342.00246628995467)
33.9748 	EXP 	rot_line_precue: ori = np.float64(342.30292977113754)
33.9839 	EXP 	rot_line_precue: ori = np.float64(342.9600294726207)
33.9915 	EXP 	rot_line_precue: ori = np.float64(343.3755363315636)
34.0004 	EXP 	rot_line_precue: ori = np.float64(344.07173471190936)
34.0084 	EXP 	rot_line_precue: ori = np.float64(344.44336287588266)
34.0167 	EXP 	rot_line_precue: ori = np.float64(345.0418933325756)
34.0254 	EXP 	rot_line_precue: ori = np.float64(345.34952315394435)
34.0338 	EXP 	rot_line_precue: ori = np.float64(345.7296293346211)
34.0420 	EXP 	rot_line_precue: ori = np.float64(346.1630890390669)
34.0504 	EXP 	rot_line_precue: ori = np.float64(346.4815348390189)
34.0585 	EXP 	rot_line_precue: ori = np.float64(346.79845337433824)
34.0669 	EXP 	rot_line_precue: ori = np.float64(347.1044964509783)
34.0750 	EXP 	rot_line_precue: ori = np.float64(347.4324960106168)
34.0835 	EXP 	rot_line_precue: ori = np.float64(347.77376632870306)
34.0924 	EXP 	rot_line_precue: ori = np.float64(348.49616960740184)
34.0999 	EXP 	rot_line_precue: ori = np.float64(348.8725657664305)
34.1082 	EXP 	rot_line_precue: ori = np.float64(349.6449581836157)
34.1167 	EXP 	rot_line_precue: ori = np.float64(350.1126896553964)
34.1248 	EXP 	rot_line_precue: ori = np.float64(350.442681425964)
34.1331 	EXP 	rot_line_precue: ori = np.float64(351.108674168036)
34.1416 	EXP 	rot_line_precue: ori = np.float64(351.5324967603185)
34.1499 	EXP 	rot_line_precue: ori = np.float64(351.8604572403504)
34.1582 	EXP 	rot_line_precue: ori = np.float64(352.21468654143945)
34.1666 	EXP 	rot_line_precue: ori = np.float64(352.53507316155066)
34.1749 	EXP 	rot_line_precue: ori = np.float64(352.9564209817372)
34.1833 	EXP 	rot_line_precue: ori = np.float64(353.3815383323438)
34.1917 	EXP 	rot_line_precue: ori = np.float64(353.795251082135)
34.2006 	EXP 	rot_line_precue: ori = np.float64(354.12953153949616)
34.2083 	EXP 	rot_line_precue: ori = np.float64(354.45607388458086)
34.2171 	EXP 	rot_line_precue: ori = np.float64(354.96373690398565)
34.2252 	EXP 	rot_line_precue: ori = np.float64(355.27547255082374)
34.2338 	EXP 	rot_line_precue: ori = np.float64(355.7546350182846)
34.2417 	EXP 	rot_line_precue: ori = np.float64(356.108918679716)
34.2506 	EXP 	rot_line_precue: ori = np.float64(356.4158726888063)
34.2590 	EXP 	rot_line_precue: ori = np.float64(356.7121857580169)
34.2676 	EXP 	rot_line_precue: ori = np.float64(357.12978443376403)
34.2749 	EXP 	rot_line_precue: ori = np.float64(357.435013062131)
34.2833 	EXP 	rot_line_precue: ori = np.float64(357.8745790824263)
34.2914 	EXP 	rot_line_precue: ori = np.float64(358.2574514190716)
34.2999 	EXP 	rot_line_precue: ori = np.float64(358.6436473156945)
34.3081 	EXP 	rot_line_precue: ori = np.float64(358.9440550424303)
34.3165 	EXP 	rot_line_precue: ori = np.float64(359.2526609640018)
34.3246 	EXP 	rot_line_precue: ori = np.float64(359.8002719233117)
34.3333 	EXP 	rot_line_precue: ori = np.float64(0.17407213929448062)
34.3416 	EXP 	rot_line_precue: ori = np.float64(0.5313730824971531)
34.3499 	EXP 	rot_line_precue: ori = np.float64(0.8334282568483087)
34.3586 	EXP 	rot_line_precue: ori = np.float64(1.2688449744468122)
34.3666 	EXP 	rot_line_precue: ori = np.float64(1.6087411433550605)
34.3755 	EXP 	rot_line_precue: ori = np.float64(1.9642072729174924)
34.3833 	EXP 	rot_line_precue: ori = np.float64(2.3036558723822633)
34.3916 	EXP 	rot_line_precue: ori = np.float64(2.9883996542878695)
34.4004 	EXP 	rot_line_precue: ori = np.float64(3.2858702004545894)
34.4086 	EXP 	rot_line_precue: ori = np.float64(3.639108674105191)
34.4169 	EXP 	rot_line_precue: ori = np.float64(3.967851854169274)
34.4254 	EXP 	rot_line_precue: ori = np.float64(4.331755049569882)
34.4336 	EXP 	rot_line_precue: ori = np.float64(4.63916662693037)
34.4418 	EXP 	rot_line_precue: ori = np.float64(5.101058880760921)
34.4503 	EXP 	rot_line_precue: ori = np.float64(5.461982462604119)
34.4585 	EXP 	rot_line_precue: ori = np.float64(6.235525451023076)
34.4668 	EXP 	rot_line_precue: ori = np.float64(6.536088863423236)
34.4753 	EXP 	rot_line_precue: ori = np.float64(6.971564472357208)
34.4833 	EXP 	rot_line_precue: ori = np.float64(7.351412932231071)
34.4915 	EXP 	rot_line_precue: ori = np.float64(7.703494390817139)
34.4997 	EXP 	rot_line_precue: ori = np.float64(8.069379247300066)
34.5083 	EXP 	rot_line_precue: ori = np.float64(8.607755041246783)
34.5165 	EXP 	rot_line_precue: ori = np.float64(8.911440716267323)
34.5247 	EXP 	rot_line_precue: ori = np.float64(9.667295541588828)
34.5334 	EXP 	rot_line_precue: ori = np.float64(10.011950644889323)
34.5422 	EXP 	rot_line_precue: ori = np.float64(10.314757976703206)
34.5499 	EXP 	rot_line_precue: ori = np.float64(10.627720715191819)
34.5580 	EXP 	rot_line_precue: ori = np.float64(11.106434023984013)
34.5666 	EXP 	rot_line_precue: ori = np.float64(11.44287517984942)
34.5748 	EXP 	rot_line_precue: ori = np.float64(11.796163690892476)
34.5832 	EXP 	rot_line_precue: ori = np.float64(12.185147603696048)
34.5918 	EXP 	rot_line_precue: ori = np.float64(12.760850537477499)
34.6007 	EXP 	rot_line_precue: ori = np.float64(13.282085072539928)
34.6087 	EXP 	rot_line_precue: ori = np.float64(13.623925884586308)
34.6169 	EXP 	rot_line_precue: ori = np.float64(14.04549988585814)
34.6255 	EXP 	rot_line_precue: ori = np.float64(14.358834502825111)
34.6336 	EXP 	rot_line_precue: ori = np.float64(14.673692702625635)
34.6425 	EXP 	rot_line_precue: ori = np.float64(15.265224210543929)
34.6507 	EXP 	rot_line_precue: ori = np.float64(15.590103969780413)
34.6581 	EXP 	rot_line_precue: ori = np.float64(15.940886334716826)
34.6668 	EXP 	rot_line_precue: ori = np.float64(16.352998239699122)
34.6749 	EXP 	rot_line_precue: ori = np.float64(16.73847057694543)
34.6833 	EXP 	rot_line_precue: ori = np.float64(17.075046681782485)
34.6917 	EXP 	rot_line_precue: ori = np.float64(17.429736285440267)
34.7000 	EXP 	rot_line_precue: ori = np.float64(17.78646739891567)
34.7082 	EXP 	rot_line_precue: ori = np.float64(18.352128397931217)
34.7167 	EXP 	rot_line_precue: ori = np.float64(18.65542836415219)
34.7250 	EXP 	rot_line_precue: ori = np.float64(19.034335505473933)
34.7339 	EXP 	rot_line_precue: ori = np.float64(19.334867896039643)
34.7415 	EXP 	rot_line_precue: ori = np.float64(19.640454243096155)
34.7500 	EXP 	rot_line_precue: ori = np.float64(19.966621859683638)
34.7584 	EXP 	rot_line_precue: ori = np.float64(20.51165346734562)
34.7665 	EXP 	rot_line_precue: ori = np.float64(20.834973157880015)
34.7749 	EXP 	rot_line_precue: ori = np.float64(21.23056739065698)
34.7839 	EXP 	rot_line_precue: ori = np.float64(21.588514774955964)
34.7921 	EXP 	rot_line_precue: ori = np.float64(22.000294050207202)
34.8004 	EXP 	rot_line_precue: ori = np.float64(22.722943589499142)
34.8093 	EXP 	rot_line_precue: ori = np.float64(23.21561801311516)
34.8171 	EXP 	rot_line_precue: ori = np.float64(23.51983072129687)
34.8252 	EXP 	rot_line_precue: ori = np.float64(24.011596997545247)
34.8335 	EXP 	rot_line_precue: ori = np.float64(24.39965276012939)
34.8418 	EXP 	rot_line_precue: ori = np.float64(24.77842346021749)
34.8508 	EXP 	rot_line_precue: ori = np.float64(25.224622929640677)
34.8585 	EXP 	rot_line_precue: ori = np.float64(25.552319271261293)
34.8593 	EXP 	New trial (rep=5, index=15): <Trial 15 (15 in rep 5) data={'pic_name': 'pics/left_hand.JPG', 'class_mi': 'left_hand', 'thisN': 15, 'thisTrialN': 15, 'thisRepN': 5}>
34.8666 	EXP 	hor_line_precue: autoDraw = False
34.8666 	EXP 	ver_line_precue: autoDraw = False
34.8666 	EXP 	rot_line_precue: autoDraw = False
34.8666 	EXP 	rot_line_precue: ori = np.float64(25.916172685529716)
34.8666 	EXP 	hor_line_precue: autoDraw = False
34.8666 	EXP 	ver_line_precue: autoDraw = False
34.8666 	EXP 	rot_line_precue: autoDraw = False
34.8666 	EXP 	hor_line_precue: autoDraw = True
34.8666 	EXP 	ver_line_precue: autoDraw = True
34.8666 	EXP 	rot_line_precue: autoDraw = True
34.8666 	EXP 	rot_line_precue: ori = np.float64(26.233236483958958)
34.8750 	EXP 	rot_line_precue: ori = np.float64(26.837380324011498)
34.8832 	EXP 	rot_line_precue: ori = np.float64(27.288126589825026)
34.8915 	EXP 	rot_line_precue: ori = np.float64(27.797310340350332)
34.9000 	EXP 	rot_line_precue: ori = np.float64(28.310349534217185)
34.9084 	EXP 	rot_line_precue: ori = np.float64(28.63115219668659)
34.9165 	EXP 	rot_line_precue: ori = np.float64(28.936017638986723)
34.9248 	EXP 	rot_line_precue: ori = np.float64(29.232403608610838)
34.9341 	EXP 	rot_line_precue: ori = np.float64(29.55061347231226)
34.9416 	EXP 	rot_line_precue: ori = np.float64(29.878940759342342)
34.9506 	EXP 	rot_line_precue: ori = np.float64(30.207602618874063)
34.9583 	EXP 	rot_line_precue: ori = np.float64(30.59796721829118)
34.9667 	EXP 	rot_line_precue: ori = np.float64(30.925916078568733)
34.9755 	EXP 	rot_line_precue: ori = np.float64(31.253255601832947)
34.9836 	EXP 	rot_line_precue: ori = np.float64(31.999154739878723)
34.9918 	EXP 	rot_line_precue: ori = np.float64(32.54290582025581)
35.0005 	EXP 	rot_line_precue: ori = np.float64(32.852165670004155)
35.0091 	EXP 	rot_line_precue: ori = np.float64(33.24987521585685)
35.0175 	EXP 	rot_line_precue: ori = np.float64(33.7470587209457)
35.0253 	EXP 	rot_line_precue: ori = np.float64(34.04803339817959)
35.0337 	EXP 	rot_line_precue: ori = np.float64(34.35781383172519)
35.0417 	EXP 	rot_line_precue: ori = np.float64(34.66818034297452)
35.0499 	EXP 	rot_line_precue: ori = np.float64(34.968192094345376)
35.0583 	EXP 	rot_line_precue: ori = np.float64(35.29154027692405)
35.0665 	EXP 	rot_line_precue: ori = np.float64(35.66104093261629)
35.0749 	EXP 	rot_line_precue: ori = np.float64(35.96694937471499)
35.0832 	EXP 	rot_line_precue: ori = np.float64(36.33819586281682)
35.0916 	EXP 	rot_line_precue: ori = np.float64(36.8252716069)
35.0999 	EXP 	rot_line_precue: ori = np.float64(37.21126374001704)
35.1089 	EXP 	rot_line_precue: ori = np.float64(37.600284531803055)
35.1166 	EXP 	rot_line_precue: ori = np.float64(38.36346123141032)
35.1250 	EXP 	rot_line_precue: ori = np.float64(38.66905566077155)
35.1332 	EXP 	rot_line_precue: ori = np.float64(39.00622570486696)
35.1416 	EXP 	rot_line_precue: ori = np.float64(39.594841821181554)
35.1500 	EXP 	rot_line_precue: ori = np.float64(39.93898383152352)
35.1587 	EXP 	rot_line_precue: ori = np.float64(40.291262729748276)
35.1669 	EXP 	rot_line_precue: ori = np.float64(40.66974676976503)
35.1751 	EXP 	rot_line_precue: ori = np.float64(40.970903306143505)
35.1837 	EXP 	rot_line_precue: ori = np.float64(41.379042913589615)
35.1925 	EXP 	rot_line_precue: ori = np.float64(41.686637040670725)
35.2001 	EXP 	rot_line_precue: ori = np.float64(42.38568258174743)
35.2087 	EXP 	rot_line_precue: ori = np.float64(42.70619476121564)
35.2171 	EXP 	rot_line_precue: ori = np.float64(43.06935560978562)
35.2251 	EXP 	rot_line_precue: ori = np.float64(43.57432778510913)
35.2333 	EXP 	rot_line_precue: ori = np.float64(44.06725553228248)
35.2417 	EXP 	rot_line_precue: ori = np.float64(44.40205225055201)
35.2499 	EXP 	rot_line_precue: ori = np.float64(44.7040235966113)
35.2582 	EXP 	rot_line_precue: ori = np.float64(45.00173359598204)
35.2665 	EXP 	rot_line_precue: ori = np.float64(45.35589610089782)
35.2749 	EXP 	rot_line_precue: ori = np.float64(45.66181540450616)
35.2832 	EXP 	rot_line_precue: ori = np.float64(46.14224720724964)
35.2928 	EXP 	rot_line_precue: ori = np.float64(46.62788021601127)
35.2999 	EXP 	rot_line_precue: ori = np.float64(46.92564461812368)
35.3083 	EXP 	rot_line_precue: ori = np.float64(47.231444500055105)
35.3175 	EXP 	rot_line_precue: ori = np.float64(47.54160664620966)
35.3250 	EXP 	rot_line_precue: ori = np.float64(48.07921001175147)
35.3332 	EXP 	rot_line_precue: ori = np.float64(48.426891397698576)
35.3423 	EXP 	rot_line_precue: ori = np.float64(48.84027632143277)
35.3511 	EXP 	rot_line_precue: ori = np.float64(49.1955326531228)
35.3594 	EXP 	rot_line_precue: ori = np.float64(49.561352555659674)
35.3680 	EXP 	rot_line_precue: ori = np.float64(50.080091231663424)
35.3754 	EXP 	rot_line_precue: ori = np.float64(50.42253710805381)
35.3836 	EXP 	rot_line_precue: ori = np.float64(50.76806817647013)
35.3916 	EXP 	rot_line_precue: ori = np.float64(51.07472429510322)
35.4008 	EXP 	rot_line_precue: ori = np.float64(51.533297559868636)
35.4091 	EXP 	rot_line_precue: ori = np.float64(51.97197709998679)
35.4173 	EXP 	rot_line_precue: ori = np.float64(52.41954409184608)
35.4252 	EXP 	rot_line_precue: ori = np.float64(52.9514275669259)
35.4334 	EXP 	rot_line_precue: ori = np.float64(53.30482687668947)
35.4416 	EXP 	rot_line_precue: ori = np.float64(53.611125047505254)
35.4498 	EXP 	rot_line_precue: ori = np.float64(53.9128231664677)
35.4584 	EXP 	rot_line_precue: ori = np.float64(54.213499386504644)
35.4666 	EXP 	rot_line_precue: ori = np.float64(54.76876420040593)
35.4748 	EXP 	rot_line_precue: ori = np.float64(55.07125563689676)
35.4838 	EXP 	rot_line_precue: ori = np.float64(55.42029401850221)
35.4916 	EXP 	rot_line_precue: ori = np.float64(55.83717776042511)
35.4999 	EXP 	rot_line_precue: ori = np.float64(56.20668199749969)
35.5084 	EXP 	rot_line_precue: ori = np.float64(56.66364040902734)
35.5166 	EXP 	rot_line_precue: ori = np.float64(57.04645459622197)
35.5254 	EXP 	rot_line_precue: ori = np.float64(57.426033468456076)
35.5334 	EXP 	rot_line_precue: ori = np.float64(57.855413556725665)
35.5418 	EXP 	rot_line_precue: ori = np.float64(58.321340336644134)
35.5504 	EXP 	rot_line_precue: ori = np.float64(58.64234989586855)
35.5587 	EXP 	rot_line_precue: ori = np.float64(59.01509332585473)
35.5669 	EXP 	rot_line_precue: ori = np.float64(59.49054318444518)
35.5754 	EXP 	rot_line_precue: ori = np.float64(59.93210543276841)
35.5837 	EXP 	rot_line_precue: ori = np.float64(60.321967798224286)
35.5925 	EXP 	rot_line_precue: ori = np.float64(60.78123488698632)
35.6000 	EXP 	rot_line_precue: ori = np.float64(61.15545958420004)
35.6085 	EXP 	rot_line_precue: ori = np.float64(61.45749603775371)
35.6167 	EXP 	rot_line_precue: ori = np.float64(61.84314940326568)
35.6250 	EXP 	rot_line_precue: ori = np.float64(62.17460617056753)
35.6336 	EXP 	rot_line_precue: ori = np.float64(62.76135358216707)
35.6417 	EXP 	rot_line_precue: ori = np.float64(63.31255251083826)
35.6498 	EXP 	rot_line_precue: ori = np.float64(63.65589927976809)
35.6582 	EXP 	rot_line_precue: ori = np.float64(63.98737592319872)
35.6666 	EXP 	rot_line_precue: ori = np.float64(64.28683227887299)
35.6749 	EXP 	rot_line_precue: ori = np.float64(64.772032173045)
35.6831 	EXP 	rot_line_precue: ori = np.float64(65.18916344907804)
35.6917 	EXP 	rot_line_precue: ori = np.float64(65.76302490892782)
35.7000 	EXP 	rot_line_precue: ori = np.float64(66.10981970056886)
35.7081 	EXP 	rot_line_precue: ori = np.float64(66.74839379092332)
35.7167 	EXP 	rot_line_precue: ori = np.float64(67.19387756134013)
35.7250 	EXP 	rot_line_precue: ori = np.float64(67.6729862470747)
35.7332 	EXP 	rot_line_precue: ori = np.float64(68.01029888746304)
35.7419 	EXP 	rot_line_precue: ori = np.float64(68.38957372474117)
35.7502 	EXP 	rot_line_precue: ori = np.float64(68.9279158375962)
35.7589 	EXP 	rot_line_precue: ori = np.float64(69.45216495510937)
35.7673 	EXP 	rot_line_precue: ori = np.float64(69.75004962447947)
35.7753 	EXP 	rot_line_precue: ori = np.float64(70.42513092389778)
35.7838 	EXP 	rot_line_precue: ori = np.float64(71.05722445678656)
35.7918 	EXP 	rot_line_precue: ori = np.float64(71.36888386036418)
35.8007 	EXP 	rot_line_precue: ori = np.float64(71.67268302387927)
35.8084 	EXP 	rot_line_precue: ori = np.float64(72.18489528892844)
35.8169 	EXP 	rot_line_precue: ori = np.float64(72.72542094278172)
35.8251 	EXP 	rot_line_precue: ori = np.float64(73.30336197615729)
35.8333 	EXP 	rot_line_precue: ori = np.float64(73.61110373163251)
35.8417 	EXP 	rot_line_precue: ori = np.float64(74.00219806314128)
35.8501 	EXP 	rot_line_precue: ori = np.float64(74.57315632547746)
35.8582 	EXP 	rot_line_precue: ori = np.float64(75.23108889308894)
35.8665 	EXP 	rot_line_precue: ori = np.float64(75.57172827895022)
35.8750 	EXP 	rot_line_precue: ori = np.float64(75.97991630308412)
35.8832 	EXP 	rot_line_precue: ori = np.float64(76.28110265714228)
35.8916 	EXP 	rot_line_precue: ori = np.float64(76.60788868658176)
35.9001 	EXP 	rot_line_precue: ori = np.float64(77.39882123852925)
35.9083 	EXP 	rot_line_precue: ori = np.float64(77.91714052440116)
35.9165 	EXP 	rot_line_precue: ori = np.float64(78.29827103024331)
35.9248 	EXP 	rot_line_precue: ori = np.float64(78.7632943498416)
35.9338 	EXP 	rot_line_precue: ori = np.float64(79.07188910442261)
35.9422 	EXP 	rot_line_precue: ori = np.float64(79.6100688846394)
35.9503 	EXP 	rot_line_precue: ori = np.float64(80.26292599388466)
35.9586 	EXP 	rot_line_precue: ori = np.float64(80.59668272397462)
35.9666 	EXP 	rot_line_precue: ori = np.float64(80.91232355744863)
35.9752 	EXP 	rot_line_precue: ori = np.float64(81.2241490437791)
35.9836 	EXP 	rot_line_precue: ori = np.float64(81.52381759332411)
35.9916 	EXP 	rot_line_precue: ori = np.float64(81.87846119313804)
36.0002 	EXP 	rot_line_precue: ori = np.float64(82.2040888819959)
36.0085 	EXP 	rot_line_precue: ori = np.float64(82.54161072951622)
36.0165 	EXP 	rot_line_precue: ori = np.float64(82.85522876374364)
36.0248 	EXP 	rot_line_precue: ori = np.float64(83.19335501138688)
36.0337 	EXP 	rot_line_precue: ori = np.float64(83.5742358682708)
36.0415 	EXP 	rot_line_precue: ori = np.float64(84.1204841931885)
36.0499 	EXP 	rot_line_precue: ori = np.float64(84.43420736331794)
36.0583 	EXP 	rot_line_precue: ori = np.float64(84.75849898933632)
36.0666 	EXP 	rot_line_precue: ori = np.float64(85.4359103074683)
36.0748 	EXP 	rot_line_precue: ori = np.float64(85.75021978612003)
36.0833 	EXP 	rot_line_precue: ori = np.float64(86.20012997705206)
36.0915 	EXP 	rot_line_precue: ori = np.float64(86.50395518005514)
36.0998 	EXP 	rot_line_precue: ori = np.float64(87.19967283514242)
36.1084 	EXP 	rot_line_precue: ori = np.float64(87.53978837183298)
36.1171 	EXP 	rot_line_precue: ori = np.float64(87.86393532560116)
36.1250 	EXP 	rot_line_precue: ori = np.float64(88.16773610317442)
36.1338 	EXP 	rot_line_precue: ori = np.float64(88.71014625906945)
36.1420 	EXP 	rot_line_precue: ori = np.float64(89.02525122082753)
36.1505 	EXP 	rot_line_precue: ori = np.float64(89.32330280754984)
36.1589 	EXP 	rot_line_precue: ori = np.float64(89.73257088721603)
36.1670 	EXP 	rot_line_precue: ori = np.float64(90.0506121422621)
36.1750 	EXP 	rot_line_precue: ori = np.float64(90.40863286611648)
36.1835 	EXP 	rot_line_precue: ori = np.float64(90.89290370167109)
36.1917 	EXP 	rot_line_precue: ori = np.float64(91.27341901424342)
36.2001 	EXP 	rot_line_precue: ori = np.float64(91.57448822079236)
36.2082 	EXP 	rot_line_precue: ori = np.float64(91.87081702326148)
36.2166 	EXP 	rot_line_precue: ori = np.float64(92.33865823602028)
36.2248 	EXP 	rot_line_precue: ori = np.float64(92.71868326136132)
36.2332 	EXP 	rot_line_precue: ori = np.float64(93.1189903104417)
36.2419 	EXP 	rot_line_precue: ori = np.float64(93.57472687413825)
36.2499 	EXP 	rot_line_precue: ori = np.float64(93.9781752922479)
36.2582 	EXP 	rot_line_precue: ori = np.float64(94.31719931113454)
36.2667 	EXP 	rot_line_precue: ori = np.float64(94.66046164921744)
36.2749 	EXP 	rot_line_precue: ori = np.float64(94.97433012862732)
36.2833 	EXP 	rot_line_precue: ori = np.float64(95.28734699282963)
36.2917 	EXP 	rot_line_precue: ori = np.float64(96.00626091821478)
36.3015 	EXP 	rot_line_precue: ori = np.float64(96.48179733779607)
36.3107 	EXP 	rot_line_precue: ori = np.float64(96.78341786543326)
36.3174 	EXP 	rot_line_precue: ori = np.float64(97.15072478618843)
36.3253 	EXP 	rot_line_precue: ori = np.float64(97.46789194191791)
36.3335 	EXP 	rot_line_precue: ori = np.float64(98.07097645478179)
36.3427 	EXP 	rot_line_precue: ori = np.float64(98.506989843561)
36.3502 	EXP 	rot_line_precue: ori = np.float64(98.82552323388113)
36.3591 	EXP 	rot_line_precue: ori = np.float64(99.3705841481294)
36.3665 	EXP 	rot_line_precue: ori = np.float64(99.72774975763386)
36.3752 	EXP 	rot_line_precue: ori = np.float64(100.30774366593134)
36.3834 	EXP 	rot_line_precue: ori = np.float64(100.82389947706794)
36.3916 	EXP 	rot_line_precue: ori = np.float64(101.20639633519616)
36.4001 	EXP 	rot_line_precue: ori = np.float64(101.55215770901815)
36.4083 	EXP 	rot_line_precue: ori = np.float64(101.85147324675197)
36.4166 	EXP 	rot_line_precue: ori = np.float64(102.15688387201013)
36.4248 	EXP 	rot_line_precue: ori = np.float64(102.46596610551842)
36.4333 	EXP 	rot_line_precue: ori = np.float64(102.77744123150651)
36.4416 	EXP 	rot_line_precue: ori = np.float64(103.18578337360438)
36.4500 	EXP 	rot_line_precue: ori = np.float64(103.88764620643053)
36.4583 	EXP 	rot_line_precue: ori = np.float64(104.19763274837665)
36.4665 	EXP 	rot_line_precue: ori = np.float64(104.53274082454145)
36.4747 	EXP 	rot_line_precue: ori = np.float64(104.85192628428433)
36.4833 	EXP 	rot_line_precue: ori = np.float64(105.1677882766109)
36.4916 	EXP 	rot_line_precue: ori = np.float64(105.6709583736446)
36.5003 	EXP 	rot_line_precue: ori = np.float64(105.9846993556095)
36.5086 	EXP 	rot_line_precue: ori = np.float64(106.37950780315424)
36.5169 	EXP 	rot_line_precue: ori = np.float64(106.80191128884421)
36.5255 	EXP 	rot_line_precue: ori = np.float64(107.28399790911595)
36.5336 	EXP 	rot_line_precue: ori = np.float64(107.61420871260724)
36.5417 	EXP 	rot_line_precue: ori = np.float64(107.93271453799683)
36.5503 	EXP 	rot_line_precue: ori = np.float64(108.25696907657128)
36.5592 	EXP 	rot_line_precue: ori = np.float64(108.60248976571418)
36.5668 	EXP 	rot_line_precue: ori = np.float64(108.93055125500237)
36.5749 	EXP 	rot_line_precue: ori = np.float64(109.27974000975766)
36.5833 	EXP 	rot_line_precue: ori = np.float64(109.67363834970872)
36.5916 	EXP 	rot_line_precue: ori = np.float64(110.02950216950451)
36.5999 	EXP 	rot_line_precue: ori = np.float64(110.55117527604277)
36.6083 	EXP 	rot_line_precue: ori = np.float64(110.85034810125208)
36.6165 	EXP 	rot_line_precue: ori = np.float64(111.15018688430298)
36.6249 	EXP 	rot_line_precue: ori = np.float64(111.45669122234742)
36.6332 	EXP 	rot_line_precue: ori = np.float64(112.20368460356102)
36.6416 	EXP 	rot_line_precue: ori = np.float64(112.57194740740934)
36.6499 	EXP 	rot_line_precue: ori = np.float64(112.90174469931344)
36.6583 	EXP 	rot_line_precue: ori = np.float64(113.2119110679381)
36.6675 	EXP 	rot_line_precue: ori = np.float64(113.50726363143696)
36.6750 	EXP 	rot_line_precue: ori = np.float64(114.1873348398581)
36.6838 	EXP 	rot_line_precue: ori = np.float64(114.6352237511611)
36.6921 	EXP 	rot_line_precue: ori = np.float64(114.9395862440801)
36.7005 	EXP 	rot_line_precue: ori = np.float64(115.25017376103052)
36.7088 	EXP 	rot_line_precue: ori = np.float64(115.55599448443535)
36.7169 	EXP 	rot_line_precue: ori = np.float64(115.88095363974196)
36.7250 	EXP 	rot_line_precue: ori = np.float64(116.33228832812935)
36.7336 	EXP 	rot_line_precue: ori = np.float64(116.93144534457754)
36.7417 	EXP 	rot_line_precue: ori = np.float64(117.23912665625015)
36.7510 	EXP 	rot_line_precue: ori = np.float64(117.61950662798313)
36.7585 	EXP 	rot_line_precue: ori = np.float64(118.26090374444706)
36.7668 	EXP 	rot_line_precue: ori = np.float64(118.6148109412254)
36.7749 	EXP 	rot_line_precue: ori = np.float64(118.96125879354922)
36.7833 	EXP 	rot_line_precue: ori = np.float64(119.64044126214301)
36.7918 	EXP 	rot_line_precue: ori = np.float64(119.93688790705828)
36.8000 	EXP 	rot_line_precue: ori = np.float64(120.26396695832264)
36.8082 	EXP 	rot_line_precue: ori = np.float64(120.64089774159146)
36.8165 	EXP 	rot_line_precue: ori = np.float64(121.04224347843912)
36.8250 	EXP 	rot_line_precue: ori = np.float64(121.46945980038419)
36.8341 	EXP 	rot_line_precue: ori = np.float64(121.99856174402966)
36.8414 	EXP 	rot_line_precue: ori = np.float64(122.39180862323452)
36.8499 	EXP 	rot_line_precue: ori = np.float64(122.76334197603097)
36.8506 	EXP 	New trial (rep=5, index=16): <Trial 16 (16 in rep 5) data={'pic_name': 'pics/none.JPG', 'class_mi': 'rest', 'thisN': 16, 'thisTrialN': 16, 'thisRepN': 5}>
36.8590 	EXP 	hor_line_precue: autoDraw = False
36.8590 	EXP 	ver_line_precue: autoDraw = False
36.8590 	EXP 	rot_line_precue: autoDraw = False
36.8590 	EXP 	rot_line_precue: ori = np.float64(123.07487138827163)
36.8590 	EXP 	hor_line_precue: autoDraw = False
36.8590 	EXP 	ver_line_precue: autoDraw = False
36.8590 	EXP 	rot_line_precue: autoDraw = False
36.8590 	EXP 	hor_line_precue: autoDraw = True
36.8590 	EXP 	ver_line_precue: autoDraw = True
36.8590 	EXP 	rot_line_precue: autoDraw = True
36.8590 	EXP 	rot_line_precue: ori = np.float64(123.3980767554231)
36.8677 	EXP 	rot_line_precue: ori = np.float64(123.69496540392456)
36.8753 	EXP 	rot_line_precue: ori = np.float64(124.03970106817081)
36.8839 	EXP 	rot_line_precue: ori = np.float64(124.33936717442869)
36.8928 	EXP 	rot_line_precue: ori = np.float64(124.79088316788472)
36.9003 	EXP 	rot_line_precue: ori = np.float64(125.1400489682338)
36.9085 	EXP 	rot_line_precue: ori = np.float64(125.45302028236716)
36.9170 	EXP 	rot_line_precue: ori = np.float64(125.83515527247724)
36.9253 	EXP 	rot_line_precue: ori = np.float64(126.29982972003863)
36.9334 	EXP 	rot_line_precue: ori = np.float64(126.6884439365809)
36.9416 	EXP 	rot_line_precue: ori = np.float64(127.04941339928615)
36.9501 	EXP 	rot_line_precue: ori = np.float64(127.59890248772355)
36.9598 	EXP 	rot_line_precue: ori = np.float64(128.1700188570838)
36.9662 	EXP 	rot_line_precue: ori = np.float64(128.4800772687673)
36.9748 	EXP 	rot_line_precue: ori = np.float64(128.79807527125666)
36.9834 	EXP 	rot_line_precue: ori = np.float64(129.34005703819082)
36.9915 	EXP 	rot_line_precue: ori = np.float64(129.65028046143)
37.0007 	EXP 	rot_line_precue: ori = np.float64(130.06522548734492)
37.0083 	EXP 	rot_line_precue: ori = np.float64(130.47691680671826)
37.0166 	EXP 	rot_line_precue: ori = np.float64(130.80318008673316)
37.0247 	EXP 	rot_line_precue: ori = np.float64(131.17591537311463)
37.0333 	EXP 	rot_line_precue: ori = np.float64(131.71729762234233)
37.0415 	EXP 	rot_line_precue: ori = np.float64(132.3189541054844)
37.0504 	EXP 	rot_line_precue: ori = np.float64(132.62791143811498)
37.0593 	EXP 	rot_line_precue: ori = np.float64(132.97699130467575)
37.0672 	EXP 	rot_line_precue: ori = np.float64(133.33024223214852)
37.0755 	EXP 	rot_line_precue: ori = np.float64(133.80241208293137)
37.0838 	EXP 	rot_line_precue: ori = np.float64(134.1087359862614)
37.0918 	EXP 	rot_line_precue: ori = np.float64(134.41230007146453)
37.1003 	EXP 	rot_line_precue: ori = np.float64(134.91294213781865)
37.1085 	EXP 	rot_line_precue: ori = np.float64(135.5085980062627)
37.1168 	EXP 	rot_line_precue: ori = np.float64(135.84523883501996)
37.1250 	EXP 	rot_line_precue: ori = np.float64(136.2944006164296)
37.1334 	EXP 	rot_line_precue: ori = np.float64(136.79191168527976)
37.1417 	EXP 	rot_line_precue: ori = np.float64(137.29040093999689)
37.1499 	EXP 	rot_line_precue: ori = np.float64(137.6965384393437)
37.1589 	EXP 	rot_line_precue: ori = np.float64(138.41045336030447)
37.1667 	EXP 	rot_line_precue: ori = np.float64(138.72883913136846)
37.1749 	EXP 	rot_line_precue: ori = np.float64(139.15759354848538)
37.1832 	EXP 	rot_line_precue: ori = np.float64(139.4602214867971)
37.1916 	EXP 	rot_line_precue: ori = np.float64(139.76053663371079)
37.1999 	EXP 	rot_line_precue: ori = np.float64(140.31177543280702)
37.2083 	EXP 	rot_line_precue: ori = np.float64(140.62423805266891)
37.2171 	EXP 	rot_line_precue: ori = np.float64(141.18082899732323)
37.2250 	EXP 	rot_line_precue: ori = np.float64(141.51176613626959)
37.2331 	EXP 	rot_line_precue: ori = np.float64(142.08879385974956)
37.2419 	EXP 	rot_line_precue: ori = np.float64(142.50112906876308)
37.2506 	EXP 	rot_line_precue: ori = np.float64(143.08333505881424)
37.2591 	EXP 	rot_line_precue: ori = np.float64(143.39945770209255)
37.2673 	EXP 	rot_line_precue: ori = np.float64(143.75222886299917)
37.2756 	EXP 	rot_line_precue: ori = np.float64(144.09641302776612)
37.2837 	EXP 	rot_line_precue: ori = np.float64(144.42085107337985)
37.2920 	EXP 	rot_line_precue: ori = np.float64(144.9469644822734)
37.3001 	EXP 	rot_line_precue: ori = np.float64(145.28552175769195)
37.3088 	EXP 	rot_line_precue: ori = np.float64(145.5821323783849)
37.3170 	EXP 	rot_line_precue: ori = np.float64(146.14811092329)
37.3250 	EXP 	rot_line_precue: ori = np.float64(146.46473917583276)
37.3333 	EXP 	rot_line_precue: ori = np.float64(146.99316811500717)
37.3415 	EXP 	rot_line_precue: ori = np.float64(147.36251064145054)
37.3499 	EXP 	rot_line_precue: ori = np.float64(147.92210791722408)
37.3582 	EXP 	rot_line_precue: ori = np.float64(148.30368702617267)
37.3670 	EXP 	rot_line_precue: ori = np.float64(148.59979816464036)
37.3754 	EXP 	rot_line_precue: ori = np.float64(149.0607881619352)
37.3839 	EXP 	rot_line_precue: ori = np.float64(149.79969841871315)
37.3921 	EXP 	rot_line_precue: ori = np.float64(150.49922766083816)
37.4003 	EXP 	rot_line_precue: ori = np.float64(150.908798632195)
37.4085 	EXP 	rot_line_precue: ori = np.float64(151.2119307864913)
37.4169 	EXP 	rot_line_precue: ori = np.float64(151.69929819961382)
37.4260 	EXP 	rot_line_precue: ori = np.float64(152.21065697164815)
37.4340 	EXP 	rot_line_precue: ori = np.float64(152.63845202909678)
37.4420 	EXP 	rot_line_precue: ori = np.float64(152.9596265429615)
37.4504 	EXP 	rot_line_precue: ori = np.float64(153.3934412030063)
37.4586 	EXP 	rot_line_precue: ori = np.float64(153.7610784922987)
37.4675 	EXP 	rot_line_precue: ori = np.float64(154.1908815240567)
37.4751 	EXP 	rot_line_precue: ori = np.float64(154.77730135852678)
37.4840 	EXP 	rot_line_precue: ori = np.float64(155.0813723283977)
37.4916 	EXP 	rot_line_precue: ori = np.float64(155.3788964104716)
37.5002 	EXP 	rot_line_precue: ori = np.float64(155.82272400029984)
37.5085 	EXP 	rot_line_precue: ori = np.float64(156.18331481884528)
37.5166 	EXP 	rot_line_precue: ori = np.float64(156.54750930067576)
37.5251 	EXP 	rot_line_precue: ori = np.float64(156.91783913507885)
37.5334 	EXP 	rot_line_precue: ori = np.float64(157.2244676057633)
37.5423 	EXP 	rot_line_precue: ori = np.float64(157.520773842143)
37.5501 	EXP 	rot_line_precue: ori = np.float64(157.8752980073232)
37.5588 	EXP 	rot_line_precue: ori = np.float64(158.37207797912498)
37.5666 	EXP 	rot_line_precue: ori = np.float64(158.70815226096286)
37.5758 	EXP 	rot_line_precue: ori = np.float64(159.04533910577356)
37.5833 	EXP 	rot_line_precue: ori = np.float64(159.5486684326745)
37.5917 	EXP 	rot_line_precue: ori = np.float64(159.9116416900252)
37.5998 	EXP 	rot_line_precue: ori = np.float64(160.3808743065023)
37.6093 	EXP 	rot_line_precue: ori = np.float64(160.77294971438593)
37.6169 	EXP 	rot_line_precue: ori = np.float64(161.16701140100926)
37.6254 	EXP 	rot_line_precue: ori = np.float64(161.67231239936694)
37.6337 	EXP 	rot_line_precue: ori = np.float64(162.15569512690072)
37.6419 	EXP 	rot_line_precue: ori = np.float64(162.45283839871576)
37.6503 	EXP 	rot_line_precue: ori = np.float64(163.12066361661292)
37.6591 	EXP 	rot_line_precue: ori = np.float64(163.45033389882275)
37.6673 	EXP 	rot_line_precue: ori = np.float64(163.79591401942758)
37.6754 	EXP 	rot_line_precue: ori = np.float64(164.0986428091681)
37.6836 	EXP 	rot_line_precue: ori = np.float64(164.5464841004719)
37.6916 	EXP 	rot_line_precue: ori = np.float64(164.92944289438773)
37.6999 	EXP 	rot_line_precue: ori = np.float64(165.5203751573048)
37.7081 	EXP 	rot_line_precue: ori = np.float64(166.08323807745955)
37.7175 	EXP 	rot_line_precue: ori = np.float64(166.38040250850008)
37.7249 	EXP 	rot_line_precue: ori = np.float64(166.67793690446825)
37.7339 	EXP 	rot_line_precue: ori = np.float64(166.97401719537754)
37.7418 	EXP 	rot_line_precue: ori = np.float64(167.3715509863598)
37.7500 	EXP 	rot_line_precue: ori = np.float64(167.69844795092897)
37.7583 	EXP 	rot_line_precue: ori = np.float64(167.9994340802703)
37.7667 	EXP 	rot_line_precue: ori = np.float64(168.37095902642676)
37.7749 	EXP 	rot_line_precue: ori = np.float64(168.68582575557377)
37.7832 	EXP 	rot_line_precue: ori = np.float64(169.47739055020858)
37.7917 	EXP 	rot_line_precue: ori = np.float64(169.79252496964537)
37.8002 	EXP 	rot_line_precue: ori = np.float64(170.10701497571577)
37.8088 	EXP 	rot_line_precue: ori = np.float64(170.44302037515038)
37.8172 	EXP 	rot_line_precue: ori = np.float64(170.74453641420163)
37.8253 	EXP 	rot_line_precue: ori = np.float64(171.24654272971176)
37.8338 	EXP 	rot_line_precue: ori = np.float64(171.57707684053796)
37.8420 	EXP 	rot_line_precue: ori = np.float64(171.91506101938117)
37.8501 	EXP 	rot_line_precue: ori = np.float64(172.25572483866173)
37.8588 	EXP 	rot_line_precue: ori = np.float64(172.86015830236872)
37.8669 	EXP 	rot_line_precue: ori = np.float64(173.28805737273092)
37.8751 	EXP 	rot_line_precue: ori = np.float64(173.62848061369715)
37.8834 	EXP 	rot_line_precue: ori = np.float64(173.98652429633577)
37.8918 	EXP 	rot_line_precue: ori = np.float64(174.4991043337306)
37.8999 	EXP 	rot_line_precue: ori = np.float64(174.86121290758055)
37.9084 	EXP 	rot_line_precue: ori = np.float64(175.26648316791642)
37.9166 	EXP 	rot_line_precue: ori = np.float64(175.64588048917395)
37.9250 	EXP 	rot_line_precue: ori = np.float64(176.1114487651817)
37.9332 	EXP 	rot_line_precue: ori = np.float64(176.4078792391379)
37.9415 	EXP 	rot_line_precue: ori = np.float64(176.71230287648106)
37.9499 	EXP 	rot_line_precue: ori = np.float64(177.042924366285)
37.9585 	EXP 	rot_line_precue: ori = np.float64(177.72940157651547)
37.9666 	EXP 	rot_line_precue: ori = np.float64(178.41017081447256)
37.9751 	EXP 	rot_line_precue: ori = np.float64(178.7122812083996)
37.9836 	EXP 	rot_line_precue: ori = np.float64(179.24001391246384)
37.9921 	EXP 	rot_line_precue: ori = np.float64(179.60523510925316)
38.0010 	EXP 	rot_line_precue: ori = np.float64(179.9370911437225)
38.0086 	EXP 	rot_line_precue: ori = np.float64(180.38807971212012)
38.0171 	EXP 	rot_line_precue: ori = np.float64(180.74011127892348)
38.0255 	EXP 	rot_line_precue: ori = np.float64(181.08472080034701)
38.0336 	EXP 	rot_line_precue: ori = np.float64(181.47876924675884)
38.0417 	EXP 	rot_line_precue: ori = np.float64(181.96454010568988)
38.0502 	EXP 	rot_line_precue: ori = np.float64(182.612199691371)
38.0590 	EXP 	rot_line_precue: ori = np.float64(183.00656983048773)
38.0667 	EXP 	rot_line_precue: ori = np.float64(183.45940328436413)
38.0751 	EXP 	rot_line_precue: ori = np.float64(183.82920187171436)
38.0834 	EXP 	rot_line_precue: ori = np.float64(184.1468143238919)
38.0917 	EXP 	rot_line_precue: ori = np.float64(184.45761335142905)
38.0999 	EXP 	rot_line_precue: ori = np.float64(184.76544710314994)
38.1089 	EXP 	rot_line_precue: ori = np.float64(185.55260663730044)
38.1166 	EXP 	rot_line_precue: ori = np.float64(186.02030061024104)
38.1249 	EXP 	rot_line_precue: ori = np.float64(186.40056308305947)
38.1334 	EXP 	rot_line_precue: ori = np.float64(186.73934288592346)
38.1416 	EXP 	rot_line_precue: ori = np.float64(187.0978050090951)
38.1499 	EXP 	rot_line_precue: ori = np.float64(187.46480893353873)
38.1586 	EXP 	rot_line_precue: ori = np.float64(187.76129897186428)
38.1668 	EXP 	rot_line_precue: ori = np.float64(188.0871470900155)
38.1754 	EXP 	rot_line_precue: ori = np.float64(188.38355316850297)
38.1839 	EXP 	rot_line_precue: ori = np.float64(188.7089216399985)
38.1919 	EXP 	rot_line_precue: ori = np.float64(189.05827765298392)
38.2006 	EXP 	rot_line_precue: ori = np.float64(189.47908006613272)
38.2090 	EXP 	rot_line_precue: ori = np.float64(189.81862014542173)
38.2170 	EXP 	rot_line_precue: ori = np.float64(190.16144030124929)
38.2254 	EXP 	rot_line_precue: ori = np.float64(190.64109135788382)
38.2335 	EXP 	rot_line_precue: ori = np.float64(190.99292157293348)
38.2418 	EXP 	rot_line_precue: ori = np.float64(191.41738479033415)
38.2500 	EXP 	rot_line_precue: ori = np.float64(191.89698305358613)
38.2586 	EXP 	rot_line_precue: ori = np.float64(192.436582910085)
38.2668 	EXP 	rot_line_precue: ori = np.float64(192.7709808661441)
38.2750 	EXP 	rot_line_precue: ori = np.float64(193.14880110935246)
38.2833 	EXP 	rot_line_precue: ori = np.float64(193.44819285996485)
38.2915 	EXP 	rot_line_precue: ori = np.float64(193.7782299068803)
38.2999 	EXP 	rot_line_precue: ori = np.float64(194.09278605195772)
38.3083 	EXP 	rot_line_precue: ori = np.float64(194.39432025039915)
38.3167 	EXP 	rot_line_precue: ori = np.float64(195.0113886285932)
38.3249 	EXP 	rot_line_precue: ori = np.float64(195.30839272581352)
38.3333 	EXP 	rot_line_precue: ori = np.float64(195.6049418822039)
38.3419 	EXP 	rot_line_precue: ori = np.float64(195.99058112649024)
38.3503 	EXP 	rot_line_precue: ori = np.float64(196.43218015686654)
38.3589 	EXP 	rot_line_precue: ori = np.float64(196.74714016755522)
38.3671 	EXP 	rot_line_precue: ori = np.float64(197.27434707926915)
38.3752 	EXP 	rot_line_precue: ori = np.float64(197.68940856572524)
38.3839 	EXP 	rot_line_precue: ori = np.float64(198.26938477302335)
38.3920 	EXP 	rot_line_precue: ori = np.float64(198.65075635914235)
38.4008 	EXP 	rot_line_precue: ori = np.float64(198.9984379739799)
38.4090 	EXP 	rot_line_precue: ori = np.float64(199.3415391794778)
38.4169 	EXP 	rot_line_precue: ori = np.float64(199.6543894166829)
38.4256 	EXP 	rot_line_precue: ori = np.float64(200.03451650927366)
38.4339 	EXP 	rot_line_precue: ori = np.float64(200.3955160886058)
38.4419 	EXP 	rot_line_precue: ori = np.float64(200.88512521005202)
38.4501 	EXP 	rot_line_precue: ori = np.float64(201.372773349899)
38.4583 	EXP 	rot_line_precue: ori = np.float64(201.66978427504782)
38.4666 	EXP 	rot_line_precue: ori = np.float64(202.05335639476698)
38.4751 	EXP 	rot_line_precue: ori = np.float64(202.35440347668037)
38.4834 	EXP 	rot_line_precue: ori = np.float64(202.766257339449)
38.4916 	EXP 	rot_line_precue: ori = np.float64(203.31593285620139)
38.5009 	EXP 	rot_line_precue: ori = np.float64(203.77556325376676)
38.5103 	EXP 	rot_line_precue: ori = np.float64(204.18751699689042)
38.5190 	EXP 	rot_line_precue: ori = np.float64(204.75153026628283)
38.5264 	EXP 	rot_line_precue: ori = np.float64(205.12702635908775)
38.5356 	EXP 	rot_line_precue: ori = np.float64(205.49512620191018)
38.5475 	EXP 	rot_line_precue: ori = np.float64(205.99871705168403)
38.5568 	EXP 	rot_line_precue: ori = np.float64(206.29633508090734)
38.5663 	EXP 	rot_line_precue: ori = np.float64(206.66971028976124)
38.5756 	EXP 	rot_line_precue: ori = np.float64(207.18143412892928)
38.5804 	EXP 	rot_line_precue: ori = np.float64(207.58949714957635)
38.5850 	EXP 	rot_line_precue: ori = np.float64(208.27320989107523)
38.5944 	EXP 	rot_line_precue: ori = np.float64(208.9613952777797)
38.6001 	EXP 	rot_line_precue: ori = np.float64(209.42073400325185)
38.6093 	EXP 	rot_line_precue: ori = np.float64(209.92465356280073)
38.6176 	EXP 	rot_line_precue: ori = np.float64(210.27544017195646)
38.6252 	EXP 	rot_line_precue: ori = np.float64(210.65653782206576)
38.6333 	EXP 	rot_line_precue: ori = np.float64(210.96986053902802)
38.6416 	EXP 	rot_line_precue: ori = np.float64(211.58542731497784)
38.6499 	EXP 	rot_line_precue: ori = np.float64(212.08435601616893)
38.6584 	EXP 	rot_line_precue: ori = np.float64(212.48541776760098)
38.6674 	EXP 	rot_line_precue: ori = np.float64(212.78291126740118)
38.6749 	EXP 	rot_line_precue: ori = np.float64(213.48736013601592)
38.6835 	EXP 	rot_line_precue: ori = np.float64(213.78799355210705)
38.6917 	EXP 	rot_line_precue: ori = np.float64(214.08951751612122)
38.7000 	EXP 	rot_line_precue: ori = np.float64(214.67788823615265)
38.7086 	EXP 	rot_line_precue: ori = np.float64(214.98094069327595)
38.7170 	EXP 	rot_line_precue: ori = np.float64(215.2784656987859)
38.7255 	EXP 	rot_line_precue: ori = np.float64(215.72722161029904)
38.7337 	EXP 	rot_line_precue: ori = np.float64(216.30435725316013)
38.7426 	EXP 	rot_line_precue: ori = np.float64(216.71288791499722)
38.7506 	EXP 	rot_line_precue: ori = np.float64(217.24759607344487)
38.7587 	EXP 	rot_line_precue: ori = np.float64(217.54994292603251)
38.7670 	EXP 	rot_line_precue: ori = np.float64(218.1100297323605)
38.7751 	EXP 	rot_line_precue: ori = np.float64(218.54868236456016)
38.7832 	EXP 	rot_line_precue: ori = np.float64(219.02539764142452)
38.7918 	EXP 	rot_line_precue: ori = np.float64(219.43113277163616)
38.8001 	EXP 	rot_line_precue: ori = np.float64(219.80280516299078)
38.8083 	EXP 	rot_line_precue: ori = np.float64(220.30968206271507)
38.8168 	EXP 	rot_line_precue: ori = np.float64(220.762885997504)
38.8249 	EXP 	rot_line_precue: ori = np.float64(221.07976906930335)
38.8334 	EXP 	rot_line_precue: ori = np.float64(221.4970393310707)
38.8426 	EXP 	rot_line_precue: ori = np.float64(221.9165194287369)
38.8435 	EXP 	New trial (rep=6, index=17): <Trial 17 (17 in rep 6) data={'pic_name': 'pics/none.JPG', 'class_mi': 'rest', 'thisN': 17, 'thisTrialN': 17, 'thisRepN': 6}>
38.8502 	EXP 	hor_line_precue: autoDraw = False
38.8502 	EXP 	ver_line_precue: autoDraw = False
38.8502 	EXP 	rot_line_precue: autoDraw = False
38.8502 	EXP 	rot_line_precue: ori = np.float64(222.28473508419953)
38.8502 	EXP 	hor_line_precue: autoDraw = False
38.8502 	EXP 	ver_line_precue: autoDraw = False
38.8502 	EXP 	rot_line_precue: autoDraw = False
38.8502 	EXP 	hor_line_precue: autoDraw = True
38.8502 	EXP 	ver_line_precue: autoDraw = True
38.8502 	EXP 	rot_line_precue: autoDraw = True
38.8502 	EXP 	rot_line_precue: ori = np.float64(222.6269692862895)
38.8582 	EXP 	rot_line_precue: ori = np.float64(222.97548941467295)
38.8668 	EXP 	rot_line_precue: ori = np.float64(223.42575685444825)
38.8750 	EXP 	rot_line_precue: ori = np.float64(223.72575650065502)
38.8834 	EXP 	rot_line_precue: ori = np.float64(224.14745907888178)
38.8921 	EXP 	rot_line_precue: ori = np.float64(224.48198328914563)
38.9003 	EXP 	rot_line_precue: ori = np.float64(224.77942605390217)
38.9097 	EXP 	rot_line_precue: ori = np.float64(225.09240191077635)
38.9171 	EXP 	rot_line_precue: ori = np.float64(225.66789860733013)
38.9255 	EXP 	rot_line_precue: ori = np.float64(226.02593831036478)
38.9336 	EXP 	rot_line_precue: ori = np.float64(226.3497807810921)
38.9428 	EXP 	rot_line_precue: ori = np.float64(226.71443709333394)
38.9502 	EXP 	rot_line_precue: ori = np.float64(227.07404342889726)
38.9584 	EXP 	rot_line_precue: ori = np.float64(227.39602963984908)
38.9665 	EXP 	rot_line_precue: ori = np.float64(227.79454052815035)
38.9752 	EXP 	rot_line_precue: ori = np.float64(228.23330150128623)
38.9834 	EXP 	rot_line_precue: ori = np.float64(228.6087623031877)
38.9917 	EXP 	rot_line_precue: ori = np.float64(228.91237203352253)
39.0000 	EXP 	rot_line_precue: ori = np.float64(229.21928442604488)
39.0083 	EXP 	rot_line_precue: ori = np.float64(229.5549486460556)
39.0165 	EXP 	rot_line_precue: ori = np.float64(229.86859066880172)
39.0255 	EXP 	rot_line_precue: ori = np.float64(230.28380103762825)
39.0334 	EXP 	rot_line_precue: ori = np.float64(230.58410340092)
39.0416 	EXP 	rot_line_precue: ori = np.float64(230.98185782952567)
39.0501 	EXP 	rot_line_precue: ori = np.float64(231.30045662494618)
39.0584 	EXP 	rot_line_precue: ori = np.float64(232.1020479812615)
39.0671 	EXP 	rot_line_precue: ori = np.float64(232.51258235700223)
39.0755 	EXP 	rot_line_precue: ori = np.float64(232.81845394402808)
39.0837 	EXP 	rot_line_precue: ori = np.float64(233.12612001035995)
39.0923 	EXP 	rot_line_precue: ori = np.float64(233.43476945177872)
39.1006 	EXP 	rot_line_precue: ori = np.float64(233.7743704360665)
39.1088 	EXP 	rot_line_precue: ori = np.float64(234.3578766294621)
39.1168 	EXP 	rot_line_precue: ori = np.float64(234.90986400633602)
39.1253 	EXP 	rot_line_precue: ori = np.float64(235.22673960001532)
39.1342 	EXP 	rot_line_precue: ori = np.float64(235.52898577947374)
39.1417 	EXP 	rot_line_precue: ori = np.float64(235.88553149050227)
39.1503 	EXP 	rot_line_precue: ori = np.float64(236.19088986660697)
39.1591 	EXP 	rot_line_precue: ori = np.float64(236.5230075995181)
39.1667 	EXP 	rot_line_precue: ori = np.float64(236.84543308721132)
39.1751 	EXP 	rot_line_precue: ori = np.float64(237.41461841209906)
39.1835 	EXP 	rot_line_precue: ori = np.float64(237.74883001605616)
39.1917 	EXP 	rot_line_precue: ori = np.float64(238.05144781790807)
39.2004 	EXP 	rot_line_precue: ori = np.float64(238.47532821903926)
39.2087 	EXP 	rot_line_precue: ori = np.float64(238.77779988103313)
39.2167 	EXP 	rot_line_precue: ori = np.float64(239.0978046603397)
39.2251 	EXP 	rot_line_precue: ori = np.float64(239.47243659259283)
39.2335 	EXP 	rot_line_precue: ori = np.float64(239.8210017082763)
39.2419 	EXP 	rot_line_precue: ori = np.float64(240.13663978254976)
39.2505 	EXP 	rot_line_precue: ori = np.float64(240.4543120474181)
39.2594 	EXP 	rot_line_precue: ori = np.float64(240.80060744730707)
39.2671 	EXP 	rot_line_precue: ori = np.float64(241.52365905382905)
39.2752 	EXP 	rot_line_precue: ori = np.float64(242.24615730798058)
39.2838 	EXP 	rot_line_precue: ori = np.float64(242.71167977374972)
39.2919 	EXP 	rot_line_precue: ori = np.float64(243.07529401140644)
39.3001 	EXP 	rot_line_precue: ori = np.float64(243.69879086470684)
39.3085 	EXP 	rot_line_precue: ori = np.float64(244.3703076885847)
39.3168 	EXP 	rot_line_precue: ori = np.float64(244.7936133417128)
39.3251 	EXP 	rot_line_precue: ori = np.float64(245.5113921250707)
39.3332 	EXP 	rot_line_precue: ori = np.float64(245.83787599721492)
39.3418 	EXP 	rot_line_precue: ori = np.float64(246.13488836247967)
39.3500 	EXP 	rot_line_precue: ori = np.float64(246.63809919188827)
39.3584 	EXP 	rot_line_precue: ori = np.float64(247.12054891754198)
39.3668 	EXP 	rot_line_precue: ori = np.float64(247.53434510549425)
39.3750 	EXP 	rot_line_precue: ori = np.float64(247.91106996379673)
39.3834 	EXP 	rot_line_precue: ori = np.float64(248.20946088925234)
39.3918 	EXP 	rot_line_precue: ori = np.float64(248.53077313217153)
39.4000 	EXP 	rot_line_precue: ori = np.float64(248.955156700938)
39.4083 	EXP 	rot_line_precue: ori = np.float64(249.6539508526681)
39.4170 	EXP 	rot_line_precue: ori = np.float64(249.983268244201)
39.4262 	EXP 	rot_line_precue: ori = np.float64(250.41778701213354)
39.4341 	EXP 	rot_line_precue: ori = np.float64(250.9042396364246)
39.4421 	EXP 	rot_line_precue: ori = np.float64(251.22879139022342)
39.4504 	EXP 	rot_line_precue: ori = np.float64(251.6658393641671)
39.4598 	EXP 	rot_line_precue: ori = np.float64(252.13629058123888)
39.4677 	EXP 	rot_line_precue: ori = np.float64(252.62881528927613)
39.4758 	EXP 	rot_line_precue: ori = np.float64(253.1377000395325)
39.4834 	EXP 	rot_line_precue: ori = np.float64(253.60053172097128)
39.4919 	EXP 	rot_line_precue: ori = np.float64(253.90174812844498)
39.5001 	EXP 	rot_line_precue: ori = np.float64(254.58599795404777)
39.5083 	EXP 	rot_line_precue: ori = np.float64(254.98294913253176)
39.5168 	EXP 	rot_line_precue: ori = np.float64(255.33417246594064)
39.5251 	EXP 	rot_line_precue: ori = np.float64(255.76120141929087)
39.5334 	EXP 	rot_line_precue: ori = np.float64(256.1674360558984)
39.5416 	EXP 	rot_line_precue: ori = np.float64(256.6311733592904)
39.5500 	EXP 	rot_line_precue: ori = np.float64(256.9361191992195)
39.5583 	EXP 	rot_line_precue: ori = np.float64(257.2458251867528)
39.5666 	EXP 	rot_line_precue: ori = np.float64(257.6187629622026)
39.5751 	EXP 	rot_line_precue: ori = np.float64(258.12173221600403)
39.5834 	EXP 	rot_line_precue: ori = np.float64(258.58955771582004)
39.5916 	EXP 	rot_line_precue: ori = np.float64(259.0999962671779)
39.6003 	EXP 	rot_line_precue: ori = np.float64(259.40595353707266)
39.6086 	EXP 	rot_line_precue: ori = np.float64(259.7044328954735)
39.6173 	EXP 	rot_line_precue: ori = np.float64(260.0421280379751)
39.6255 	EXP 	rot_line_precue: ori = np.float64(260.53260565887246)
39.6336 	EXP 	rot_line_precue: ori = np.float64(260.90488275852385)
39.6417 	EXP 	rot_line_precue: ori = np.float64(261.3022325817504)
39.6510 	EXP 	rot_line_precue: ori = np.float64(261.6358757141699)
39.6585 	EXP 	rot_line_precue: ori = np.float64(261.9529770904994)
39.6668 	EXP 	rot_line_precue: ori = np.float64(262.3454376188106)
39.6751 	EXP 	rot_line_precue: ori = np.float64(262.8867034250881)
39.6834 	EXP 	rot_line_precue: ori = np.float64(263.2446150632602)
39.6917 	EXP 	rot_line_precue: ori = np.float64(263.6102697373623)
39.6999 	EXP 	rot_line_precue: ori = np.float64(264.0351907812029)
39.7084 	EXP 	rot_line_precue: ori = np.float64(264.45394400879866)
39.7166 	EXP 	rot_line_precue: ori = np.float64(264.91991586241795)
39.7250 	EXP 	rot_line_precue: ori = np.float64(265.22845573168416)
39.7344 	EXP 	rot_line_precue: ori = np.float64(265.5356670809567)
39.7417 	EXP 	rot_line_precue: ori = np.float64(265.8504003625136)
39.7499 	EXP 	rot_line_precue: ori = np.float64(266.2631720602888)
39.7591 	EXP 	rot_line_precue: ori = np.float64(266.60277528926474)
39.7667 	EXP 	rot_line_precue: ori = np.float64(266.9197632219038)
39.7750 	EXP 	rot_line_precue: ori = np.float64(267.4945878470727)
39.7836 	EXP 	rot_line_precue: ori = np.float64(267.8547375257171)
39.7919 	EXP 	rot_line_precue: ori = np.float64(268.32664301721576)
39.8005 	EXP 	rot_line_precue: ori = np.float64(268.7438774770594)
39.8088 	EXP 	rot_line_precue: ori = np.float64(269.14304370124563)
39.8170 	EXP 	rot_line_precue: ori = np.float64(269.57609903184505)
39.8251 	EXP 	rot_line_precue: ori = np.float64(269.98545870790224)
39.8336 	EXP 	rot_line_precue: ori = np.float64(270.59833439052153)
39.8425 	EXP 	rot_line_precue: ori = np.float64(270.95760685772734)
39.8502 	EXP 	rot_line_precue: ori = np.float64(271.28479967203464)
39.8587 	EXP 	rot_line_precue: ori = np.float64(271.62689833666303)
39.8669 	EXP 	rot_line_precue: ori = np.float64(272.11030125353517)
39.8750 	EXP 	rot_line_precue: ori = np.float64(272.59271404232237)
39.8833 	EXP 	rot_line_precue: ori = np.float64(272.90621730679925)
39.8915 	EXP 	rot_line_precue: ori = np.float64(273.2658385456978)
39.9003 	EXP 	rot_line_precue: ori = np.float64(273.9038945065929)
39.9082 	EXP 	rot_line_precue: ori = np.float64(274.38471350998566)
39.9168 	EXP 	rot_line_precue: ori = np.float64(274.88560760847156)
39.9250 	EXP 	rot_line_precue: ori = np.float64(275.25539838009655)
39.9338 	EXP 	rot_line_precue: ori = np.float64(275.5913138999768)
39.9418 	EXP 	rot_line_precue: ori = np.float64(276.330241242297)
39.9500 	EXP 	rot_line_precue: ori = np.float64(276.70295257600014)
39.9582 	EXP 	rot_line_precue: ori = np.float64(277.01005128424424)
39.9665 	EXP 	rot_line_precue: ori = np.float64(277.36507759106814)
39.9753 	EXP 	rot_line_precue: ori = np.float64(277.72381205583054)
39.9841 	EXP 	rot_line_precue: ori = np.float64(278.06258636844285)
39.9922 	EXP 	rot_line_precue: ori = np.float64(278.672953779061)
40.0003 	EXP 	rot_line_precue: ori = np.float64(278.9773326667998)
40.0086 	EXP 	rot_line_precue: ori = np.float64(279.291345188965)
40.0171 	EXP 	rot_line_precue: ori = np.float64(279.64263839329294)
40.0258 	EXP 	rot_line_precue: ori = np.float64(280.07257546134423)
40.0342 	EXP 	rot_line_precue: ori = np.float64(280.4833814861023)
40.0429 	EXP 	rot_line_precue: ori = np.float64(280.8069960955445)
40.0508 	EXP 	rot_line_precue: ori = np.float64(281.37142571546644)
40.0586 	EXP 	rot_line_precue: ori = np.float64(281.8520703492261)
40.0667 	EXP 	rot_line_precue: ori = np.float64(282.5014665419932)
40.0751 	EXP 	rot_line_precue: ori = np.float64(282.8354392316079)
40.0835 	EXP 	rot_line_precue: ori = np.float64(283.5118872575416)
40.0917 	EXP 	rot_line_precue: ori = np.float64(284.1108059858441)
40.1001 	EXP 	rot_line_precue: ori = np.float64(284.4660307861647)
40.1085 	EXP 	rot_line_precue: ori = np.float64(284.76321960938526)
40.1167 	EXP 	rot_line_precue: ori = np.float64(285.12344989105134)
40.1261 	EXP 	rot_line_precue: ori = np.float64(285.71837549544927)
40.1334 	EXP 	rot_line_precue: ori = np.float64(286.03128297092746)
40.1417 	EXP 	rot_line_precue: ori = np.float64(286.3584145528249)
40.1499 	EXP 	rot_line_precue: ori = np.float64(286.701616349717)
40.1586 	EXP 	rot_line_precue: ori = np.float64(287.0858309007154)
40.1669 	EXP 	rot_line_precue: ori = np.float64(287.44623854246885)
40.1760 	EXP 	rot_line_precue: ori = np.float64(287.75030064093886)
40.1837 	EXP 	rot_line_precue: ori = np.float64(288.45077481449243)
40.1919 	EXP 	rot_line_precue: ori = np.float64(288.80407334481544)
40.2011 	EXP 	rot_line_precue: ori = np.float64(289.20815263989704)
40.2093 	EXP 	rot_line_precue: ori = np.float64(289.5649924572028)
40.2169 	EXP 	rot_line_precue: ori = np.float64(289.92625987439595)
40.2253 	EXP 	rot_line_precue: ori = np.float64(290.5509726028383)
40.2343 	EXP 	rot_line_precue: ori = np.float64(291.07496723372105)
40.2418 	EXP 	rot_line_precue: ori = np.float64(291.4875452357185)
40.2500 	EXP 	rot_line_precue: ori = np.float64(291.78372686624283)
40.2585 	EXP 	rot_line_precue: ori = np.float64(292.2979822758484)
40.2674 	EXP 	rot_line_precue: ori = np.float64(292.62074716871)
40.2749 	EXP 	rot_line_precue: ori = np.float64(292.9378287352787)
40.2835 	EXP 	rot_line_precue: ori = np.float64(293.31383332894615)
40.2917 	EXP 	rot_line_precue: ori = np.float64(293.7031665069772)
40.3000 	EXP 	rot_line_precue: ori = np.float64(294.2329533302257)
40.3085 	EXP 	rot_line_precue: ori = np.float64(294.6020451007632)
40.3167 	EXP 	rot_line_precue: ori = np.float64(294.9295295185772)
40.3250 	EXP 	rot_line_precue: ori = np.float64(295.2669092479301)
40.3337 	EXP 	rot_line_precue: ori = np.float64(295.7126928571056)
40.3421 	EXP 	rot_line_precue: ori = np.float64(296.01631216531786)
40.3507 	EXP 	rot_line_precue: ori = np.float64(296.4376672445892)
40.3591 	EXP 	rot_line_precue: ori = np.float64(296.83081267550443)
40.3672 	EXP 	rot_line_precue: ori = np.float64(297.285789753365)
40.3757 	EXP 	rot_line_precue: ori = np.float64(297.5830674796795)
40.3846 	EXP 	rot_line_precue: ori = np.float64(298.1620072002071)
40.3931 	EXP 	rot_line_precue: ori = np.float64(298.5260903325486)
40.4008 	EXP 	rot_line_precue: ori = np.float64(298.88054831404594)
40.4082 	EXP 	rot_line_precue: ori = np.float64(299.2378555107639)
40.4168 	EXP 	rot_line_precue: ori = np.float64(299.54250206597123)
40.4250 	EXP 	rot_line_precue: ori = np.float64(299.95775804152447)
40.4333 	EXP 	rot_line_precue: ori = np.float64(300.295842903111)
40.4418 	EXP 	rot_line_precue: ori = np.float64(300.64740859218387)
40.4500 	EXP 	rot_line_precue: ori = np.float64(300.9548786308347)
40.4584 	EXP 	rot_line_precue: ori = np.float64(301.3489495030852)
40.4666 	EXP 	rot_line_precue: ori = np.float64(302.0241262189219)
40.4750 	EXP 	rot_line_precue: ori = np.float64(302.332793493097)
40.4842 	EXP 	rot_line_precue: ori = np.float64(302.6294746435342)
40.4919 	EXP 	rot_line_precue: ori = np.float64(302.9716955319295)
40.5006 	EXP 	rot_line_precue: ori = np.float64(303.3002636044188)
40.5083 	EXP 	rot_line_precue: ori = np.float64(303.8772078697848)
40.5169 	EXP 	rot_line_precue: ori = np.float64(304.43289165754265)
40.5253 	EXP 	rot_line_precue: ori = np.float64(304.99930728777883)
40.5336 	EXP 	rot_line_precue: ori = np.float64(305.3504039288359)
40.5422 	EXP 	rot_line_precue: ori = np.float64(305.6635493331798)
40.5504 	EXP 	rot_line_precue: ori = np.float64(306.19330181266787)
40.5586 	EXP 	rot_line_precue: ori = np.float64(306.9949896046103)
40.5670 	EXP 	rot_line_precue: ori = np.float64(307.35825927842785)
40.5752 	EXP 	rot_line_precue: ori = np.float64(307.7709793237453)
40.5835 	EXP 	rot_line_precue: ori = np.float64(308.08485785889405)
40.5921 	EXP 	rot_line_precue: ori = np.float64(308.5160039871233)
40.6001 	EXP 	rot_line_precue: ori = np.float64(308.93667927119014)
40.6084 	EXP 	rot_line_precue: ori = np.float64(309.7041153627725)
40.6167 	EXP 	rot_line_precue: ori = np.float64(310.3023678336559)
40.6250 	EXP 	rot_line_precue: ori = np.float64(310.63742596797516)
40.6333 	EXP 	rot_line_precue: ori = np.float64(310.94856910819004)
40.6418 	EXP 	rot_line_precue: ori = np.float64(311.62129679987487)
40.6500 	EXP 	rot_line_precue: ori = np.float64(312.07943793564687)
40.6590 	EXP 	rot_line_precue: ori = np.float64(312.45251643929106)
40.6667 	EXP 	rot_line_precue: ori = np.float64(312.7566519559503)
40.6749 	EXP 	rot_line_precue: ori = np.float64(313.0904709965439)
40.6839 	EXP 	rot_line_precue: ori = np.float64(313.7482163881945)
40.6918 	EXP 	rot_line_precue: ori = np.float64(314.0444080900223)
40.7003 	EXP 	rot_line_precue: ori = np.float64(314.7769295182168)
40.7088 	EXP 	rot_line_precue: ori = np.float64(315.2088159672358)
40.7174 	EXP 	rot_line_precue: ori = np.float64(315.520441707999)
40.7256 	EXP 	rot_line_precue: ori = np.float64(316.3074418874659)
40.7338 	EXP 	rot_line_precue: ori = np.float64(316.645946614053)
40.7424 	EXP 	rot_line_precue: ori = np.float64(317.11868663378)
40.7505 	EXP 	rot_line_precue: ori = np.float64(317.4348171951218)
40.7587 	EXP 	rot_line_precue: ori = np.float64(317.75446996929736)
40.7669 	EXP 	rot_line_precue: ori = np.float64(318.35073865207596)
40.7750 	EXP 	rot_line_precue: ori = np.float64(318.67472829192764)
40.7837 	EXP 	rot_line_precue: ori = np.float64(318.97118249703186)
40.7916 	EXP 	rot_line_precue: ori = np.float64(319.4332100441664)
40.8000 	EXP 	rot_line_precue: ori = np.float64(319.72901828268596)
40.8083 	EXP 	rot_line_precue: ori = np.float64(320.04597388133817)
40.8167 	EXP 	rot_line_precue: ori = np.float64(320.3441335306695)
40.8249 	EXP 	rot_line_precue: ori = np.float64(320.6738789200334)
40.8333 	EXP 	rot_line_precue: ori = np.float64(321.25311214434225)
40.8340 	EXP 	New trial (rep=5, index=18): <Trial 18 (18 in rep 5) data={'pic_name': 'pics/feet.JPG', 'class_mi': 'feet', 'thisN': 18, 'thisTrialN': 18, 'thisRepN': 5}>
40.8419 	EXP 	hor_line_precue: autoDraw = False
40.8419 	EXP 	ver_line_precue: autoDraw = False
40.8419 	EXP 	rot_line_precue: autoDraw = False
40.8419 	EXP 	rot_line_precue: ori = np.float64(321.58540026278826)
40.8419 	EXP 	hor_line_precue: autoDraw = False
40.8419 	EXP 	ver_line_precue: autoDraw = False
40.8419 	EXP 	rot_line_precue: autoDraw = False
40.8419 	EXP 	hor_line_precue: autoDraw = True
40.8419 	EXP 	ver_line_precue: autoDraw = True
40.8419 	EXP 	rot_line_precue: autoDraw = True
40.8419 	EXP 	rot_line_precue: ori = np.float64(321.9022071791573)
40.8501 	EXP 	rot_line_precue: ori = np.float64(322.24056984931343)
40.8582 	EXP 	rot_line_precue: ori = np.float64(322.5723920273814)
40.8667 	EXP 	rot_line_precue: ori = np.float64(322.9222111243628)
40.8751 	EXP 	rot_line_precue: ori = np.float64(323.2236627237892)
40.8837 	EXP 	rot_line_precue: ori = np.float64(323.5653017213562)
40.8921 	EXP 	rot_line_precue: ori = np.float64(324.03644194132903)
40.9003 	EXP 	rot_line_precue: ori = np.float64(324.33463648857276)
40.9089 	EXP 	rot_line_precue: ori = np.float64(324.7619539056866)
40.9172 	EXP 	rot_line_precue: ori = np.float64(325.1384400464689)
40.9252 	EXP 	rot_line_precue: ori = np.float64(325.43977566574955)
40.9338 	EXP 	rot_line_precue: ori = np.float64(325.7995302481376)
40.9426 	EXP 	rot_line_precue: ori = np.float64(326.2235986719354)
40.9502 	EXP 	rot_line_precue: ori = np.float64(326.9113538453801)
40.9584 	EXP 	rot_line_precue: ori = np.float64(327.24770432075053)
40.9669 	EXP 	rot_line_precue: ori = np.float64(327.5568975209381)
40.9751 	EXP 	rot_line_precue: ori = np.float64(328.04586278869107)
40.9833 	EXP 	rot_line_precue: ori = np.float64(328.7215986851255)
40.9920 	EXP 	rot_line_precue: ori = np.float64(329.5055181972844)
41.0000 	EXP 	rot_line_precue: ori = np.float64(329.8689890327281)
41.0083 	EXP 	rot_line_precue: ori = np.float64(330.1645932537128)
41.0166 	EXP 	rot_line_precue: ori = np.float64(330.53474310747106)
41.0251 	EXP 	rot_line_precue: ori = np.float64(330.8398558578691)
41.0336 	EXP 	rot_line_precue: ori = np.float64(331.2830916473863)
41.0417 	EXP 	rot_line_precue: ori = np.float64(331.64056141927136)
41.0503 	EXP 	rot_line_precue: ori = np.float64(331.954016011253)
41.0586 	EXP 	rot_line_precue: ori = np.float64(332.54436394784943)
41.0672 	EXP 	rot_line_precue: ori = np.float64(332.8641165163875)
41.0754 	EXP 	rot_line_precue: ori = np.float64(333.1772130916545)
41.0835 	EXP 	rot_line_precue: ori = np.float64(333.5475557933291)
41.0922 	EXP 	rot_line_precue: ori = np.float64(334.19064952108295)
41.1010 	EXP 	rot_line_precue: ori = np.float64(334.5347899133574)
41.1086 	EXP 	rot_line_precue: ori = np.float64(334.8855737468007)
41.1173 	EXP 	rot_line_precue: ori = np.float64(335.18311804647954)
41.1252 	EXP 	rot_line_precue: ori = np.float64(335.91813986115955)
41.1336 	EXP 	rot_line_precue: ori = np.float64(336.2442664100537)
41.1417 	EXP 	rot_line_precue: ori = np.float64(336.5950767416316)
41.1502 	EXP 	rot_line_precue: ori = np.float64(336.9488718505623)
41.1584 	EXP 	rot_line_precue: ori = np.float64(337.3580392636956)
41.1667 	EXP 	rot_line_precue: ori = np.float64(337.6600653892354)
41.1752 	EXP 	rot_line_precue: ori = np.float64(337.99218619795437)
41.1835 	EXP 	rot_line_precue: ori = np.float64(338.54297034955766)
41.1917 	EXP 	rot_line_precue: ori = np.float64(338.8414491549465)
41.2000 	EXP 	rot_line_precue: ori = np.float64(339.5427611173075)
41.2085 	EXP 	rot_line_precue: ori = np.float64(339.90337670293434)
41.2174 	EXP 	rot_line_precue: ori = np.float64(340.3173959374686)
41.2255 	EXP 	rot_line_precue: ori = np.float64(340.7120072345411)
41.2336 	EXP 	rot_line_precue: ori = np.float64(341.0486419258452)
41.2419 	EXP 	rot_line_precue: ori = np.float64(341.3560337402292)
41.2505 	EXP 	rot_line_precue: ori = np.float64(341.66439014639695)
41.2588 	EXP 	rot_line_precue: ori = np.float64(342.1177268013552)
41.2670 	EXP 	rot_line_precue: ori = np.float64(342.41521670981405)
41.2757 	EXP 	rot_line_precue: ori = np.float64(342.78463571226246)
41.2838 	EXP 	rot_line_precue: ori = np.float64(343.08715899261904)
41.2918 	EXP 	rot_line_precue: ori = np.float64(343.3965345725052)
41.3000 	EXP 	rot_line_precue: ori = np.float64(343.8586595300996)
41.3086 	EXP 	rot_line_precue: ori = np.float64(344.46827506394294)
41.3168 	EXP 	rot_line_precue: ori = np.float64(344.9031986156734)
41.3251 	EXP 	rot_line_precue: ori = np.float64(345.2139700515408)
41.3336 	EXP 	rot_line_precue: ori = np.float64(345.5097184423584)
41.3418 	EXP 	rot_line_precue: ori = np.float64(345.81737114234545)
41.3501 	EXP 	rot_line_precue: ori = np.float64(346.4166128152832)
41.3597 	EXP 	rot_line_precue: ori = np.float64(346.8035712047012)
41.3668 	EXP 	rot_line_precue: ori = np.float64(347.1642117419511)
41.3751 	EXP 	rot_line_precue: ori = np.float64(347.46317755241387)
41.3832 	EXP 	rot_line_precue: ori = np.float64(347.8167399743908)
41.3919 	EXP 	rot_line_precue: ori = np.float64(348.1951392901785)
41.4001 	EXP 	rot_line_precue: ori = np.float64(348.4968073940749)
41.4087 	EXP 	rot_line_precue: ori = np.float64(348.89301542676486)
41.4170 	EXP 	rot_line_precue: ori = np.float64(349.30838674878163)
41.4253 	EXP 	rot_line_precue: ori = np.float64(349.62395082593696)
41.4343 	EXP 	rot_line_precue: ori = np.float64(349.9563129961541)
41.4422 	EXP 	rot_line_precue: ori = np.float64(350.29044584668105)
41.4503 	EXP 	rot_line_precue: ori = np.float64(350.6633987477038)
41.4591 	EXP 	rot_line_precue: ori = np.float64(350.9643364352393)
41.4678 	EXP 	rot_line_precue: ori = np.float64(351.298292847463)
41.4751 	EXP 	rot_line_precue: ori = np.float64(351.6150405329195)
41.4835 	EXP 	rot_line_precue: ori = np.float64(352.2880923511312)
41.4919 	EXP 	rot_line_precue: ori = np.float64(352.61640352858734)
41.5002 	EXP 	rot_line_precue: ori = np.float64(353.00095943466994)
41.5084 	EXP 	rot_line_precue: ori = np.float64(353.3345108800546)
41.5170 	EXP 	rot_line_precue: ori = np.float64(353.93399949587683)
41.5250 	EXP 	rot_line_precue: ori = np.float64(354.3650979384056)
41.5341 	EXP 	rot_line_precue: ori = np.float64(354.6861701079983)
41.5415 	EXP 	rot_line_precue: ori = np.float64(355.0992019315501)
41.5501 	EXP 	rot_line_precue: ori = np.float64(355.41242995952314)
41.5584 	EXP 	rot_line_precue: ori = np.float64(355.9814945393773)
41.5670 	EXP 	rot_line_precue: ori = np.float64(356.53458902751737)
41.5750 	EXP 	rot_line_precue: ori = np.float64(356.92126349087255)
41.5834 	EXP 	rot_line_precue: ori = np.float64(357.57125515578167)
41.5923 	EXP 	rot_line_precue: ori = np.float64(358.2570836161633)
41.6003 	EXP 	rot_line_precue: ori = np.float64(358.6573940840016)
41.6086 	EXP 	rot_line_precue: ori = np.float64(359.1176421894772)
41.6172 	EXP 	rot_line_precue: ori = np.float64(359.85258790384853)
41.6255 	EXP 	rot_line_precue: ori = np.float64(0.470805573199641)
41.6336 	EXP 	rot_line_precue: ori = np.float64(0.8698981802323834)
41.6423 	EXP 	rot_line_precue: ori = np.float64(1.1850454450120451)
41.6504 	EXP 	rot_line_precue: ori = np.float64(1.5286196035438233)
41.6588 	EXP 	rot_line_precue: ori = np.float64(1.9412455530659112)
41.6667 	EXP 	rot_line_precue: ori = np.float64(2.283909332417097)
41.6753 	EXP 	rot_line_precue: ori = np.float64(2.6946880490492946)
41.6835 	EXP 	rot_line_precue: ori = np.float64(3.3220421522866284)
41.6917 	EXP 	rot_line_precue: ori = np.float64(3.6266015430197043)
41.7002 	EXP 	rot_line_precue: ori = np.float64(4.195611976284429)
41.7085 	EXP 	rot_line_precue: ori = np.float64(4.6123791041045505)
41.7176 	EXP 	rot_line_precue: ori = np.float64(4.926302134700022)
41.7248 	EXP 	rot_line_precue: ori = np.float64(5.32922037843667)
41.7338 	EXP 	rot_line_precue: ori = np.float64(5.839854489106018)
41.7417 	EXP 	rot_line_precue: ori = np.float64(6.139004418652785)
41.7499 	EXP 	rot_line_precue: ori = np.float64(6.601507120726819)
41.7584 	EXP 	rot_line_precue: ori = np.float64(7.137324438961324)
41.7667 	EXP 	rot_line_precue: ori = np.float64(7.707855571600291)
41.7749 	EXP 	rot_line_precue: ori = np.float64(8.083560732536302)
41.7836 	EXP 	rot_line_precue: ori = np.float64(8.771557188399163)
41.7919 	EXP 	rot_line_precue: ori = np.float64(9.483206820628393)
41.8007 	EXP 	rot_line_precue: ori = np.float64(9.781355367441375)
41.8089 	EXP 	rot_line_precue: ori = np.float64(10.210446263123586)
41.8171 	EXP 	rot_line_precue: ori = np.float64(10.631875947292471)
41.8254 	EXP 	rot_line_precue: ori = np.float64(11.017598418495371)
41.8339 	EXP 	rot_line_precue: ori = np.float64(11.495551176052887)
41.8419 	EXP 	rot_line_precue: ori = np.float64(11.980271336231695)
41.8505 	EXP 	rot_line_precue: ori = np.float64(12.285452310580771)
41.8594 	EXP 	rot_line_precue: ori = np.float64(12.627708070774146)
41.8674 	EXP 	rot_line_precue: ori = np.float64(12.928095671380364)
41.8751 	EXP 	rot_line_precue: ori = np.float64(13.370622430005861)
41.8833 	EXP 	rot_line_precue: ori = np.float64(13.703146029396063)
41.8917 	EXP 	rot_line_precue: ori = np.float64(14.026383346472496)
41.9000 	EXP 	rot_line_precue: ori = np.float64(14.396034566328558)
41.9083 	EXP 	rot_line_precue: ori = np.float64(14.823471830957084)
41.9168 	EXP 	rot_line_precue: ori = np.float64(15.304203594647747)
41.9251 	EXP 	rot_line_precue: ori = np.float64(15.646706727432392)
41.9332 	EXP 	rot_line_precue: ori = np.float64(15.953391567787987)
41.9419 	EXP 	rot_line_precue: ori = np.float64(16.301191344734633)
41.9499 	EXP 	rot_line_precue: ori = np.float64(16.605787914239766)
41.9584 	EXP 	rot_line_precue: ori = np.float64(16.918677318196472)
41.9668 	EXP 	rot_line_precue: ori = np.float64(17.229232564051127)
41.9753 	EXP 	rot_line_precue: ori = np.float64(17.600383774368836)
41.9839 	EXP 	rot_line_precue: ori = np.float64(17.97932674000107)
41.9923 	EXP 	rot_line_precue: ori = np.float64(18.51347220420357)
42.0008 	EXP 	rot_line_precue: ori = np.float64(18.882880081426393)
42.0089 	EXP 	rot_line_precue: ori = np.float64(19.30350378779588)
42.0177 	EXP 	rot_line_precue: ori = np.float64(19.620628735850982)
42.0259 	EXP 	rot_line_precue: ori = np.float64(20.01815988246291)
42.0335 	EXP 	rot_line_precue: ori = np.float64(20.422385814311593)
42.0419 	EXP 	rot_line_precue: ori = np.float64(21.07033909949728)
42.0502 	EXP 	rot_line_precue: ori = np.float64(21.414713647104207)
42.0584 	EXP 	rot_line_precue: ori = np.float64(21.73251274312193)
42.0667 	EXP 	rot_line_precue: ori = np.float64(22.32113010573912)
42.0751 	EXP 	rot_line_precue: ori = np.float64(22.773246346235148)
42.0834 	EXP 	rot_line_precue: ori = np.float64(23.13250483425694)
42.0917 	EXP 	rot_line_precue: ori = np.float64(23.514545056100133)
42.1001 	EXP 	rot_line_precue: ori = np.float64(23.840784992160813)
42.1083 	EXP 	rot_line_precue: ori = np.float64(24.16645369415549)
42.1167 	EXP 	rot_line_precue: ori = np.float64(24.500607970900308)
42.1257 	EXP 	rot_line_precue: ori = np.float64(24.857146219487575)
42.1335 	EXP 	rot_line_precue: ori = np.float64(25.208371591747916)
42.1417 	EXP 	rot_line_precue: ori = np.float64(25.510143046242444)
42.1499 	EXP 	rot_line_precue: ori = np.float64(25.851760654281122)
42.1584 	EXP 	rot_line_precue: ori = np.float64(26.423776296273573)
42.1671 	EXP 	rot_line_precue: ori = np.float64(26.727913069976363)
42.1755 	EXP 	rot_line_precue: ori = np.float64(27.352388294448257)
42.1842 	EXP 	rot_line_precue: ori = np.float64(27.707900039769296)
42.1923 	EXP 	rot_line_precue: ori = np.float64(28.03027570344945)
42.2005 	EXP 	rot_line_precue: ori = np.float64(28.698709455833527)
42.2088 	EXP 	rot_line_precue: ori = np.float64(29.21158369752202)
42.2172 	EXP 	rot_line_precue: ori = np.float64(29.64938856915888)
42.2254 	EXP 	rot_line_precue: ori = np.float64(30.16584493547251)
42.2337 	EXP 	rot_line_precue: ori = np.float64(30.659347357899367)
42.2422 	EXP 	rot_line_precue: ori = np.float64(30.996071945520434)
42.2503 	EXP 	rot_line_precue: ori = np.float64(31.40743124511916)
42.2585 	EXP 	rot_line_precue: ori = np.float64(31.75222924895789)
42.2672 	EXP 	rot_line_precue: ori = np.float64(32.07827100313998)
42.2749 	EXP 	rot_line_precue: ori = np.float64(32.40787694099546)
42.2838 	EXP 	rot_line_precue: ori = np.float64(32.771861927964)
42.2916 	EXP 	rot_line_precue: ori = np.float64(33.094621589388666)
42.2999 	EXP 	rot_line_precue: ori = np.float64(33.49348229437433)
42.3085 	EXP 	rot_line_precue: ori = np.float64(33.894498917727894)
42.3166 	EXP 	rot_line_precue: ori = np.float64(34.34329356241387)
42.3249 	EXP 	rot_line_precue: ori = np.float64(34.773006307147135)
42.3335 	EXP 	rot_line_precue: ori = np.float64(35.33120689401705)
42.3417 	EXP 	rot_line_precue: ori = np.float64(35.643149521131114)
42.3500 	EXP 	rot_line_precue: ori = np.float64(35.939784233625836)
42.3584 	EXP 	rot_line_precue: ori = np.float64(36.27672842697916)
42.3670 	EXP 	rot_line_precue: ori = np.float64(36.59768333947284)
42.3756 	EXP 	rot_line_precue: ori = np.float64(36.96098825801478)
42.3839 	EXP 	rot_line_precue: ori = np.float64(37.25798970395148)
42.3921 	EXP 	rot_line_precue: ori = np.float64(37.56328052228631)
42.4002 	EXP 	rot_line_precue: ori = np.float64(37.9384171311885)
42.4087 	EXP 	rot_line_precue: ori = np.float64(38.23880658055973)
42.4176 	EXP 	rot_line_precue: ori = np.float64(38.583498153276025)
42.4251 	EXP 	rot_line_precue: ori = np.float64(39.147310589902474)
42.4337 	EXP 	rot_line_precue: ori = np.float64(39.60566359211571)
42.4422 	EXP 	rot_line_precue: ori = np.float64(40.03869113886938)
42.4501 	EXP 	rot_line_precue: ori = np.float64(40.51540716379512)
42.4584 	EXP 	rot_line_precue: ori = np.float64(41.1372600044153)
42.4668 	EXP 	rot_line_precue: ori = np.float64(41.57915867574293)
42.4750 	EXP 	rot_line_precue: ori = np.float64(42.123185842786064)
42.4833 	EXP 	rot_line_precue: ori = np.float64(42.543147027924576)
42.4918 	EXP 	rot_line_precue: ori = np.float64(43.20015425712292)
42.4999 	EXP 	rot_line_precue: ori = np.float64(43.548809585312995)
42.5084 	EXP 	rot_line_precue: ori = np.float64(44.11677445784743)
42.5168 	EXP 	rot_line_precue: ori = np.float64(44.83163424210768)
42.5250 	EXP 	rot_line_precue: ori = np.float64(45.131729656871926)
42.5342 	EXP 	rot_line_precue: ori = np.float64(45.46647141952165)
42.5418 	EXP 	rot_line_precue: ori = np.float64(45.79076080106432)
42.5509 	EXP 	rot_line_precue: ori = np.float64(46.1233916111674)
42.5590 	EXP 	rot_line_precue: ori = np.float64(46.41993536558849)
42.5673 	EXP 	rot_line_precue: ori = np.float64(46.99197144999259)
42.5754 	EXP 	rot_line_precue: ori = np.float64(47.349397689712134)
42.5838 	EXP 	rot_line_precue: ori = np.float64(47.7809552266542)
42.5924 	EXP 	rot_line_precue: ori = np.float64(48.08386088467193)
42.6003 	EXP 	rot_line_precue: ori = np.float64(48.78398558630345)
42.6086 	EXP 	rot_line_precue: ori = np.float64(49.095968939027145)
42.6172 	EXP 	rot_line_precue: ori = np.float64(49.56908784710972)
42.6254 	EXP 	rot_line_precue: ori = np.float64(50.22475697505514)
42.6335 	EXP 	rot_line_precue: ori = np.float64(50.521019237638974)
42.6416 	EXP 	rot_line_precue: ori = np.float64(50.83463405500923)
42.6501 	EXP 	rot_line_precue: ori = np.float64(51.1656725366148)
42.6586 	EXP 	rot_line_precue: ori = np.float64(51.65233875345844)
42.6666 	EXP 	rot_line_precue: ori = np.float64(51.954270889609134)
42.6751 	EXP 	rot_line_precue: ori = np.float64(52.25489636960729)
42.6833 	EXP 	rot_line_precue: ori = np.float64(52.57101385086292)
42.6916 	EXP 	rot_line_precue: ori = np.float64(52.97847542682098)
42.7001 	EXP 	rot_line_precue: ori = np.float64(53.29022556698267)
42.7084 	EXP 	rot_line_precue: ori = np.float64(53.967402864472994)
42.7172 	EXP 	rot_line_precue: ori = np.float64(54.34383201971686)
42.7251 	EXP 	rot_line_precue: ori = np.float64(54.76978042838469)
42.7334 	EXP 	rot_line_precue: ori = np.float64(55.283724231934265)
42.7419 	EXP 	rot_line_precue: ori = np.float64(55.58348111378494)
42.7504 	EXP 	rot_line_precue: ori = np.float64(56.065325420572805)
42.7593 	EXP 	rot_line_precue: ori = np.float64(56.43023410203789)
42.7670 	EXP 	rot_line_precue: ori = np.float64(56.87507184433803)
42.7754 	EXP 	rot_line_precue: ori = np.float64(57.177122090047654)
42.7837 	EXP 	rot_line_precue: ori = np.float64(57.8171184965317)
42.7924 	EXP 	rot_line_precue: ori = np.float64(58.36054497686044)
42.8016 	EXP 	rot_line_precue: ori = np.float64(58.69245301509387)
42.8095 	EXP 	rot_line_precue: ori = np.float64(58.993844232061186)
42.8170 	EXP 	rot_line_precue: ori = np.float64(59.560339339739954)
42.8251 	EXP 	rot_line_precue: ori = np.float64(59.87987006179984)
42.8259 	EXP 	New trial (rep=6, index=19): <Trial 19 (19 in rep 6) data={'pic_name': 'pics/feet.JPG', 'class_mi': 'feet', 'thisN': 19, 'thisTrialN': 19, 'thisRepN': 6}>
42.8334 	EXP 	hor_line_precue: autoDraw = False
42.8334 	EXP 	ver_line_precue: autoDraw = False
42.8334 	EXP 	rot_line_precue: autoDraw = False
42.8334 	EXP 	rot_line_precue: ori = np.float64(60.21271907767876)
42.8334 	EXP 	hor_line_precue: autoDraw = False
42.8334 	EXP 	ver_line_precue: autoDraw = False
42.8334 	EXP 	rot_line_precue: autoDraw = False
42.8334 	EXP 	hor_line_precue: autoDraw = True
42.8334 	EXP 	ver_line_precue: autoDraw = True
42.8334 	EXP 	rot_line_precue: autoDraw = True
42.8334 	EXP 	rot_line_precue: ori = np.float64(60.545735716618175)
42.8417 	EXP 	rot_line_precue: ori = np.float64(60.91679600685641)
42.8500 	EXP 	rot_line_precue: ori = np.float64(61.237895758495)
42.8585 	EXP 	rot_line_precue: ori = np.float64(61.7618012432465)
42.8667 	EXP 	rot_line_precue: ori = np.float64(62.210899329727916)
42.8756 	EXP 	rot_line_precue: ori = np.float64(62.507975327637574)
42.8836 	EXP 	rot_line_precue: ori = np.float64(62.823176669128976)
42.8918 	EXP 	rot_line_precue: ori = np.float64(63.18147083945486)
42.9000 	EXP 	rot_line_precue: ori = np.float64(63.47862711659587)
42.9084 	EXP 	rot_line_precue: ori = np.float64(63.78963065693489)
42.9168 	EXP 	rot_line_precue: ori = np.float64(64.1159834628974)
42.9251 	EXP 	rot_line_precue: ori = np.float64(64.5587537989044)
42.9339 	EXP 	rot_line_precue: ori = np.float64(65.00377210056688)
42.9422 	EXP 	rot_line_precue: ori = np.float64(65.30236797810046)
42.9507 	EXP 	rot_line_precue: ori = np.float64(65.62674256554264)
42.9590 	EXP 	rot_line_precue: ori = np.float64(65.93827721005482)
42.9671 	EXP 	rot_line_precue: ori = np.float64(66.46361974654181)
42.9752 	EXP 	rot_line_precue: ori = np.float64(66.93623818994999)
42.9838 	EXP 	rot_line_precue: ori = np.float64(67.25048225063335)
42.9920 	EXP 	rot_line_precue: ori = np.float64(67.58747318100392)
43.0009 	EXP 	rot_line_precue: ori = np.float64(67.88839039674141)
43.0089 	EXP 	rot_line_precue: ori = np.float64(68.41435839812291)
43.0169 	EXP 	rot_line_precue: ori = np.float64(68.8385910694256)
43.0251 	EXP 	rot_line_precue: ori = np.float64(69.3524949409134)
43.0333 	EXP 	rot_line_precue: ori = np.float64(69.69279005512361)
43.0418 	EXP 	rot_line_precue: ori = np.float64(69.99551649286225)
43.0501 	EXP 	rot_line_precue: ori = np.float64(70.29684261647407)
43.0584 	EXP 	rot_line_precue: ori = np.float64(70.60522227072126)
43.0667 	EXP 	rot_line_precue: ori = np.float64(71.34309598412807)
43.0751 	EXP 	rot_line_precue: ori = np.float64(71.76369747084601)
43.0842 	EXP 	rot_line_precue: ori = np.float64(72.0811135422469)
43.0920 	EXP 	rot_line_precue: ori = np.float64(72.4665124646253)
43.1000 	EXP 	rot_line_precue: ori = np.float64(72.77575245889216)
43.1084 	EXP 	rot_line_precue: ori = np.float64(73.41936119909006)
43.1171 	EXP 	rot_line_precue: ori = np.float64(73.77502947795226)
43.1261 	EXP 	rot_line_precue: ori = np.float64(74.28760831812646)
43.1335 	EXP 	rot_line_precue: ori = np.float64(74.59169846742547)
43.1421 	EXP 	rot_line_precue: ori = np.float64(75.27536877138951)
43.1504 	EXP 	rot_line_precue: ori = np.float64(75.79218167100395)
43.1591 	EXP 	rot_line_precue: ori = np.float64(76.12881927978965)
43.1671 	EXP 	rot_line_precue: ori = np.float64(76.48290391992408)
43.1760 	EXP 	rot_line_precue: ori = np.float64(76.95295135684361)
43.1836 	EXP 	rot_line_precue: ori = np.float64(77.34980457937014)
43.1917 	EXP 	rot_line_precue: ori = np.float64(77.65881351342101)
43.2003 	EXP 	rot_line_precue: ori = np.float64(78.02458692202104)
43.2085 	EXP 	rot_line_precue: ori = np.float64(78.34838403939848)
43.2167 	EXP 	rot_line_precue: ori = np.float64(78.68476071820594)
43.2252 	EXP 	rot_line_precue: ori = np.float64(79.40544033940961)
43.2335 	EXP 	rot_line_precue: ori = np.float64(79.73462576255102)
43.2417 	EXP 	rot_line_precue: ori = np.float64(80.06682038881009)
43.2500 	EXP 	rot_line_precue: ori = np.float64(80.63349936959646)
43.2586 	EXP 	rot_line_precue: ori = np.float64(80.98946071794529)
43.2668 	EXP 	rot_line_precue: ori = np.float64(81.29937799383858)
43.2750 	EXP 	rot_line_precue: ori = np.float64(81.63227399788875)
43.2835 	EXP 	rot_line_precue: ori = np.float64(82.19879392273126)
43.2918 	EXP 	rot_line_precue: ori = np.float64(82.49847763373853)
43.3000 	EXP 	rot_line_precue: ori = np.float64(82.91080998730439)
43.3094 	EXP 	rot_line_precue: ori = np.float64(83.42082743916767)
43.3177 	EXP 	rot_line_precue: ori = np.float64(84.04968024468492)
43.3255 	EXP 	rot_line_precue: ori = np.float64(84.68252336662918)
43.3339 	EXP 	rot_line_precue: ori = np.float64(85.18150237899292)
43.3420 	EXP 	rot_line_precue: ori = np.float64(85.53690079816066)
43.3506 	EXP 	rot_line_precue: ori = np.float64(86.05510916837639)
43.3594 	EXP 	rot_line_precue: ori = np.float64(86.73448771631382)
43.3669 	EXP 	rot_line_precue: ori = np.float64(87.2580911566299)
43.3751 	EXP 	rot_line_precue: ori = np.float64(87.55783894232403)
43.3838 	EXP 	rot_line_precue: ori = np.float64(87.92075408457933)
43.3919 	EXP 	rot_line_precue: ori = np.float64(88.23278496830406)
43.4001 	EXP 	rot_line_precue: ori = np.float64(88.57629775248807)
43.4086 	EXP 	rot_line_precue: ori = np.float64(89.14054691847367)
43.4168 	EXP 	rot_line_precue: ori = np.float64(89.51800731881345)
43.4251 	EXP 	rot_line_precue: ori = np.float64(89.93542761707042)
43.4334 	EXP 	rot_line_precue: ori = np.float64(90.36874434969099)
43.4417 	EXP 	rot_line_precue: ori = np.float64(90.69854745773252)
43.4501 	EXP 	rot_line_precue: ori = np.float64(91.35523894442801)
43.4584 	EXP 	rot_line_precue: ori = np.float64(91.69069869705736)
43.4673 	EXP 	rot_line_precue: ori = np.float64(92.19926571501917)
43.4753 	EXP 	rot_line_precue: ori = np.float64(92.5594952596181)
43.4833 	EXP 	rot_line_precue: ori = np.float64(92.89985431644521)
43.4921 	EXP 	rot_line_precue: ori = np.float64(93.35284857390624)
43.5007 	EXP 	rot_line_precue: ori = np.float64(93.76125599137136)
43.5089 	EXP 	rot_line_precue: ori = np.float64(94.3184672232665)
43.5172 	EXP 	rot_line_precue: ori = np.float64(94.9415834413782)
43.5252 	EXP 	rot_line_precue: ori = np.float64(95.56973592916628)
43.5334 	EXP 	rot_line_precue: ori = np.float64(95.87214315800794)
43.5428 	EXP 	rot_line_precue: ori = np.float64(96.305108382793)
43.5502 	EXP 	rot_line_precue: ori = np.float64(96.68034161196702)
43.5589 	EXP 	rot_line_precue: ori = np.float64(97.00177388164626)
43.5671 	EXP 	rot_line_precue: ori = np.float64(97.36832173245732)
43.5751 	EXP 	rot_line_precue: ori = np.float64(97.85472219299862)
43.5835 	EXP 	rot_line_precue: ori = np.float64(98.33771380417491)
43.5919 	EXP 	rot_line_precue: ori = np.float64(98.79094303980213)
43.6001 	EXP 	rot_line_precue: ori = np.float64(99.30642868686131)
43.6090 	EXP 	rot_line_precue: ori = np.float64(99.99616612579581)
43.6169 	EXP 	rot_line_precue: ori = np.float64(100.38126916017893)
43.6251 	EXP 	rot_line_precue: ori = np.float64(100.75282900442083)
43.6334 	EXP 	rot_line_precue: ori = np.float64(101.05135235671489)
43.6416 	EXP 	rot_line_precue: ori = np.float64(101.354257726864)
43.6502 	EXP 	rot_line_precue: ori = np.float64(101.93310816675628)
43.6584 	EXP 	rot_line_precue: ori = np.float64(102.36024059704349)
43.6665 	EXP 	rot_line_precue: ori = np.float64(102.70727571765309)
43.6752 	EXP 	rot_line_precue: ori = np.float64(103.20699722304886)
43.6836 	EXP 	rot_line_precue: ori = np.float64(103.7921251829164)
43.6923 	EXP 	rot_line_precue: ori = np.float64(104.18536693538816)
43.7005 	EXP 	rot_line_precue: ori = np.float64(104.56459502380072)
43.7090 	EXP 	rot_line_precue: ori = np.float64(104.94047493778261)
43.7172 	EXP 	rot_line_precue: ori = np.float64(105.53152917980935)
43.7253 	EXP 	rot_line_precue: ori = np.float64(105.86256753376173)
43.7343 	EXP 	rot_line_precue: ori = np.float64(106.16013725433224)
43.7418 	EXP 	rot_line_precue: ori = np.float64(106.4603195387481)
43.7503 	EXP 	rot_line_precue: ori = np.float64(106.77289267895694)
43.7586 	EXP 	rot_line_precue: ori = np.float64(107.13957265222187)
43.7668 	EXP 	rot_line_precue: ori = np.float64(107.51081019388864)
43.7750 	EXP 	rot_line_precue: ori = np.float64(107.85046165503289)
43.7835 	EXP 	rot_line_precue: ori = np.float64(108.35459594935915)
43.7917 	EXP 	rot_line_precue: ori = np.float64(108.66821820452734)
43.8006 	EXP 	rot_line_precue: ori = np.float64(109.03398931851763)
43.8084 	EXP 	rot_line_precue: ori = np.float64(109.48308373847051)
43.8175 	EXP 	rot_line_precue: ori = np.float64(109.81089015238828)
43.8250 	EXP 	rot_line_precue: ori = np.float64(110.30071419637324)
43.8335 	EXP 	rot_line_precue: ori = np.float64(110.613689458919)
43.8418 	EXP 	rot_line_precue: ori = np.float64(110.93151123579457)
43.8501 	EXP 	rot_line_precue: ori = np.float64(111.33055210759507)
43.8585 	EXP 	rot_line_precue: ori = np.float64(111.66214704999533)
43.8670 	EXP 	rot_line_precue: ori = np.float64(111.98332855965567)
43.8756 	EXP 	rot_line_precue: ori = np.float64(112.28852486228959)
43.8839 	EXP 	rot_line_precue: ori = np.float64(112.60914249751038)
43.8925 	EXP 	rot_line_precue: ori = np.float64(113.30501545280514)
43.9005 	EXP 	rot_line_precue: ori = np.float64(113.6425769275231)
43.9093 	EXP 	rot_line_precue: ori = np.float64(114.34888317479289)
43.9176 	EXP 	rot_line_precue: ori = np.float64(114.74488644997535)
43.9251 	EXP 	rot_line_precue: ori = np.float64(115.37198938248558)
43.9337 	EXP 	rot_line_precue: ori = np.float64(115.67745696657938)
43.9419 	EXP 	rot_line_precue: ori = np.float64(116.33225323054283)
43.9502 	EXP 	rot_line_precue: ori = np.float64(116.66516717756222)
43.9582 	EXP 	rot_line_precue: ori = np.float64(116.96291696239001)
43.9668 	EXP 	rot_line_precue: ori = np.float64(117.449112077262)
43.9751 	EXP 	rot_line_precue: ori = np.float64(117.85293703290077)
43.9834 	EXP 	rot_line_precue: ori = np.float64(118.24771185373304)
43.9918 	EXP 	rot_line_precue: ori = np.float64(118.55773777773129)
44.0001 	EXP 	rot_line_precue: ori = np.float64(118.95472462368798)
44.0084 	EXP 	rot_line_precue: ori = np.float64(119.447817388025)
44.0169 	EXP 	rot_line_precue: ori = np.float64(120.08367032785694)
44.0250 	EXP 	rot_line_precue: ori = np.float64(120.45976154478355)
44.0333 	EXP 	rot_line_precue: ori = np.float64(121.0426022196141)
44.0418 	EXP 	rot_line_precue: ori = np.float64(121.34575928932985)
44.0501 	EXP 	rot_line_precue: ori = np.float64(121.68202669101854)
44.0589 	EXP 	rot_line_precue: ori = np.float64(122.11510089873866)
44.0673 	EXP 	rot_line_precue: ori = np.float64(122.42739693587424)
44.0755 	EXP 	rot_line_precue: ori = np.float64(122.86122781022728)
44.0840 	EXP 	rot_line_precue: ori = np.float64(123.2580568020508)
44.0921 	EXP 	rot_line_precue: ori = np.float64(123.6415093058705)
44.1009 	EXP 	rot_line_precue: ori = np.float64(123.94079495476768)
44.1092 	EXP 	rot_line_precue: ori = np.float64(124.24306409848977)
44.1178 	EXP 	rot_line_precue: ori = np.float64(124.78405746931564)
44.1254 	EXP 	rot_line_precue: ori = np.float64(125.1028809242704)
44.1335 	EXP 	rot_line_precue: ori = np.float64(125.44075582093235)
44.1419 	EXP 	rot_line_precue: ori = np.float64(125.7635689895464)
44.1501 	EXP 	rot_line_precue: ori = np.float64(126.43141159654863)
44.1585 	EXP 	rot_line_precue: ori = np.float64(126.75185212841653)
44.1667 	EXP 	rot_line_precue: ori = np.float64(127.1059598129462)
44.1751 	EXP 	rot_line_precue: ori = np.float64(127.65075756785845)
44.1834 	EXP 	rot_line_precue: ori = np.float64(127.94974167338611)
44.1916 	EXP 	rot_line_precue: ori = np.float64(128.26364722055152)
44.2001 	EXP 	rot_line_precue: ori = np.float64(128.7806753458708)
44.2084 	EXP 	rot_line_precue: ori = np.float64(129.16608001796234)
44.2168 	EXP 	rot_line_precue: ori = np.float64(129.6017184151935)
44.2252 	EXP 	rot_line_precue: ori = np.float64(129.91392315227301)
44.2336 	EXP 	rot_line_precue: ori = np.float64(130.21086693596655)
44.2430 	EXP 	rot_line_precue: ori = np.float64(130.6072260534619)
44.2505 	EXP 	rot_line_precue: ori = np.float64(130.95262752271373)
44.2587 	EXP 	rot_line_precue: ori = np.float64(131.3045122706872)
44.2672 	EXP 	rot_line_precue: ori = np.float64(131.84882518106062)
44.2753 	EXP 	rot_line_precue: ori = np.float64(132.15975442401682)
44.2837 	EXP 	rot_line_precue: ori = np.float64(132.4712335460757)
44.2923 	EXP 	rot_line_precue: ori = np.float64(132.82714289434307)
44.3009 	EXP 	rot_line_precue: ori = np.float64(133.1548318367037)
44.3088 	EXP 	rot_line_precue: ori = np.float64(133.4935815916566)
44.3169 	EXP 	rot_line_precue: ori = np.float64(133.80564219186516)
44.3251 	EXP 	rot_line_precue: ori = np.float64(134.1216683435853)
44.3335 	EXP 	rot_line_precue: ori = np.float64(134.44252678429572)
44.3417 	EXP 	rot_line_precue: ori = np.float64(134.76736418860878)
44.3505 	EXP 	rot_line_precue: ori = np.float64(135.07852374879937)
44.3586 	EXP 	rot_line_precue: ori = np.float64(135.64738125326082)
44.3667 	EXP 	rot_line_precue: ori = np.float64(135.95007330071422)
44.3750 	EXP 	rot_line_precue: ori = np.float64(136.26470927543977)
44.3835 	EXP 	rot_line_precue: ori = np.float64(136.58855305255008)
44.3917 	EXP 	rot_line_precue: ori = np.float64(137.20312254573756)
44.4000 	EXP 	rot_line_precue: ori = np.float64(137.5006348524082)
44.4091 	EXP 	rot_line_precue: ori = np.float64(137.86217446760259)
44.4167 	EXP 	rot_line_precue: ori = np.float64(138.19606364848107)
44.4251 	EXP 	rot_line_precue: ori = np.float64(138.72355999869978)
44.4340 	EXP 	rot_line_precue: ori = np.float64(139.22167623182384)
44.4422 	EXP 	rot_line_precue: ori = np.float64(139.65302976364134)
44.4507 	EXP 	rot_line_precue: ori = np.float64(140.45794434896848)
44.4590 	EXP 	rot_line_precue: ori = np.float64(140.82171601933342)
44.4672 	EXP 	rot_line_precue: ori = np.float64(141.20961465613647)
44.4751 	EXP 	rot_line_precue: ori = np.float64(141.58565251333894)
44.4843 	EXP 	rot_line_precue: ori = np.float64(141.9805124912706)
44.4927 	EXP 	rot_line_precue: ori = np.float64(142.50126455487154)
44.5007 	EXP 	rot_line_precue: ori = np.float64(142.82722064089526)
44.5088 	EXP 	rot_line_precue: ori = np.float64(143.1951268404374)
44.5170 	EXP 	rot_line_precue: ori = np.float64(143.50068144943683)
44.5250 	EXP 	rot_line_precue: ori = np.float64(143.80658180902003)
44.5332 	EXP 	rot_line_precue: ori = np.float64(144.15674323975367)
44.5418 	EXP 	rot_line_precue: ori = np.float64(144.46538224278237)
44.5500 	EXP 	rot_line_precue: ori = np.float64(144.91832712362)
44.5584 	EXP 	rot_line_precue: ori = np.float64(145.2842811873212)
44.5668 	EXP 	rot_line_precue: ori = np.float64(145.7103802154689)
44.5751 	EXP 	rot_line_precue: ori = np.float64(146.18608470128467)
44.5834 	EXP 	rot_line_precue: ori = np.float64(146.5980529414038)
44.5920 	EXP 	rot_line_precue: ori = np.float64(147.1510739445243)
44.6001 	EXP 	rot_line_precue: ori = np.float64(147.52191644747938)
44.6084 	EXP 	rot_line_precue: ori = np.float64(147.926817748767)
44.6169 	EXP 	rot_line_precue: ori = np.float64(148.24444031147735)
44.6258 	EXP 	rot_line_precue: ori = np.float64(148.61229252870797)
44.6340 	EXP 	rot_line_precue: ori = np.float64(148.93168211371844)
44.6428 	EXP 	rot_line_precue: ori = np.float64(149.6759429842)
44.6504 	EXP 	rot_line_precue: ori = np.float64(150.10126214697266)
44.6591 	EXP 	rot_line_precue: ori = np.float64(150.41243969185402)
44.6671 	EXP 	rot_line_precue: ori = np.float64(150.73935479968372)
44.6758 	EXP 	rot_line_precue: ori = np.float64(151.04047316448913)
44.6842 	EXP 	rot_line_precue: ori = np.float64(151.34206547829356)
44.6929 	EXP 	rot_line_precue: ori = np.float64(152.01135698439987)
44.7009 	EXP 	rot_line_precue: ori = np.float64(152.34382502096682)
44.7086 	EXP 	rot_line_precue: ori = np.float64(152.77698996739338)
44.7167 	EXP 	rot_line_precue: ori = np.float64(153.07508182336034)
44.7252 	EXP 	rot_line_precue: ori = np.float64(153.57726358603577)
44.7343 	EXP 	rot_line_precue: ori = np.float64(154.05125980507725)
44.7424 	EXP 	rot_line_precue: ori = np.float64(154.44329836458525)
44.7502 	EXP 	rot_line_precue: ori = np.float64(155.0636738249777)
44.7585 	EXP 	rot_line_precue: ori = np.float64(155.40241424013752)
44.7668 	EXP 	rot_line_precue: ori = np.float64(155.76631713960293)
44.7758 	EXP 	rot_line_precue: ori = np.float64(156.07992604142737)
44.7835 	EXP 	rot_line_precue: ori = np.float64(156.4088799132453)
44.7917 	EXP 	rot_line_precue: ori = np.float64(156.97318629284783)
44.8002 	EXP 	rot_line_precue: ori = np.float64(157.27466849266872)
44.8085 	EXP 	rot_line_precue: ori = np.float64(157.6131191392512)
44.8173 	EXP 	rot_line_precue: ori = np.float64(158.24765458382552)
44.8183 	EXP 	New trial (rep=7, index=20): <Trial 20 (20 in rep 7) data={'pic_name': 'pics/feet.JPG', 'class_mi': 'feet', 'thisN': 20, 'thisTrialN': 20, 'thisRepN': 7}>
44.8256 	EXP 	hor_line_precue: autoDraw = False
44.8256 	EXP 	ver_line_precue: autoDraw = False
44.8256 	EXP 	rot_line_precue: autoDraw = False
44.8256 	EXP 	rot_line_precue: ori = np.float64(158.5922710113597)
44.8256 	EXP 	hor_line_precue: autoDraw = False
44.8256 	EXP 	ver_line_precue: autoDraw = False
44.8256 	EXP 	rot_line_precue: autoDraw = False
44.8256 	EXP 	hor_line_precue: autoDraw = True
44.8256 	EXP 	ver_line_precue: autoDraw = True
44.8256 	EXP 	rot_line_precue: autoDraw = True
44.8256 	EXP 	rot_line_precue: ori = np.float64(158.9637474109137)
44.8340 	EXP 	rot_line_precue: ori = np.float64(159.28482722522966)
44.8428 	EXP 	rot_line_precue: ori = np.float64(159.76333552022464)
44.8506 	EXP 	rot_line_precue: ori = np.float64(160.16993695013159)
44.8588 	EXP 	rot_line_precue: ori = np.float64(160.48048260692227)
44.8670 	EXP 	rot_line_precue: ori = np.float64(160.82388729158504)
44.8765 	EXP 	rot_line_precue: ori = np.float64(161.15428060257665)
44.8838 	EXP 	rot_line_precue: ori = np.float64(161.45788972062834)
44.8925 	EXP 	rot_line_precue: ori = np.float64(161.87256559658664)
44.9001 	EXP 	rot_line_precue: ori = np.float64(162.35108156263206)
44.9086 	EXP 	rot_line_precue: ori = np.float64(162.91977810799403)
44.9168 	EXP 	rot_line_precue: ori = np.float64(163.38694188255803)
44.9250 	EXP 	rot_line_precue: ori = np.float64(163.86828636457594)
44.9337 	EXP 	rot_line_precue: ori = np.float64(164.49535983030984)
44.9418 	EXP 	rot_line_precue: ori = np.float64(164.85671490157057)
44.9500 	EXP 	rot_line_precue: ori = np.float64(165.55298637089498)
44.9582 	EXP 	rot_line_precue: ori = np.float64(165.8720402854071)
44.9675 	EXP 	rot_line_precue: ori = np.float64(166.67294527980243)
44.9751 	EXP 	rot_line_precue: ori = np.float64(167.1196326603529)
44.9836 	EXP 	rot_line_precue: ori = np.float64(167.52173616940777)
44.9919 	EXP 	rot_line_precue: ori = np.float64(167.91449516028658)
45.0002 	EXP 	rot_line_precue: ori = np.float64(168.5361351774316)
45.0088 	EXP 	rot_line_precue: ori = np.float64(168.90750640550132)
45.0172 	EXP 	rot_line_precue: ori = np.float64(169.23502846973554)
45.0253 	EXP 	rot_line_precue: ori = np.float64(169.53269841924663)
45.0338 	EXP 	rot_line_precue: ori = np.float64(170.05225676624352)
45.0420 	EXP 	rot_line_precue: ori = np.float64(170.41656494843969)
45.0508 	EXP 	rot_line_precue: ori = np.float64(170.75559922011752)
45.0588 	EXP 	rot_line_precue: ori = np.float64(171.3436544656993)
45.0670 	EXP 	rot_line_precue: ori = np.float64(171.71084924569814)
45.0753 	EXP 	rot_line_precue: ori = np.float64(172.01437097986727)
45.0835 	EXP 	rot_line_precue: ori = np.float64(172.31658123627088)
45.0919 	EXP 	rot_line_precue: ori = np.float64(172.91763666759928)
45.1001 	EXP 	rot_line_precue: ori = np.float64(173.22188401788435)
45.1092 	EXP 	rot_line_precue: ori = np.float64(173.5337096179737)
45.1169 	EXP 	rot_line_precue: ori = np.float64(174.08488240800978)
45.1257 	EXP 	rot_line_precue: ori = np.float64(174.3896065148716)
45.1335 	EXP 	rot_line_precue: ori = np.float64(174.78949892532438)
45.1419 	EXP 	rot_line_precue: ori = np.float64(175.11843044086802)
45.1502 	EXP 	rot_line_precue: ori = np.float64(175.4524730967001)
45.1593 	EXP 	rot_line_precue: ori = np.float64(175.7794130434442)
45.1667 	EXP 	rot_line_precue: ori = np.float64(176.17189810739626)
45.1751 	EXP 	rot_line_precue: ori = np.float64(176.4700868374439)
45.1843 	EXP 	rot_line_precue: ori = np.float64(176.77506379641477)
45.1928 	EXP 	rot_line_precue: ori = np.float64(177.17608465392158)
45.2006 	EXP 	rot_line_precue: ori = np.float64(177.52196749123576)
45.2090 	EXP 	rot_line_precue: ori = np.float64(177.9235588263028)
45.2173 	EXP 	rot_line_precue: ori = np.float64(178.24270715095187)
45.2255 	EXP 	rot_line_precue: ori = np.float64(178.55267367247345)
45.2337 	EXP 	rot_line_precue: ori = np.float64(178.88437690067937)
45.2422 	EXP 	rot_line_precue: ori = np.float64(179.19610865095382)
45.2503 	EXP 	rot_line_precue: ori = np.float64(179.69257264981715)
45.2586 	EXP 	rot_line_precue: ori = np.float64(180.00573688432826)
45.2673 	EXP 	rot_line_precue: ori = np.float64(180.3892788722627)
45.2752 	EXP 	rot_line_precue: ori = np.float64(180.6899013991091)
45.2835 	EXP 	rot_line_precue: ori = np.float64(180.99304560205525)
45.2917 	EXP 	rot_line_precue: ori = np.float64(181.76634394461962)
45.3002 	EXP 	rot_line_precue: ori = np.float64(182.19797192185953)
45.3085 	EXP 	rot_line_precue: ori = np.float64(182.50036123141777)
45.3167 	EXP 	rot_line_precue: ori = np.float64(182.8517802614071)
45.3250 	EXP 	rot_line_precue: ori = np.float64(183.58126293313308)
45.3335 	EXP 	rot_line_precue: ori = np.float64(184.07051600707604)
45.3417 	EXP 	rot_line_precue: ori = np.float64(184.42851949712153)
45.3505 	EXP 	rot_line_precue: ori = np.float64(184.7239424255907)
45.3585 	EXP 	rot_line_precue: ori = np.float64(185.04659972517558)
45.3668 	EXP 	rot_line_precue: ori = np.float64(185.34664871116738)
45.3755 	EXP 	rot_line_precue: ori = np.float64(185.7019650410136)
45.3838 	EXP 	rot_line_precue: ori = np.float64(186.30444515292345)
45.3920 	EXP 	rot_line_precue: ori = np.float64(186.60705840895366)
45.4013 	EXP 	rot_line_precue: ori = np.float64(186.96645927705828)
45.4089 	EXP 	rot_line_precue: ori = np.float64(187.3936250083476)
45.4170 	EXP 	rot_line_precue: ori = np.float64(187.857817042947)
45.4254 	EXP 	rot_line_precue: ori = np.float64(188.24082228142436)
45.4343 	EXP 	rot_line_precue: ori = np.float64(188.65697986667118)
45.4425 	EXP 	rot_line_precue: ori = np.float64(189.06956851824512)
45.4503 	EXP 	rot_line_precue: ori = np.float64(189.3834614089469)
45.4587 	EXP 	rot_line_precue: ori = np.float64(189.71628349903446)
45.4669 	EXP 	rot_line_precue: ori = np.float64(190.07275091943154)
45.4751 	EXP 	rot_line_precue: ori = np.float64(190.39873797612387)
45.4836 	EXP 	rot_line_precue: ori = np.float64(190.6988801400543)
45.4918 	EXP 	rot_line_precue: ori = np.float64(191.27239013985044)
45.5002 	EXP 	rot_line_precue: ori = np.float64(191.637819574011)
45.5084 	EXP 	rot_line_precue: ori = np.float64(192.03866492073035)
45.5169 	EXP 	rot_line_precue: ori = np.float64(192.40405565562122)
45.5251 	EXP 	rot_line_precue: ori = np.float64(192.90132238005407)
45.5334 	EXP 	rot_line_precue: ori = np.float64(193.22704832115713)
45.5419 	EXP 	rot_line_precue: ori = np.float64(193.6475576351881)
45.5508 	EXP 	rot_line_precue: ori = np.float64(193.99106439283054)
45.5584 	EXP 	rot_line_precue: ori = np.float64(194.3837273577207)
45.5678 	EXP 	rot_line_precue: ori = np.float64(195.09045046816817)
45.5758 	EXP 	rot_line_precue: ori = np.float64(195.4732551492623)
45.5841 	EXP 	rot_line_precue: ori = np.float64(195.78239724106643)
45.5922 	EXP 	rot_line_precue: ori = np.float64(196.16122795789843)
45.6003 	EXP 	rot_line_precue: ori = np.float64(196.5642890983593)
45.6089 	EXP 	rot_line_precue: ori = np.float64(197.03433394263388)
45.6178 	EXP 	rot_line_precue: ori = np.float64(197.42332147036845)
45.6260 	EXP 	rot_line_precue: ori = np.float64(197.77608090037472)
45.6338 	EXP 	rot_line_precue: ori = np.float64(198.16608889252333)
45.6421 	EXP 	rot_line_precue: ori = np.float64(198.49444284905667)
45.6502 	EXP 	rot_line_precue: ori = np.float64(198.9293501949736)
45.6586 	EXP 	rot_line_precue: ori = np.float64(199.44308418610652)
45.6669 	EXP 	rot_line_precue: ori = np.float64(199.86870475370807)
45.6751 	EXP 	rot_line_precue: ori = np.float64(200.3816705769659)
45.6835 	EXP 	rot_line_precue: ori = np.float64(200.8104043474451)
45.6916 	EXP 	rot_line_precue: ori = np.float64(201.11461099164947)
45.7001 	EXP 	rot_line_precue: ori = np.float64(201.41874441250616)
45.7085 	EXP 	rot_line_precue: ori = np.float64(201.8220947071531)
45.7167 	EXP 	rot_line_precue: ori = np.float64(202.41233228843288)
45.7256 	EXP 	rot_line_precue: ori = np.float64(202.71809740517452)
45.7334 	EXP 	rot_line_precue: ori = np.float64(203.06656311880994)
45.7418 	EXP 	rot_line_precue: ori = np.float64(203.4281647527592)
45.7504 	EXP 	rot_line_precue: ori = np.float64(203.94009881238645)
45.7588 	EXP 	rot_line_precue: ori = np.float64(204.284288159618)
45.7673 	EXP 	rot_line_precue: ori = np.float64(204.60675904112318)
45.7757 	EXP 	rot_line_precue: ori = np.float64(205.03103333303986)
45.7838 	EXP 	rot_line_precue: ori = np.float64(205.34456310746174)
45.7922 	EXP 	rot_line_precue: ori = np.float64(205.6743381225014)
45.8006 	EXP 	rot_line_precue: ori = np.float64(206.07756869848413)
45.8087 	EXP 	rot_line_precue: ori = np.float64(206.4228645197464)
45.8173 	EXP 	rot_line_precue: ori = np.float64(206.79080710198608)
45.8254 	EXP 	rot_line_precue: ori = np.float64(207.3800902147616)
45.8335 	EXP 	rot_line_precue: ori = np.float64(207.7475881829681)
45.8418 	EXP 	rot_line_precue: ori = np.float64(208.15749458113177)
45.8499 	EXP 	rot_line_precue: ori = np.float64(208.6576538233811)
45.8585 	EXP 	rot_line_precue: ori = np.float64(209.060853243322)
45.8667 	EXP 	rot_line_precue: ori = np.float64(209.35654117707375)
45.8750 	EXP 	rot_line_precue: ori = np.float64(209.73084386892884)
45.8835 	EXP 	rot_line_precue: ori = np.float64(210.02875567678032)
45.8918 	EXP 	rot_line_precue: ori = np.float64(210.35879664989824)
45.9001 	EXP 	rot_line_precue: ori = np.float64(210.97808451144058)
45.9087 	EXP 	rot_line_precue: ori = np.float64(211.29542618157203)
45.9169 	EXP 	rot_line_precue: ori = np.float64(211.5954095223674)
45.9251 	EXP 	rot_line_precue: ori = np.float64(211.89112198613918)
45.9336 	EXP 	rot_line_precue: ori = np.float64(212.19014284144043)
45.9420 	EXP 	rot_line_precue: ori = np.float64(212.5323386791643)
45.9505 	EXP 	rot_line_precue: ori = np.float64(213.03121539314412)
45.9589 	EXP 	rot_line_precue: ori = np.float64(213.55829861038205)
45.9672 	EXP 	rot_line_precue: ori = np.float64(213.9892774143803)
45.9756 	EXP 	rot_line_precue: ori = np.float64(214.3319472633769)
45.9838 	EXP 	rot_line_precue: ori = np.float64(214.936599730787)
45.9927 	EXP 	rot_line_precue: ori = np.float64(215.34870634755566)
46.0006 	EXP 	rot_line_precue: ori = np.float64(215.75624041604777)
46.0094 	EXP 	rot_line_precue: ori = np.float64(216.0632371599317)
46.0170 	EXP 	rot_line_precue: ori = np.float64(216.3586028904892)
46.0251 	EXP 	rot_line_precue: ori = np.float64(216.80247364104886)
46.0335 	EXP 	rot_line_precue: ori = np.float64(217.0999027984976)
46.0418 	EXP 	rot_line_precue: ori = np.float64(217.43508997255645)
46.0501 	EXP 	rot_line_precue: ori = np.float64(217.74835660736912)
46.0584 	EXP 	rot_line_precue: ori = np.float64(218.0992197737652)
46.0669 	EXP 	rot_line_precue: ori = np.float64(218.41766423111204)
46.0751 	EXP 	rot_line_precue: ori = np.float64(218.71618355345282)
46.0834 	EXP 	rot_line_precue: ori = np.float64(219.01179251714012)
46.0918 	EXP 	rot_line_precue: ori = np.float64(219.41524493835422)
46.1000 	EXP 	rot_line_precue: ori = np.float64(219.8279474654788)
46.1089 	EXP 	rot_line_precue: ori = np.float64(220.37205882545658)
46.1169 	EXP 	rot_line_precue: ori = np.float64(220.67385568364105)
46.1253 	EXP 	rot_line_precue: ori = np.float64(221.0756990610183)
46.1340 	EXP 	rot_line_precue: ori = np.float64(221.3840385936549)
46.1424 	EXP 	rot_line_precue: ori = np.float64(221.68174037334916)
46.1504 	EXP 	rot_line_precue: ori = np.float64(222.04906232236195)
46.1589 	EXP 	rot_line_precue: ori = np.float64(222.34506867719935)
46.1671 	EXP 	rot_line_precue: ori = np.float64(222.79750300195738)
46.1768 	EXP 	rot_line_precue: ori = np.float64(223.13466636583888)
46.1840 	EXP 	rot_line_precue: ori = np.float64(223.44012691259323)
46.1921 	EXP 	rot_line_precue: ori = np.float64(223.90997191589398)
46.2002 	EXP 	rot_line_precue: ori = np.float64(224.2192405837108)
46.2084 	EXP 	rot_line_precue: ori = np.float64(224.5625700151478)
46.2166 	EXP 	rot_line_precue: ori = np.float64(224.88092039860067)
46.2252 	EXP 	rot_line_precue: ori = np.float64(225.19823095758048)
46.2334 	EXP 	rot_line_precue: ori = np.float64(225.5789333084462)
46.2424 	EXP 	rot_line_precue: ori = np.float64(225.9391775602387)
46.2502 	EXP 	rot_line_precue: ori = np.float64(226.35711568174085)
46.2585 	EXP 	rot_line_precue: ori = np.float64(226.6630199151082)
46.2667 	EXP 	rot_line_precue: ori = np.float64(226.9775301917031)
46.2752 	EXP 	rot_line_precue: ori = np.float64(227.31274447858573)
46.2835 	EXP 	rot_line_precue: ori = np.float64(227.70180332069125)
46.2917 	EXP 	rot_line_precue: ori = np.float64(228.108722372835)
46.3001 	EXP 	rot_line_precue: ori = np.float64(228.5783606211283)
46.3087 	EXP 	rot_line_precue: ori = np.float64(228.96568104796944)
46.3174 	EXP 	rot_line_precue: ori = np.float64(229.4481947086)
46.3256 	EXP 	rot_line_precue: ori = np.float64(229.7807913295318)
46.3338 	EXP 	rot_line_precue: ori = np.float64(230.55890558533255)
46.3426 	EXP 	rot_line_precue: ori = np.float64(230.9474829402833)
46.3505 	EXP 	rot_line_precue: ori = np.float64(231.24969000326965)
46.3586 	EXP 	rot_line_precue: ori = np.float64(231.5491280179051)
46.3673 	EXP 	rot_line_precue: ori = np.float64(231.91174850183793)
46.3754 	EXP 	rot_line_precue: ori = np.float64(232.28474160571162)
46.3838 	EXP 	rot_line_precue: ori = np.float64(232.7425092596916)
46.3925 	EXP 	rot_line_precue: ori = np.float64(233.11963931252203)
46.4004 	EXP 	rot_line_precue: ori = np.float64(233.46717037354625)
46.4086 	EXP 	rot_line_precue: ori = np.float64(233.8076103782586)
46.4168 	EXP 	rot_line_precue: ori = np.float64(234.45886037661091)
46.4251 	EXP 	rot_line_precue: ori = np.float64(234.7804142038694)
46.4336 	EXP 	rot_line_precue: ori = np.float64(235.55078303958382)
46.4418 	EXP 	rot_line_precue: ori = np.float64(235.95446694660376)
46.4504 	EXP 	rot_line_precue: ori = np.float64(236.27788142713928)
46.4586 	EXP 	rot_line_precue: ori = np.float64(236.5923751925087)
46.4667 	EXP 	rot_line_precue: ori = np.float64(236.96166560901395)
46.4751 	EXP 	rot_line_precue: ori = np.float64(237.31487418705532)
46.4836 	EXP 	rot_line_precue: ori = np.float64(237.66861410795116)
46.4919 	EXP 	rot_line_precue: ori = np.float64(238.15100801003624)
46.5005 	EXP 	rot_line_precue: ori = np.float64(238.56971087287664)
46.5089 	EXP 	rot_line_precue: ori = np.float64(238.8858904382602)
46.5171 	EXP 	rot_line_precue: ori = np.float64(239.19477748953798)
46.5256 	EXP 	rot_line_precue: ori = np.float64(239.62817188667927)
46.5345 	EXP 	rot_line_precue: ori = np.float64(239.95022295058382)
46.5420 	EXP 	rot_line_precue: ori = np.float64(240.5765533453319)
46.5501 	EXP 	rot_line_precue: ori = np.float64(240.98140509237953)
46.5587 	EXP 	rot_line_precue: ori = np.float64(241.36785476165127)
46.5670 	EXP 	rot_line_precue: ori = np.float64(241.9743025409157)
46.5752 	EXP 	rot_line_precue: ori = np.float64(242.5449079533469)
46.5835 	EXP 	rot_line_precue: ori = np.float64(242.86687723861186)
46.5920 	EXP 	rot_line_precue: ori = np.float64(243.34433832262968)
46.6001 	EXP 	rot_line_precue: ori = np.float64(243.7396908015113)
46.6085 	EXP 	rot_line_precue: ori = np.float64(244.2993679945486)
46.6169 	EXP 	rot_line_precue: ori = np.float64(244.82283689567853)
46.6251 	EXP 	rot_line_precue: ori = np.float64(245.22669979840344)
46.6335 	EXP 	rot_line_precue: ori = np.float64(245.6189376897382)
46.6419 	EXP 	rot_line_precue: ori = np.float64(245.92415488841766)
46.6500 	EXP 	rot_line_precue: ori = np.float64(246.46248235812996)
46.6591 	EXP 	rot_line_precue: ori = np.float64(246.922764870021)
46.6670 	EXP 	rot_line_precue: ori = np.float64(247.43417334396503)
46.6751 	EXP 	rot_line_precue: ori = np.float64(247.7432591668337)
46.6840 	EXP 	rot_line_precue: ori = np.float64(248.47074639597415)
46.6929 	EXP 	rot_line_precue: ori = np.float64(248.77350347903447)
46.7005 	EXP 	rot_line_precue: ori = np.float64(249.08057529369088)
46.7090 	EXP 	rot_line_precue: ori = np.float64(249.58874340251867)
46.7173 	EXP 	rot_line_precue: ori = np.float64(249.96122092725366)
46.7255 	EXP 	rot_line_precue: ori = np.float64(250.26308046795967)
46.7336 	EXP 	rot_line_precue: ori = np.float64(250.564517576727)
46.7428 	EXP 	rot_line_precue: ori = np.float64(250.95996723004637)
46.7505 	EXP 	rot_line_precue: ori = np.float64(251.42578220288345)
46.7587 	EXP 	rot_line_precue: ori = np.float64(251.81692636646162)
46.7671 	EXP 	rot_line_precue: ori = np.float64(252.12246660685153)
46.7751 	EXP 	rot_line_precue: ori = np.float64(252.47303348341967)
46.7835 	EXP 	rot_line_precue: ori = np.float64(252.95019584328767)
46.7916 	EXP 	rot_line_precue: ori = np.float64(253.27367609606696)
46.8002 	EXP 	rot_line_precue: ori = np.float64(253.86097652700687)
46.8090 	EXP 	rot_line_precue: ori = np.float64(254.49127570559733)
46.8097 	EXP 	New trial (rep=7, index=21): <Trial 21 (21 in rep 7) data={'pic_name': 'pics/none.JPG', 'class_mi': 'rest', 'thisN': 21, 'thisTrialN': 21, 'thisRepN': 7}>
46.8168 	EXP 	hor_line_precue: autoDraw = False
46.8168 	EXP 	ver_line_precue: autoDraw = False
46.8168 	EXP 	rot_line_precue: autoDraw = False
46.8168 	EXP 	rot_line_precue: ori = np.float64(255.07770618085516)
46.8168 	EXP 	hor_line_precue: autoDraw = False
46.8168 	EXP 	ver_line_precue: autoDraw = False
46.8168 	EXP 	rot_line_precue: autoDraw = False
46.8168 	EXP 	hor_line_precue: autoDraw = True
46.8168 	EXP 	ver_line_precue: autoDraw = True
46.8168 	EXP 	rot_line_precue: autoDraw = True
46.8168 	EXP 	rot_line_precue: ori = np.float64(255.66775299831048)
46.8252 	EXP 	rot_line_precue: ori = np.float64(256.22163473386115)
46.8343 	EXP 	rot_line_precue: ori = np.float64(256.5794756091925)
46.8417 	EXP 	rot_line_precue: ori = np.float64(257.0551231281431)
46.8503 	EXP 	rot_line_precue: ori = np.float64(257.36587931022035)
46.8585 	EXP 	rot_line_precue: ori = np.float64(257.7541856804045)
46.8674 	EXP 	rot_line_precue: ori = np.float64(258.3272288562967)
46.8760 	EXP 	rot_line_precue: ori = np.float64(258.758542481336)
46.8838 	EXP 	rot_line_precue: ori = np.float64(259.4182558459926)
46.8926 	EXP 	rot_line_precue: ori = np.float64(260.1213648800979)
46.9008 	EXP 	rot_line_precue: ori = np.float64(260.5196690752088)
46.9087 	EXP 	rot_line_precue: ori = np.float64(260.816111095884)
46.9169 	EXP 	rot_line_precue: ori = np.float64(261.2813331037131)
46.9261 	EXP 	rot_line_precue: ori = np.float64(261.59441221385373)
46.9344 	EXP 	rot_line_precue: ori = np.float64(261.9725156075069)
46.9418 	EXP 	rot_line_precue: ori = np.float64(262.32146027281436)
46.9504 	EXP 	rot_line_precue: ori = np.float64(262.6349010647426)
46.9586 	EXP 	rot_line_precue: ori = np.float64(263.30853104705386)
46.9670 	EXP 	rot_line_precue: ori = np.float64(263.67149824256563)
46.9752 	EXP 	rot_line_precue: ori = np.float64(264.0568551588749)
46.9845 	EXP 	rot_line_precue: ori = np.float64(264.4064007453184)
46.9919 	EXP 	rot_line_precue: ori = np.float64(264.89503110808704)
47.0001 	EXP 	rot_line_precue: ori = np.float64(265.1908987947364)
47.0087 	EXP 	rot_line_precue: ori = np.float64(265.52953787365675)
47.0168 	EXP 	rot_line_precue: ori = np.float64(265.8642349817837)
47.0252 	EXP 	rot_line_precue: ori = np.float64(266.48927961151503)
47.0337 	EXP 	rot_line_precue: ori = np.float64(266.8209783048766)
47.0418 	EXP 	rot_line_precue: ori = np.float64(267.1225897103707)
47.0501 	EXP 	rot_line_precue: ori = np.float64(267.50468632225983)
47.0583 	EXP 	rot_line_precue: ori = np.float64(267.89549959517376)
47.0671 	EXP 	rot_line_precue: ori = np.float64(268.5730980193443)
47.0758 	EXP 	rot_line_precue: ori = np.float64(268.8689418098894)
47.0840 	EXP 	rot_line_precue: ori = np.float64(269.3211814101045)
47.0922 	EXP 	rot_line_precue: ori = np.float64(269.68379422285693)
47.1008 	EXP 	rot_line_precue: ori = np.float64(270.1372342595766)
47.1089 	EXP 	rot_line_precue: ori = np.float64(270.73023539308326)
47.1171 	EXP 	rot_line_precue: ori = np.float64(271.0282885373281)
47.1253 	EXP 	rot_line_precue: ori = np.float64(271.5044783457624)
47.1338 	EXP 	rot_line_precue: ori = np.float64(271.8555894284684)
47.1420 	EXP 	rot_line_precue: ori = np.float64(272.2450286815613)
47.1502 	EXP 	rot_line_precue: ori = np.float64(272.57734166854107)
47.1584 	EXP 	rot_line_precue: ori = np.float64(273.03644733667585)
47.1669 	EXP 	rot_line_precue: ori = np.float64(273.3345291975148)
47.1751 	EXP 	rot_line_precue: ori = np.float64(273.69306739679064)
47.1834 	EXP 	rot_line_precue: ori = np.float64(273.9901290050245)
47.1917 	EXP 	rot_line_precue: ori = np.float64(274.37932340145716)
47.2002 	EXP 	rot_line_precue: ori = np.float64(274.74129576867523)
47.2085 	EXP 	rot_line_precue: ori = np.float64(275.0538274919031)
47.2169 	EXP 	rot_line_precue: ori = np.float64(275.3513349159692)
47.2251 	EXP 	rot_line_precue: ori = np.float64(275.6494216333457)
47.2335 	EXP 	rot_line_precue: ori = np.float64(275.96626376349434)
47.2418 	EXP 	rot_line_precue: ori = np.float64(276.2920307145889)
47.2509 	EXP 	rot_line_precue: ori = np.float64(276.627984719346)
47.2587 	EXP 	rot_line_precue: ori = np.float64(277.0267910007451)
47.2673 	EXP 	rot_line_precue: ori = np.float64(277.54455905580625)
47.2756 	EXP 	rot_line_precue: ori = np.float64(278.308435059683)
47.2840 	EXP 	rot_line_precue: ori = np.float64(278.74341343021376)
47.2922 	EXP 	rot_line_precue: ori = np.float64(279.1258259723673)
47.3002 	EXP 	rot_line_precue: ori = np.float64(279.43851861122954)
47.3092 	EXP 	rot_line_precue: ori = np.float64(279.73696995600454)
47.3172 	EXP 	rot_line_precue: ori = np.float64(280.0366160692072)
47.3260 	EXP 	rot_line_precue: ori = np.float64(280.3561595788535)
47.3337 	EXP 	rot_line_precue: ori = np.float64(280.6829647189182)
47.3419 	EXP 	rot_line_precue: ori = np.float64(281.03139509647804)
47.3503 	EXP 	rot_line_precue: ori = np.float64(281.3509699474397)
47.3589 	EXP 	rot_line_precue: ori = np.float64(282.00151833941226)
47.3674 	EXP 	rot_line_precue: ori = np.float64(282.33776314916696)
47.3760 	EXP 	rot_line_precue: ori = np.float64(282.79780803318044)
47.3837 	EXP 	rot_line_precue: ori = np.float64(283.10755580135304)
47.3918 	EXP 	rot_line_precue: ori = np.float64(283.4620346294756)
47.4007 	EXP 	rot_line_precue: ori = np.float64(283.811128715443)
47.4086 	EXP 	rot_line_precue: ori = np.float64(284.1178805830992)
47.4169 	EXP 	rot_line_precue: ori = np.float64(284.6136028167008)
47.4251 	EXP 	rot_line_precue: ori = np.float64(285.32807792511346)
47.4336 	EXP 	rot_line_precue: ori = np.float64(285.7997438193786)
47.4424 	EXP 	rot_line_precue: ori = np.float64(286.4557842278721)
47.4512 	EXP 	rot_line_precue: ori = np.float64(286.7965524048389)
47.4589 	EXP 	rot_line_precue: ori = np.float64(287.2393140578397)
47.4676 	EXP 	rot_line_precue: ori = np.float64(287.6953521575354)
47.4764 	EXP 	rot_line_precue: ori = np.float64(288.08094098499987)
47.4842 	EXP 	rot_line_precue: ori = np.float64(288.6821293061541)
47.4925 	EXP 	rot_line_precue: ori = np.float64(288.994526010758)
47.5008 	EXP 	rot_line_precue: ori = np.float64(289.3332235941728)
47.5090 	EXP 	rot_line_precue: ori = np.float64(289.6342466626386)
47.5173 	EXP 	rot_line_precue: ori = np.float64(290.0083221908998)
47.5264 	EXP 	rot_line_precue: ori = np.float64(290.3200224484494)
47.5347 	EXP 	rot_line_precue: ori = np.float64(290.9238852577319)
47.5423 	EXP 	rot_line_precue: ori = np.float64(291.3005555801213)
47.5501 	EXP 	rot_line_precue: ori = np.float64(291.6567741431034)
47.5588 	EXP 	rot_line_precue: ori = np.float64(292.14598242489274)
47.5669 	EXP 	rot_line_precue: ori = np.float64(292.4697229784651)
47.5751 	EXP 	rot_line_precue: ori = np.float64(292.8171766000618)
47.5834 	EXP 	rot_line_precue: ori = np.float64(293.11684235487974)
47.5919 	EXP 	rot_line_precue: ori = np.float64(293.47268037717953)
47.6002 	EXP 	rot_line_precue: ori = np.float64(293.81190404642473)
47.6083 	EXP 	rot_line_precue: ori = np.float64(294.1149267422834)
47.6169 	EXP 	rot_line_precue: ori = np.float64(294.4277725912221)
47.6252 	EXP 	rot_line_precue: ori = np.float64(294.73347722662584)
47.6339 	EXP 	rot_line_precue: ori = np.float64(295.26070483556236)
47.6421 	EXP 	rot_line_precue: ori = np.float64(295.76944288897425)
47.6503 	EXP 	rot_line_precue: ori = np.float64(296.0986821892956)
47.6589 	EXP 	rot_line_precue: ori = np.float64(296.5274318822958)
47.6679 	EXP 	rot_line_precue: ori = np.float64(296.9958734839418)
47.6760 	EXP 	rot_line_precue: ori = np.float64(297.6138207538581)
47.6847 	EXP 	rot_line_precue: ori = np.float64(298.286229487457)
47.6923 	EXP 	rot_line_precue: ori = np.float64(298.65290278725223)
47.7004 	EXP 	rot_line_precue: ori = np.float64(299.01604894626865)
47.7089 	EXP 	rot_line_precue: ori = np.float64(299.38663294869815)
47.7170 	EXP 	rot_line_precue: ori = np.float64(299.73680124515164)
47.7261 	EXP 	rot_line_precue: ori = np.float64(300.2476935943986)
47.7340 	EXP 	rot_line_precue: ori = np.float64(300.5519712266405)
47.7421 	EXP 	rot_line_precue: ori = np.float64(300.91438342868054)
47.7503 	EXP 	rot_line_precue: ori = np.float64(301.3282832574773)
47.7585 	EXP 	rot_line_precue: ori = np.float64(301.73532222115614)
47.7668 	EXP 	rot_line_precue: ori = np.float64(302.06491812233645)
47.7752 	EXP 	rot_line_precue: ori = np.float64(302.62805205408563)
47.7836 	EXP 	rot_line_precue: ori = np.float64(303.1683694283971)
47.7918 	EXP 	rot_line_precue: ori = np.float64(303.4744553796764)
47.8002 	EXP 	rot_line_precue: ori = np.float64(303.8096749495664)
47.8085 	EXP 	rot_line_precue: ori = np.float64(304.1121341082967)
47.8168 	EXP 	rot_line_precue: ori = np.float64(304.4845924106731)
47.8252 	EXP 	rot_line_precue: ori = np.float64(304.9034608245456)
47.8335 	EXP 	rot_line_precue: ori = np.float64(305.1997740858174)
47.8417 	EXP 	rot_line_precue: ori = np.float64(305.4955717099601)
47.8511 	EXP 	rot_line_precue: ori = np.float64(305.8850417476908)
47.8589 	EXP 	rot_line_precue: ori = np.float64(306.22341935303706)
47.8674 	EXP 	rot_line_precue: ori = np.float64(306.6488630403486)
47.8757 	EXP 	rot_line_precue: ori = np.float64(307.24738630010114)
47.8838 	EXP 	rot_line_precue: ori = np.float64(307.9372294041982)
47.8924 	EXP 	rot_line_precue: ori = np.float64(308.6108563024873)
47.9004 	EXP 	rot_line_precue: ori = np.float64(308.9084997654267)
47.9088 	EXP 	rot_line_precue: ori = np.float64(309.4281211217341)
47.9175 	EXP 	rot_line_precue: ori = np.float64(309.8289803273603)
47.9261 	EXP 	rot_line_precue: ori = np.float64(310.16274821889624)
47.9336 	EXP 	rot_line_precue: ori = np.float64(310.58126426131884)
47.9418 	EXP 	rot_line_precue: ori = np.float64(311.0423283745703)
47.9501 	EXP 	rot_line_precue: ori = np.float64(311.4237271898992)
47.9586 	EXP 	rot_line_precue: ori = np.float64(311.9043892543389)
47.9667 	EXP 	rot_line_precue: ori = np.float64(312.22658668096403)
47.9751 	EXP 	rot_line_precue: ori = np.float64(312.88007889690726)
47.9835 	EXP 	rot_line_precue: ori = np.float64(313.2018646619955)
47.9919 	EXP 	rot_line_precue: ori = np.float64(313.7137328439658)
48.0002 	EXP 	rot_line_precue: ori = np.float64(314.02227474911933)
48.0086 	EXP 	rot_line_precue: ori = np.float64(314.4295303657196)
48.0168 	EXP 	rot_line_precue: ori = np.float64(315.0493199863891)
48.0251 	EXP 	rot_line_precue: ori = np.float64(315.70443566448745)
48.0337 	EXP 	rot_line_precue: ori = np.float64(316.0025548340465)
48.0421 	EXP 	rot_line_precue: ori = np.float64(316.304295575992)
48.0517 	EXP 	rot_line_precue: ori = np.float64(316.73945424174013)
48.0600 	EXP 	rot_line_precue: ori = np.float64(317.10316829892423)
48.0691 	EXP 	rot_line_precue: ori = np.float64(317.4645741901103)
48.0790 	EXP 	rot_line_precue: ori = np.float64(317.77085243189583)
48.0909 	EXP 	rot_line_precue: ori = np.float64(318.211839987474)
48.1002 	EXP 	rot_line_precue: ori = np.float64(318.6910101263712)
48.1067 	EXP 	rot_line_precue: ori = np.float64(318.98692435228463)
48.1110 	EXP 	rot_line_precue: ori = np.float64(319.60415241370976)
48.1175 	EXP 	rot_line_precue: ori = np.float64(320.0433859222112)
48.1259 	EXP 	rot_line_precue: ori = np.float64(320.4816263264363)
48.1346 	EXP 	rot_line_precue: ori = np.float64(321.02374484502906)
48.1420 	EXP 	rot_line_precue: ori = np.float64(321.3196812447324)
48.1502 	EXP 	rot_line_precue: ori = np.float64(321.6458099915409)
48.1588 	EXP 	rot_line_precue: ori = np.float64(321.94438141801606)
48.1670 	EXP 	rot_line_precue: ori = np.float64(322.40312198487567)
48.1752 	EXP 	rot_line_precue: ori = np.float64(322.6987756197328)
48.1835 	EXP 	rot_line_precue: ori = np.float64(323.0170668062779)
48.1919 	EXP 	rot_line_precue: ori = np.float64(323.33216942888714)
48.2002 	EXP 	rot_line_precue: ori = np.float64(323.78482606389696)
48.2085 	EXP 	rot_line_precue: ori = np.float64(324.2113497246241)
48.2170 	EXP 	rot_line_precue: ori = np.float64(324.6076358250977)
48.2259 	EXP 	rot_line_precue: ori = np.float64(325.0199816213313)
48.2340 	EXP 	rot_line_precue: ori = np.float64(325.355237075973)
48.2423 	EXP 	rot_line_precue: ori = np.float64(325.697831218604)
48.2507 	EXP 	rot_line_precue: ori = np.float64(326.00781790059983)
48.2593 	EXP 	rot_line_precue: ori = np.float64(326.3237230131191)
48.2674 	EXP 	rot_line_precue: ori = np.float64(326.6605653685112)
48.2755 	EXP 	rot_line_precue: ori = np.float64(327.1837255217258)
48.2842 	EXP 	rot_line_precue: ori = np.float64(327.4799713121876)
48.2930 	EXP 	rot_line_precue: ori = np.float64(327.79659413061285)
48.3021 	EXP 	rot_line_precue: ori = np.float64(328.2729059312453)
48.3099 	EXP 	rot_line_precue: ori = np.float64(328.6596524732748)
48.3180 	EXP 	rot_line_precue: ori = np.float64(329.12336659285546)
48.3260 	EXP 	rot_line_precue: ori = np.float64(329.4308407215657)
48.3342 	EXP 	rot_line_precue: ori = np.float64(329.8453829324457)
48.3426 	EXP 	rot_line_precue: ori = np.float64(330.3051755130572)
48.3505 	EXP 	rot_line_precue: ori = np.float64(330.6395204582932)
48.3586 	EXP 	rot_line_precue: ori = np.float64(330.97661918045424)
48.3673 	EXP 	rot_line_precue: ori = np.float64(331.30514127994803)
48.3760 	EXP 	rot_line_precue: ori = np.float64(332.03795776680073)
48.3836 	EXP 	rot_line_precue: ori = np.float64(332.80076769632177)
48.3922 	EXP 	rot_line_precue: ori = np.float64(333.17724020286045)
48.4010 	EXP 	rot_line_precue: ori = np.float64(333.75069309632187)
48.4087 	EXP 	rot_line_precue: ori = np.float64(334.07053219954383)
48.4177 	EXP 	rot_line_precue: ori = np.float64(334.40270813296416)
48.4259 	EXP 	rot_line_precue: ori = np.float64(334.7265666445529)
48.4352 	EXP 	rot_line_precue: ori = np.float64(335.34134571661497)
48.4429 	EXP 	rot_line_precue: ori = np.float64(335.8890336416733)
48.4513 	EXP 	rot_line_precue: ori = np.float64(336.22333201174314)
48.4602 	EXP 	rot_line_precue: ori = np.float64(336.51928100043654)
48.4674 	EXP 	rot_line_precue: ori = np.float64(336.83396828104276)
48.4758 	EXP 	rot_line_precue: ori = np.float64(337.4118275199662)
48.4845 	EXP 	rot_line_precue: ori = np.float64(337.80079958467206)
48.4925 	EXP 	rot_line_precue: ori = np.float64(338.35989921239724)
48.5012 	EXP 	rot_line_precue: ori = np.float64(338.6999523655988)
48.5088 	EXP 	rot_line_precue: ori = np.float64(339.11261189627857)
48.5169 	EXP 	rot_line_precue: ori = np.float64(339.54823567627295)
48.5251 	EXP 	rot_line_precue: ori = np.float64(340.08033147190366)
48.5336 	EXP 	rot_line_precue: ori = np.float64(340.3930006049739)
48.5420 	EXP 	rot_line_precue: ori = np.float64(340.77806992640717)
48.5501 	EXP 	rot_line_precue: ori = np.float64(341.15361584093665)
48.5587 	EXP 	rot_line_precue: ori = np.float64(341.76507942157434)
48.5669 	EXP 	rot_line_precue: ori = np.float64(342.0782198897091)
48.5752 	EXP 	rot_line_precue: ori = np.float64(342.58194253533327)
48.5837 	EXP 	rot_line_precue: ori = np.float64(342.9454975304549)
48.5920 	EXP 	rot_line_precue: ori = np.float64(343.2638694709504)
48.6002 	EXP 	rot_line_precue: ori = np.float64(343.59781419357387)
48.6089 	EXP 	rot_line_precue: ori = np.float64(343.9033333586827)
48.6172 	EXP 	rot_line_precue: ori = np.float64(344.39056528811705)
48.6258 	EXP 	rot_line_precue: ori = np.float64(344.7236598383119)
48.6341 	EXP 	rot_line_precue: ori = np.float64(345.26452089067936)
48.6422 	EXP 	rot_line_precue: ori = np.float64(345.8698500431762)
48.6508 	EXP 	rot_line_precue: ori = np.float64(346.34192168726906)
48.6596 	EXP 	rot_line_precue: ori = np.float64(346.85085469472904)
48.6677 	EXP 	rot_line_precue: ori = np.float64(347.2616855679399)
48.6759 	EXP 	rot_line_precue: ori = np.float64(347.937166581997)
48.6838 	EXP 	rot_line_precue: ori = np.float64(348.24205114976996)
48.6920 	EXP 	rot_line_precue: ori = np.float64(348.61829734867274)
48.7001 	EXP 	rot_line_precue: ori = np.float64(349.16075442855845)
48.7085 	EXP 	rot_line_precue: ori = np.float64(349.4747937133261)
48.7175 	EXP 	rot_line_precue: ori = np.float64(350.00173446996445)
48.7253 	EXP 	rot_line_precue: ori = np.float64(350.40372952079133)
48.7345 	EXP 	rot_line_precue: ori = np.float64(350.7402734349665)
48.7418 	EXP 	rot_line_precue: ori = np.float64(351.0607877987285)
48.7501 	EXP 	rot_line_precue: ori = np.float64(351.64547522920526)
48.7584 	EXP 	rot_line_precue: ori = np.float64(352.15097618278236)
48.7669 	EXP 	rot_line_precue: ori = np.float64(352.5433814299858)
48.7759 	EXP 	rot_line_precue: ori = np.float64(353.2075634112899)
48.7841 	EXP 	rot_line_precue: ori = np.float64(353.5646252159216)
48.7930 	EXP 	rot_line_precue: ori = np.float64(353.87359786977163)
48.8004 	EXP 	rot_line_precue: ori = np.float64(354.2281928889184)
48.8015 	EXP 	New trial (rep=8, index=22): <Trial 22 (22 in rep 8) data={'pic_name': 'pics/none.JPG', 'class_mi': 'rest', 'thisN': 22, 'thisTrialN': 22, 'thisRepN': 8}>
48.8092 	EXP 	hor_line_precue: autoDraw = False
48.8092 	EXP 	ver_line_precue: autoDraw = False
48.8092 	EXP 	rot_line_precue: autoDraw = False
48.8092 	EXP 	rot_line_precue: ori = np.float64(354.569825710872)
48.8092 	EXP 	hor_line_precue: autoDraw = False
48.8092 	EXP 	ver_line_precue: autoDraw = False
48.8092 	EXP 	rot_line_precue: autoDraw = False
48.8092 	EXP 	hor_line_precue: autoDraw = True
48.8092 	EXP 	ver_line_precue: autoDraw = True
48.8092 	EXP 	rot_line_precue: autoDraw = True
48.8092 	EXP 	rot_line_precue: ori = np.float64(354.9870755096769)
48.8173 	EXP 	rot_line_precue: ori = np.float64(355.54854861066326)
48.8256 	EXP 	rot_line_precue: ori = np.float64(355.8754944958531)
48.8336 	EXP 	rot_line_precue: ori = np.float64(356.52787951766044)
48.8422 	EXP 	rot_line_precue: ori = np.float64(356.83071744992276)
48.8504 	EXP 	rot_line_precue: ori = np.float64(357.2358994389423)
48.8586 	EXP 	rot_line_precue: ori = np.float64(357.6030284750723)
48.8671 	EXP 	rot_line_precue: ori = np.float64(357.9255277274101)
48.8753 	EXP 	rot_line_precue: ori = np.float64(358.38495348468075)
48.8835 	EXP 	rot_line_precue: ori = np.float64(358.69130164357745)
48.8917 	EXP 	rot_line_precue: ori = np.float64(359.01394323981873)
48.9002 	EXP 	rot_line_precue: ori = np.float64(359.3314548927501)
48.9085 	EXP 	rot_line_precue: ori = np.float64(359.65761334776573)
48.9168 	EXP 	rot_line_precue: ori = np.float64(0.00724957815111793)
48.9252 	EXP 	rot_line_precue: ori = np.float64(0.4714117701847418)
48.9335 	EXP 	rot_line_precue: ori = np.float64(0.7685149394905597)
48.9418 	EXP 	rot_line_precue: ori = np.float64(1.1208713554622194)
48.9503 	EXP 	rot_line_precue: ori = np.float64(1.4380621109852043)
48.9585 	EXP 	rot_line_precue: ori = np.float64(1.8628069296601177)
48.9673 	EXP 	rot_line_precue: ori = np.float64(2.2218538290481984)
48.9759 	EXP 	rot_line_precue: ori = np.float64(2.5205353553170102)
48.9839 	EXP 	rot_line_precue: ori = np.float64(2.8229129267252064)
48.9926 	EXP 	rot_line_precue: ori = np.float64(3.1241971925797394)
49.0013 	EXP 	rot_line_precue: ori = np.float64(3.5278254064215524)
49.0088 	EXP 	rot_line_precue: ori = np.float64(3.927458979348617)
49.0175 	EXP 	rot_line_precue: ori = np.float64(4.56559900022198)
49.0254 	EXP 	rot_line_precue: ori = np.float64(4.943467772072758)
49.0343 	EXP 	rot_line_precue: ori = np.float64(5.319100016522709)
49.0420 	EXP 	rot_line_precue: ori = np.float64(5.655420208691053)
49.0505 	EXP 	rot_line_precue: ori = np.float64(6.005645270643033)
49.0587 	EXP 	rot_line_precue: ori = np.float64(6.478178772812391)
49.0669 	EXP 	rot_line_precue: ori = np.float64(6.921178671250376)
49.0752 	EXP 	rot_line_precue: ori = np.float64(7.4292957146583625)
49.0837 	EXP 	rot_line_precue: ori = np.float64(7.728590960335125)
49.0919 	EXP 	rot_line_precue: ori = np.float64(8.13113701905454)
49.1007 	EXP 	rot_line_precue: ori = np.float64(8.5146237883094)
49.1089 	EXP 	rot_line_precue: ori = np.float64(8.817198478395902)
49.1171 	EXP 	rot_line_precue: ori = np.float64(9.124957648838958)
49.1256 	EXP 	rot_line_precue: ori = np.float64(9.42769759565446)
49.1345 	EXP 	rot_line_precue: ori = np.float64(9.755864648005034)
49.1425 	EXP 	rot_line_precue: ori = np.float64(10.070900201877492)
49.1502 	EXP 	rot_line_precue: ori = np.float64(10.750440688957031)
49.1595 	EXP 	rot_line_precue: ori = np.float64(11.27383299922854)
49.1680 	EXP 	rot_line_precue: ori = np.float64(11.662756862450689)
49.1758 	EXP 	rot_line_precue: ori = np.float64(12.04623679173357)
49.1842 	EXP 	rot_line_precue: ori = np.float64(12.34390995405328)
49.1924 	EXP 	rot_line_precue: ori = np.float64(12.69022601934223)
49.2009 	EXP 	rot_line_precue: ori = np.float64(13.099233083114546)
49.2090 	EXP 	rot_line_precue: ori = np.float64(13.405587529169114)
49.2175 	EXP 	rot_line_precue: ori = np.float64(13.825668511396412)
49.2253 	EXP 	rot_line_precue: ori = np.float64(14.157556103766495)
49.2339 	EXP 	rot_line_precue: ori = np.float64(14.705796095086331)
49.2420 	EXP 	rot_line_precue: ori = np.float64(15.025943504896505)
49.2502 	EXP 	rot_line_precue: ori = np.float64(15.358977677725548)
49.2585 	EXP 	rot_line_precue: ori = np.float64(16.07377536390641)
49.2669 	EXP 	rot_line_precue: ori = np.float64(16.38082463475923)
49.2751 	EXP 	rot_line_precue: ori = np.float64(16.772940203378557)
49.2834 	EXP 	rot_line_precue: ori = np.float64(17.383609604213156)
49.2920 	EXP 	rot_line_precue: ori = np.float64(17.72608297146411)
49.3001 	EXP 	rot_line_precue: ori = np.float64(18.057974117557173)
49.3085 	EXP 	rot_line_precue: ori = np.float64(18.573365351582158)
49.3170 	EXP 	rot_line_precue: ori = np.float64(19.086106834935183)
49.3252 	EXP 	rot_line_precue: ori = np.float64(19.384888829314278)
49.3335 	EXP 	rot_line_precue: ori = np.float64(19.69732655229179)
49.3422 	EXP 	rot_line_precue: ori = np.float64(19.992839014740806)
49.3509 	EXP 	rot_line_precue: ori = np.float64(20.29212565298901)
49.3593 	EXP 	rot_line_precue: ori = np.float64(20.630726622373384)
49.3675 	EXP 	rot_line_precue: ori = np.float64(20.98831519789932)
49.3756 	EXP 	rot_line_precue: ori = np.float64(21.310761037855805)
49.3837 	EXP 	rot_line_precue: ori = np.float64(21.62695831419635)
49.3921 	EXP 	rot_line_precue: ori = np.float64(21.989301930355676)
49.4005 	EXP 	rot_line_precue: ori = np.float64(22.520697020465356)
49.4088 	EXP 	rot_line_precue: ori = np.float64(22.83473795876715)
49.4172 	EXP 	rot_line_precue: ori = np.float64(23.26900724852295)
49.4253 	EXP 	rot_line_precue: ori = np.float64(23.68214474332379)
49.4337 	EXP 	rot_line_precue: ori = np.float64(23.97784783792727)
49.4419 	EXP 	rot_line_precue: ori = np.float64(24.361263087855942)
49.4503 	EXP 	rot_line_precue: ori = np.float64(24.6897976937702)
49.4586 	EXP 	rot_line_precue: ori = np.float64(25.062524065916048)
49.4668 	EXP 	rot_line_precue: ori = np.float64(25.39445262221908)
49.4754 	EXP 	rot_line_precue: ori = np.float64(25.72585500864016)
49.4836 	EXP 	rot_line_precue: ori = np.float64(26.024555187877652)
49.4918 	EXP 	rot_line_precue: ori = np.float64(26.38512148574261)
49.5010 	EXP 	rot_line_precue: ori = np.float64(26.696759073692274)
49.5086 	EXP 	rot_line_precue: ori = np.float64(27.010993450033208)
49.5169 	EXP 	rot_line_precue: ori = np.float64(27.330080500696766)
49.5250 	EXP 	rot_line_precue: ori = np.float64(27.643823733496742)
49.5339 	EXP 	rot_line_precue: ori = np.float64(28.23129715107796)
49.5425 	EXP 	rot_line_precue: ori = np.float64(28.71080658943263)
49.5507 	EXP 	rot_line_precue: ori = np.float64(29.048506162325978)
49.5590 	EXP 	rot_line_precue: ori = np.float64(29.350455979636017)
49.5670 	EXP 	rot_line_precue: ori = np.float64(29.720733841798445)
49.5755 	EXP 	rot_line_precue: ori = np.float64(30.066919096641477)
49.5843 	EXP 	rot_line_precue: ori = np.float64(30.454816855057157)
49.5928 	EXP 	rot_line_precue: ori = np.float64(30.80914766144977)
49.6006 	EXP 	rot_line_precue: ori = np.float64(31.413772700337717)
49.6088 	EXP 	rot_line_precue: ori = np.float64(31.94172732918647)
49.6169 	EXP 	rot_line_precue: ori = np.float64(32.24755470247397)
49.6251 	EXP 	rot_line_precue: ori = np.float64(32.821463948087185)
49.6337 	EXP 	rot_line_precue: ori = np.float64(33.128735557532295)
49.6419 	EXP 	rot_line_precue: ori = np.float64(33.43694023200184)
49.6502 	EXP 	rot_line_precue: ori = np.float64(34.081436953604495)
49.6584 	EXP 	rot_line_precue: ori = np.float64(34.557848369852614)
49.6668 	EXP 	rot_line_precue: ori = np.float64(34.98032501014744)
49.6750 	EXP 	rot_line_precue: ori = np.float64(35.400658543492106)
49.6834 	EXP 	rot_line_precue: ori = np.float64(35.71023108270842)
49.6919 	EXP 	rot_line_precue: ori = np.float64(36.11133004335365)
49.7002 	EXP 	rot_line_precue: ori = np.float64(36.434658612206654)
49.7084 	EXP 	rot_line_precue: ori = np.float64(36.75676798534026)
49.7174 	EXP 	rot_line_precue: ori = np.float64(37.268564767793876)
49.7263 	EXP 	rot_line_precue: ori = np.float64(37.594694752711604)
49.7341 	EXP 	rot_line_precue: ori = np.float64(37.90365409040239)
49.7423 	EXP 	rot_line_precue: ori = np.float64(38.670914301031196)
49.7508 	EXP 	rot_line_precue: ori = np.float64(39.072640173283)
49.7592 	EXP 	rot_line_precue: ori = np.float64(39.507595265240916)
49.7673 	EXP 	rot_line_precue: ori = np.float64(39.80955743054284)
49.7761 	EXP 	rot_line_precue: ori = np.float64(40.107481347595495)
49.7838 	EXP 	rot_line_precue: ori = np.float64(40.577216794247015)
49.7923 	EXP 	rot_line_precue: ori = np.float64(41.1842014105883)
49.8002 	EXP 	rot_line_precue: ori = np.float64(41.89431530781658)
49.8086 	EXP 	rot_line_precue: ori = np.float64(42.202740932891)
49.8169 	EXP 	rot_line_precue: ori = np.float64(42.50825636956746)
49.8252 	EXP 	rot_line_precue: ori = np.float64(42.822598207285)
49.8336 	EXP 	rot_line_precue: ori = np.float64(43.189719911695704)
49.8418 	EXP 	rot_line_precue: ori = np.float64(43.523137644995046)
49.8502 	EXP 	rot_line_precue: ori = np.float64(43.83021457339475)
49.8590 	EXP 	rot_line_precue: ori = np.float64(44.30337703447079)
49.8681 	EXP 	rot_line_precue: ori = np.float64(44.86293807493152)
49.8753 	EXP 	rot_line_precue: ori = np.float64(45.2898688653007)
49.8836 	EXP 	rot_line_precue: ori = np.float64(45.60207458600097)
49.8919 	EXP 	rot_line_precue: ori = np.float64(46.27631113792848)
49.9005 	EXP 	rot_line_precue: ori = np.float64(46.8495789082342)
49.9094 	EXP 	rot_line_precue: ori = np.float64(47.404016688646294)
49.9173 	EXP 	rot_line_precue: ori = np.float64(47.87777765167301)
49.9257 	EXP 	rot_line_precue: ori = np.float64(48.20567237295684)
49.9343 	EXP 	rot_line_precue: ori = np.float64(48.50485694236351)
49.9417 	EXP 	rot_line_precue: ori = np.float64(48.850865164917316)
49.9512 	EXP 	rot_line_precue: ori = np.float64(49.427793182256345)
49.9587 	EXP 	rot_line_precue: ori = np.float64(49.72749422164274)
49.9675 	EXP 	rot_line_precue: ori = np.float64(50.05469276899165)
49.9756 	EXP 	rot_line_precue: ori = np.float64(50.35690226829478)
49.9835 	EXP 	rot_line_precue: ori = np.float64(50.655602796908006)
49.9919 	EXP 	rot_line_precue: ori = np.float64(51.084474821466934)
50.0003 	EXP 	rot_line_precue: ori = np.float64(51.413036115760356)
50.0086 	EXP 	rot_line_precue: ori = np.float64(51.798399712667155)
50.0177 	EXP 	rot_line_precue: ori = np.float64(52.098076759772155)
50.0254 	EXP 	rot_line_precue: ori = np.float64(52.83288626767133)
50.0336 	EXP 	rot_line_precue: ori = np.float64(53.13318154728695)
50.0419 	EXP 	rot_line_precue: ori = np.float64(53.43219448636709)
50.0502 	EXP 	rot_line_precue: ori = np.float64(53.73656664573665)
50.0589 	EXP 	rot_line_precue: ori = np.float64(54.500947766925165)
50.0675 	EXP 	rot_line_precue: ori = np.float64(54.867113359752224)
50.0752 	EXP 	rot_line_precue: ori = np.float64(55.221149171715325)
50.0836 	EXP 	rot_line_precue: ori = np.float64(55.52667083832391)
50.0921 	EXP 	rot_line_precue: ori = np.float64(56.039623709938304)
50.1007 	EXP 	rot_line_precue: ori = np.float64(56.448752074935236)
50.1091 	EXP 	rot_line_precue: ori = np.float64(56.78268723774825)
50.1171 	EXP 	rot_line_precue: ori = np.float64(57.08238527761775)
50.1257 	EXP 	rot_line_precue: ori = np.float64(57.40007825716694)
50.1338 	EXP 	rot_line_precue: ori = np.float64(57.830077371065904)
50.1420 	EXP 	rot_line_precue: ori = np.float64(58.43640446405423)
50.1502 	EXP 	rot_line_precue: ori = np.float64(58.8291219301581)
50.1588 	EXP 	rot_line_precue: ori = np.float64(59.15825418541609)
50.1671 	EXP 	rot_line_precue: ori = np.float64(59.480700831591285)
50.1753 	EXP 	rot_line_precue: ori = np.float64(59.78281982165679)
50.1837 	EXP 	rot_line_precue: ori = np.float64(60.07894349197593)
50.1920 	EXP 	rot_line_precue: ori = np.float64(60.53309065527401)
50.2002 	EXP 	rot_line_precue: ori = np.float64(60.86299359993499)
50.2085 	EXP 	rot_line_precue: ori = np.float64(61.166894843599245)
50.2171 	EXP 	rot_line_precue: ori = np.float64(61.640884976499926)
50.2253 	EXP 	rot_line_precue: ori = np.float64(62.02747473658986)
50.2339 	EXP 	rot_line_precue: ori = np.float64(62.32754698775164)
50.2422 	EXP 	rot_line_precue: ori = np.float64(62.623420748661296)
50.2504 	EXP 	rot_line_precue: ori = np.float64(62.940999186126106)
50.2590 	EXP 	rot_line_precue: ori = np.float64(63.27252418484201)
50.2677 	EXP 	rot_line_precue: ori = np.float64(63.6271604031564)
50.2753 	EXP 	rot_line_precue: ori = np.float64(63.9549278640241)
50.2850 	EXP 	rot_line_precue: ori = np.float64(64.59687579730603)
50.2933 	EXP 	rot_line_precue: ori = np.float64(65.04568605927369)
50.3010 	EXP 	rot_line_precue: ori = np.float64(65.34248550783003)
50.3100 	EXP 	rot_line_precue: ori = np.float64(65.72027365980081)
50.3180 	EXP 	rot_line_precue: ori = np.float64(66.50538597389345)
50.3260 	EXP 	rot_line_precue: ori = np.float64(66.80726240081378)
50.3353 	EXP 	rot_line_precue: ori = np.float64(67.16953687686112)
50.3469 	EXP 	rot_line_precue: ori = np.float64(67.48141548357134)
50.3559 	EXP 	rot_line_precue: ori = np.float64(67.80760440044199)
50.3620 	EXP 	rot_line_precue: ori = np.float64(68.11326922878361)
50.3675 	EXP 	rot_line_precue: ori = np.float64(68.43156981477469)
50.3760 	EXP 	rot_line_precue: ori = np.float64(68.78485385441935)
50.3837 	EXP 	rot_line_precue: ori = np.float64(69.16351069487756)
50.3922 	EXP 	rot_line_precue: ori = np.float64(69.54867549167608)
50.4005 	EXP 	rot_line_precue: ori = np.float64(70.1301700089241)
50.4085 	EXP 	rot_line_precue: ori = np.float64(70.5308168346704)
50.4172 	EXP 	rot_line_precue: ori = np.float64(70.85850024518521)
50.4259 	EXP 	rot_line_precue: ori = np.float64(71.32657286882994)
50.4337 	EXP 	rot_line_precue: ori = np.float64(71.64277906331867)
50.4422 	EXP 	rot_line_precue: ori = np.float64(72.0161166422966)
50.4504 	EXP 	rot_line_precue: ori = np.float64(72.4493477141591)
50.4587 	EXP 	rot_line_precue: ori = np.float64(73.11961065234459)
50.4673 	EXP 	rot_line_precue: ori = np.float64(73.53723055140335)
50.4762 	EXP 	rot_line_precue: ori = np.float64(73.83833557080642)
50.4845 	EXP 	rot_line_precue: ori = np.float64(74.46216393796894)
50.4925 	EXP 	rot_line_precue: ori = np.float64(74.81213373177032)
50.5006 	EXP 	rot_line_precue: ori = np.float64(75.18199346675476)
50.5089 	EXP 	rot_line_precue: ori = np.float64(75.47996049682742)
50.5174 	EXP 	rot_line_precue: ori = np.float64(75.79061747199034)
50.5254 	EXP 	rot_line_precue: ori = np.float64(76.1598526581088)
50.5343 	EXP 	rot_line_precue: ori = np.float64(76.50249393031478)
50.5420 	EXP 	rot_line_precue: ori = np.float64(76.86432617171947)
50.5505 	EXP 	rot_line_precue: ori = np.float64(77.54685624905179)
50.5587 	EXP 	rot_line_precue: ori = np.float64(77.9263896210071)
50.5669 	EXP 	rot_line_precue: ori = np.float64(78.23858594155293)
50.5751 	EXP 	rot_line_precue: ori = np.float64(78.5959855103953)
50.5837 	EXP 	rot_line_precue: ori = np.float64(79.13425209496424)
50.5920 	EXP 	rot_line_precue: ori = np.float64(79.64412015199089)
50.6001 	EXP 	rot_line_precue: ori = np.float64(80.14921085888807)
50.6087 	EXP 	rot_line_precue: ori = np.float64(80.48526961513848)
50.6168 	EXP 	rot_line_precue: ori = np.float64(80.78514691231477)
50.6251 	EXP 	rot_line_precue: ori = np.float64(81.17528722905615)
50.6337 	EXP 	rot_line_precue: ori = np.float64(81.68079817427221)
50.6419 	EXP 	rot_line_precue: ori = np.float64(82.01930208526755)
50.6502 	EXP 	rot_line_precue: ori = np.float64(82.42908114215743)
50.6594 	EXP 	rot_line_precue: ori = np.float64(82.81876364662457)
50.6673 	EXP 	rot_line_precue: ori = np.float64(83.13716607715844)
50.6759 	EXP 	rot_line_precue: ori = np.float64(83.4557244243201)
50.6841 	EXP 	rot_line_precue: ori = np.float64(84.17519446891812)
50.6923 	EXP 	rot_line_precue: ori = np.float64(84.50067697752783)
50.7008 	EXP 	rot_line_precue: ori = np.float64(85.19902216643356)
50.7088 	EXP 	rot_line_precue: ori = np.float64(85.49556985792663)
50.7179 	EXP 	rot_line_precue: ori = np.float64(85.86058711716474)
50.7257 	EXP 	rot_line_precue: ori = np.float64(86.18289533442021)
50.7341 	EXP 	rot_line_precue: ori = np.float64(86.84071246594317)
50.7421 	EXP 	rot_line_precue: ori = np.float64(87.22042778984088)
50.7502 	EXP 	rot_line_precue: ori = np.float64(87.58879767221492)
50.7585 	EXP 	rot_line_precue: ori = np.float64(87.99438346229117)
50.7675 	EXP 	rot_line_precue: ori = np.float64(88.31668323667775)
50.7753 	EXP 	rot_line_precue: ori = np.float64(88.61632245163061)
50.7844 	EXP 	rot_line_precue: ori = np.float64(88.9655980626843)
50.7919 	EXP 	rot_line_precue: ori = np.float64(89.27140539353076)
50.7927 	EXP 	New trial (rep=6, index=23): <Trial 23 (23 in rep 6) data={'pic_name': 'pics/left_hand.JPG', 'class_mi': 'left_hand', 'thisN': 23, 'thisTrialN': 23, 'thisRepN': 6}>
50.8003 	EXP 	hor_line_precue: autoDraw = False
50.8003 	EXP 	ver_line_precue: autoDraw = False
50.8003 	EXP 	rot_line_precue: autoDraw = False
50.8003 	EXP 	rot_line_precue: ori = np.float64(89.59070638669021)
50.8003 	EXP 	hor_line_precue: autoDraw = False
50.8003 	EXP 	ver_line_precue: autoDraw = False
50.8003 	EXP 	rot_line_precue: autoDraw = False
50.8003 	EXP 	hor_line_precue: autoDraw = True
50.8003 	EXP 	ver_line_precue: autoDraw = True
50.8003 	EXP 	rot_line_precue: autoDraw = True
50.8003 	EXP 	rot_line_precue: ori = np.float64(89.91295637213918)
50.8086 	EXP 	rot_line_precue: ori = np.float64(90.23748997991734)
50.8170 	EXP 	rot_line_precue: ori = np.float64(90.595230314411)
50.8252 	EXP 	rot_line_precue: ori = np.float64(90.89894415613925)
50.8337 	EXP 	rot_line_precue: ori = np.float64(91.50656466829784)
50.8422 	EXP 	rot_line_precue: ori = np.float64(91.80732847381488)
50.8506 	EXP 	rot_line_precue: ori = np.float64(92.11733480384788)
50.8591 	EXP 	rot_line_precue: ori = np.float64(92.44143932492648)
50.8674 	EXP 	rot_line_precue: ori = np.float64(93.10309149627084)
50.8761 	EXP 	rot_line_precue: ori = np.float64(93.41930048154178)
50.8850 	EXP 	rot_line_precue: ori = np.float64(93.86944525041591)
50.8928 	EXP 	rot_line_precue: ori = np.float64(94.24297330983191)
50.9005 	EXP 	rot_line_precue: ori = np.float64(94.67160241817449)
50.9087 	EXP 	rot_line_precue: ori = np.float64(95.02196770615828)
50.9172 	EXP 	rot_line_precue: ori = np.float64(95.48518799759448)
50.9253 	EXP 	rot_line_precue: ori = np.float64(96.02042810875928)
50.9336 	EXP 	rot_line_precue: ori = np.float64(96.33344798724228)
50.9418 	EXP 	rot_line_precue: ori = np.float64(96.90350368946389)
50.9503 	EXP 	rot_line_precue: ori = np.float64(97.34832159566358)
50.9586 	EXP 	rot_line_precue: ori = np.float64(97.96102402027097)
50.9669 	EXP 	rot_line_precue: ori = np.float64(98.25798376830234)
50.9753 	EXP 	rot_line_precue: ori = np.float64(98.60021862276825)
50.9836 	EXP 	rot_line_precue: ori = np.float64(99.02274320969447)
50.9919 	EXP 	rot_line_precue: ori = np.float64(99.32998036262707)
51.0000 	EXP 	rot_line_precue: ori = np.float64(99.6298337685415)
51.0086 	EXP 	rot_line_precue: ori = np.float64(99.9597471356395)
51.0168 	EXP 	rot_line_precue: ori = np.float64(100.27845617102398)
51.0254 	EXP 	rot_line_precue: ori = np.float64(100.60015145848823)
51.0341 	EXP 	rot_line_precue: ori = np.float64(101.03201629059119)
51.0425 	EXP 	rot_line_precue: ori = np.float64(101.46794882095621)
51.0508 	EXP 	rot_line_precue: ori = np.float64(101.76657445344912)
51.0591 	EXP 	rot_line_precue: ori = np.float64(102.22132141984949)
51.0677 	EXP 	rot_line_precue: ori = np.float64(102.53373627655883)
51.0758 	EXP 	rot_line_precue: ori = np.float64(102.99503588150797)
51.0839 	EXP 	rot_line_precue: ori = np.float64(103.33544780795913)
51.0920 	EXP 	rot_line_precue: ori = np.float64(103.75585573753473)
51.1006 	EXP 	rot_line_precue: ori = np.float64(104.15586227121459)
51.1088 	EXP 	rot_line_precue: ori = np.float64(104.4566776918754)
51.1171 	EXP 	rot_line_precue: ori = np.float64(104.96377089238752)
51.1252 	EXP 	rot_line_precue: ori = np.float64(105.31875069253)
51.1338 	EXP 	rot_line_precue: ori = np.float64(105.61532231274566)
51.1419 	EXP 	rot_line_precue: ori = np.float64(106.03213879627124)
51.1501 	EXP 	rot_line_precue: ori = np.float64(106.45458720174892)
51.1587 	EXP 	rot_line_precue: ori = np.float64(106.776185840837)
51.1670 	EXP 	rot_line_precue: ori = np.float64(107.54374811779394)
51.1752 	EXP 	rot_line_precue: ori = np.float64(107.86464769994456)
51.1836 	EXP 	rot_line_precue: ori = np.float64(108.21991724694276)
51.1920 	EXP 	rot_line_precue: ori = np.float64(108.85846581341889)
51.2002 	EXP 	rot_line_precue: ori = np.float64(109.21802884426455)
51.2088 	EXP 	rot_line_precue: ori = np.float64(109.59642681871189)
51.2172 	EXP 	rot_line_precue: ori = np.float64(109.95715844593867)
51.2258 	EXP 	rot_line_precue: ori = np.float64(110.37864549346736)
51.2342 	EXP 	rot_line_precue: ori = np.float64(110.68323422423704)
51.2423 	EXP 	rot_line_precue: ori = np.float64(111.00781075443673)
51.2508 	EXP 	rot_line_precue: ori = np.float64(111.34070623938291)
51.2590 	EXP 	rot_line_precue: ori = np.float64(111.71825552115223)
51.2672 	EXP 	rot_line_precue: ori = np.float64(112.18608312766699)
51.2753 	EXP 	rot_line_precue: ori = np.float64(112.68085290979386)
51.2838 	EXP 	rot_line_precue: ori = np.float64(113.00326583702746)
51.2921 	EXP 	rot_line_precue: ori = np.float64(113.34764253890046)
51.3003 	EXP 	rot_line_precue: ori = np.float64(113.70698045344469)
51.3089 	EXP 	rot_line_precue: ori = np.float64(114.04011630425617)
51.3169 	EXP 	rot_line_precue: ori = np.float64(114.51251372161818)
51.3252 	EXP 	rot_line_precue: ori = np.float64(115.0030816590702)
51.3335 	EXP 	rot_line_precue: ori = np.float64(115.33981017454153)
51.3419 	EXP 	rot_line_precue: ori = np.float64(115.63932071608332)
51.3501 	EXP 	rot_line_precue: ori = np.float64(116.11127228488937)
51.3585 	EXP 	rot_line_precue: ori = np.float64(116.40780570317493)
51.3674 	EXP 	rot_line_precue: ori = np.float64(116.74144252913416)
51.3753 	EXP 	rot_line_precue: ori = np.float64(117.20610446297903)
51.3843 	EXP 	rot_line_precue: ori = np.float64(117.50285282741949)
51.3921 	EXP 	rot_line_precue: ori = np.float64(117.99790352829517)
51.4005 	EXP 	rot_line_precue: ori = np.float64(118.2951960827116)
51.4091 	EXP 	rot_line_precue: ori = np.float64(118.71111933566301)
51.4175 	EXP 	rot_line_precue: ori = np.float64(119.0661323382409)
51.4257 	EXP 	rot_line_precue: ori = np.float64(119.39367091125492)
51.4342 	EXP 	rot_line_precue: ori = np.float64(119.7051822929369)
51.4426 	EXP 	rot_line_precue: ori = np.float64(120.01952864736327)
51.4435 	EXP 	Device response: <KeyPress from None: t=51.438993200004916, value=escape, duration=None>
51.4445 	DATA 	Keypress: escape
51.4507 	EXP 	rot_line_precue: ori = np.float64(120.73673245586164)
51.4588 	EXP 	rot_line_precue: ori = np.float64(121.11980928382839)
51.4673 	EXP 	rot_line_precue: ori = np.float64(121.5891159971452)
51.4756 	EXP 	rot_line_precue: ori = np.float64(121.93124707704754)
51.4838 	EXP 	rot_line_precue: ori = np.float64(122.30244893708772)
51.4924 	EXP 	rot_line_precue: ori = np.float64(122.79017260787576)
51.5004 	EXP 	rot_line_precue: ori = np.float64(123.18338563918405)
51.5086 	EXP 	rot_line_precue: ori = np.float64(123.61701945651167)
51.5168 	EXP 	rot_line_precue: ori = np.float64(124.0956957065024)
51.5254 	EXP 	rot_line_precue: ori = np.float64(124.49446555184538)
51.5260 	EXP 	Device response: <KeyPress from None: t=51.438993200004916, value=escape, duration=0.08117249999486376>
51.5260 	EXP 	bci_racingteam: status = STOPPED
51.5337 	EXP 	rot_line_precue: ori = np.float64(124.96763417587705)
51.5337 	EXP 	hor_line_precue: autoDraw = False
51.5337 	EXP 	ver_line_precue: autoDraw = False
51.5337 	EXP 	rot_line_precue: autoDraw = False
51.5337 	EXP 	bci_racingteam: status = STOPPED
